vol_id,page,sentence_id,ent_id,entity,entity_type,start_char,end_char
emu.010001355555,8,0,0,E. A JOHNSON,PERSON,29,41
emu.010001355555,8,0,1,The School History of the Negro Race Colored Soldiers in the Spanish American War The Negro Almanac,WORK_OF_ART,52,151
emu.010001355555,8,0,2,THE GRAFTON PRESS,ORG,152,169
emu.010001355555,8,0,3,NEW YORK,GPE,170,178
emu.010001355555,9,0,0,1904,DATE,10,14
emu.010001355555,9,0,1,E. A. JOHNSON,PERSON,18,31
emu.010001355555,10,0,0,PREFACE,PERSON,0,7
emu.010001355555,10,0,1,Negro,NORP,105,110
emu.010001355555,10,1,0,Negro,NORP,29,34
emu.010001355555,10,2,0,the Golden Rule,LAW,17,32
emu.010001355555,10,4,0,two,CARDINAL,10,13
emu.010001355555,10,4,1,one,CARDINAL,69,72
emu.010001355555,10,4,2,Negro,NORP,114,119
emu.010001355555,11,1,0,America,GPE,240,247
emu.010001355555,11,2,0,E. A. Johnson,PERSON,0,13
emu.010001355555,12,2,0,ONE HUNDRED YEARS LATER,DATE,21,44
emu.010001355555,12,6,0,THE PUBLIC LIBRARY,FAC,3,21
emu.010001355555,12,6,1,IRENE,PERSON,27,32
emu.010001355555,12,14,0,NEWELL,PERSON,4,10
emu.010001355555,12,19,0,IRENE,PERSON,13,18
emu.010001355555,14,2,0,Southern,NORP,90,98
emu.010001355555,14,3,0,South,LOC,108,113
emu.010001355555,14,4,0,Negroes,NORP,75,82
emu.010001355555,14,5,0,Yale,ORG,52,56
emu.010001355555,14,5,1,South,LOC,118,123
emu.010001355555,15,1,0,the Union Missionary Association,ORG,52,84
emu.010001355555,15,1,1,Georgia,GPE,154,161
emu.010001355555,15,2,0,"June, 1906",DATE,7,17
emu.010001355555,15,2,1,the year,DATE,19,27
emu.010001355555,15,3,0,one hundred and one hundred and fifty,CARDINAL,187,224
emu.010001355555,15,4,0,first,ORDINAL,62,67
emu.010001355555,16,0,0,The Lost Airship—Unconsciousness 3,PRODUCT,0,34
emu.010001355555,16,2,0,Parisian,NORP,50,58
emu.010001355555,16,2,1,American,NORP,69,77
emu.010001355555,16,3,0,Saturday,DATE,86,94
emu.010001355555,16,3,1,the City of Mexico,GPE,110,128
emu.010001355555,16,4,0,West Fifty-ninth Street,FAC,62,85
emu.010001355555,16,4,1,New York City,GPE,87,100
emu.010001355555,16,4,2,one,CARDINAL,107,110
emu.010001355555,16,4,3,about one o'clock,TIME,140,157
emu.010001355555,16,4,4,the United States,GPE,242,259
emu.010001355555,17,0,0,4,CARDINAL,0,1
emu.010001355555,17,9,0,about six hundred miles,QUANTITY,41,64
emu.010001355555,18,0,0,one,CARDINAL,70,73
emu.010001355555,18,5,0,one,CARDINAL,20,23
emu.010001355555,19,0,0,II,CARDINAL,8,10
emu.010001355555,19,0,1,ONE HUNDRED YEARS LATER,DATE,26,49
emu.010001355555,19,0,2,one,CARDINAL,152,155
emu.010001355555,19,0,3,Newell,PERSON,160,166
emu.010001355555,19,0,4,Phoenix,GPE,171,178
emu.010001355555,19,0,5,Georgia,GPE,180,187
emu.010001355555,19,5,0,6,CARDINAL,37,38
emu.010001355555,20,0,0,One Hundred Years Later 7 room,CARDINAL,0,30
emu.010001355555,21,1,0,first,ORDINAL,156,161
emu.010001355555,21,10,0,Gilbert Twitchell,PERSON,78,95
emu.010001355555,21,10,1,a Mis¬ sionary School,ORG,143,164
emu.010001355555,21,10,2,Ebenezer,GPE,180,188
emu.010001355555,21,10,3,Georgia,GPE,190,197
emu.010001355555,21,10,4,the year 1906,DATE,202,215
emu.010001355555,22,0,0,One Hundred Years Later,DATE,0,23
emu.010001355555,22,0,1,9,CARDINAL,24,25
emu.010001355555,22,2,0,Twitchell,PERSON,107,116
emu.010001355555,22,2,1,1906,DATE,139,143
emu.010001355555,22,8,0,one,CARDINAL,13,16
emu.010001355555,23,12,0,five minutes,TIME,9,21
emu.010001355555,23,12,1,only two,CARDINAL,146,154
emu.010001355555,23,12,2,only one,CARDINAL,187,195
emu.010001355555,23,13,0,the day of the month,DATE,28,48
emu.010001355555,23,13,1,the twenty-fourth,DATE,50,67
emu.010001355555,24,0,0,One Hundred Years Later,DATE,0,23
emu.010001355555,24,0,1,the year,DATE,72,80
emu.010001355555,24,4,0,the year two thousand and six,DATE,7,36
emu.010001355555,24,4,1,just one hundred years,DATE,38,60
emu.010001355555,24,4,2,South,LOC,129,134
emu.010001355555,24,7,0,about one hundred years,DATE,89,112
emu.010001355555,24,7,1,a hundred years,DATE,201,216
emu.010001355555,25,2,0,one,CARDINAL,170,173
emu.010001355555,26,0,0,III,CARDINAL,8,11
emu.010001355555,26,0,1,THE PUBLIC LIBRARY,FAC,15,33
emu.010001355555,26,0,2,IRENE,PERSON,39,44
emu.010001355555,26,2,0,Newell,PERSON,41,47
emu.010001355555,26,2,1,the first few days,DATE,93,111
emu.010001355555,26,3,0,Newell,PERSON,17,23
emu.010001355555,26,3,1,the night of the day,TIME,37,57
emu.010001355555,26,5,0,Irene Davis,PERSON,41,52
emu.010001355555,26,6,0,13,CARDINAL,94,96
emu.010001355555,27,0,0,Negro,NORP,151,156
emu.010001355555,27,2,0,Newell,PERSON,16,22
emu.010001355555,27,2,1,Negro,NORP,103,108
emu.010001355555,27,2,2,first,ORDINAL,139,144
emu.010001355555,28,0,0,the Public Library,ORG,3,21
emu.010001355555,28,0,1,Irene,PERSON,27,32
emu.010001355555,28,1,0,the Bureau of Public Utility,ORG,140,168
emu.010001355555,28,3,0,Southerners,NORP,4,15
emu.010001355555,28,4,0,Sunday,DATE,20,26
emu.010001355555,28,4,1,a Young Ladies Guild,ORG,69,89
emu.010001355555,28,4,2,Negro,NORP,133,138
emu.010001355555,28,8,0,Twitchell,PERSON,38,47
emu.010001355555,28,9,0,the Dvorak Conservatory,ORG,118,141
emu.010001355555,29,3,0,Davis,PERSON,22,27
emu.010001355555,29,3,1,Negro,NORP,85,90
emu.010001355555,30,0,0,the Public Library,FAC,3,21
emu.010001355555,30,0,1,Irene,PERSON,27,32
emu.010001355555,30,0,2,17,CARDINAL,33,35
emu.010001355555,30,3,0,Guild,ORG,129,134
emu.010001355555,30,6,0,Negro,NORP,32,37
emu.010001355555,30,7,0,Negroes,NORP,4,11
emu.010001355555,30,7,1,Negro,NORP,27,32
emu.010001355555,30,8,0,Negroes,NORP,269,276
emu.010001355555,31,1,0,South,LOC,37,42
emu.010001355555,31,3,0,Georgians,NORP,6,15
emu.010001355555,31,3,1,my day,DATE,35,41
emu.010001355555,31,4,0,Southern,NORP,4,12
emu.010001355555,31,4,1,Oglethorpe,PERSON,40,50
emu.010001355555,31,5,0,thorpe,PERSON,6,12
emu.010001355555,31,5,1,the Colony of Georgia,GPE,65,86
emu.010001355555,31,5,2,Indians,NORP,138,145
emu.010001355555,31,5,3,Whitfield,PERSON,153,162
emu.010001355555,31,5,4,Georgian,NORP,198,206
emu.010001355555,31,5,5,my day,DATE,210,216
emu.010001355555,31,5,6,Oglethorpe,PERSON,265,275
emu.010001355555,31,6,0,Negroes,NORP,32,39
emu.010001355555,31,6,1,Cracker,PERSON,64,71
emu.010001355555,31,6,2,Oglethorpe,PERSON,113,123
emu.010001355555,31,7,0,Davis,PERSON,20,25
emu.010001355555,32,0,0,the Public Library,ORG,3,21
emu.010001355555,32,0,1,Irene 19 fer,PERSON,27,39
emu.010001355555,32,0,2,Negroes,NORP,53,60
emu.010001355555,32,1,0,Negro,PERSON,27,32
emu.010001355555,32,2,0,Negro,PERSON,103,108
emu.010001355555,32,2,1,4,CARDINAL,149,150
emu.010001355555,32,4,0,1906,DATE,40,44
emu.010001355555,32,4,1,Negroes,NORP,106,113
emu.010001355555,32,10,0,Negroes,PERSON,39,46
emu.010001355555,33,0,0,20 Light Ahead for the Negro in the South,WORK_OF_ART,0,41
emu.010001355555,34,0,0,IV,CARDINAL,8,10
emu.010001355555,34,0,1,the Bureau of Public Utility,ORG,160,188
emu.010001355555,34,0,2,Newell,PERSON,265,271
emu.010001355555,34,1,0,Newell,PERSON,68,74
emu.010001355555,34,1,1,one hundred years ago,DATE,141,162
emu.010001355555,34,2,0,One,CARDINAL,0,3
emu.010001355555,34,2,1,Negroes,NORP,81,88
emu.010001355555,34,3,0,Another Coon Caught,WORK_OF_ART,21,40
emu.010001355555,34,3,1,"' The Burly Black Brute Foiled,",WORK_OF_ART,43,74
emu.010001355555,34,3,2,' A Ham Colored Nigger in the Hen House,WORK_OF_ART,76,115
emu.010001355555,34,3,3,This Coon Wants to be,WORK_OF_ART,124,145
emu.010001355555,34,3,4,21,DATE,146,148
emu.010001355555,35,0,0,"22 Light Ahead for the Negro Called Mister,",WORK_OF_ART,0,43
emu.010001355555,35,1,0,the old days,DATE,3,15
emu.010001355555,35,1,1,Negro,NORP,35,40
emu.010001355555,35,1,2,4 Jim ',PERSON,200,207
emu.010001355555,35,1,3,Tom,PERSON,213,216
emu.010001355555,35,2,0,three,CARDINAL,15,20
emu.010001355555,35,2,1,two,CARDINAL,35,38
emu.010001355555,35,2,2,Negroes,NORP,39,46
emu.010001355555,35,3,0,morning,TIME,67,74
emu.010001355555,35,3,1,daily,DATE,92,97
emu.010001355555,35,3,2,daily,DATE,157,162
emu.010001355555,35,3,3,daily,DATE,349,354
emu.010001355555,35,3,4,weekly,DATE,359,365
emu.010001355555,35,3,5,Negroes,NORP,408,415
emu.010001355555,35,4,0,America,GPE,73,80
emu.010001355555,35,7,0,the News Distributing Bureau,ORG,27,55
emu.010001355555,36,0,0,Negro,NORP,197,202
emu.010001355555,36,0,1,thousands,CARDINAL,231,240
emu.010001355555,36,1,0,Lincoln,PERSON,7,14
emu.010001355555,36,1,1,Negro,NORP,76,81
emu.010001355555,36,2,0,North,LOC,109,114
emu.010001355555,36,2,1,South,LOC,119,124
emu.010001355555,36,2,2,Negro,NORP,171,176
emu.010001355555,36,3,0,Negro,NORP,4,9
emu.010001355555,36,3,1,two,CARDINAL,293,296
emu.010001355555,36,4,0,Negroes,NORP,42,49
emu.010001355555,36,5,0,South,LOC,4,9
emu.010001355555,36,5,1,Negro,NORP,36,41
emu.010001355555,36,5,2,Negro,NORP,60,65
emu.010001355555,37,1,0,South,LOC,74,79
emu.010001355555,37,1,1,Negro,NORP,133,138
emu.010001355555,37,1,2,Negro,NORP,178,183
emu.010001355555,37,2,0,Negro,NORP,94,99
emu.010001355555,37,3,0,Delaware,GPE,29,37
emu.010001355555,37,3,1,Texas,GPE,41,46
emu.010001355555,37,3,2,thousands,CARDINAL,56,65
emu.010001355555,37,3,3,Negroes,NORP,69,76
emu.010001355555,37,3,4,Northern,NORP,184,192
emu.010001355555,37,6,0,First,ORDINAL,137,142
emu.010001355555,38,0,0,25,CARDINAL,13,15
emu.010001355555,38,1,0,Second,ORDINAL,2,8
emu.010001355555,38,1,1,one,CARDINAL,211,214
emu.010001355555,38,1,2,Negroes,NORP,260,267
emu.010001355555,38,1,3,Negroes,NORP,283,290
emu.010001355555,38,4,0,the News Bureau,ORG,13,28
emu.010001355555,38,4,1,Southern,NORP,109,117
emu.010001355555,38,4,2,Northern,NORP,152,160
emu.010001355555,38,4,3,Negro,NORP,251,256
emu.010001355555,39,0,0,Southern,NORP,35,43
emu.010001355555,39,0,1,South,LOC,205,210
emu.010001355555,39,0,2,Negro,NORP,238,243
emu.010001355555,39,0,3,Southern,NORP,311,319
emu.010001355555,39,0,4,Negro,NORP,437,442
emu.010001355555,39,0,5,Southern,NORP,552,560
emu.010001355555,39,0,6,Negro,NORP,640,645
emu.010001355555,39,3,0,Negro,NORP,50,55
emu.010001355555,39,3,1,American,NORP,215,223
emu.010001355555,39,3,2,Irish,NORP,270,275
emu.010001355555,39,3,3,German,NORP,287,293
emu.010001355555,39,3,4,Italians,NORP,305,313
emu.010001355555,39,3,5,Jews,NORP,315,319
emu.010001355555,39,3,6,Poles,NORP,325,330
emu.010001355555,40,2,0,every day,DATE,244,253
emu.010001355555,40,6,0,Negro,NORP,47,52
emu.010001355555,40,7,0,Charleston,GPE,24,34
emu.010001355555,40,7,1,S. C.,GPE,36,41
emu.010001355555,40,7,2,the Atlanta Journal,ORG,46,65
emu.010001355555,40,7,3,Colleton county,GPE,92,107
emu.010001355555,40,7,4,Jones,PERSON,132,137
emu.010001355555,40,7,5,the At¬ lantic Coast Line Road,FAC,142,172
emu.010001355555,40,7,6,Ravenel,GPE,222,229
emu.010001355555,40,7,7,S. C.,GPE,231,236
emu.010001355555,40,7,8,fourteen miles,QUANTITY,238,252
emu.010001355555,40,7,9,Charleston,GPE,258,268
emu.010001355555,40,7,10,"May, 1902",DATE,273,282
emu.010001355555,40,7,11,three,CARDINAL,300,305
emu.010001355555,40,7,12,Negroes,NORP,306,313
emu.010001355555,40,8,0,Negroes,NORP,35,42
emu.010001355555,40,8,1,State,GPE,95,100
emu.010001355555,40,8,2,Negroes,NORP,131,138
emu.010001355555,40,11,0,Raleigh,GPE,1,8
emu.010001355555,40,11,1,N. C.,GPE,10,15
emu.010001355555,40,11,2,Post,ORG,27,31
emu.010001355555,41,0,0,28 Light Ahead for the Negro,WORK_OF_ART,0,28
emu.010001355555,41,2,0,America,GPE,18,25
emu.010001355555,41,3,0,30 per cent,PERCENT,5,16
emu.010001355555,41,3,1,Negro,NORP,24,29
emu.010001355555,41,3,2,the News Distributing Bureau,ORG,140,168
emu.010001355555,41,3,3,Northern,NORP,243,251
emu.010001355555,41,3,4,Negro,NORP,402,407
emu.010001355555,41,4,0,Negro,NORP,6,11
emu.010001355555,41,4,1,Southern,NORP,37,45
emu.010001355555,41,4,2,Yankee,NORP,85,91
emu.010001355555,41,4,3,Southern,NORP,117,125
emu.010001355555,41,6,0,Negro,NORP,63,68
emu.010001355555,41,6,1,North,LOC,194,199
emu.010001355555,41,6,2,South,LOC,208,213
emu.010001355555,42,0,0,29,CARDINAL,13,15
emu.010001355555,42,0,1,Negro,NORP,91,96
emu.010001355555,42,1,0,One,CARDINAL,0,3
emu.010001355555,42,1,1,Thomas Dixon,PERSON,4,16
emu.010001355555,42,1,2,Herod Herod,PERSON,30,41
emu.010001355555,42,1,3,Negro,NORP,80,85
emu.010001355555,42,2,0,John Temple Graves,PERSON,23,41
emu.010001355555,42,2,1,Noah W. Cooper,PERSON,94,108
emu.010001355555,42,2,2,one,CARDINAL,135,138
emu.010001355555,42,2,3,Graves,PERSON,146,152
emu.010001355555,42,2,4,John Temple Graves',PERSON,166,185
emu.010001355555,42,2,5,Chicago,GPE,197,204
emu.010001355555,42,5,0,Graves,PERSON,9,15
emu.010001355555,42,5,1,South,LOC,275,280
emu.010001355555,42,6,0,"12,000,000 bales",QUANTITY,35,51
emu.010001355555,42,11,0,thousands,CARDINAL,77,86
emu.010001355555,42,15,0,Southern,NORP,40,48
emu.010001355555,43,0,0,30,CARDINAL,0,2
emu.010001355555,43,0,1,Negro,NORP,23,28
emu.010001355555,43,0,2,Booker Washington,PERSON,132,149
emu.010001355555,43,1,0,Graves,PERSON,18,24
emu.010001355555,43,1,1,Dutch,NORP,48,53
emu.010001355555,43,1,2,Poles,NORP,58,63
emu.010001355555,43,1,3,Hungarians,NORP,69,79
emu.010001355555,43,1,4,Swedes,NORP,81,87
emu.010001355555,43,3,0,South,LOC,4,9
emu.010001355555,43,6,0,Graves,PERSON,5,11
emu.010001355555,43,7,0,America,GPE,177,184
emu.010001355555,43,7,1,Russia,GPE,202,208
emu.010001355555,43,9,0,Graves,PERSON,3,9
emu.010001355555,43,10,0,Graves,PERSON,31,37
emu.010001355555,43,11,0,Bible,WORK_OF_ART,34,39
emu.010001355555,43,11,1,Jews,NORP,59,63
emu.010001355555,43,11,2,400 years,DATE,72,81
emu.010001355555,43,11,3,Egyptians,NORP,92,101
emu.010001355555,43,11,4,500 years,DATE,113,122
emu.010001355555,43,11,5,Canaanites,NORP,157,167
emu.010001355555,43,11,6,nearly 100 years,DATE,187,203
emu.010001355555,43,11,7,Babylon,GPE,207,214
emu.010001355555,43,11,8,Romans,NORP,231,237
emu.010001355555,43,11,9,Romans,NORP,256,262
emu.010001355555,43,11,10,Jews,NORP,289,293
emu.010001355555,43,12,0,Graves,PERSON,10,16
emu.010001355555,43,12,1,thirteen,CARDINAL,75,83
emu.010001355555,43,12,2,George Washington,PERSON,175,192
emu.010001355555,43,12,3,Thomas Jefferson,PERSON,197,213
emu.010001355555,43,14,0,English,NORP,0,7
emu.010001355555,43,14,1,Dutch,NORP,9,14
emu.010001355555,43,14,2,Swedes,NORP,16,22
emu.010001355555,43,14,3,Quakers,NORP,24,31
emu.010001355555,43,14,4,Puritans,NORP,33,41
emu.010001355555,43,14,5,Catholics,NORP,43,52
emu.010001355555,43,14,6,French Huguenots,NORP,54,70
emu.010001355555,43,14,7,Buckra,PERSON,134,140
emu.010001355555,44,1,0,Graves,PERSON,11,17
emu.010001355555,44,1,1,Chinese,NORP,77,84
emu.010001355555,44,2,0,Graves,PERSON,4,10
emu.010001355555,44,2,1,one,CARDINAL,63,66
emu.010001355555,44,3,0,Filipino,NORP,36,44
emu.010001355555,44,3,1,Negro,NORP,75,80
emu.010001355555,44,4,0,The God of the Bible,WORK_OF_ART,1,21
emu.010001355555,44,5,0,Paul,PERSON,8,12
emu.010001355555,44,5,1,Jew,NORP,16,19
emu.010001355555,44,5,2,Gentiles,NORP,47,55
emu.010001355555,44,6,0,the New Testament,WORK_OF_ART,37,54
emu.010001355555,44,6,1,Gentile,NORP,87,94
emu.010001355555,44,6,2,Rome,GPE,105,109
emu.010001355555,44,7,0,Christ,PERSON,8,14
emu.010001355555,44,7,1,Jew,NORP,51,54
emu.010001355555,44,7,2,Jacob,PERSON,59,64
emu.010001355555,44,7,3,Samaritan,NORP,118,127
emu.010001355555,44,12,0,Graves,PERSON,8,14
emu.010001355555,44,12,1,Chinese,NORP,47,54
emu.010001355555,44,14,0,Graves,PERSON,4,10
emu.010001355555,44,14,1,Christianity,ORG,49,61
emu.010001355555,44,15,0,Graves,PERSON,32,38
emu.010001355555,45,0,0,Negro,NORP,122,127
emu.010001355555,45,2,0,Graves,PERSON,28,34
emu.010001355555,45,3,0,the District of Columbia,GPE,151,175
emu.010001355555,45,3,1,Ohio,GPE,202,206
emu.010001355555,45,5,0,Graves,PERSON,8,14
emu.010001355555,45,5,1,Christ,PERSON,85,91
emu.010001355555,45,7,0,Levite,NORP,4,10
emu.010001355555,45,7,1,Graves,PERSON,106,112
emu.010001355555,45,7,2,Samaritan,NORP,250,259
emu.010001355555,45,7,3,Jew,NORP,308,311
emu.010001355555,45,8,0,Levite,NORP,9,15
emu.010001355555,45,8,1,Graves,PERSON,28,34
emu.010001355555,45,8,2,Southerner,NORP,42,52
emu.010001355555,45,9,0,Negro,NORP,12,17
emu.010001355555,45,10,0,Jew,NORP,33,36
emu.010001355555,45,10,1,Levite,NORP,44,50
emu.010001355555,45,10,2,Levite,NORP,76,82
emu.010001355555,45,11,0,Levite,NORP,10,16
emu.010001355555,45,13,0,Graves,PERSON,21,27
emu.010001355555,46,0,0,Christianity,NORP,160,172
emu.010001355555,46,2,0,Turner,PERSON,7,13
emu.010001355555,46,2,1,the African Methodist-Episcopal Church,ORG,32,70
emu.010001355555,46,2,2,Negro,NORP,112,117
emu.010001355555,46,2,3,Africa,LOC,153,159
emu.010001355555,46,2,4,Jews,NORP,428,432
emu.010001355555,46,2,5,Egypt,GPE,446,451
emu.010001355555,46,2,6,William the Conqueror,PERSON,458,479
emu.010001355555,46,2,7,Britons,NORP,521,528
emu.010001355555,46,2,8,two,CARDINAL,620,623
emu.010001355555,46,3,0,One,CARDINAL,0,3
emu.010001355555,46,3,1,Bassett,PERSON,14,21
emu.010001355555,46,3,2,Southern,NORP,42,50
emu.010001355555,46,4,0,Bassett,PERSON,46,53
emu.010001355555,46,4,1,Booker Washington,PERSON,72,89
emu.010001355555,46,5,0,one,CARDINAL,39,42
emu.010001355555,46,5,1,Graves,PERSON,53,59
emu.010001355555,47,0,0,Robert E. Lee,PERSON,54,67
emu.010001355555,47,0,1,South,LOC,78,83
emu.010001355555,47,0,2,a hundred years,DATE,100,115
emu.010001355555,47,1,0,Negro,NORP,127,132
emu.010001355555,47,1,1,Negroes,NORP,241,248
emu.010001355555,47,3,0,Othello,PERSON,2,9
emu.010001355555,47,4,0,Negro,NORP,34,39
emu.010001355555,47,4,1,Negro,NORP,106,111
emu.010001355555,47,4,2,Negro,NORP,186,191
emu.010001355555,47,8,0,One,CARDINAL,0,3
emu.010001355555,47,8,1,Benjamin Tillman,PERSON,4,20
emu.010001355555,47,8,2,the United States,ORG,45,62
emu.010001355555,47,8,3,Senate,ORG,63,69
emu.010001355555,48,0,0,Negroes,NORP,28,35
emu.010001355555,48,1,0,Negroes,NORP,35,42
emu.010001355555,48,1,1,Negroes,NORP,296,303
emu.010001355555,48,2,0,Southern,NORP,4,12
emu.010001355555,48,2,1,Negro,NORP,143,148
emu.010001355555,48,4,0,Negroes,NORP,5,12
emu.010001355555,48,4,1,Turner,PERSON,34,40
emu.010001355555,48,4,2,John Temple Graves,PERSON,45,63
emu.010001355555,48,4,3,the United States,GPE,148,165
emu.010001355555,49,0,0,Negro,NORP,23,28
emu.010001355555,49,0,1,South,LOC,109,114
emu.010001355555,49,1,0,Yankees,NORP,37,44
emu.010001355555,49,1,1,Southerner,NORP,74,84
emu.010001355555,49,1,2,Southern,NORP,90,98
emu.010001355555,49,1,3,North,LOC,196,201
emu.010001355555,49,1,4,Negro,NORP,314,319
emu.010001355555,49,1,5,South,LOC,343,348
emu.010001355555,49,1,6,Negro,NORP,381,386
emu.010001355555,49,1,7,North,LOC,432,437
emu.010001355555,49,2,0,two,CARDINAL,5,8
emu.010001355555,49,2,1,Southern,NORP,59,67
emu.010001355555,49,2,2,North,LOC,100,105
emu.010001355555,49,2,3,South,LOC,133,138
emu.010001355555,49,3,0,OHIO,GPE,29,33
emu.010001355555,49,4,0,HALF AN HOUR,DATE,79,91
emu.010001355555,49,5,0,the Associated Press,ORG,4,24
emu.010001355555,49,6,0,Springfield,GPE,0,11
emu.010001355555,49,6,1,Ohio,GPE,13,17
emu.010001355555,49,6,2,"March 7,",DATE,19,27
emu.010001355555,49,8,0,Dixon,PERSON,0,5
emu.010001355555,49,8,1,Negro,NORP,9,14
emu.010001355555,49,8,2,Charles Collis,PERSON,86,100
emu.010001355555,49,8,3,Dixon,PERSON,155,160
emu.010001355555,49,8,4,Sunday,DATE,164,170
emu.010001355555,50,0,0,North,LOC,47,52
emu.010001355555,50,0,1,Negroes,NORP,84,91
emu.010001355555,50,0,2,Northern,NORP,110,118
emu.010001355555,50,0,3,Collis,PERSON,160,166
emu.010001355555,50,0,4,Dixon,PERSON,179,184
emu.010001355555,50,1,0,Dixon,PERSON,0,5
emu.010001355555,50,2,0,Collis,PERSON,0,6
emu.010001355555,50,2,1,Dixon,PERSON,21,26
emu.010001355555,50,2,2,Dixon,PERSON,118,123
emu.010001355555,50,2,3,Anna,PERSON,170,174
emu.010001355555,50,2,4,Mamie Corbin,PERSON,178,190
emu.010001355555,50,3,0,first,ORDINAL,28,33
emu.010001355555,50,3,1,Collis,PERSON,43,49
emu.010001355555,50,4,0,Dixon,PERSON,0,5
emu.010001355555,50,4,1,four,CARDINAL,17,21
emu.010001355555,50,4,2,Collis,PERSON,33,39
emu.010001355555,50,5,0,Dixon,PERSON,0,5
emu.010001355555,50,7,0,Collis,PERSON,11,17
emu.010001355555,50,7,1,night,TIME,84,89
emu.010001355555,50,9,0,10: 30,TIME,3,9
emu.010001355555,50,10,0,two,CARDINAL,79,82
emu.010001355555,50,11,0,10: 45 o'clock,TIME,3,17
emu.010001355555,50,12,0,Shortly before 11 o'clock,TIME,0,25
emu.010001355555,51,0,0,Negro,NORP,84,89
emu.010001355555,51,0,1,the Southern States,GPE,106,125
emu.010001355555,51,1,0,Negro,NORP,16,21
emu.010001355555,51,3,0,five minutes,TIME,88,100
emu.010001355555,51,4,0,250,CARDINAL,62,65
emu.010001355555,51,4,1,"2,500",CARDINAL,125,130
emu.010001355555,51,4,2,Negro,NORP,210,215
emu.010001355555,51,5,0,only two or three minutes,TIME,135,160
emu.010001355555,51,10,0,Negro,PERSON,21,26
emu.010001355555,51,10,1,four or five feet,QUANTITY,73,90
emu.010001355555,51,11,0,Nine,CARDINAL,0,4
emu.010001355555,51,11,1,dozen,CARDINAL,81,86
emu.010001355555,51,11,2,Columbia street,FAC,166,181
emu.010001355555,51,11,3,Foun¬ tain Avenue,FAC,197,214
emu.010001355555,51,11,4,one,CARDINAL,216,219
emu.010001355555,51,12,0,Main street,FAC,52,63
emu.010001355555,51,12,1,Dixon,PERSON,92,97
emu.010001355555,51,13,0,Two,CARDINAL,0,3
emu.010001355555,51,13,1,about eighteen feet,QUANTITY,88,107
emu.010001355555,52,0,0,39,CARDINAL,13,15
emu.010001355555,52,0,1,North,LOC,57,62
emu.010001355555,52,2,0,Southern,NORP,13,21
emu.010001355555,52,2,1,Negroes,NORP,52,59
emu.010001355555,52,6,0,Negroes,NORP,18,25
emu.010001355555,52,6,1,thirty minutes,TIME,127,141
emu.010001355555,52,10,0,COLUMBUS,GPE,0,8
emu.010001355555,52,10,1,GEORGIA,GPE,10,17
emu.010001355555,52,11,0,the Associated Press,ORG,4,24
emu.010001355555,52,12,0,Macon,GPE,0,5
emu.010001355555,52,12,1,Ga.,GPE,7,10
emu.010001355555,52,12,2,"March 9, 1902.—A Columbus",DATE,12,37
emu.010001355555,52,12,3,Ga.,GPE,39,42
emu.010001355555,52,12,4,Telegraph,ORG,60,69
emu.010001355555,52,12,5,Bragg Smith,PERSON,139,150
emu.010001355555,52,12,6,Negro,NORP,156,161
emu.010001355555,52,12,7,last September,DATE,188,202
emu.010001355555,52,12,8,Robert L. Johnson,PERSON,260,277
emu.010001355555,53,1,0,Negroes,NORP,83,90
emu.010001355555,53,4,0,South,LOC,12,17
emu.010001355555,53,5,0,six million,CARDINAL,36,47
emu.010001355555,53,5,1,Negroes,NORP,48,55
emu.010001355555,53,5,2,South,LOC,194,199
emu.010001355555,53,8,0,Southern,NORP,6,14
emu.010001355555,54,0,0,Negroes,NORP,46,53
emu.010001355555,54,1,0,Negro,NORP,5,10
emu.010001355555,54,1,1,Southern,NORP,64,72
emu.010001355555,54,3,0,Negro,NORP,0,5
emu.010001355555,54,3,1,Southern,NORP,45,53
emu.010001355555,54,4,0,Negro,NORP,84,89
emu.010001355555,54,7,0,Negroes,NORP,6,13
emu.010001355555,55,0,0,night,TIME,196,201
emu.010001355555,55,3,0,Negroes,NORP,24,31
emu.010001355555,55,3,1,thousands,CARDINAL,112,121
emu.010001355555,55,6,0,BURNING OF NEGROES,WORK_OF_ART,2,20
emu.010001355555,55,7,0,Birmingham,GPE,0,10
emu.010001355555,55,7,1,Ala.,GPE,12,16
emu.010001355555,55,7,2,The Age-Herald,ORG,26,40
emu.010001355555,55,7,3,Booker T. Washington,PERSON,86,106
emu.010001355555,55,7,4,the last fortnight,DATE,117,135
emu.010001355555,55,7,5,three,CARDINAL,136,141
emu.010001355555,56,4,0,One,CARDINAL,0,3
emu.010001355555,56,4,1,Negro,NORP,16,21
emu.010001355555,56,5,0,Negro,NORP,51,56
emu.010001355555,56,5,1,only one,CARDINAL,98,106
emu.010001355555,56,5,2,two,CARDINAL,110,113
emu.010001355555,56,5,3,one,CARDINAL,169,172
emu.010001355555,56,6,0,one,CARDINAL,4,7
emu.010001355555,56,6,1,three,CARDINAL,15,20
emu.010001355555,56,8,0,two,CARDINAL,56,59
emu.010001355555,56,8,1,Sunday,DATE,80,86
emu.010001355555,56,8,2,afternoon,TIME,87,96
emu.010001355555,56,8,3,Christian,NORP,111,120
emu.010001355555,57,0,0,Negro,NORP,23,28
emu.010001355555,57,2,0,One,CARDINAL,0,3
emu.010001355555,57,2,1,the ' Nat Turner Insurrection ',EVENT,8,39
emu.010001355555,57,2,2,Southampton County,GPE,43,61
emu.010001355555,57,2,3,Virginia,GPE,63,71
emu.010001355555,57,2,4,1831,DATE,76,80
emu.010001355555,57,4,0,two hundred and fifty years,DATE,46,73
emu.010001355555,57,8,0,Christian,NORP,72,81
emu.010001355555,57,8,1,Sunday,DATE,130,136
emu.010001355555,57,8,2,Christian Endeavor Societies,ORG,152,180
emu.010001355555,57,8,3,Young Men's Christian Associations,ORG,185,219
emu.010001355555,57,8,4,Africa,LOC,272,278
emu.010001355555,57,8,5,China,GPE,283,288
emu.010001355555,57,9,0,Christian,NORP,259,268
emu.010001355555,57,10,0,BOOKER T. WASHINGTON.,PERSON,2,23
emu.010001355555,57,11,0,Tuskegee,GPE,0,8
emu.010001355555,57,11,1,Ala.,GPE,10,14
emu.010001355555,58,0,0,45,CARDINAL,13,15
emu.010001355555,58,0,1,Indian,NORP,40,46
emu.010001355555,58,3,0,the American Civil War of 1860 to 1865,EVENT,95,133
emu.010001355555,58,4,0,thousands,DATE,34,43
emu.010001355555,58,5,0,Negroes,NORP,4,11
emu.010001355555,58,7,0,Negro,NORP,222,227
emu.010001355555,59,0,0,Negro,NORP,23,28
emu.010001355555,59,1,0,Negroes,NORP,4,11
emu.010001355555,59,1,1,one,CARDINAL,31,34
emu.010001355555,59,1,2,ten years,DATE,82,91
emu.010001355555,59,4,0,Negro,NORP,3,8
emu.010001355555,59,5,0,Negroes,NORP,4,11
emu.010001355555,59,6,0,Negro,NORP,6,11
emu.010001355555,59,6,1,many years,DATE,63,73
emu.010001355555,59,6,2,the days,DATE,125,133
emu.010001355555,59,6,3,the first forty years,DATE,154,175
emu.010001355555,60,0,0,Negro,NORP,117,122
emu.010001355555,60,2,0,one,CARDINAL,14,17
emu.010001355555,60,2,1,thousand,CARDINAL,35,43
emu.010001355555,60,6,0,Negroes,NORP,116,123
emu.010001355555,60,7,0,Negro,NORP,167,172
emu.010001355555,60,9,0,a ' quarter' or,MONEY,73,88
emu.010001355555,60,9,1,fifty cents,MONEY,89,100
emu.010001355555,61,0,0,Negro,NORP,23,28
emu.010001355555,61,1,0,Indian,NORP,47,53
emu.010001355555,61,3,0,South,LOC,49,54
emu.010001355555,61,9,0,the Civil War,EVENT,3,16
emu.010001355555,62,0,0,49,CARDINAL,13,15
emu.010001355555,62,1,0,Union,ORG,5,10
emu.010001355555,62,2,0,one,CARDINAL,232,235
emu.010001355555,62,2,1,nearly four million,CARDINAL,310,329
emu.010001355555,62,3,0,Negro,NORP,4,9
emu.010001355555,62,4,0,later days,DATE,14,24
emu.010001355555,62,4,1,Negroes,NORP,49,56
emu.010001355555,62,6,0,Negroes,NORP,85,92
emu.010001355555,63,0,0,50,CARDINAL,0,2
emu.010001355555,63,1,0,Negro,NORP,106,111
emu.010001355555,63,2,0,Negro,NORP,171,176
emu.010001355555,63,5,0,South,LOC,130,135
emu.010001355555,63,7,0,Negro,NORP,25,30
emu.010001355555,63,7,1,Negro,NORP,59,64
emu.010001355555,63,7,2,Negro,NORP,115,120
emu.010001355555,63,7,3,January,DATE,296,303
emu.010001355555,64,0,0,51 year,DATE,13,20
emu.010001355555,64,3,0,Negro,NORP,88,93
emu.010001355555,64,5,0,Negroes,NORP,4,11
emu.010001355555,64,7,0,The c Ku Klux Klan',ORG,0,19
emu.010001355555,64,7,1,Negroes,NORP,91,98
emu.010001355555,64,8,0,Southern,NORP,45,53
emu.010001355555,65,1,0,first,ORDINAL,52,57
emu.010001355555,65,2,0,Negroes,NORP,44,51
emu.010001355555,65,4,0,night,TIME,95,100
emu.010001355555,65,5,0,Negroes,NORP,5,12
emu.010001355555,65,5,1,one,CARDINAL,66,69
emu.010001355555,65,6,0,Negro,NORP,95,100
emu.010001355555,65,7,0,Stephens,PERSON,57,65
emu.010001355555,65,7,1,Negroes,NORP,106,113
emu.010001355555,65,7,2,one,CARDINAL,142,145
emu.010001355555,65,7,3,one,CARDINAL,178,181
emu.010001355555,66,0,0,two,CARDINAL,51,54
emu.010001355555,66,2,0,Stephens,PERSON,16,24
emu.010001355555,66,4,0,Stephens,PERSON,0,8
emu.010001355555,66,4,1,Negro,NORP,36,41
emu.010001355555,66,5,0,Negro,NORP,45,50
emu.010001355555,66,5,1,Negro,NORP,128,133
emu.010001355555,66,5,2,Democratic,NORP,142,152
emu.010001355555,66,6,0,The ' Ku Klux Klan',ORG,0,19
emu.010001355555,66,6,1,Grant,PERSON,76,81
emu.010001355555,66,6,2,South,LOC,98,103
emu.010001355555,66,7,0,A Fool's Errand,WORK_OF_ART,67,82
emu.010001355555,67,0,0,54,CARDINAL,0,2
emu.010001355555,67,0,1,Negro,NORP,23,28
emu.010001355555,67,2,0,One,CARDINAL,0,3
emu.010001355555,67,2,1,the Democratic party,ORG,43,63
emu.010001355555,67,3,0,Negro,NORP,78,83
emu.010001355555,67,3,1,Democratic,NORP,92,102
emu.010001355555,67,5,0,Newell,PERSON,31,37
emu.010001355555,67,6,0,the year 1902,DATE,44,57
emu.010001355555,67,6,1,1950,DATE,77,81
emu.010001355555,67,8,0,Negro,NORP,14,19
emu.010001355555,67,8,1,a century ago,DATE,105,118
emu.010001355555,68,0,0,Christianity,ORG,84,96
emu.010001355555,68,3,0,the ten years,DATE,3,16
emu.010001355555,68,3,1,the decade ending in 1902,DATE,34,59
emu.010001355555,68,3,2,American,NORP,65,73
emu.010001355555,68,4,0,1865,DATE,42,46
emu.010001355555,68,4,1,South,LOC,97,102
emu.010001355555,68,4,2,Carlyle,PERSON,219,226
emu.010001355555,68,7,0,the first years,DATE,46,61
emu.010001355555,68,8,0,two hundred and forty years,DATE,4,31
emu.010001355555,69,2,0,Bible,WORK_OF_ART,145,150
emu.010001355555,69,5,0,North Carolina,GPE,4,18
emu.010001355555,69,8,0,North Carolina,GPE,73,87
emu.010001355555,69,8,1,Negroes,NORP,109,116
emu.010001355555,70,1,0,Negro,PERSON,6,11
emu.010001355555,70,1,1,Southern,NORP,29,37
emu.010001355555,70,2,0,Southern,NORP,100,108
emu.010001355555,70,2,1,Negroes,NORP,126,133
emu.010001355555,70,3,0,Negroes,NORP,4,11
emu.010001355555,70,6,0,North Carolina,GPE,47,61
emu.010001355555,70,6,1,the first ten years,DATE,99,118
emu.010001355555,70,6,2,1869 to 1876,DATE,139,151
emu.010001355555,70,6,3,Wm. E. Rodman,PERSON,155,168
emu.010001355555,70,6,4,Southern,NORP,170,178
emu.010001355555,70,6,5,Dick,PERSON,193,197
emu.010001355555,70,6,6,Southern,NORP,199,207
emu.010001355555,70,6,7,W. W. Holden,PERSON,216,228
emu.010001355555,70,6,8,Southern,NORP,240,248
emu.010001355555,70,6,9,Byron Laflin,PERSON,257,269
emu.010001355555,70,6,10,Southern,NORP,271,279
emu.010001355555,70,6,11,Henry Martindale,PERSON,288,304
emu.010001355555,70,6,12,Ohio,GPE,306,310
emu.010001355555,70,6,13,Gen'l Ames,PERSON,319,329
emu.010001355555,71,0,0,Northern,NORP,30,38
emu.010001355555,71,0,1,G. Z. French,PERSON,41,53
emu.010001355555,71,0,2,Maine,GPE,67,72
emu.010001355555,71,0,3,Eugene Grissom,PERSON,79,93
emu.010001355555,71,0,4,Raleigh,GPE,124,131
emu.010001355555,71,0,5,North Carolina,GPE,133,147
emu.010001355555,71,0,6,Southern,NORP,149,157
emu.010001355555,71,0,7,Tyre York,PERSON,166,175
emu.010001355555,71,0,8,Southern,NORP,206,214
emu.010001355555,71,0,9,Graham,PERSON,232,238
emu.010001355555,71,0,10,Southern,NORP,240,248
emu.010001355555,71,0,11,Brooks,PERSON,263,269
emu.010001355555,71,0,12,Southern,NORP,271,279
emu.010001355555,71,0,13,S. J. Carrow,PERSON,288,300
emu.010001355555,71,0,14,Southern,NORP,302,310
emu.010001355555,71,2,0,Negro,NORP,102,107
emu.010001355555,71,4,0,Negro,NORP,19,24
emu.010001355555,71,4,1,Negro,NORP,167,172
emu.010001355555,71,5,0,Negroes,NORP,76,83
emu.010001355555,71,5,1,South,LOC,123,128
emu.010001355555,71,6,0,Negro,NORP,55,60
emu.010001355555,71,6,1,Howard Amend¬ ment,PERSON,75,93
emu.010001355555,71,6,2,Washington,GPE,143,153
emu.010001355555,72,0,0,59,CARDINAL,13,15
emu.010001355555,72,0,1,South,NORP,72,77
emu.010001355555,72,1,0,Negro,NORP,125,130
emu.010001355555,72,1,1,Southern,NORP,142,150
emu.010001355555,72,3,0,South,LOC,4,9
emu.010001355555,72,3,1,Union,GPE,29,34
emu.010001355555,72,4,0,Negro,NORP,14,19
emu.010001355555,72,4,1,South,LOC,82,87
emu.010001355555,72,6,0,Louisiana,GPE,0,9
emu.010001355555,72,6,1,Mississippi,GPE,11,22
emu.010001355555,72,6,2,Alabama,GPE,24,31
emu.010001355555,72,6,3,South Carolina,GPE,33,47
emu.010001355555,72,6,4,North Carolina,GPE,49,63
emu.010001355555,72,6,5,Virginia,GPE,68,76
emu.010001355555,72,6,6,the Fourteenth and Fifteenth Amendments,LAW,156,195
emu.010001355555,72,7,0,Virginia,GPE,3,11
emu.010001355555,73,0,0,60,CARDINAL,0,2
emu.010001355555,73,1,0,Southern,NORP,105,113
emu.010001355555,73,2,0,Southern,NORP,5,13
emu.010001355555,73,3,0,Negro,NORP,65,70
emu.010001355555,73,5,0,Negroes,NORP,27,34
emu.010001355555,73,5,1,ninety-nine per cent,PERCENT,105,125
emu.010001355555,73,6,0,North Carolina,GPE,29,43
emu.010001355555,73,6,1,Negroes,NORP,106,113
emu.010001355555,73,7,0,1894 to 1898,DATE,48,60
emu.010001355555,73,7,1,the ' Fusion Movement,EVENT,71,92
emu.010001355555,73,7,2,ninetysix,NORP,107,116
emu.010001355555,73,7,3,three,CARDINAL,145,150
emu.010001355555,73,7,4,only four,CARDINAL,188,197
emu.010001355555,73,7,5,ninety-six,CARDINAL,218,228
emu.010001355555,73,7,6,Negro,NORP,235,240
emu.010001355555,74,0,0,61,CARDINAL,13,15
emu.010001355555,74,0,1,two-thirds,CARDINAL,33,43
emu.010001355555,74,0,2,Negro,NORP,88,93
emu.010001355555,74,1,0,ninety-six,CARDINAL,7,17
emu.010001355555,74,1,1,Negroes,NORP,31,38
emu.010001355555,74,2,0,Negro,NORP,17,22
emu.010001355555,74,2,1,North Carolina,GPE,122,136
emu.010001355555,74,3,0,the Civil War,EVENT,84,97
emu.010001355555,74,5,0,Negro,NORP,43,48
emu.010001355555,74,5,1,Negro,NORP,66,71
emu.010001355555,74,6,0,American,NORP,34,42
emu.010001355555,74,8,0,North,LOC,84,89
emu.010001355555,75,0,0,Negro,NORP,23,28
emu.010001355555,75,4,0,North Carolina,GPE,68,82
emu.010001355555,75,4,1,93c,MONEY,138,141
emu.010001355555,75,4,2,hundred dollar,MONEY,148,162
emu.010001355555,75,4,3,1.23,MONEY,189,193
emu.010001355555,75,5,0,North Carolina,GPE,0,14
emu.010001355555,75,5,1,six per cent,PERCENT,15,27
emu.010001355555,75,5,2,1.10,MONEY,50,54
emu.010001355555,75,5,3,1.09,MONEY,75,79
emu.010001355555,75,6,0,"50,000",MONEY,138,144
emu.010001355555,75,7,0,Fusion,NORP,10,16
emu.010001355555,75,7,1,first,ORDINAL,117,122
emu.010001355555,75,8,0,Fusion,NORP,10,16
emu.010001355555,75,8,1,one,CARDINAL,160,163
emu.010001355555,75,8,2,Negroes,NORP,202,209
emu.010001355555,75,9,0,Negro,NORP,33,38
emu.010001355555,75,10,0,about one-third,CARDINAL,42,57
emu.010001355555,76,0,0,Negro,NORP,78,83
emu.010001355555,76,0,1,Negro,NORP,110,115
emu.010001355555,76,1,0,Negro,NORP,85,90
emu.010001355555,76,1,1,South,LOC,144,149
emu.010001355555,76,1,2,North Carolina,GPE,189,203
emu.010001355555,76,2,0,forty years ago,DATE,81,96
emu.010001355555,76,3,0,Forty years,DATE,0,11
emu.010001355555,76,3,1,American,NORP,34,42
emu.010001355555,76,4,0,1,CARDINAL,20,21
emu.010001355555,76,5,0,Negro,NORP,130,135
emu.010001355555,76,6,0,Forty years,DATE,0,11
emu.010001355555,76,6,1,Moses,PERSON,48,53
emu.010001355555,76,6,2,Negroes,NORP,199,206
emu.010001355555,77,1,0,Negro,NORP,85,90
emu.010001355555,77,2,0,Negro,NORP,21,26
emu.010001355555,77,2,1,North Carolina,GPE,69,83
emu.010001355555,77,2,2,1867,DATE,198,202
emu.010001355555,77,3,0,1867,DATE,33,37
emu.010001355555,77,4,0,1867,DATE,167,171
emu.010001355555,77,5,0,A. V. Dockery,PERSON,9,22
emu.010001355555,77,5,1,"June 23, 1904",DATE,91,104
emu.010001355555,77,5,2,Negro,NORP,110,115
emu.010001355555,77,5,3,Republican,NORP,154,164
emu.010001355555,77,5,4,South,LOC,172,177
emu.010001355555,77,6,0,South,LOC,61,66
emu.010001355555,77,6,1,Union,GPE,74,79
emu.010001355555,77,6,2,the Civil War,EVENT,92,105
emu.010001355555,77,6,3,several decades later,DATE,182,203
emu.010001355555,77,7,0,North Carolina,GPE,46,60
emu.010001355555,77,7,1,Tennessee,GPE,62,71
emu.010001355555,77,7,2,Kentucky,GPE,73,81
emu.010001355555,77,7,3,Virginia,GPE,86,94
emu.010001355555,77,7,4,Madison county,GPE,171,185
emu.010001355555,77,7,5,North Carolina,GPE,187,201
emu.010001355555,77,7,6,Pritchard,PERSON,221,230
emu.010001355555,77,7,7,Union,GPE,265,270
emu.010001355555,77,7,8,United States,GPE,342,355
emu.010001355555,77,8,0,Republicans,NORP,79,90
emu.010001355555,77,9,0,Republicans,NORP,41,52
emu.010001355555,77,9,1,Republicanism,NORP,114,127
emu.010001355555,77,9,2,South,LOC,135,140
emu.010001355555,77,10,0,Republicans,NORP,31,42
emu.010001355555,77,10,1,Congresses,ORG,114,124
emu.010001355555,77,10,2,South,LOC,173,178
emu.010001355555,78,0,0,65,CARDINAL,13,15
emu.010001355555,78,0,1,Civil Service,ORG,88,101
emu.010001355555,78,0,2,Atlanta,GPE,117,124
emu.010001355555,78,0,3,19,CARDINAL,125,127
emu.010001355555,78,0,4,40,CARDINAL,143,145
emu.010001355555,78,0,5,only 26,CARDINAL,160,167
emu.010001355555,78,0,6,115,CARDINAL,182,185
emu.010001355555,78,1,0,the Supreme Court of North Carolina,ORG,39,74
emu.010001355555,78,1,1,only 40 per cent,PERCENT,75,91
emu.010001355555,78,1,2,100 per cent,PERCENT,121,133
emu.010001355555,78,2,0,A hundred,CARDINAL,0,9
emu.010001355555,78,4,0,Congress,ORG,8,16
emu.010001355555,78,4,1,less than half a dozen,CARDINAL,30,52
emu.010001355555,78,4,2,Republican,NORP,53,63
emu.010001355555,78,6,0,About one and a half million,CARDINAL,0,28
emu.010001355555,78,7,0,Congress,ORG,44,52
emu.010001355555,78,8,0,Nation,ORG,50,56
emu.010001355555,78,9,0,1861,DATE,20,24
emu.010001355555,78,9,1,one,CARDINAL,30,33
emu.010001355555,78,9,2,Southern,NORP,34,42
emu.010001355555,78,9,3,ten,CARDINAL,58,61
emu.010001355555,78,9,4,Yankees,NORP,62,69
emu.010001355555,78,10,0,Southern,NORP,27,35
emu.010001355555,78,10,1,one,CARDINAL,81,84
emu.010001355555,78,10,2,Southern,NORP,85,93
emu.010001355555,78,10,3,ten,CARDINAL,111,114
emu.010001355555,78,10,4,Yankee,NORP,115,121
emu.010001355555,78,11,0,ten million,CARDINAL,9,20
emu.010001355555,78,11,1,American Negroes,NORP,21,37
emu.010001355555,78,11,2,Congress,ORG,74,82
emu.010001355555,78,11,3,ten million,CARDINAL,92,103
emu.010001355555,78,11,4,Filipinos,NORP,104,113
emu.010001355555,78,12,0,1896,DATE,3,7
emu.010001355555,78,12,1,only one,CARDINAL,18,26
emu.010001355555,78,12,2,South,LOC,40,45
emu.010001355555,78,13,0,Seven,CARDINAL,0,5
emu.010001355555,78,13,1,South Carolina,GPE,33,47
emu.010001355555,78,13,2,"less than 40,000",CARDINAL,64,80
emu.010001355555,78,13,3,seven,CARDINAL,95,100
emu.010001355555,78,13,4,the Fifty-seventh,ORG,126,143
emu.010001355555,78,13,5,Congress,ORG,144,152
emu.010001355555,78,14,0,Congress,ORG,13,21
emu.010001355555,78,14,1,Minnesota,GPE,23,32
emu.010001355555,78,14,2,"276,000",CARDINAL,49,56
emu.010001355555,78,14,3,seven,CARDINAL,67,72
emu.010001355555,78,14,4,"39,428",CARDINAL,100,106
emu.010001355555,79,0,0,66,CARDINAL,0,2
emu.010001355555,79,4,0,Negro,NORP,41,46
emu.010001355555,79,4,1,1876,DATE,87,91
emu.010001355555,79,4,2,the Republican party,ORG,98,118
emu.010001355555,79,4,3,Negro,NORP,131,136
emu.010001355555,79,5,0,South Carolina,GPE,41,55
emu.010001355555,79,5,1,"less than 6,000",CARDINAL,60,75
emu.010001355555,79,6,0,one,CARDINAL,16,19
emu.010001355555,79,6,1,South Carolina,GPE,20,34
emu.010001355555,79,6,2,seven,CARDINAL,59,64
emu.010001355555,79,6,3,Minnesota,GPE,72,81
emu.010001355555,79,7,0,Democrat,NORP,24,32
emu.010001355555,79,7,1,South,LOC,53,58
emu.010001355555,79,7,2,the last decade of the twentieth century,DATE,66,106
emu.010001355555,79,7,3,"the "" lily white"" age",DATE,108,129
emu.010001355555,79,7,4,South,LOC,230,235
emu.010001355555,79,8,0,Republican,NORP,54,64
emu.010001355555,79,8,1,Democrats,NORP,96,105
emu.010001355555,79,11,0,Federal,ORG,71,78
emu.010001355555,79,11,1,South,LOC,93,98
emu.010001355555,79,11,2,Democrat,NORP,124,132
emu.010001355555,79,12,0,Roosevelt,PERSON,48,57
emu.010001355555,79,12,1,the White House,ORG,163,178
emu.010001355555,80,0,0,Negroes,NORP,43,50
emu.010001355555,80,3,0,the Republican party,ORG,123,143
emu.010001355555,80,3,1,Cuba,GPE,182,186
emu.010001355555,80,3,2,Philippines,GPE,195,206
emu.010001355555,80,4,0,Republicans,NORP,9,20
emu.010001355555,80,4,1,Philippines,GPE,48,59
emu.010001355555,80,4,2,Porto Rico,GPE,61,71
emu.010001355555,80,4,3,Cuba,GPE,76,80
emu.010001355555,80,4,4,Southerners,NORP,95,106
emu.010001355555,80,4,5,Negroes,NORP,154,161
emu.010001355555,80,5,0,Negroes,NORP,10,17
emu.010001355555,80,5,1,South,LOC,25,30
emu.010001355555,80,5,2,Negroes,NORP,60,67
emu.010001355555,80,5,3,Hawaii,GPE,71,77
emu.010001355555,80,7,0,the National Senate,ORG,116,135
emu.010001355555,80,7,1,the Spanish-American War,EVENT,170,194
emu.010001355555,81,0,0,68,CARDINAL,0,2
emu.010001355555,81,0,1,the White House,FAC,32,47
emu.010001355555,81,0,2,Cuba,GPE,158,162
emu.010001355555,81,0,3,Roosevelt,PERSON,188,197
emu.010001355555,81,0,4,Cuba,GPE,234,238
emu.010001355555,81,2,0,Americans,NORP,60,69
emu.010001355555,81,3,0,the Civil War,EVENT,67,80
emu.010001355555,81,7,0,South,LOC,145,150
emu.010001355555,81,7,1,many years longer,DATE,182,199
emu.010001355555,81,7,2,North,LOC,276,281
emu.010001355555,82,0,0,69,CARDINAL,13,15
emu.010001355555,82,0,1,Boston,GPE,89,95
emu.010001355555,82,0,2,the Fugitive Slave Law,LAW,100,122
emu.010001355555,82,2,0,Negroes,NORP,53,60
emu.010001355555,82,4,0,South,LOC,25,30
emu.010001355555,82,5,0,Negroes,NORP,22,29
emu.010001355555,83,3,0,one hundred years ago,DATE,202,223
emu.010001355555,83,3,1,Negro,NORP,289,294
emu.010001355555,83,4,0,South,LOC,114,119
emu.010001355555,83,5,0,second,ORDINAL,56,62
emu.010001355555,83,6,0,Southern,NORP,9,17
emu.010001355555,83,8,0,Newell,PERSON,15,21
emu.010001355555,84,0,0,Negroes,NORP,97,104
emu.010001355555,84,1,0,American,NORP,41,49
emu.010001355555,84,1,1,Negro,NORP,106,111
emu.010001355555,84,2,0,Newell,PERSON,19,25
emu.010001355555,84,5,0,Lincoln,PERSON,3,10
emu.010001355555,84,5,1,half,CARDINAL,44,48
emu.010001355555,84,5,2,half,CARDINAL,59,63
emu.010001355555,84,5,3,Blaine,PERSON,77,83
emu.010001355555,84,5,4,Augusta,GPE,104,111
emu.010001355555,84,6,0,second,ORDINAL,39,45
emu.010001355555,84,6,1,Negro,NORP,93,98
emu.010001355555,84,7,0,Negroes,NORP,52,59
emu.010001355555,84,8,0,one,CARDINAL,73,76
emu.010001355555,85,0,0,Negro,NORP,23,28
emu.010001355555,85,2,0,Dollar,MONEY,104,110
emu.010001355555,85,5,0,Negroes,NORP,3,10
emu.010001355555,85,5,1,fifty cents,MONEY,43,54
emu.010001355555,85,6,0,fifty cents,MONEY,125,136
emu.010001355555,85,6,1,Negroes,NORP,153,160
emu.010001355555,85,7,0,South,LOC,13,18
emu.010001355555,85,7,1,Negro,NORP,49,54
emu.010001355555,85,8,0,Southern,NORP,5,13
emu.010001355555,85,8,1,first,ORDINAL,25,30
emu.010001355555,85,9,0,South,LOC,35,40
emu.010001355555,86,1,0,Negroes,NORP,189,196
emu.010001355555,86,1,1,only fifty cents,MONEY,231,247
emu.010001355555,87,0,0,Negro,NORP,78,83
emu.010001355555,87,1,0,Southern,NORP,16,24
emu.010001355555,87,1,1,Negro,NORP,172,177
emu.010001355555,87,2,0,South,LOC,5,10
emu.010001355555,87,2,1,North,LOC,116,121
emu.010001355555,87,3,0,Negroes,NORP,30,37
emu.010001355555,87,4,0,Negroes,NORP,57,64
emu.010001355555,88,1,0,Schools of Domestic Science,ORG,0,27
emu.010001355555,88,4,0,Southern,NORP,4,12
emu.010001355555,88,7,0,a hundred years ago,DATE,137,156
emu.010001355555,88,8,0,the National Government,ORG,94,117
emu.010001355555,89,0,0,the Post Office Department,ORG,95,121
emu.010001355555,89,2,0,Negro,NORP,209,214
emu.010001355555,90,2,0,10 per cent,PERCENT,97,108
emu.010001355555,90,5,0,one,CARDINAL,66,69
emu.010001355555,91,0,0,78,CARDINAL,0,2
emu.010001355555,91,2,0,the Southern States,GPE,48,67
emu.010001355555,91,3,0,fifty cents,MONEY,71,82
emu.010001355555,91,3,1,thirty-five cents,MONEY,97,114
emu.010001355555,91,3,2,six,CARDINAL,183,186
emu.010001355555,91,3,3,eight,CARDINAL,190,195
emu.010001355555,91,3,4,one,CARDINAL,199,202
emu.010001355555,91,4,0,three months',DATE,11,24
emu.010001355555,91,9,0,Negro,NORP,75,80
emu.010001355555,92,0,0,Indian,NORP,27,33
emu.010001355555,92,0,1,Chinaman,NORP,40,48
emu.010001355555,92,1,0,Southern,NORP,73,81
emu.010001355555,92,1,1,Negroes,NORP,119,126
emu.010001355555,92,2,0,Romans,NORP,52,58
emu.010001355555,92,2,1,Greek,NORP,84,89
emu.010001355555,92,8,0,"the * A. A. Gunby, Esq.",PERSON,42,65
emu.010001355555,92,8,1,Louisiana,GPE,83,92
emu.010001355555,92,8,2,the Southern Educational Association,ORG,162,198
emu.010001355555,92,8,3,Atlanta,GPE,213,220
emu.010001355555,92,8,4,1892,DATE,222,226
emu.010001355555,92,9,0,Gunby,PERSON,4,9
emu.010001355555,92,12,0,State,ORG,118,123
emu.010001355555,93,0,0,two,CARDINAL,29,32
emu.010001355555,93,0,1,Saxon,NORP,71,76
emu.010001355555,93,0,2,Negro,NORP,85,90
emu.010001355555,93,1,0,Negro,NORP,48,53
emu.010001355555,94,0,0,81,CARDINAL,13,15
emu.010001355555,94,1,0,Four,CARDINAL,0,4
emu.010001355555,94,1,1,two,CARDINAL,32,35
emu.010001355555,94,3,0,Newell,PERSON,20,26
emu.010001355555,94,4,0,Negro,NORP,57,62
emu.010001355555,94,7,0,Twitchell,PERSON,44,53
emu.010001355555,94,9,0,Southern,NORP,61,69
emu.010001355555,95,0,0,Negro,NORP,167,172
emu.010001355555,95,0,1,the Bureau of Public Utility,ORG,356,384
emu.010001355555,95,2,0,f. a. noble,PERSON,149,160
emu.010001355555,95,3,0,Constitution,LAW,29,41
emu.010001355555,95,3,1,American,NORP,117,125
emu.010001355555,96,1,0,Negro,NORP,68,73
emu.010001355555,96,1,1,one,CARDINAL,132,135
emu.010001355555,96,7,0,CARL SCHUEZ,PERSON,0,11
emu.010001355555,96,7,1,the Fifteenth Amendment,LAW,141,164
emu.010001355555,96,7,2,the United States,GPE,188,205
emu.010001355555,97,0,0,84 Light Ahead for the Negro,WORK_OF_ART,0,28
emu.010001355555,97,2,0,the State Constitutions,LAW,32,55
emu.010001355555,97,2,1,Southern,NORP,87,95
emu.010001355555,97,3,0,the State Constitutions,LAW,86,109
emu.010001355555,97,3,1,the National Constitution,LAW,135,160
emu.010001355555,97,3,2,Constitution,LAW,434,446
emu.010001355555,97,7,0,Southern,NORP,114,122
emu.010001355555,97,8,0,earth,LOC,254,259
emu.010001355555,98,4,0,South,LOC,109,114
emu.010001355555,98,8,0,two,CARDINAL,15,18
emu.010001355555,98,8,1,secondly,ORDINAL,138,146
emu.010001355555,98,12,0,Southern,NORP,74,82
emu.010001355555,98,13,0,Southern,NORP,82,90
emu.010001355555,99,2,0,Southern,NORP,37,45
emu.010001355555,99,2,1,one,CARDINAL,250,253
emu.010001355555,99,5,0,Negroes,NORP,98,105
emu.010001355555,99,6,0,One,CARDINAL,0,3
emu.010001355555,99,8,0,South,LOC,22,27
emu.010001355555,99,9,0,Vardaman,PERSON,9,17
emu.010001355555,99,9,1,Mississippi,GPE,22,33
emu.010001355555,100,1,0,Southern,NORP,31,39
emu.010001355555,100,1,1,Southern,NORP,90,98
emu.010001355555,100,1,2,the Civil War,EVENT,200,213
emu.010001355555,100,1,3,South,LOC,750,755
emu.010001355555,100,1,4,Southern,NORP,788,796
emu.010001355555,100,1,5,Southern,NORP,827,835
emu.010001355555,100,5,0,the Southern States,GPE,74,93
emu.010001355555,100,5,1,South,LOC,213,218
emu.010001355555,100,5,2,South,LOC,354,359
emu.010001355555,101,0,0,Southern,NORP,158,166
emu.010001355555,101,5,0,Southerners,NORP,38,49
emu.010001355555,101,5,1,Constitution,LAW,503,515
emu.010001355555,101,5,2,Negro,NORP,683,688
emu.010001355555,101,6,0,Southerners,NORP,87,98
emu.010001355555,102,0,0,89,CARDINAL,13,15
emu.010001355555,102,1,0,NEW YORK EVENING POST ',GPE,13,36
emu.010001355555,102,2,0,South,LOC,61,66
emu.010001355555,102,2,1,South,LOC,87,92
emu.010001355555,102,3,0,Schurz,PERSON,4,10
emu.010001355555,103,0,0,90,CARDINAL,0,2
emu.010001355555,103,2,0,South,LOC,4,9
emu.010001355555,103,3,0,South,LOC,148,153
emu.010001355555,103,4,0,Schurz,PERSON,7,13
emu.010001355555,103,4,1,one,CARDINAL,55,58
emu.010001355555,103,5,0,South,LOC,105,110
emu.010001355555,103,7,0,4,CARDINAL,92,93
emu.010001355555,103,7,1,Negro,NORP,130,135
emu.010001355555,103,7,2,Schurz,PERSON,300,306
emu.010001355555,103,7,3,South,LOC,344,349
emu.010001355555,104,0,0,Schurz,PERSON,20,26
emu.010001355555,104,0,1,North,LOC,89,94
emu.010001355555,104,2,0,Southern,NORP,130,138
emu.010001355555,104,3,0,South,LOC,215,220
emu.010001355555,104,5,0,Southern,NORP,55,63
emu.010001355555,104,5,1,South,LOC,177,182
emu.010001355555,104,5,2,Aycock,PERSON,418,424
emu.010001355555,105,0,0,92,CARDINAL,0,2
emu.010001355555,105,0,1,North Carolina,GPE,32,46
emu.010001355555,105,0,2,Montague,PERSON,61,69
emu.010001355555,105,0,3,Virginia,GPE,74,82
emu.010001355555,105,2,0,South,LOC,80,85
emu.010001355555,105,3,0,North,LOC,45,50
emu.010001355555,105,3,1,South,LOC,166,171
emu.010001355555,105,4,0,North,LOC,56,61
emu.010001355555,105,4,1,South,LOC,71,76
emu.010001355555,105,6,0,AYCOCK,PERSON,10,16
emu.010001355555,105,6,1,NORTH CAROLINA,GPE,21,35
emu.010001355555,105,6,2,Negro,NORP,96,101
emu.010001355555,105,10,0,first,ORDINAL,7,12
emu.010001355555,105,10,1,the Fifteenth Amendment,LAW,40,63
emu.010001355555,106,2,0,Negro,NORP,74,79
emu.010001355555,106,2,1,South,LOC,98,103
emu.010001355555,106,2,2,Northern,NORP,131,139
emu.010001355555,106,3,0,first,ORDINAL,21,26
emu.010001355555,106,4,0,Negroes,NORP,14,21
emu.010001355555,107,0,0,94,CARDINAL,0,2
emu.010001355555,107,1,0,ten years,DATE,7,16
emu.010001355555,107,1,1,ten,CARDINAL,78,81
emu.010001355555,107,1,2,Southern,NORP,168,176
emu.010001355555,107,1,3,miles,CARDINAL,188,193
emu.010001355555,107,2,0,Negro,NORP,6,11
emu.010001355555,107,2,1,North,LOC,29,34
emu.010001355555,107,3,0,Southern,NORP,67,75
emu.010001355555,107,4,0,Negroes,NORP,20,27
emu.010001355555,107,5,0,one,CARDINAL,3,6
emu.010001355555,107,5,1,Negro,NORP,30,35
emu.010001355555,107,7,0,seven,CARDINAL,100,105
emu.010001355555,107,7,1,eight,CARDINAL,109,114
emu.010001355555,107,8,0,Negro,NORP,52,57
emu.010001355555,107,11,0,0Charlotte,GPE,0,10
emu.010001355555,107,11,1,N. C.,GPE,12,17
emu.010001355555,107,12,0,The Charlotte Observer,ORG,0,22
emu.010001355555,108,0,0,Negroes,NORP,83,90
emu.010001355555,108,0,1,South,LOC,98,103
emu.010001355555,108,1,0,North,LOC,26,31
emu.010001355555,108,1,1,West,LOC,36,40
emu.010001355555,108,2,0,Africa,LOC,23,29
emu.010001355555,108,2,1,Smith,PERSON,41,46
emu.010001355555,108,2,2,the African Methodist Church,ORG,50,78
emu.010001355555,108,2,3,Hayti,GPE,101,106
emu.010001355555,108,3,0,Southwestern,LOC,27,39
emu.010001355555,108,3,1,the United States,GPE,48,65
emu.010001355555,108,3,2,Negroes,NORP,176,183
emu.010001355555,108,4,0,Southern,NORP,23,31
emu.010001355555,108,8,0,Charlotte,GPE,1,10
emu.010001355555,108,8,1,N. C.,GPE,12,17
emu.010001355555,108,8,2,Observer,GPE,19,27
emu.010001355555,108,9,0,North Carolina,GPE,27,41
emu.010001355555,108,9,1,the Southern Railway Company,ORG,115,143
emu.010001355555,108,10,0,Rowan,GPE,10,15
emu.010001355555,108,10,1,last week,DATE,31,40
emu.010001355555,109,1,0,South,LOC,53,58
emu.010001355555,109,2,0,week,DATE,162,166
emu.010001355555,109,2,1,week,DATE,170,174
emu.010001355555,109,3,0,The National Government,ORG,0,23
emu.010001355555,109,3,1,South,LOC,60,65
emu.010001355555,109,3,2,Negroes,NORP,245,252
emu.010001355555,109,4,0,Negro,NORP,85,90
emu.010001355555,109,8,0,0. 0. Howard,PERSON,26,38
emu.010001355555,109,8,1,the Freedmen's Bureau,ORG,78,99
emu.010001355555,110,0,0,97,CARDINAL,13,15
emu.010001355555,110,1,0,one,CARDINAL,14,17
emu.010001355555,110,3,0,Oxenstiern,PERSON,2,12
emu.010001355555,110,6,0,America,GPE,0,7
emu.010001355555,111,0,0,98,CARDINAL,0,2
emu.010001355555,111,1,0,The National Congress,ORG,0,21
emu.010001355555,112,0,0,V,CARDINAL,8,9
emu.010001355555,112,2,0,some twenty feet,QUANTITY,189,205
emu.010001355555,112,4,0,"the "" Administration Building",FAC,48,77
emu.010001355555,112,5,0,Congress,ORG,24,32
emu.010001355555,112,5,1,99,CARDINAL,261,263
emu.010001355555,113,0,0,100,CARDINAL,0,3
emu.010001355555,113,9,0,annual,DATE,15,21
emu.010001355555,113,11,0,as early as 1890,DATE,309,325
emu.010001355555,113,14,0,Congressional,ORG,47,60
emu.010001355555,114,2,0,four hundred years,DATE,63,81
emu.010001355555,114,3,0,American,NORP,4,12
emu.010001355555,114,4,0,Newell,PERSON,41,47
emu.010001355555,114,5,0,a thousand years,DATE,98,114
emu.010001355555,114,6,0,Twitchell,PERSON,11,20
emu.010001355555,115,1,0,Newell,PERSON,7,13
emu.010001355555,115,1,1,Negro,NORP,87,92
emu.010001355555,115,3,0,our Bureau of Public Utility,ORG,19,47
emu.010001355555,116,0,0,Negro,NORP,211,216
emu.010001355555,116,2,0,Negro,NORP,142,147
emu.010001355555,116,3,0,North,LOC,7,12
emu.010001355555,116,3,1,Negro,NORP,54,59
emu.010001355555,116,3,2,Republicans,NORP,73,84
emu.010001355555,116,3,3,South,LOC,97,102
emu.010001355555,116,3,4,Democrats,NORP,107,116
emu.010001355555,116,3,5,Negro,NORP,197,202
emu.010001355555,116,5,0,American,NORP,124,132
emu.010001355555,117,1,0,Grant,PERSON,19,24
emu.010001355555,117,1,1,Roosevelt,PERSON,110,119
emu.010001355555,117,3,0,Negro,NORP,153,158
emu.010001355555,117,4,0,Baal,PERSON,64,68
emu.010001355555,117,5,0,the Bureau of Statistics,ORG,38,62
emu.010001355555,117,5,1,one hundred years,DATE,92,109
emu.010001355555,117,6,0,1900 A. D. 2004,DATE,66,81
emu.010001355555,117,7,0,"890,000,000",MONEY,1,12
emu.010001355555,117,7,1,"2,670,000,000",MONEY,17,30
emu.010001355555,117,7,2,"8,840,789",CARDINAL,62,71
emu.010001355555,117,8,0,45 per cent,PERCENT,35,46
emu.010001355555,117,8,1,2 per cent,PERCENT,51,61
emu.010001355555,117,9,0,20 per cent,PERCENT,19,30
emu.010001355555,117,9,1,1 per cent,PERCENT,35,45
emu.010001355555,117,10,0,1,CARDINAL,21,22
emu.010001355555,117,10,1,100,CARDINAL,26,29
emu.010001355555,117,10,2,1,CARDINAL,33,34
emu.010001355555,117,10,3,30,CARDINAL,38,40
emu.010001355555,117,11,0,1,CARDINAL,16,17
emu.010001355555,117,11,1,1000,CARDINAL,21,25
emu.010001355555,117,11,2,1,CARDINAL,30,31
emu.010001355555,117,11,3,500,CARDINAL,35,38
emu.010001355555,117,11,4,20,CARDINAL,50,52
emu.010001355555,117,11,5,5,CARDINAL,63,64
emu.010001355555,118,0,0,105 A. D.,DATE,28,37
emu.010001355555,118,0,1,1900 A. D. 2004,DATE,38,53
emu.010001355555,118,1,0,250,CARDINAL,0,3
emu.010001355555,118,1,1,800,CARDINAL,6,9
emu.010001355555,118,2,0,150,CARDINAL,0,3
emu.010001355555,118,2,1,"5,282",CARDINAL,6,11
emu.010001355555,118,2,2,"11,823",CARDINAL,12,18
emu.010001355555,118,2,3,"2,111",CARDINAL,19,24
emu.010001355555,118,2,4,"200,603",CARDINAL,25,32
emu.010001355555,118,2,5,"250,804",CARDINAL,33,40
emu.010001355555,118,2,6,"240,922",CARDINAL,41,48
emu.010001355555,118,4,0,"30,000",CARDINAL,0,6
emu.010001355555,118,4,1,"75,000",CARDINAL,9,15
emu.010001355555,118,5,0,"80,000",CARDINAL,0,6
emu.010001355555,118,6,0,Negroes,NORP,15,22
emu.010001355555,118,6,1,Negro,NORP,141,146
emu.010001355555,119,0,0,106,CARDINAL,0,3
emu.010001355555,119,0,1,Negro,NORP,24,29
emu.010001355555,119,2,0,Negro,NORP,37,42
emu.010001355555,119,2,1,Southern,NORP,106,114
emu.010001355555,120,0,0,VI,CARDINAL,8,10
emu.010001355555,120,0,1,IRENE,PERSON,23,28
emu.010001355555,120,1,0,Davis,PERSON,26,31
emu.010001355555,120,1,1,Phoenix,GPE,78,85
emu.010001355555,120,3,0,the day,DATE,74,81
emu.010001355555,120,4,0,McPherson,PERSON,11,20
emu.010001355555,120,4,1,South,LOC,178,183
emu.010001355555,120,4,2,North,LOC,202,207
emu.010001355555,120,5,0,South,LOC,66,71
emu.010001355555,120,8,0,Negroes,NORP,18,25
emu.010001355555,120,8,1,first,ORDINAL,51,56
emu.010001355555,120,8,2,107,CARDINAL,78,81
emu.010001355555,121,0,0,108,CARDINAL,0,3
emu.010001355555,121,0,1,Negro,NORP,24,29
emu.010001355555,121,4,0,Southern,NORP,35,43
emu.010001355555,121,4,1,the Civil War,EVENT,161,174
emu.010001355555,121,8,0,Yankee,NORP,18,24
emu.010001355555,121,8,1,South,LOC,40,45
emu.010001355555,121,9,0,Chattahoochee,GPE,15,28
emu.010001355555,122,0,0,Irene,PERSON,12,17
emu.010001355555,122,0,1,Ne¬ groes,PERSON,67,76
emu.010001355555,122,1,0,the State Agricultural College for Negroes,ORG,39,81
emu.010001355555,122,1,1,Savannah,GPE,88,96
emu.010001355555,122,2,0,Negro,NORP,60,65
emu.010001355555,122,3,0,Negro,NORP,155,160
emu.010001355555,122,4,0,Negroes,NORP,75,82
emu.010001355555,122,4,1,Negro,NORP,317,322
emu.010001355555,123,5,0,Irene,PERSON,10,15
emu.010001355555,123,7,0,two,CARDINAL,74,77
emu.010001355555,123,8,0,that evening,TIME,20,32
emu.010001355555,123,8,1,Davis,PERSON,63,68
emu.010001355555,124,0,0,VII,CARDINAL,8,11
emu.010001355555,124,0,1,NEWELL,PERSON,16,22
emu.010001355555,124,1,0,Newell,PERSON,27,33
emu.010001355555,124,1,1,one afternoon,TIME,79,92
emu.010001355555,124,2,0,Negro,NORP,70,75
emu.010001355555,124,2,1,Southern,NORP,195,203
emu.010001355555,124,2,2,one Sunday,TIME,294,304
emu.010001355555,124,2,3,Negro,NORP,362,367
emu.010001355555,125,0,0,112 Light Ahead for the Negro,WORK_OF_ART,0,29
emu.010001355555,125,0,1,Southland,LOC,199,208
emu.010001355555,125,1,0,Cecelia,PERSON,0,7
emu.010001355555,125,1,1,the Cecilian Guild,ORG,75,93
emu.010001355555,125,2,0,Davis,PERSON,114,119
emu.010001355555,125,3,0,Negroes,NORP,108,115
emu.010001355555,125,4,0,the Civil War,EVENT,27,40
emu.010001355555,125,5,0,Twenty-five cents,MONEY,0,17
emu.010001355555,125,6,0,Thousands,CARDINAL,0,9
emu.010001355555,125,7,0,day,DATE,10,13
emu.010001355555,125,7,1,Africa,LOC,42,48
emu.010001355555,126,0,0,Newell,PERSON,4,10
emu.010001355555,126,1,0,"500,000",CARDINAL,10,17
emu.010001355555,126,1,1,America,GPE,37,44
emu.010001355555,126,2,0,one,CARDINAL,58,61
emu.010001355555,126,2,1,the Cecilian Guilds,ORG,65,84
emu.010001355555,126,3,0,Southern,NORP,57,65
emu.010001355555,126,8,0,North,PERSON,111,116
emu.010001355555,127,0,0,114,CARDINAL,0,3
emu.010001355555,127,1,0,North,LOC,15,20
emu.010001355555,127,2,0,Two years,DATE,0,9
emu.010001355555,127,2,1,Eva,PERSON,16,19
emu.010001355555,127,2,2,Connecticut,GPE,55,66
emu.010001355555,127,2,3,John Guilford,PERSON,68,81
emu.010001355555,127,4,0,Eva,PERSON,7,10
emu.010001355555,127,4,1,Connecticut,GPE,58,69
emu.010001355555,127,7,0,4,CARDINAL,33,34
emu.010001355555,127,7,1,Eva,PERSON,98,101
emu.010001355555,127,10,0,Zola,PERSON,167,171
emu.010001355555,128,0,0,Newell,PERSON,4,10
emu.010001355555,128,2,0,Eva,PERSON,5,8
emu.010001355555,128,2,1,second,ORDINAL,19,25
emu.010001355555,128,2,2,four years old,DATE,36,50
emu.010001355555,128,3,0,Guilfords,PERSON,33,42
emu.010001355555,128,3,1,Guilford,PERSON,97,105
emu.010001355555,129,0,0,VIII,CARDINAL,8,12
emu.010001355555,129,0,1,IRENE,PERSON,18,23
emu.010001355555,129,0,2,Irene,PERSON,47,52
emu.010001355555,129,0,3,the few weeks,DATE,60,73
emu.010001355555,129,0,4,Newell,PERSON,95,101
emu.010001355555,129,1,0,One evening,TIME,0,11
emu.010001355555,129,1,1,an hour,TIME,139,146
emu.010001355555,129,3,0,the morning,TIME,73,84
emu.010001355555,129,3,1,Newell,PERSON,116,122
emu.010001355555,129,4,0,a few days later,DATE,38,54
emu.010001355555,129,4,1,Philippines,GPE,81,92
emu.010001355555,130,0,0,Irene Again,PERSON,5,16
emu.010001355555,130,4,0,Tom Dixon's Leopard's Spots,WORK_OF_ART,187,214
emu.010001355555,130,5,0,Southern,NORP,119,127
emu.010001355555,130,6,0,Southern,NORP,112,120
emu.010001355555,130,7,0,English,NORP,105,112
emu.010001355555,130,7,1,Atlantic,LOC,174,182
emu.010001355555,131,2,0,Christianity,ORG,170,182
emu.010001355555,131,4,0,South,LOC,87,92
emu.010001355555,131,5,0,Southern,NORP,35,43
emu.010001355555,131,5,1,Southern,NORP,186,194
emu.010001355555,131,6,0,South,LOC,69,74
emu.010001355555,131,7,0,the New South,LOC,31,44
emu.010001355555,132,0,0,Irene Again,PERSON,5,16
emu.010001355555,132,2,0,Irene,PERSON,47,52
emu.010001355555,132,2,1,4,CARDINAL,88,89
emu.010001355555,133,0,0,IX,CARDINAL,8,10
emu.010001355555,133,1,0,the Bureau of Public Util¬ ity,ORG,64,94
emu.010001355555,133,3,0,Negro,NORP,77,82
emu.010001355555,133,3,1,100,MONEY,138,141
emu.010001355555,133,3,2,Northern,NORP,155,163
emu.010001355555,133,4,0,North Carolina,GPE,50,64
emu.010001355555,133,6,0,120,CARDINAL,154,157
emu.010001355555,134,0,0,The Prize Essay 121 THE KIND OF EDUCATION,WORK_OF_ART,0,41
emu.010001355555,134,0,1,Negro,NORP,217,222
emu.010001355555,134,2,0,Negroes,NORP,4,11
emu.010001355555,134,3,0,the last thirty years,DATE,54,75
emu.010001355555,134,3,1,Negroes,NORP,102,109
emu.010001355555,134,4,0,Negroes,NORP,79,86
emu.010001355555,134,4,1,Negro,NORP,190,195
emu.010001355555,134,5,0,Negro,NORP,72,77
emu.010001355555,135,1,0,Negro,NORP,146,151
emu.010001355555,135,3,0,Negro,NORP,21,26
emu.010001355555,135,4,0,Negro,NORP,6,11
emu.010001355555,135,5,0,Venice,GPE,23,29
emu.010001355555,135,7,0,twenty years',DATE,155,168
emu.010001355555,135,9,0,first,ORDINAL,7,12
emu.010001355555,136,0,0,The Prize Essay 123 school,ORG,0,26
emu.010001355555,136,4,0,twenty-one,DATE,27,37
emu.010001355555,137,0,0,124,CARDINAL,0,3
emu.010001355555,137,0,1,Negro,NORP,24,29
emu.010001355555,137,2,0,six hundred,CARDINAL,9,20
emu.010001355555,137,2,1,one,CARDINAL,41,44
emu.010001355555,137,2,2,Virginia,GPE,62,70
emu.010001355555,137,2,3,only 85,CARDINAL,79,86
emu.010001355555,137,3,0,196,CARDINAL,10,13
emu.010001355555,137,5,0,fourteen,CARDINAL,16,24
emu.010001355555,137,8,0,Negro,NORP,22,27
emu.010001355555,137,11,0,five hours,TIME,75,85
emu.010001355555,138,3,0,Negro,NORP,5,10
emu.010001355555,139,0,0,126,CARDINAL,0,3
emu.010001355555,139,0,1,four years,DATE,65,75
emu.010001355555,139,0,2,three years',DATE,82,94
emu.010001355555,139,1,0,three years,DATE,5,16
emu.010001355555,139,2,0,Three years'military,DATE,0,20
emu.010001355555,139,2,1,European,NORP,70,78
emu.010001355555,139,2,2,three years',DATE,165,177
emu.010001355555,139,4,0,South,LOC,102,107
emu.010001355555,139,4,1,hundreds,CARDINAL,209,217
emu.010001355555,140,0,0,The Prize Essay 127,WORK_OF_ART,0,19
emu.010001355555,140,3,0,four years,DATE,14,24
emu.010001355555,140,6,0,first,ORDINAL,173,178
emu.010001355555,141,0,0,first,ORDINAL,153,158
emu.010001355555,141,6,0,one,CARDINAL,13,16
emu.010001355555,141,6,1,thousand,CARDINAL,27,35
emu.010001355555,141,7,0,1,CARDINAL,21,22
emu.010001355555,141,9,0,three years,DATE,53,64
emu.010001355555,142,0,0,The Prize Essay,WORK_OF_ART,0,15
emu.010001355555,142,3,0,thirty years,DATE,135,147
emu.010001355555,142,4,0,South,LOC,15,20
emu.010001355555,142,4,1,Northern,LOC,24,32
emu.010001355555,143,6,0,Southern,NORP,104,112
emu.010001355555,143,6,1,Negro Exposition,EVENT,153,169
emu.010001355555,143,6,2,Negroes,NORP,179,186
emu.010001355555,144,0,0,IRENE f,PERSON,23,30
emu.010001355555,144,1,0,VWO years,DATE,0,9
emu.010001355555,144,1,1,Irene,PERSON,28,33
emu.010001355555,144,1,2,Newell,PERSON,68,74
emu.010001355555,144,1,3,Gilbert Twitchell,PERSON,94,111
emu.010001355555,144,1,4,Philippines,GPE,154,165
emu.010001355555,144,3,0,Kennesaw Malvern,PERSON,19,35
emu.010001355555,144,4,0,U. S.,GPE,57,62
emu.010001355555,144,4,1,Philippines,GPE,86,97
emu.010001355555,144,5,0,Irene,PERSON,0,5
emu.010001355555,144,6,0,Gilbert Twitchell,PERSON,8,25
emu.010001355555,144,7,0,first,ORDINAL,7,12
emu.010001355555,144,7,1,Gilbert,PERSON,35,42
emu.010001355555,145,8,0,Irene,PERSON,31,36
emu.010001355555,145,8,1,Irene,PERSON,87,92
emu.010001355555,145,8,2,Gilbert,PERSON,138,145
emu.010001355555,145,8,3,the year 2007,DATE,155,168
emu.010001355555,145,8,4,Philippines,GPE,235,246
