vol_id,page,sentence_id,ent_id,entity,entity_type,start_char,end_char
hvd.32044010288199,1,0,0,3 2044,CARDINAL,1,7
hvd.32044010288199,2,0,0,Tharvard College,ORG,44,60
hvd.32044010288199,3,0,0,Cauga,GPE,39,44
hvd.32044010288199,3,0,1,"prie 18,rgos",DATE,50,62
hvd.32044010288199,4,0,0,1,CARDINAL,0,1
hvd.32044010288199,6,0,0,1,CARDINAL,2,3
hvd.32044010288199,7,0,0,E. A JOHNSON,PERSON,29,41
hvd.32044010288199,7,0,1,The School History of the Negro Race Colored Soldiers in the Spanish American War The Negro Almanac,WORK_OF_ART,52,151
hvd.32044010288199,7,1,0,THE GRAFTON PRESS,ORG,30,47
hvd.32044010288199,7,2,0,NEW YORK,GPE,0,8
hvd.32044010288199,8,0,0,FEB 27 1922,DATE,31,42
hvd.32044010288199,8,0,1,1904,DATE,89,93
hvd.32044010288199,8,0,2,E. A. JOHNSON,PERSON,97,110
hvd.32044010288199,9,0,0,PREFACE T,PERSON,0,9
hvd.32044010288199,9,0,1,thousands,CARDINAL,48,57
hvd.32044010288199,9,0,2,Negro,NORP,105,110
hvd.32044010288199,9,1,0,Negro,NORP,29,34
hvd.32044010288199,9,2,0,the Golden Rule,LAW,17,32
hvd.32044010288199,9,4,0,two,CARDINAL,10,13
hvd.32044010288199,9,4,1,one,CARDINAL,69,72
hvd.32044010288199,9,4,2,Negro,NORP,114,119
hvd.32044010288199,10,1,0,America,GPE,240,247
hvd.32044010288199,10,2,0,E. A. JOHNSON.,PERSON,0,14
hvd.32044010288199,11,1,0,ONE HUNDRED YEARS LATER,DATE,55,78
hvd.32044010288199,11,2,0,THE PUBLIC LIBRARY WITH IRENE,FAC,8,37
hvd.32044010288199,11,2,1,13 21,DATE,39,44
hvd.32044010288199,11,5,0,99 107,CARDINAL,69,75
hvd.32044010288199,11,6,0,NEWELL,PERSON,9,15
hvd.32044010288199,11,7,0,IRENE,PERSON,5,10
hvd.32044010288199,11,11,0,IRENE,GPE,13,18
hvd.32044010288199,13,1,0,Negroes,NORP,109,116
hvd.32044010288199,13,1,1,Southern,NORP,124,132
hvd.32044010288199,13,2,0,South,LOC,108,113
hvd.32044010288199,13,3,0,Negroes,NORP,75,82
hvd.32044010288199,13,4,0,Yale,ORG,52,56
hvd.32044010288199,13,4,1,South,LOC,118,123
hvd.32044010288199,14,0,0,2,CARDINAL,0,1
hvd.32044010288199,14,2,0,the Union Missionary Association,ORG,50,82
hvd.32044010288199,14,2,1,Georgia,GPE,152,159
hvd.32044010288199,14,3,0,"June, 1906",DATE,7,17
hvd.32044010288199,14,3,1,the year,DATE,19,27
hvd.32044010288199,14,4,0,one hundred and one hundred and fifty,CARDINAL,185,222
hvd.32044010288199,15,0,0,The Lost Airship—Unconsciousness 3,PRODUCT,0,34
hvd.32044010288199,15,2,0,Parisian,NORP,50,58
hvd.32044010288199,15,2,1,American,NORP,69,77
hvd.32044010288199,15,3,0,Saturday,DATE,88,96
hvd.32044010288199,15,3,1,Sunday,DATE,100,106
hvd.32044010288199,15,3,2,the City of Mexico,GPE,110,128
hvd.32044010288199,15,4,0,West Fifty-ninth Street,FAC,62,85
hvd.32044010288199,15,4,1,New York City,GPE,87,100
hvd.32044010288199,15,4,2,about one o'clock,TIME,140,157
hvd.32044010288199,15,4,3,the United States,GPE,242,259
hvd.32044010288199,16,10,0,about six hundred miles,QUANTITY,41,64
hvd.32044010288199,17,0,0,one,CARDINAL,70,73
hvd.32044010288199,17,4,0,every moment,TIME,97,109
hvd.32044010288199,17,5,0,one,CARDINAL,20,23
hvd.32044010288199,18,0,0,II,CARDINAL,8,10
hvd.32044010288199,18,0,1,ONE HUNDRED YEARS LATER O 9 NE day,DATE,26,60
hvd.32044010288199,18,0,2,one,CARDINAL,155,158
hvd.32044010288199,18,0,3,Newell,PERSON,163,169
hvd.32044010288199,18,0,4,Phoenix,GPE,174,181
hvd.32044010288199,18,0,5,Georgia,GPE,183,190
hvd.32044010288199,19,0,0,One Hundred Years Later 7 room,CARDINAL,0,30
hvd.32044010288199,20,1,0,first,ORDINAL,158,163
hvd.32044010288199,20,1,1,second,ORDINAL,204,210
hvd.32044010288199,20,9,0,Gilbert Twitchell,PERSON,78,95
hvd.32044010288199,20,9,1,a Missionary School,ORG,143,162
hvd.32044010288199,20,9,2,Ebenezer,GPE,178,186
hvd.32044010288199,20,9,3,Georgia,GPE,188,195
hvd.32044010288199,20,9,4,the year 1906,DATE,200,213
hvd.32044010288199,21,0,0,One Hundred Years Later,DATE,0,23
hvd.32044010288199,21,0,1,9,CARDINAL,24,25
hvd.32044010288199,21,2,0,Twitchell,PERSON,105,114
hvd.32044010288199,21,2,1,1906,DATE,137,141
hvd.32044010288199,21,8,0,one,CARDINAL,13,16
hvd.32044010288199,22,11,0,five minutes,TIME,9,21
hvd.32044010288199,22,11,1,only two,CARDINAL,145,153
hvd.32044010288199,22,11,2,only one,CARDINAL,186,194
hvd.32044010288199,22,12,0,the day of the month,DATE,28,48
hvd.32044010288199,22,12,1,the twenty-fourth,DATE,50,67
hvd.32044010288199,23,0,0,One Hundred Years Later,DATE,0,23
hvd.32044010288199,23,0,1,the year,DATE,72,80
hvd.32044010288199,23,4,0,the year two thousand and six,DATE,7,36
hvd.32044010288199,23,4,1,just one hundred years,DATE,38,60
hvd.32044010288199,23,4,2,South,LOC,129,134
hvd.32044010288199,23,7,0,about one hundred years,DATE,89,112
hvd.32044010288199,23,7,1,a hundred years,DATE,201,216
hvd.32044010288199,24,0,0,1,CARDINAL,0,1
hvd.32044010288199,27,0,0,E. A JOHNSON,PERSON,29,41
hvd.32044010288199,27,0,1,The School History of the Negro Race Colored Soldiers in the Spanish American War The Negro Almanac,WORK_OF_ART,52,151
hvd.32044010288199,27,1,0,NEW YORK,GPE,38,46
hvd.32044010288199,28,0,0,4.1.1,CARDINAL,40,45
hvd.32044010288199,28,0,1,Lambidge,PERSON,51,59
hvd.32044010288199,28,0,2,1904,DATE,70,74
hvd.32044010288199,28,0,3,E. A. JOHNSON,PERSON,78,91
hvd.32044010288199,29,0,0,PREFACE TH VHE,PERSON,0,14
hvd.32044010288199,29,0,1,thousands,CARDINAL,49,58
hvd.32044010288199,29,0,2,Negro,NORP,106,111
hvd.32044010288199,29,1,0,Negro,NORP,29,34
hvd.32044010288199,29,2,0,the Golden Rule,LAW,17,32
hvd.32044010288199,29,4,0,two,CARDINAL,10,13
hvd.32044010288199,29,4,1,one,CARDINAL,69,72
hvd.32044010288199,29,4,2,Negro,NORP,114,119
hvd.32044010288199,30,1,0,America,GPE,240,247
hvd.32044010288199,30,2,0,E. A. JOHNSON.,PERSON,0,14
hvd.32044010288199,31,0,0,II.,CARDINAL,61,64
hvd.32044010288199,31,0,1,ONE HUNDRED YEARS LATER,DATE,80,103
hvd.32044010288199,31,1,0,IRENE,PERSON,32,37
hvd.32044010288199,31,4,0,IRENE,PERSON,48,53
hvd.32044010288199,31,5,0,NEWELL,PERSON,9,15
hvd.32044010288199,31,6,0,IRENE,PERSON,11,16
hvd.32044010288199,31,7,0,IRENE,PERSON,13,18
hvd.32044010288199,33,1,0,Negroes,NORP,108,115
hvd.32044010288199,33,1,1,Southern,NORP,123,131
hvd.32044010288199,33,2,0,South,LOC,108,113
hvd.32044010288199,33,3,0,Negroes,NORP,75,82
hvd.32044010288199,33,4,0,Yale,ORG,52,56
hvd.32044010288199,33,4,1,South,LOC,118,123
hvd.32044010288199,34,0,0,2,CARDINAL,0,1
hvd.32044010288199,34,2,0,the Union Missionary Association,ORG,50,82
hvd.32044010288199,34,2,1,Georgia,GPE,152,159
hvd.32044010288199,34,3,0,"June, 1906",DATE,7,17
hvd.32044010288199,34,3,1,the year,DATE,19,27
hvd.32044010288199,34,4,0,one hundred and one hundred and fifty,CARDINAL,187,224
hvd.32044010288199,35,0,0,The Lost Airship—Unconsciousness 3,PRODUCT,0,34
hvd.32044010288199,35,2,0,Parisian,NORP,50,58
hvd.32044010288199,35,2,1,American,NORP,69,77
hvd.32044010288199,35,3,0,Saturday,DATE,86,94
hvd.32044010288199,35,3,1,Sunday,DATE,98,104
hvd.32044010288199,35,3,2,the City of Mexico,GPE,108,126
hvd.32044010288199,35,4,0,West Fifty-ninth Street,FAC,62,85
hvd.32044010288199,35,4,1,New York City,GPE,87,100
hvd.32044010288199,35,4,2,about one o'clock,TIME,140,157
hvd.32044010288199,35,4,3,the United States,GPE,242,259
hvd.32044010288199,36,10,0,about six hundred miles,QUANTITY,41,64
hvd.32044010288199,37,0,0,one,CARDINAL,70,73
hvd.32044010288199,37,4,0,every moment,TIME,97,109
hvd.32044010288199,37,5,0,one,CARDINAL,20,23
hvd.32044010288199,38,0,0,II,CARDINAL,8,10
hvd.32044010288199,38,0,1,ONE HUNDRED YEARS LATER O NE day,DATE,26,58
hvd.32044010288199,38,0,2,one,CARDINAL,153,156
hvd.32044010288199,38,0,3,Newell,PERSON,161,167
hvd.32044010288199,38,0,4,Phoenix,GPE,172,179
hvd.32044010288199,38,0,5,Georgia,GPE,181,188
hvd.32044010288199,38,3,0,6,CARDINAL,37,38
hvd.32044010288199,39,0,0,One Hundred Years Later,DATE,0,23
hvd.32044010288199,40,1,0,first,ORDINAL,157,162
hvd.32044010288199,40,1,1,second,ORDINAL,203,209
hvd.32044010288199,40,9,0,Gilbert Twitchell,PERSON,78,95
hvd.32044010288199,40,9,1,a Missionary School,ORG,143,162
hvd.32044010288199,40,9,2,Ebenezer,GPE,178,186
hvd.32044010288199,40,9,3,Georgia,GPE,188,195
hvd.32044010288199,40,9,4,the year 1906,DATE,200,213
hvd.32044010288199,41,0,0,One Hundred Years Later,DATE,0,23
hvd.32044010288199,41,0,1,9,CARDINAL,24,25
hvd.32044010288199,41,2,0,Twitchell,PERSON,105,114
hvd.32044010288199,41,2,1,1906,DATE,137,141
hvd.32044010288199,41,8,0,one,CARDINAL,13,16
hvd.32044010288199,42,12,0,five minutes,TIME,9,21
hvd.32044010288199,42,12,1,only one,CARDINAL,186,194
hvd.32044010288199,42,13,0,the day of the month,DATE,28,48
hvd.32044010288199,42,13,1,the twenty-fourth,DATE,50,67
hvd.32044010288199,43,0,0,One Hundred Years Later,DATE,0,23
hvd.32044010288199,43,0,1,the year,DATE,72,80
hvd.32044010288199,43,4,0,the year two thousand and six,DATE,7,36
hvd.32044010288199,43,4,1,just one hundred years,DATE,38,60
hvd.32044010288199,43,4,2,South,LOC,129,134
hvd.32044010288199,43,7,0,about one hundred years,DATE,89,112
hvd.32044010288199,43,7,1,a hundred years,DATE,201,216
hvd.32044010288199,45,0,0,III,CARDINAL,8,11
hvd.32044010288199,45,0,1,THE PUBLIC LIBRARY,FAC,15,33
hvd.32044010288199,45,0,2,IRENE T,PERSON,39,46
hvd.32044010288199,45,2,0,Newell,PERSON,41,47
hvd.32044010288199,45,2,1,the first few days,DATE,93,111
hvd.32044010288199,45,3,0,Newell,PERSON,17,23
hvd.32044010288199,45,3,1,the night of the day,TIME,37,57
hvd.32044010288199,45,5,0,Irene Davis,PERSON,41,52
hvd.32044010288199,45,6,0,13,CARDINAL,92,94
hvd.32044010288199,46,0,0,Negro,NORP,153,158
hvd.32044010288199,46,1,0,Newell,PERSON,15,21
hvd.32044010288199,46,1,1,Negro,NORP,101,106
hvd.32044010288199,46,1,2,first,ORDINAL,137,142
hvd.32044010288199,46,2,0,the City Hospital,ORG,61,78
hvd.32044010288199,47,0,0,the Public Library,ORG,3,21
hvd.32044010288199,47,0,1,Irene,PERSON,27,32
hvd.32044010288199,47,0,2,the Bureau of Public Utility,ORG,176,204
hvd.32044010288199,47,2,0,Southerners,NORP,6,17
hvd.32044010288199,47,3,0,Sunday School,ORG,20,33
hvd.32044010288199,47,3,1,a Young Ladies Guild,ORG,69,89
hvd.32044010288199,47,3,2,Negro,NORP,133,138
hvd.32044010288199,47,6,0,Twitchell,PERSON,38,47
hvd.32044010288199,47,7,0,the Dvorak Conservatory,ORG,116,139
hvd.32044010288199,48,3,0,Davis,PERSON,22,27
hvd.32044010288199,48,3,1,Negro,NORP,85,90
hvd.32044010288199,49,0,0,the Public Library,ORG,3,21
hvd.32044010288199,49,0,1,Irene,PERSON,27,32
hvd.32044010288199,49,0,2,17,CARDINAL,33,35
hvd.32044010288199,49,2,0,Guild,ORG,129,134
hvd.32044010288199,49,5,0,Negro,NORP,32,37
hvd.32044010288199,49,6,0,Negroes,NORP,4,11
hvd.32044010288199,49,6,1,Negro,NORP,27,32
hvd.32044010288199,49,7,0,Negroes,NORP,270,277
hvd.32044010288199,50,0,0,18 Light Ahead for the Negro,WORK_OF_ART,0,28
hvd.32044010288199,50,2,0,South,LOC,37,42
hvd.32044010288199,50,4,0,Georgians,NORP,6,15
hvd.32044010288199,50,4,1,my day,DATE,35,41
hvd.32044010288199,50,5,0,Southern,NORP,6,14
hvd.32044010288199,50,5,1,Oglethorpe,PERSON,42,52
hvd.32044010288199,50,6,0,Oglethorpe,PERSON,0,10
hvd.32044010288199,50,6,1,the Colony of Georgia,GPE,61,82
hvd.32044010288199,50,6,2,Indians,NORP,134,141
hvd.32044010288199,50,6,3,Whitfield,PERSON,149,158
hvd.32044010288199,50,6,4,Georgian,NORP,194,202
hvd.32044010288199,50,6,5,my day,DATE,206,212
hvd.32044010288199,50,6,6,Oglethorpe,PERSON,259,269
hvd.32044010288199,50,7,0,Negroes,NORP,32,39
hvd.32044010288199,50,7,1,Oglethorpe,PERSON,113,123
hvd.32044010288199,50,8,0,Davis,PERSON,20,25
hvd.32044010288199,51,0,0,the Public Library,ORG,3,21
hvd.32044010288199,51,0,1,Irene 19,PERSON,27,35
hvd.32044010288199,51,0,2,Negroes,NORP,55,62
hvd.32044010288199,51,4,0,1906,DATE,40,44
hvd.32044010288199,51,4,1,Negroes,NORP,106,113
hvd.32044010288199,51,11,0,Negroes,PERSON,39,46
hvd.32044010288199,52,0,0,20 Light Ahead for the Negro in the South,WORK_OF_ART,0,41
hvd.32044010288199,53,0,0,IV,CARDINAL,8,10
hvd.32044010288199,53,0,1,the “ Chief of the Bureau of Public Utility,PERSON,144,187
hvd.32044010288199,53,0,2,Newell,PERSON,264,270
hvd.32044010288199,53,1,0,Newell,PERSON,68,74
hvd.32044010288199,53,1,1,one hundred years ago,DATE,141,162
hvd.32044010288199,53,2,0,One,CARDINAL,0,3
hvd.32044010288199,53,2,1,Negroes,NORP,81,88
hvd.32044010288199,53,3,0,Another Coon Caught,WORK_OF_ART,21,40
hvd.32044010288199,53,3,1,The Burly Black Brute Foiled,WORK_OF_ART,43,71
hvd.32044010288199,53,3,2,A Ham Colored Nigger in the Hen House,WORK_OF_ART,75,112
hvd.32044010288199,53,3,3,This Coon Wants to be,WORK_OF_ART,118,139
hvd.32044010288199,53,3,4,6 6 21,CARDINAL,140,146
hvd.32044010288199,54,0,0,22,CARDINAL,0,2
hvd.32044010288199,54,0,1,6,CARDINAL,29,30
hvd.32044010288199,54,1,0,the old days,DATE,3,15
hvd.32044010288199,54,1,1,Negro,NORP,35,40
hvd.32044010288199,54,1,2,Jim,PERSON,199,202
hvd.32044010288199,54,1,3,Tom,PERSON,208,211
hvd.32044010288199,54,2,0,three,CARDINAL,15,20
hvd.32044010288199,54,2,1,two,CARDINAL,35,38
hvd.32044010288199,54,2,2,Negroes,NORP,39,46
hvd.32044010288199,54,3,0,Negro,NORP,51,56
hvd.32044010288199,54,3,1,morning,TIME,67,74
hvd.32044010288199,54,3,2,daily,DATE,92,97
hvd.32044010288199,54,3,3,daily,DATE,156,161
hvd.32044010288199,54,3,4,daily,DATE,346,351
hvd.32044010288199,54,3,5,weekly,DATE,356,362
hvd.32044010288199,54,3,6,Negroes,NORP,405,412
hvd.32044010288199,54,4,0,America,GPE,75,82
hvd.32044010288199,54,7,0,the News Distributing Bureau,ORG,25,53
hvd.32044010288199,55,0,0,Negro,NORP,199,204
hvd.32044010288199,55,0,1,thousands,CARDINAL,233,242
hvd.32044010288199,55,1,0,Lincoln,PERSON,6,13
hvd.32044010288199,55,1,1,Negro,NORP,75,80
hvd.32044010288199,55,2,0,North,LOC,110,115
hvd.32044010288199,55,2,1,South,LOC,120,125
hvd.32044010288199,55,2,2,Negro,NORP,172,177
hvd.32044010288199,55,3,0,Negro,NORP,4,9
hvd.32044010288199,55,3,1,two,CARDINAL,284,287
hvd.32044010288199,55,4,0,Negroes,NORP,42,49
hvd.32044010288199,55,5,0,South,LOC,4,9
hvd.32044010288199,55,5,1,Negro,NORP,36,41
hvd.32044010288199,55,5,2,Negro,NORP,60,65
hvd.32044010288199,56,1,0,South,LOC,76,81
hvd.32044010288199,56,1,1,Negro,NORP,135,140
hvd.32044010288199,56,1,2,Negro,NORP,180,185
hvd.32044010288199,56,3,0,Negro,NORP,90,95
hvd.32044010288199,56,4,0,Delaware,GPE,27,35
hvd.32044010288199,56,4,1,Texas,GPE,39,44
hvd.32044010288199,56,4,2,thousands,CARDINAL,54,63
hvd.32044010288199,56,4,3,Negroes,NORP,67,74
hvd.32044010288199,56,4,4,Northern,NORP,182,190
hvd.32044010288199,56,7,0,First,ORDINAL,137,142
hvd.32044010288199,57,0,0,25,CARDINAL,13,15
hvd.32044010288199,57,1,0,Second,ORDINAL,2,8
hvd.32044010288199,57,1,1,one,CARDINAL,207,210
hvd.32044010288199,57,1,2,Negroes,NORP,256,263
hvd.32044010288199,57,1,3,Negroes,NORP,279,286
hvd.32044010288199,57,3,0,the News Bureau,ORG,14,29
hvd.32044010288199,57,3,1,Southern,NORP,110,118
hvd.32044010288199,57,3,2,Northern,NORP,153,161
hvd.32044010288199,57,3,3,Negro,NORP,252,257
hvd.32044010288199,57,3,4,6,CARDINAL,565,566
hvd.32044010288199,57,3,5,6,CARDINAL,567,568
hvd.32044010288199,57,3,6,6,CARDINAL,571,572
hvd.32044010288199,58,0,0,Southern,NORP,34,42
hvd.32044010288199,58,0,1,South,LOC,202,207
hvd.32044010288199,58,0,2,Negro,NORP,235,240
hvd.32044010288199,58,0,3,Southern,NORP,306,314
hvd.32044010288199,58,0,4,Negro,NORP,428,433
hvd.32044010288199,58,0,5,Southern,NORP,543,551
hvd.32044010288199,58,0,6,Negro,NORP,631,636
hvd.32044010288199,58,3,0,Negro,NORP,50,55
hvd.32044010288199,58,3,1,American,NORP,215,223
hvd.32044010288199,58,3,2,Irish,NORP,270,275
hvd.32044010288199,58,3,3,German,NORP,287,293
hvd.32044010288199,58,3,4,Italians,NORP,305,313
hvd.32044010288199,58,3,5,Jews,NORP,315,319
hvd.32044010288199,58,3,6,Poles,NORP,325,330
hvd.32044010288199,59,0,0,27,CARDINAL,13,15
hvd.32044010288199,59,2,0,every day,DATE,242,251
hvd.32044010288199,59,6,0,first,ORDINAL,18,23
hvd.32044010288199,59,6,1,Negro,NORP,47,52
hvd.32044010288199,59,6,2,Charleston,GPE,212,222
hvd.32044010288199,59,6,3,S. C.,GPE,224,229
hvd.32044010288199,59,6,4,the Atlanta Journal,ORG,234,253
hvd.32044010288199,59,6,5,Colleton county,GPE,278,293
hvd.32044010288199,59,6,6,Jones,PERSON,318,323
hvd.32044010288199,59,6,7,the Atlantic Coast Line Road,FAC,328,356
hvd.32044010288199,59,6,8,Ravenel,GPE,406,413
hvd.32044010288199,59,6,9,S.C.,GPE,415,419
hvd.32044010288199,59,6,10,fourteen miles,QUANTITY,421,435
hvd.32044010288199,59,6,11,Charleston,GPE,441,451
hvd.32044010288199,59,6,12,"May, 1902",DATE,456,465
hvd.32044010288199,59,6,13,three,CARDINAL,483,488
hvd.32044010288199,59,7,0,Negroes,NORP,35,42
hvd.32044010288199,59,7,1,Negroes,NORP,129,136
hvd.32044010288199,59,10,0,Raleigh,GPE,1,8
hvd.32044010288199,59,10,1,N. C.,GPE,10,15
hvd.32044010288199,59,10,2,Morning Post,ORG,17,29
hvd.32044010288199,60,0,0,28 Light Ahead for the Negro,WORK_OF_ART,0,28
hvd.32044010288199,60,2,0,America,GPE,20,27
hvd.32044010288199,60,3,0,30 per cent,PERCENT,5,16
hvd.32044010288199,60,3,1,Negro,NORP,24,29
hvd.32044010288199,60,3,2,the News Distributing Bureau,ORG,140,168
hvd.32044010288199,60,3,3,Northern,NORP,243,251
hvd.32044010288199,60,3,4,Negro,NORP,402,407
hvd.32044010288199,60,4,0,Negro,NORP,6,11
hvd.32044010288199,60,4,1,Southern,NORP,35,43
hvd.32044010288199,60,4,2,Yankee,NORP,83,89
hvd.32044010288199,60,4,3,Southern,NORP,115,123
hvd.32044010288199,60,6,0,Negro,NORP,63,68
hvd.32044010288199,60,6,1,North,LOC,192,197
hvd.32044010288199,60,6,2,South,LOC,206,211
hvd.32044010288199,61,0,0,29,CARDINAL,13,15
hvd.32044010288199,61,0,1,Negro,NORP,91,96
hvd.32044010288199,61,1,0,One,CARDINAL,0,3
hvd.32044010288199,61,1,1,Thomas Dixon,PERSON,4,16
hvd.32044010288199,61,1,2,Herod Herod,PERSON,30,41
hvd.32044010288199,61,1,3,Negro,NORP,80,85
hvd.32044010288199,61,2,0,John Temple Graves,PERSON,23,41
hvd.32044010288199,61,3,0,Noah W. Cooper,PERSON,38,52
hvd.32044010288199,61,3,1,Nashville,GPE,56,65
hvd.32044010288199,61,3,2,one,CARDINAL,77,80
hvd.32044010288199,61,3,3,Graves,PERSON,88,94
hvd.32044010288199,61,3,4,John Temple Graves',PERSON,108,127
hvd.32044010288199,61,3,5,Chicago,GPE,139,146
hvd.32044010288199,61,5,0,Graves,PERSON,8,14
hvd.32044010288199,61,5,1,South,LOC,272,277
hvd.32044010288199,61,6,0,"12,000,000 bales",QUANTITY,35,51
hvd.32044010288199,61,11,0,thousands,CARDINAL,77,86
hvd.32044010288199,61,15,0,Southern,NORP,40,48
hvd.32044010288199,62,0,0,30,CARDINAL,0,2
hvd.32044010288199,62,0,1,Booker Washington,PERSON,132,149
hvd.32044010288199,62,0,2,Graves,PERSON,191,197
hvd.32044010288199,62,0,3,Dutch,NORP,221,226
hvd.32044010288199,62,0,4,Poles,NORP,231,236
hvd.32044010288199,62,0,5,Hungarians,NORP,242,252
hvd.32044010288199,62,0,6,Swedes,NORP,254,260
hvd.32044010288199,62,2,0,South,LOC,5,10
hvd.32044010288199,62,5,0,Graves,PERSON,5,11
hvd.32044010288199,62,6,0,America,GPE,175,182
hvd.32044010288199,62,6,1,Russia,GPE,200,206
hvd.32044010288199,62,7,0,Graves,PERSON,4,10
hvd.32044010288199,62,8,0,Graves,PERSON,31,37
hvd.32044010288199,62,9,0,Bible,WORK_OF_ART,34,39
hvd.32044010288199,62,9,1,Jews,NORP,60,64
hvd.32044010288199,62,9,2,400 years,DATE,73,82
hvd.32044010288199,62,9,3,Egyptians,NORP,93,102
hvd.32044010288199,62,9,4,over 500 years,DATE,109,123
hvd.32044010288199,62,9,5,Canaanites,NORP,158,168
hvd.32044010288199,62,9,6,nearly 100 years,DATE,188,204
hvd.32044010288199,62,9,7,Babylon,GPE,208,215
hvd.32044010288199,62,9,8,Romans,NORP,232,238
hvd.32044010288199,62,9,9,Romans,NORP,257,263
hvd.32044010288199,62,9,10,Jews,NORP,290,294
hvd.32044010288199,62,10,0,Graves,PERSON,10,16
hvd.32044010288199,62,10,1,thirteen,CARDINAL,75,83
hvd.32044010288199,62,10,2,the Declaration of Independence,WORK_OF_ART,126,157
hvd.32044010288199,62,10,3,George Washington,PERSON,173,190
hvd.32044010288199,62,10,4,Thomas Jefferson,PERSON,195,211
hvd.32044010288199,62,12,0,English,NORP,0,7
hvd.32044010288199,62,12,1,Dutch,NORP,9,14
hvd.32044010288199,62,12,2,Swedes,NORP,16,22
hvd.32044010288199,62,12,3,Quakers,NORP,24,31
hvd.32044010288199,62,12,4,Puritans,NORP,33,41
hvd.32044010288199,62,12,5,Catholics,NORP,43,52
hvd.32044010288199,62,12,6,French Huguenots,NORP,54,70
hvd.32044010288199,62,12,7,Buckra,PERSON,134,140
hvd.32044010288199,63,0,0,31,CARDINAL,13,15
hvd.32044010288199,63,0,1,one,CARDINAL,241,244
hvd.32044010288199,63,1,0,Graves,PERSON,11,17
hvd.32044010288199,63,1,1,Chinese,NORP,77,84
hvd.32044010288199,63,2,0,Graves,PERSON,4,10
hvd.32044010288199,63,2,1,one,CARDINAL,61,64
hvd.32044010288199,63,3,0,Filipino,NORP,36,44
hvd.32044010288199,63,5,0,Paul,PERSON,8,12
hvd.32044010288199,63,5,1,Jew,NORP,16,19
hvd.32044010288199,63,5,2,Gentiles,NORP,47,55
hvd.32044010288199,63,6,0,the New Testament,WORK_OF_ART,37,54
hvd.32044010288199,63,6,1,Gentile,NORP,87,94
hvd.32044010288199,63,6,2,Rome,GPE,105,109
hvd.32044010288199,63,7,0,Christ,PERSON,8,14
hvd.32044010288199,63,7,1,Jew,NORP,51,54
hvd.32044010288199,63,7,2,Jacob,PERSON,59,64
hvd.32044010288199,63,7,3,Samaritan,NORP,118,127
hvd.32044010288199,63,12,0,Graves,PERSON,8,14
hvd.32044010288199,63,12,1,Chinese,NORP,47,54
hvd.32044010288199,63,14,0,Graves,PERSON,4,10
hvd.32044010288199,63,14,1,Christianity,ORG,49,61
hvd.32044010288199,63,15,0,Graves,PERSON,32,38
hvd.32044010288199,64,0,0,Negro,NORP,123,128
hvd.32044010288199,64,2,0,Graves,PERSON,28,34
hvd.32044010288199,64,3,0,the District of Columbia,GPE,151,175
hvd.32044010288199,64,3,1,Ohio,GPE,202,206
hvd.32044010288199,64,5,0,Graves,PERSON,8,14
hvd.32044010288199,64,5,1,Christ,PERSON,85,91
hvd.32044010288199,64,7,0,Levite,NORP,4,10
hvd.32044010288199,64,7,1,Graves,PERSON,107,113
hvd.32044010288199,64,7,2,Samaritan,NORP,250,259
hvd.32044010288199,64,7,3,Jew,NORP,308,311
hvd.32044010288199,64,8,0,Levite,NORP,9,15
hvd.32044010288199,64,8,1,Graves,PERSON,28,34
hvd.32044010288199,64,8,2,Southerner,NORP,42,52
hvd.32044010288199,64,9,0,Negro,NORP,12,17
hvd.32044010288199,64,10,0,Jew,NORP,31,34
hvd.32044010288199,64,10,1,Levite,NORP,42,48
hvd.32044010288199,64,10,2,Levite,NORP,74,80
hvd.32044010288199,64,11,0,Levite,NORP,10,16
hvd.32044010288199,64,13,0,Graves,PERSON,21,27
hvd.32044010288199,65,0,0,Christianity,NORP,160,172
hvd.32044010288199,65,1,0,Turner,PERSON,9,15
hvd.32044010288199,65,1,1,the African Methodist-Episcopal Church,ORG,34,72
hvd.32044010288199,65,1,2,Negro,NORP,114,119
hvd.32044010288199,65,1,3,Africa,LOC,155,161
hvd.32044010288199,65,1,4,Jews,NORP,426,430
hvd.32044010288199,65,1,5,Egypt,GPE,444,449
hvd.32044010288199,65,1,6,William the Conqueror,PERSON,456,477
hvd.32044010288199,65,1,7,Britons,NORP,519,526
hvd.32044010288199,65,1,8,two,CARDINAL,618,621
hvd.32044010288199,65,2,0,One,CARDINAL,2,5
hvd.32044010288199,65,2,1,Bassett,PERSON,16,23
hvd.32044010288199,65,2,2,Southern,NORP,44,52
hvd.32044010288199,65,3,0,Bassett,PERSON,43,50
hvd.32044010288199,65,3,1,Booker Washington,PERSON,69,86
hvd.32044010288199,65,4,0,one,CARDINAL,39,42
hvd.32044010288199,65,4,1,Graves,PERSON,53,59
hvd.32044010288199,66,0,0,Robert E. Lee,PERSON,53,66
hvd.32044010288199,66,0,1,South,LOC,77,82
hvd.32044010288199,66,0,2,a hundred years,DATE,99,114
hvd.32044010288199,66,1,0,Negro,NORP,127,132
hvd.32044010288199,66,1,1,Negroes,NORP,241,248
hvd.32044010288199,66,3,0,Othello,PERSON,0,7
hvd.32044010288199,66,4,0,Negro,NORP,34,39
hvd.32044010288199,66,4,1,Negro,NORP,106,111
hvd.32044010288199,66,4,2,Negro,NORP,186,191
hvd.32044010288199,66,9,0,One,CARDINAL,0,3
hvd.32044010288199,66,9,1,Benjamin Tillman,PERSON,4,20
hvd.32044010288199,66,9,2,the United States Senate,ORG,45,69
hvd.32044010288199,67,1,0,Negroes,NORP,35,42
hvd.32044010288199,67,1,1,Negroes,NORP,294,301
hvd.32044010288199,67,2,0,Southern,NORP,4,12
hvd.32044010288199,67,2,1,Negro,NORP,141,146
hvd.32044010288199,67,4,0,Negroes,NORP,5,12
hvd.32044010288199,67,4,1,Turner,PERSON,34,40
hvd.32044010288199,67,4,2,John Temple Graves,PERSON,45,63
hvd.32044010288199,67,4,3,the United States,GPE,147,164
hvd.32044010288199,67,5,0,66,CARDINAL,162,164
hvd.32044010288199,68,0,0,Negro,NORP,23,28
hvd.32044010288199,68,0,1,South,LOC,109,114
hvd.32044010288199,68,1,0,Yankees,NORP,37,44
hvd.32044010288199,68,1,1,Southerner,NORP,74,84
hvd.32044010288199,68,1,2,Southern,NORP,90,98
hvd.32044010288199,68,1,3,North,LOC,185,190
hvd.32044010288199,68,1,4,Negro,NORP,301,306
hvd.32044010288199,68,1,5,South,LOC,330,335
hvd.32044010288199,68,1,6,Negro,NORP,368,373
hvd.32044010288199,68,1,7,North,LOC,419,424
hvd.32044010288199,68,1,8,Negroes,NORP,469,476
hvd.32044010288199,68,2,0,two,CARDINAL,5,8
hvd.32044010288199,68,2,1,Southern,NORP,57,65
hvd.32044010288199,68,2,2,North,LOC,98,103
hvd.32044010288199,68,2,3,Negro,NORP,118,123
hvd.32044010288199,68,2,4,South,LOC,129,134
hvd.32044010288199,68,4,0,OHIO,GPE,29,33
hvd.32044010288199,68,5,0,HALF AN HOUR,TIME,81,93
hvd.32044010288199,68,6,0,the Associated Press,ORG,4,24
hvd.32044010288199,68,7,0,Springfield,GPE,0,11
hvd.32044010288199,68,7,1,Ohio,GPE,13,17
hvd.32044010288199,68,7,2,"March 7,",DATE,19,27
hvd.32044010288199,68,9,0,Dixon,PERSON,0,5
hvd.32044010288199,68,9,1,Negro,NORP,9,14
hvd.32044010288199,68,9,2,Charles Collis,PERSON,86,100
hvd.32044010288199,68,9,3,Dixon,PERSON,155,160
hvd.32044010288199,68,9,4,Sunday,DATE,164,170
hvd.32044010288199,69,0,0,37 66,CARDINAL,13,18
hvd.32044010288199,69,0,1,North,LOC,48,53
hvd.32044010288199,69,0,2,Negroes,NORP,85,92
hvd.32044010288199,69,0,3,Northern,NORP,111,119
hvd.32044010288199,69,0,4,Collis,PERSON,159,165
hvd.32044010288199,69,0,5,Dixon,PERSON,178,183
hvd.32044010288199,69,1,0,Dixon,PERSON,0,5
hvd.32044010288199,69,2,0,Collis,PERSON,0,6
hvd.32044010288199,69,2,1,Dixon,PERSON,19,24
hvd.32044010288199,69,2,2,Dixon,PERSON,116,121
hvd.32044010288199,69,2,3,Anna,PERSON,168,172
hvd.32044010288199,69,2,4,Mamie Corbin,PERSON,176,188
hvd.32044010288199,69,3,0,first,ORDINAL,28,33
hvd.32044010288199,69,3,1,Collis,PERSON,43,49
hvd.32044010288199,69,3,2,Negro,NORP,69,74
hvd.32044010288199,69,4,0,Dixon,PERSON,0,5
hvd.32044010288199,69,4,1,four,CARDINAL,17,21
hvd.32044010288199,69,4,2,Collis,PERSON,33,39
hvd.32044010288199,69,5,0,Dixon,PERSON,0,5
hvd.32044010288199,69,7,0,Collis,PERSON,11,17
hvd.32044010288199,69,7,1,night,TIME,82,87
hvd.32044010288199,69,9,0,10:30,TIME,3,8
hvd.32044010288199,69,10,0,two,CARDINAL,79,82
hvd.32044010288199,69,11,0,10:45 o'clock,TIME,3,16
hvd.32044010288199,69,12,0,Shortly before 11 o'clock,TIME,0,25
hvd.32044010288199,70,0,0,Negro,NORP,82,87
hvd.32044010288199,70,0,1,the Southern States,GPE,104,123
hvd.32044010288199,70,1,0,Negro,NORP,16,21
hvd.32044010288199,70,3,0,five minutes,TIME,88,100
hvd.32044010288199,70,4,0,250,CARDINAL,62,65
hvd.32044010288199,70,4,1,"2,500",CARDINAL,125,130
hvd.32044010288199,70,4,2,Negro,NORP,210,215
hvd.32044010288199,70,5,0,only two or three minutes,TIME,133,158
hvd.32044010288199,70,10,0,four or five feet,QUANTITY,73,90
hvd.32044010288199,70,11,0,Nine,CARDINAL,0,4
hvd.32044010288199,70,11,1,dozen,CARDINAL,81,86
hvd.32044010288199,70,11,2,Columbia street,FAC,166,181
hvd.32044010288199,70,11,3,Fountain Avenue,FAC,197,212
hvd.32044010288199,70,11,4,one,CARDINAL,214,217
hvd.32044010288199,70,12,0,Main street,FAC,52,63
hvd.32044010288199,70,12,1,Dixon,PERSON,92,97
hvd.32044010288199,70,13,0,Two,CARDINAL,0,3
hvd.32044010288199,70,13,1,about eighteen feet,QUANTITY,88,107
hvd.32044010288199,71,0,0,39,CARDINAL,13,15
hvd.32044010288199,71,0,1,North,LOC,57,62
hvd.32044010288199,71,2,0,Southern,NORP,14,22
hvd.32044010288199,71,2,1,Negroes,NORP,53,60
hvd.32044010288199,71,6,0,Negroes,NORP,18,25
hvd.32044010288199,71,6,1,thirty minutes,TIME,125,139
hvd.32044010288199,71,10,0,COLUMBUS,GPE,0,8
hvd.32044010288199,71,10,1,GEORGIA,GPE,10,17
hvd.32044010288199,71,11,0,the Associated Press,ORG,4,24
hvd.32044010288199,71,12,0,Macon,GPE,0,5
hvd.32044010288199,71,12,1,Ga.,GPE,7,10
hvd.32044010288199,71,12,2,"March 9, 1902.-A",DATE,12,28
hvd.32044010288199,71,13,0,Columbus,GPE,0,8
hvd.32044010288199,71,13,1,Ga.,GPE,10,13
hvd.32044010288199,71,13,2,Telegraph,ORG,31,40
hvd.32044010288199,71,13,3,Bragg Smith,PERSON,110,121
hvd.32044010288199,71,13,4,last September,DATE,159,173
hvd.32044010288199,71,13,5,Robert L. Johnson,PERSON,231,248
hvd.32044010288199,72,1,0,Negroes,NORP,83,90
hvd.32044010288199,72,4,0,South,LOC,12,17
hvd.32044010288199,72,5,0,six million,CARDINAL,36,47
hvd.32044010288199,72,5,1,Negroes,NORP,48,55
hvd.32044010288199,72,5,2,South,LOC,192,197
hvd.32044010288199,72,8,0,Southern,NORP,6,14
hvd.32044010288199,73,0,0,Negroes,NORP,48,55
hvd.32044010288199,73,1,0,Negro,NORP,5,10
hvd.32044010288199,73,1,1,Southern,NORP,59,67
hvd.32044010288199,73,3,0,Negro,NORP,0,5
hvd.32044010288199,73,3,1,Southern,NORP,45,53
hvd.32044010288199,73,3,2,Southerner,NORP,116,126
hvd.32044010288199,73,4,0,Negro,NORP,86,91
hvd.32044010288199,73,7,0,Negroes,NORP,6,13
hvd.32044010288199,73,9,0,6,CARDINAL,142,143
hvd.32044010288199,74,0,0,night,TIME,196,201
hvd.32044010288199,74,3,0,Negroes,NORP,24,31
hvd.32044010288199,74,3,1,thousands,CARDINAL,112,121
hvd.32044010288199,74,6,0,BURNING OF NEGROES,WORK_OF_ART,2,20
hvd.32044010288199,74,7,0,Birmingham,GPE,0,10
hvd.32044010288199,74,7,1,Ala.,GPE,12,16
hvd.32044010288199,74,7,2,Age Herald,ORG,31,41
hvd.32044010288199,74,7,3,Booker T. Washington,PERSON,87,107
hvd.32044010288199,74,7,4,the last fortnight,DATE,116,134
hvd.32044010288199,74,7,5,three,CARDINAL,135,140
hvd.32044010288199,75,0,0,43 666,CARDINAL,13,19
hvd.32044010288199,75,3,0,One,CARDINAL,0,3
hvd.32044010288199,75,3,1,Negro,NORP,16,21
hvd.32044010288199,75,4,0,Negro,NORP,51,56
hvd.32044010288199,75,4,1,only one,CARDINAL,96,104
hvd.32044010288199,75,4,2,two,CARDINAL,108,111
hvd.32044010288199,75,4,3,one,CARDINAL,176,179
hvd.32044010288199,75,5,0,one,CARDINAL,4,7
hvd.32044010288199,75,5,1,three,CARDINAL,15,20
hvd.32044010288199,75,7,0,two,CARDINAL,56,59
hvd.32044010288199,75,7,1,Sunday,DATE,80,86
hvd.32044010288199,75,7,2,afternoon,TIME,87,96
hvd.32044010288199,75,7,3,Christian,NORP,111,120
hvd.32044010288199,76,0,0,44 Light Ahead for the Negro One was,WORK_OF_ART,0,36
hvd.32044010288199,76,0,1,Southampton County,GPE,70,88
hvd.32044010288199,76,0,2,Virginia,GPE,90,98
hvd.32044010288199,76,0,3,1831,DATE,103,107
hvd.32044010288199,76,2,0,two hundred and fifty years,DATE,46,73
hvd.32044010288199,76,2,1,barname,PERSON,292,299
hvd.32044010288199,76,6,0,Christian,NORP,72,81
hvd.32044010288199,76,6,1,Sunday,DATE,130,136
hvd.32044010288199,76,6,2,Christian Endeavor Societies,ORG,152,180
hvd.32044010288199,76,6,3,Young Men's Christian Associations,ORG,185,219
hvd.32044010288199,76,6,4,Africa,LOC,270,276
hvd.32044010288199,76,6,5,China,GPE,281,286
hvd.32044010288199,76,7,0,Christian,NORP,260,269
hvd.32044010288199,76,8,0,BOOKER T. WASHINGTON.,PERSON,2,23
hvd.32044010288199,76,9,0,Tuskegee,GPE,0,8
hvd.32044010288199,76,9,1,Ala.,GPE,10,14
hvd.32044010288199,77,0,0,45,CARDINAL,13,15
hvd.32044010288199,77,0,1,Indian,NORP,40,46
hvd.32044010288199,77,3,0,the American Civil War of 1860 to 1865,EVENT,94,132
hvd.32044010288199,77,4,0,thousands of years,DATE,34,52
hvd.32044010288199,77,5,0,Negroes,NORP,4,11
hvd.32044010288199,77,7,0,Negro,NORP,218,223
hvd.32044010288199,78,0,0,46,CARDINAL,0,2
hvd.32044010288199,78,0,1,Negro,NORP,23,28
hvd.32044010288199,78,1,0,Negroes,NORP,4,11
hvd.32044010288199,78,1,1,one,CARDINAL,31,34
hvd.32044010288199,78,1,2,ten years,DATE,82,91
hvd.32044010288199,78,4,0,Negro,NORP,3,8
hvd.32044010288199,78,5,0,Negroes,NORP,4,11
hvd.32044010288199,78,6,0,Negro,NORP,5,10
hvd.32044010288199,78,6,1,many years,DATE,62,72
hvd.32044010288199,78,6,2,the days,DATE,124,132
hvd.32044010288199,78,6,3,the first forty years,DATE,153,174
hvd.32044010288199,79,0,0,Negro,NORP,117,122
hvd.32044010288199,79,2,0,one,CARDINAL,14,17
hvd.32044010288199,79,2,1,thousand,CARDINAL,35,43
hvd.32044010288199,79,5,0,Negroes,NORP,116,123
hvd.32044010288199,79,6,0,Negro,NORP,167,172
hvd.32044010288199,79,8,0,a quarter' or fifty cents,MONEY,73,98
hvd.32044010288199,80,0,0,Negro,NORP,23,28
hvd.32044010288199,80,1,0,Indian,NORP,47,53
hvd.32044010288199,80,2,0,South,LOC,51,56
hvd.32044010288199,80,6,0,the Civil War,EVENT,3,16
hvd.32044010288199,81,0,0,49,CARDINAL,13,15
hvd.32044010288199,81,1,0,Union,ORG,5,10
hvd.32044010288199,81,2,0,one,CARDINAL,230,233
hvd.32044010288199,81,2,1,nearly four million,CARDINAL,308,327
hvd.32044010288199,81,3,0,Negro,NORP,4,9
hvd.32044010288199,81,4,0,later days,DATE,14,24
hvd.32044010288199,81,4,1,Negroes,NORP,49,56
hvd.32044010288199,81,6,0,Negroes,NORP,85,92
hvd.32044010288199,82,0,0,50,CARDINAL,0,2
hvd.32044010288199,82,2,0,Negro,NORP,104,109
hvd.32044010288199,82,3,0,Negro,NORP,171,176
hvd.32044010288199,82,7,0,South,LOC,130,135
hvd.32044010288199,82,9,0,Negro,NORP,25,30
hvd.32044010288199,82,9,1,Negro,NORP,59,64
hvd.32044010288199,82,9,2,Negro,NORP,115,120
hvd.32044010288199,82,9,3,January,DATE,294,301
hvd.32044010288199,83,0,0,51 year,DATE,13,20
hvd.32044010288199,83,2,0,Negro,NORP,88,93
hvd.32044010288199,83,4,0,Negroes,NORP,4,11
hvd.32044010288199,83,5,0,The · Ku Klux Klan,ORG,2,20
hvd.32044010288199,83,5,1,Negroes,NORP,93,100
hvd.32044010288199,83,6,0,Southern,NORP,45,53
hvd.32044010288199,84,1,0,first,ORDINAL,52,57
hvd.32044010288199,84,2,0,Negroes,NORP,44,51
hvd.32044010288199,84,4,0,Negro,NORP,75,80
hvd.32044010288199,84,4,1,night,TIME,91,96
hvd.32044010288199,84,5,0,Negroes,NORP,5,12
hvd.32044010288199,84,6,0,Negroes,NORP,66,73
hvd.32044010288199,84,6,1,Negro,NORP,93,98
hvd.32044010288199,84,7,0,Stephens,PERSON,57,65
hvd.32044010288199,84,7,1,Negroes,NORP,106,113
hvd.32044010288199,84,7,2,one,CARDINAL,142,145
hvd.32044010288199,84,7,3,one,CARDINAL,178,181
hvd.32044010288199,85,0,0,two,CARDINAL,53,56
hvd.32044010288199,85,2,0,Stephens,PERSON,16,24
hvd.32044010288199,85,4,0,Stephens,PERSON,0,8
hvd.32044010288199,85,4,1,Negro,NORP,36,41
hvd.32044010288199,85,5,0,Negro,NORP,45,50
hvd.32044010288199,85,5,1,Negro,ORG,128,133
hvd.32044010288199,85,5,2,Democratic,NORP,142,152
hvd.32044010288199,85,6,0,"The ""Ku Klux Klan'",ORG,0,18
hvd.32044010288199,85,6,1,Grant,PERSON,75,80
hvd.32044010288199,85,6,2,South,LOC,97,102
hvd.32044010288199,85,7,0,A Fool's Errand,WORK_OF_ART,67,82
hvd.32044010288199,86,0,0,54,CARDINAL,0,2
hvd.32044010288199,86,2,0,the Democratic party,ORG,126,146
hvd.32044010288199,86,3,0,Negro,NORP,78,83
hvd.32044010288199,86,3,1,the Democratic party,ORG,88,108
hvd.32044010288199,86,5,0,Newell,PERSON,31,37
hvd.32044010288199,86,6,0,the year 1902,DATE,44,57
hvd.32044010288199,86,6,1,1950,DATE,77,81
hvd.32044010288199,86,8,0,Negro,NORP,14,19
hvd.32044010288199,86,8,1,a century ago,DATE,105,118
hvd.32044010288199,87,0,0,Christianity,ORG,84,96
hvd.32044010288199,87,2,0,6,CARDINAL,87,88
hvd.32044010288199,87,3,0,the ten years,DATE,4,17
hvd.32044010288199,87,3,1,the decade ending in 1902,DATE,35,60
hvd.32044010288199,87,3,2,American,NORP,66,74
hvd.32044010288199,87,4,0,1865,DATE,42,46
hvd.32044010288199,87,4,1,South,LOC,96,101
hvd.32044010288199,87,4,2,Carlyle,PERSON,217,224
hvd.32044010288199,87,7,0,the first years,DATE,45,60
hvd.32044010288199,87,8,0,two hundred and forty years,DATE,4,31
hvd.32044010288199,88,2,0,Bible,WORK_OF_ART,145,150
hvd.32044010288199,88,5,0,North Carolina,GPE,4,18
hvd.32044010288199,88,6,0,hundreds,CARDINAL,105,113
hvd.32044010288199,88,8,0,North Carolina,GPE,73,87
hvd.32044010288199,88,8,1,Negroes,NORP,109,116
hvd.32044010288199,89,1,0,Negro,PERSON,5,10
hvd.32044010288199,89,1,1,Southern,NORP,28,36
hvd.32044010288199,89,2,0,Southern,NORP,98,106
hvd.32044010288199,89,2,1,Negroes,NORP,124,131
hvd.32044010288199,89,3,0,Negroes,NORP,4,11
hvd.32044010288199,89,6,0,North Carolina,GPE,46,60
hvd.32044010288199,89,6,1,the first ten years,DATE,98,117
hvd.32044010288199,89,6,2,1869 to 1876,DATE,138,150
hvd.32044010288199,89,6,3,Wm. E. Rodman,PERSON,154,167
hvd.32044010288199,89,6,4,Southern,NORP,169,177
hvd.32044010288199,89,6,5,Dick,PERSON,192,196
hvd.32044010288199,89,6,6,Southern,NORP,198,206
hvd.32044010288199,89,6,7,W. W. Holden,PERSON,215,227
hvd.32044010288199,89,6,8,Southern,NORP,239,247
hvd.32044010288199,89,6,9,Byron Laflin,PERSON,256,268
hvd.32044010288199,89,6,10,Southern,NORP,270,278
hvd.32044010288199,89,6,11,Henry Martindale,PERSON,287,303
hvd.32044010288199,89,6,12,Ohio,GPE,305,309
hvd.32044010288199,89,6,13,Gen'l Ames,PERSON,318,328
hvd.32044010288199,90,0,0,Northern,NORP,30,38
hvd.32044010288199,90,0,1,G. Z. French,PERSON,41,53
hvd.32044010288199,90,0,2,Maine,GPE,67,72
hvd.32044010288199,90,0,3,Eugene Grissom,PERSON,79,93
hvd.32044010288199,90,0,4,Raleigh,GPE,124,131
hvd.32044010288199,90,0,5,North Carolina,GPE,133,147
hvd.32044010288199,90,0,6,Southern,NORP,149,157
hvd.32044010288199,90,0,7,Tyre York,PERSON,166,175
hvd.32044010288199,90,0,8,Southern,NORP,206,214
hvd.32044010288199,90,0,9,Graham,PERSON,232,238
hvd.32044010288199,90,0,10,Southern,NORP,240,248
hvd.32044010288199,90,0,11,Brooks,PERSON,263,269
hvd.32044010288199,90,0,12,Southern,NORP,271,279
hvd.32044010288199,90,0,13,S. J. Carrow,PERSON,288,300
hvd.32044010288199,90,0,14,Southern,NORP,302,310
hvd.32044010288199,90,2,0,Negro,NORP,102,107
hvd.32044010288199,90,3,0,Negro,NORP,20,25
hvd.32044010288199,90,3,1,Negro,NORP,166,171
hvd.32044010288199,90,4,0,Negroes,NORP,74,81
hvd.32044010288199,90,4,1,South,LOC,119,124
hvd.32044010288199,90,5,0,Negro,NORP,55,60
hvd.32044010288199,90,5,1,Washington,GPE,141,151
hvd.32044010288199,91,0,0,59,CARDINAL,13,15
hvd.32044010288199,91,0,1,South,NORP,72,77
hvd.32044010288199,91,1,0,Negro,NORP,125,130
hvd.32044010288199,91,1,1,Southern,NORP,142,150
hvd.32044010288199,91,3,0,South,LOC,4,9
hvd.32044010288199,91,3,1,Union,GPE,29,34
hvd.32044010288199,91,4,0,South,LOC,82,87
hvd.32044010288199,91,6,0,Louisiana,GPE,0,9
hvd.32044010288199,91,6,1,Mississippi,GPE,11,22
hvd.32044010288199,91,6,2,Alabama,GPE,24,31
hvd.32044010288199,91,6,3,South Carolina,GPE,33,47
hvd.32044010288199,91,6,4,North Carolina,GPE,49,63
hvd.32044010288199,91,6,5,Virginia,GPE,68,76
hvd.32044010288199,91,6,6,the Fourteenth and Fifteenth Amendments,LAW,154,193
hvd.32044010288199,91,7,0,Virginia,GPE,3,11
hvd.32044010288199,92,1,0,Southern,NORP,105,113
hvd.32044010288199,92,2,0,Southern,NORP,6,14
hvd.32044010288199,92,5,0,Negroes,NORP,27,34
hvd.32044010288199,92,5,1,ninety-nine per cent,PERCENT,105,125
hvd.32044010288199,92,6,0,North Carolina,GPE,29,43
hvd.32044010288199,92,6,1,Negroes,NORP,106,113
hvd.32044010288199,92,7,0,1894 to 1898,DATE,46,58
hvd.32044010288199,92,7,1,the “Fusion Movement,EVENT,67,87
hvd.32044010288199,92,7,2,ninetysix,CARDINAL,102,111
hvd.32044010288199,92,7,3,three,CARDINAL,140,145
hvd.32044010288199,92,7,4,only four,CARDINAL,183,192
hvd.32044010288199,92,7,5,ninety-six,CARDINAL,213,223
hvd.32044010288199,92,7,6,Negro,NORP,230,235
hvd.32044010288199,93,0,0,61,CARDINAL,13,15
hvd.32044010288199,93,0,1,two-thirds,CARDINAL,33,43
hvd.32044010288199,93,0,2,Negro,NORP,88,93
hvd.32044010288199,93,1,0,ninety-six,CARDINAL,7,17
hvd.32044010288199,93,1,1,Negroes,NORP,31,38
hvd.32044010288199,93,2,0,Negro,NORP,17,22
hvd.32044010288199,93,2,1,North Carolina,GPE,122,136
hvd.32044010288199,93,3,0,the Civil War,EVENT,85,98
hvd.32044010288199,93,5,0,Negro,NORP,44,49
hvd.32044010288199,93,5,1,Negro,NORP,67,72
hvd.32044010288199,93,6,0,American,NORP,34,42
hvd.32044010288199,93,8,0,North,LOC,82,87
hvd.32044010288199,94,3,0,the Fusion Movement',ORG,45,65
hvd.32044010288199,94,3,1,North Carolina,GPE,66,80
hvd.32044010288199,94,3,2,hundred dollar,MONEY,146,160
hvd.32044010288199,94,3,3,1.23,MONEY,187,191
hvd.32044010288199,94,4,0,North Carolina,GPE,0,14
hvd.32044010288199,94,4,1,six per cent,PERCENT,15,27
hvd.32044010288199,94,5,0,1.10,MONEY,21,25
hvd.32044010288199,94,5,1,1.09,MONEY,46,50
hvd.32044010288199,94,6,0,"50,000",MONEY,138,144
hvd.32044010288199,94,7,0,Fusion,NORP,10,16
hvd.32044010288199,94,7,1,first,ORDINAL,117,122
hvd.32044010288199,94,8,0,Fusion,NORP,10,16
hvd.32044010288199,94,8,1,one,CARDINAL,157,160
hvd.32044010288199,94,8,2,Negroes,NORP,197,204
hvd.32044010288199,94,9,0,Negro,NORP,33,38
hvd.32044010288199,94,10,0,about one-third,CARDINAL,42,57
hvd.32044010288199,95,0,0,Negro,NORP,78,83
hvd.32044010288199,95,1,0,Negro,NORP,84,89
hvd.32044010288199,95,1,1,South,LOC,143,148
hvd.32044010288199,95,1,2,North Carolina,GPE,188,202
hvd.32044010288199,95,2,0,forty years ago,DATE,79,94
hvd.32044010288199,95,3,0,Forty years,DATE,0,11
hvd.32044010288199,95,3,1,American,NORP,32,40
hvd.32044010288199,95,6,0,Forty years,DATE,0,11
hvd.32044010288199,95,6,1,Moses,PERSON,48,53
hvd.32044010288199,95,6,2,Negroes,NORP,199,206
hvd.32044010288199,96,1,0,Negro,NORP,86,91
hvd.32044010288199,96,2,0,Negro,NORP,21,26
hvd.32044010288199,96,2,1,North Carolina,GPE,69,83
hvd.32044010288199,96,2,2,1867,DATE,198,202
hvd.32044010288199,96,3,0,1867,DATE,33,37
hvd.32044010288199,96,4,0,1867,DATE,165,169
hvd.32044010288199,96,5,0,A. V. Dockery,PERSON,9,22
hvd.32044010288199,96,5,1,"June 23, 1904",DATE,91,104
hvd.32044010288199,96,5,2,Negro,NORP,110,115
hvd.32044010288199,96,5,3,Republican,NORP,154,164
hvd.32044010288199,96,5,4,South,LOC,172,177
hvd.32044010288199,96,6,0,South,LOC,61,66
hvd.32044010288199,96,6,1,Union,GPE,74,79
hvd.32044010288199,96,6,2,the Civil War,EVENT,92,105
hvd.32044010288199,96,6,3,several decades later,DATE,182,203
hvd.32044010288199,96,7,0,North Carolina,GPE,46,60
hvd.32044010288199,96,7,1,Tennessee,GPE,62,71
hvd.32044010288199,96,7,2,Kentucky,GPE,73,81
hvd.32044010288199,96,7,3,Virginia,GPE,86,94
hvd.32044010288199,96,7,4,Northern,NORP,121,129
hvd.32044010288199,96,7,5,Madison county,GPE,169,183
hvd.32044010288199,96,7,6,North Carolina,GPE,185,199
hvd.32044010288199,96,7,7,Pritchard,PERSON,219,228
hvd.32044010288199,96,7,8,Union,ORG,263,268
hvd.32044010288199,96,7,9,United States,GPE,340,353
hvd.32044010288199,96,8,0,Republicans,NORP,77,88
hvd.32044010288199,96,9,0,Republicans,NORP,41,52
hvd.32044010288199,96,9,1,Republicanism,NORP,114,127
hvd.32044010288199,96,9,2,South,LOC,135,140
hvd.32044010288199,96,10,0,Republicans,NORP,31,42
hvd.32044010288199,96,10,1,Congresses,ORG,114,124
hvd.32044010288199,96,10,2,South,LOC,173,178
hvd.32044010288199,97,0,0,65,CARDINAL,13,15
hvd.32044010288199,97,0,1,Civil Service,ORG,88,101
hvd.32044010288199,97,0,2,Atlanta,GPE,117,124
hvd.32044010288199,97,0,3,19,CARDINAL,125,127
hvd.32044010288199,97,0,4,40,CARDINAL,143,145
hvd.32044010288199,97,0,5,only 26,CARDINAL,160,167
hvd.32044010288199,97,0,6,115,CARDINAL,182,185
hvd.32044010288199,97,1,0,the Supreme Court of North Carolina,ORG,37,72
hvd.32044010288199,97,1,1,only 40 per cent,PERCENT,73,89
hvd.32044010288199,97,1,2,100 per cent,PERCENT,119,131
hvd.32044010288199,97,3,0,A hundred,CARDINAL,0,9
hvd.32044010288199,97,3,1,Negro,NORP,102,107
hvd.32044010288199,97,5,0,Congress,ORG,8,16
hvd.32044010288199,97,5,1,less than half a dozen,CARDINAL,30,52
hvd.32044010288199,97,5,2,Republican,NORP,53,63
hvd.32044010288199,97,7,0,About one and a half million,CARDINAL,0,28
hvd.32044010288199,97,8,0,Congress,ORG,44,52
hvd.32044010288199,97,9,0,Nation,ORG,50,56
hvd.32044010288199,97,10,0,1861,DATE,20,24
hvd.32044010288199,97,10,1,one,CARDINAL,30,33
hvd.32044010288199,97,10,2,Southern,NORP,34,42
hvd.32044010288199,97,10,3,ten,CARDINAL,58,61
hvd.32044010288199,97,10,4,Yankees,NORP,62,69
hvd.32044010288199,97,11,0,Southern,NORP,27,35
hvd.32044010288199,97,11,1,one,CARDINAL,81,84
hvd.32044010288199,97,11,2,Southern,NORP,85,93
hvd.32044010288199,97,11,3,ten,CARDINAL,111,114
hvd.32044010288199,97,11,4,Yankee,NORP,115,121
hvd.32044010288199,97,12,0,ten million,CARDINAL,9,20
hvd.32044010288199,97,12,1,American Negroes,NORP,21,37
hvd.32044010288199,97,12,2,Congress,ORG,72,80
hvd.32044010288199,97,12,3,ten million,CARDINAL,90,101
hvd.32044010288199,97,12,4,Filipinos,NORP,102,111
hvd.32044010288199,97,13,0,1896,DATE,3,7
hvd.32044010288199,97,13,1,only one,CARDINAL,18,26
hvd.32044010288199,97,13,2,South,LOC,40,45
hvd.32044010288199,97,14,0,Seven,CARDINAL,0,5
hvd.32044010288199,97,14,1,South Carolina,GPE,33,47
hvd.32044010288199,97,14,2,"less than 40,000",CARDINAL,64,80
hvd.32044010288199,97,14,3,seven,CARDINAL,95,100
hvd.32044010288199,97,14,4,Fifty-seventh,CARDINAL,128,141
hvd.32044010288199,97,14,5,Congress,ORG,142,150
hvd.32044010288199,97,15,0,Congress,ORG,13,21
hvd.32044010288199,97,15,1,Minnesota,GPE,23,32
hvd.32044010288199,97,15,2,"276,000",CARDINAL,49,56
hvd.32044010288199,97,15,3,seven,CARDINAL,67,72
hvd.32044010288199,97,15,4,"39,428",CARDINAL,100,106
hvd.32044010288199,98,0,0,66,CARDINAL,0,2
hvd.32044010288199,98,4,0,1876,DATE,88,92
hvd.32044010288199,98,4,1,the Republican party,ORG,99,119
hvd.32044010288199,98,5,0,South Carolina,GPE,41,55
hvd.32044010288199,98,5,1,"less than 6,000",CARDINAL,60,75
hvd.32044010288199,98,6,0,one,CARDINAL,16,19
hvd.32044010288199,98,6,1,South Carolina,GPE,20,34
hvd.32044010288199,98,6,2,seven,CARDINAL,59,64
hvd.32044010288199,98,6,3,Minnesota,GPE,72,81
hvd.32044010288199,98,7,0,Democrat,NORP,23,31
hvd.32044010288199,98,7,1,South,LOC,52,57
hvd.32044010288199,98,7,2,the last decade of the twentieth century,DATE,65,105
hvd.32044010288199,98,7,3,the “lily white,DATE,107,122
hvd.32044010288199,98,7,4,South,LOC,228,233
hvd.32044010288199,98,8,0,Republican,NORP,54,64
hvd.32044010288199,98,8,1,Democrats,NORP,96,105
hvd.32044010288199,98,11,0,Federal,ORG,71,78
hvd.32044010288199,98,11,1,South,LOC,93,98
hvd.32044010288199,98,11,2,Democrat,NORP,124,132
hvd.32044010288199,98,12,0,Roosevelt,PERSON,48,57
hvd.32044010288199,98,12,1,the White House,ORG,162,177
hvd.32044010288199,99,0,0,67 6,CARDINAL,13,17
hvd.32044010288199,99,0,1,Negroes,NORP,45,52
hvd.32044010288199,99,3,0,the Republican party,ORG,122,142
hvd.32044010288199,99,3,1,Cuba,GPE,181,185
hvd.32044010288199,99,3,2,Philippines,GPE,194,205
hvd.32044010288199,99,4,0,Republicans,NORP,8,19
hvd.32044010288199,99,4,1,Philippines,GPE,47,58
hvd.32044010288199,99,4,2,Porto Rico,GPE,60,70
hvd.32044010288199,99,4,3,Cuba,GPE,75,79
hvd.32044010288199,99,4,4,Southerners,NORP,94,105
hvd.32044010288199,99,4,5,Negroes,NORP,152,159
hvd.32044010288199,99,5,0,Negroes,NORP,10,17
hvd.32044010288199,99,5,1,South,LOC,25,30
hvd.32044010288199,99,5,2,Negroes,NORP,60,67
hvd.32044010288199,99,5,3,Hawaii,GPE,71,77
hvd.32044010288199,99,7,0,the National Senate,ORG,116,135
hvd.32044010288199,99,7,1,the Spanish-American War,EVENT,170,194
hvd.32044010288199,100,0,0,68,CARDINAL,0,2
hvd.32044010288199,100,0,1,the White House,FAC,32,47
hvd.32044010288199,100,0,2,Cuba,GPE,156,160
hvd.32044010288199,100,0,3,Roosevelt,PERSON,186,195
hvd.32044010288199,100,0,4,Cuba,GPE,232,236
hvd.32044010288199,100,2,0,Americans,NORP,60,69
hvd.32044010288199,100,3,0,the Civil War,EVENT,67,80
hvd.32044010288199,100,7,0,South,LOC,145,150
hvd.32044010288199,100,7,1,many years longer,DATE,182,199
hvd.32044010288199,100,7,2,North,LOC,276,281
hvd.32044010288199,101,0,0,69,CARDINAL,13,15
hvd.32044010288199,101,0,1,Boston,GPE,89,95
hvd.32044010288199,101,0,2,the Fugitive Slave Law,LAW,100,122
hvd.32044010288199,101,2,0,Negroes,NORP,50,57
hvd.32044010288199,101,4,0,South,LOC,25,30
hvd.32044010288199,101,5,0,Negroes,NORP,22,29
hvd.32044010288199,102,3,0,one hundred years ago,DATE,202,223
hvd.32044010288199,102,3,1,Negro,NORP,289,294
hvd.32044010288199,102,4,0,South,LOC,115,120
hvd.32044010288199,102,5,0,second,ORDINAL,56,62
hvd.32044010288199,102,6,0,Southern,NORP,10,18
hvd.32044010288199,102,9,0,Newell,PERSON,15,21
hvd.32044010288199,103,0,0,Negroes,NORP,97,104
hvd.32044010288199,103,1,0,American,NORP,39,47
hvd.32044010288199,103,1,1,Negro,NORP,104,109
hvd.32044010288199,103,2,0,Newell,PERSON,19,25
hvd.32044010288199,103,5,0,Lincoln,PERSON,3,10
hvd.32044010288199,103,5,1,half,CARDINAL,44,48
hvd.32044010288199,103,5,2,half,CARDINAL,59,63
hvd.32044010288199,103,5,3,Blaine,PERSON,77,83
hvd.32044010288199,103,5,4,Augusta,GPE,104,111
hvd.32044010288199,103,6,0,second,ORDINAL,39,45
hvd.32044010288199,103,6,1,Negro,NORP,93,98
hvd.32044010288199,103,7,0,Negroes,NORP,52,59
hvd.32044010288199,103,8,0,one,CARDINAL,71,74
hvd.32044010288199,104,0,0,Negro,NORP,23,28
hvd.32044010288199,104,2,0,Dollar,MONEY,104,110
hvd.32044010288199,104,5,0,Negroes,NORP,3,10
hvd.32044010288199,104,5,1,fifty cents,MONEY,43,54
hvd.32044010288199,104,6,0,fifty cents,MONEY,125,136
hvd.32044010288199,104,6,1,Negroes,NORP,153,160
hvd.32044010288199,104,7,0,South,LOC,14,19
hvd.32044010288199,104,8,0,Southern,NORP,5,13
hvd.32044010288199,104,8,1,first,ORDINAL,25,30
hvd.32044010288199,104,9,0,South,LOC,35,40
hvd.32044010288199,104,9,1,Negro,NORP,93,98
hvd.32044010288199,105,1,0,Negroes,NORP,189,196
hvd.32044010288199,105,1,1,only fifty cents,MONEY,231,247
hvd.32044010288199,106,0,0,Negro,NORP,78,83
hvd.32044010288199,106,1,0,Southern,NORP,16,24
hvd.32044010288199,106,1,1,Negro,NORP,172,177
hvd.32044010288199,106,2,0,South,LOC,5,10
hvd.32044010288199,106,2,1,North,LOC,114,119
hvd.32044010288199,106,3,0,Negroes,NORP,30,37
hvd.32044010288199,106,4,0,Negroes,NORP,57,64
hvd.32044010288199,107,0,0,75 6,CARDINAL,13,17
hvd.32044010288199,107,1,0,Schools of Domestic Science,ORG,0,27
hvd.32044010288199,107,4,0,Southern,NORP,4,12
hvd.32044010288199,107,6,0,a hundred years ago,DATE,137,156
hvd.32044010288199,107,7,0,years ago,DATE,0,9
hvd.32044010288199,107,8,0,the National Government,ORG,94,117
hvd.32044010288199,108,0,0,the Post Office Department,ORG,95,121
hvd.32044010288199,108,2,0,Negro,NORP,207,212
hvd.32044010288199,109,2,0,10 per cent,PERCENT,97,108
hvd.32044010288199,109,5,0,one,CARDINAL,66,69
hvd.32044010288199,110,0,0,78,CARDINAL,0,2
hvd.32044010288199,110,2,0,the Southern States,GPE,46,65
hvd.32044010288199,110,3,0,fifty cents,MONEY,71,82
hvd.32044010288199,110,3,1,thirty-five cents,MONEY,97,114
hvd.32044010288199,110,3,2,six,CARDINAL,183,186
hvd.32044010288199,110,3,3,eight,CARDINAL,190,195
hvd.32044010288199,110,3,4,one,CARDINAL,199,202
hvd.32044010288199,110,4,0,three months',DATE,11,24
hvd.32044010288199,110,4,1,the winter,DATE,39,49
hvd.32044010288199,110,9,0,Negro,NORP,75,80
hvd.32044010288199,111,0,0,Indian,NORP,27,33
hvd.32044010288199,111,0,1,Chinaman,NORP,40,48
hvd.32044010288199,111,1,0,Southern,NORP,70,78
hvd.32044010288199,111,1,1,Negroes,NORP,116,123
hvd.32044010288199,111,2,0,Romans,NORP,52,58
hvd.32044010288199,111,2,1,Greek,NORP,84,89
hvd.32044010288199,111,8,0,"the * A. A. Gunby, Esq.",PERSON,41,64
hvd.32044010288199,111,8,1,Louisiana,GPE,82,91
hvd.32044010288199,111,8,2,the Southern Educational Association,ORG,161,197
hvd.32044010288199,111,8,3,Atlanta,GPE,212,219
hvd.32044010288199,111,8,4,1892,DATE,221,225
hvd.32044010288199,111,9,0,Gunby,PERSON,4,9
hvd.32044010288199,111,9,1,Negro,NORP,69,74
hvd.32044010288199,111,12,0,State,ORG,118,123
hvd.32044010288199,112,0,0,two,CARDINAL,29,32
hvd.32044010288199,112,0,1,Saxon,NORP,71,76
hvd.32044010288199,112,0,2,Negro,NORP,85,90
hvd.32044010288199,112,1,0,Negro,NORP,48,53
hvd.32044010288199,113,0,0,81,CARDINAL,13,15
hvd.32044010288199,113,1,0,Four,CARDINAL,0,4
hvd.32044010288199,113,1,1,two,CARDINAL,33,36
hvd.32044010288199,113,3,0,Newell,PERSON,19,25
hvd.32044010288199,113,4,0,Negro,NORP,57,62
hvd.32044010288199,113,7,0,Twitchell,PERSON,45,54
hvd.32044010288199,113,9,0,Southern,NORP,61,69
hvd.32044010288199,114,0,0,Negro,NORP,163,168
hvd.32044010288199,114,0,1,the Bureau of Public Utility,ORG,350,378
hvd.32044010288199,114,2,0,F. A. NOBLE,PERSON,148,159
hvd.32044010288199,114,3,0,Constitution,LAW,29,41
hvd.32044010288199,114,3,1,American,NORP,117,125
hvd.32044010288199,115,1,0,Negro,NORP,68,73
hvd.32044010288199,115,1,1,one,CARDINAL,132,135
hvd.32044010288199,115,2,0,Negro,NORP,18,23
hvd.32044010288199,115,7,0,CARL SCHURZ,PERSON,0,11
hvd.32044010288199,115,7,1,the Fifteenth Amendment,LAW,140,163
hvd.32044010288199,115,7,2,the United States,GPE,187,204
hvd.32044010288199,116,1,0,Constitution,LAW,26,38
hvd.32044010288199,116,2,0,Southern,NORP,87,95
hvd.32044010288199,116,3,0,the National Constitution,LAW,135,160
hvd.32044010288199,116,3,1,Constitution,LAW,434,446
hvd.32044010288199,116,5,0,Southern,NORP,110,118
hvd.32044010288199,117,0,0,Southern,NORP,110,118
hvd.32044010288199,117,1,0,South,LOC,108,113
hvd.32044010288199,117,5,0,two,CARDINAL,15,18
hvd.32044010288199,117,5,1,secondly,ORDINAL,133,141
hvd.32044010288199,117,6,0,Southern,NORP,75,83
hvd.32044010288199,117,7,0,Southern,NORP,82,90
hvd.32044010288199,118,2,0,Southern,NORP,37,45
hvd.32044010288199,118,2,1,one,CARDINAL,246,249
hvd.32044010288199,118,3,0,Negroes,NORP,96,103
hvd.32044010288199,118,4,0,One,CARDINAL,0,3
hvd.32044010288199,118,5,0,South,LOC,24,29
hvd.32044010288199,118,6,0,Vardaman,PERSON,9,17
hvd.32044010288199,118,6,1,Mississippi,GPE,22,33
hvd.32044010288199,119,0,0,87,CARDINAL,13,15
hvd.32044010288199,119,1,0,Southern,NORP,31,39
hvd.32044010288199,119,1,1,Southern,NORP,90,98
hvd.32044010288199,119,1,2,the Civil War,EVENT,198,211
hvd.32044010288199,119,1,3,South,LOC,736,741
hvd.32044010288199,119,1,4,Southern,NORP,774,782
hvd.32044010288199,119,1,5,Southern,NORP,813,821
hvd.32044010288199,119,2,0,South,LOC,213,218
hvd.32044010288199,119,2,1,6,CARDINAL,232,233
hvd.32044010288199,119,2,2,South,LOC,354,359
hvd.32044010288199,120,0,0,Southern,NORP,156,164
hvd.32044010288199,120,1,0,Southerners,NORP,39,50
hvd.32044010288199,120,1,1,Constitution,LAW,501,513
hvd.32044010288199,120,1,2,Negro,NORP,681,686
hvd.32044010288199,120,2,0,Southerners,NORP,85,96
hvd.32044010288199,121,0,0,89,CARDINAL,13,15
hvd.32044010288199,121,1,0,THE NEW YORK EVENING POST',ORG,5,31
hvd.32044010288199,121,1,1,South,LOC,100,105
hvd.32044010288199,121,1,2,South,LOC,126,131
hvd.32044010288199,121,2,0,Schurz,PERSON,4,10
hvd.32044010288199,121,8,0,6,CARDINAL,0,1
hvd.32044010288199,122,0,0,90,CARDINAL,0,2
hvd.32044010288199,122,2,0,South,LOC,4,9
hvd.32044010288199,122,3,0,South,LOC,148,153
hvd.32044010288199,122,4,0,Schurz,PERSON,7,13
hvd.32044010288199,122,5,0,South,LOC,103,108
hvd.32044010288199,122,7,0,Negro,NORP,127,132
hvd.32044010288199,122,7,1,Schurz,PERSON,297,303
hvd.32044010288199,122,7,2,South,LOC,341,346
hvd.32044010288199,123,0,0,Schurz,PERSON,22,28
hvd.32044010288199,123,0,1,North,LOC,91,96
hvd.32044010288199,123,3,0,Southern,NORP,127,135
hvd.32044010288199,123,4,0,South,LOC,212,217
hvd.32044010288199,123,6,0,Southern,NORP,55,63
hvd.32044010288199,123,6,1,South,LOC,177,182
hvd.32044010288199,123,6,2,Aycock,PERSON,411,417
hvd.32044010288199,124,0,0,92,CARDINAL,0,2
hvd.32044010288199,124,0,1,North Carolina,GPE,32,46
hvd.32044010288199,124,0,2,Montague,PERSON,61,69
hvd.32044010288199,124,0,3,Virginia,GPE,74,82
hvd.32044010288199,124,2,0,South,LOC,82,87
hvd.32044010288199,124,3,0,North,LOC,45,50
hvd.32044010288199,124,3,1,South,LOC,162,167
hvd.32044010288199,124,4,0,North,LOC,56,61
hvd.32044010288199,124,4,1,South,LOC,71,76
hvd.32044010288199,124,5,0,AYCOCK,PERSON,10,16
hvd.32044010288199,124,5,1,NORTH CAROLINA,GPE,21,35
hvd.32044010288199,124,5,2,Negro,NORP,95,100
hvd.32044010288199,124,9,0,first,ORDINAL,7,12
hvd.32044010288199,124,9,1,the Fifteenth Amendment,LAW,40,63
hvd.32044010288199,125,2,0,Negro,NORP,74,79
hvd.32044010288199,125,2,1,South,LOC,98,103
hvd.32044010288199,125,2,2,Northern,NORP,131,139
hvd.32044010288199,125,3,0,first,ORDINAL,20,25
hvd.32044010288199,125,4,0,Negroes,NORP,14,21
hvd.32044010288199,126,0,0,94,CARDINAL,0,2
hvd.32044010288199,126,1,0,ten years,DATE,9,18
hvd.32044010288199,126,1,1,ten,CARDINAL,79,82
hvd.32044010288199,126,1,2,Southern,NORP,168,176
hvd.32044010288199,126,1,3,miles,QUANTITY,188,193
hvd.32044010288199,126,2,0,Negro,NORP,6,11
hvd.32044010288199,126,2,1,North,LOC,29,34
hvd.32044010288199,126,3,0,Southern,NORP,65,73
hvd.32044010288199,126,4,0,Negroes,NORP,20,27
hvd.32044010288199,126,5,0,one,CARDINAL,3,6
hvd.32044010288199,126,5,1,Negro,NORP,28,33
hvd.32044010288199,126,7,0,seven,CARDINAL,98,103
hvd.32044010288199,126,7,1,eight,CARDINAL,107,112
hvd.32044010288199,126,8,0,Negro,NORP,52,57
hvd.32044010288199,126,11,0,Charlotte,GPE,1,10
hvd.32044010288199,126,11,1,N. C.,GPE,12,17
hvd.32044010288199,126,12,0,The Charlotte Observer,ORG,0,22
hvd.32044010288199,127,0,0,Negroes,NORP,80,87
hvd.32044010288199,127,0,1,South,LOC,95,100
hvd.32044010288199,127,1,0,North,LOC,26,31
hvd.32044010288199,127,1,1,West,LOC,36,40
hvd.32044010288199,127,2,0,Africa,LOC,23,29
hvd.32044010288199,127,2,1,Smith,PERSON,41,46
hvd.32044010288199,127,2,2,the African Methodist Church,ORG,50,78
hvd.32044010288199,127,2,3,Hayti,GPE,101,106
hvd.32044010288199,127,3,0,Southwestern,LOC,27,39
hvd.32044010288199,127,3,1,the United States,GPE,48,65
hvd.32044010288199,127,3,2,Negroes,NORP,174,181
hvd.32044010288199,127,4,0,Southern,NORP,22,30
hvd.32044010288199,127,7,0,Charlotte,GPE,1,10
hvd.32044010288199,127,7,1,N. C.,GPE,12,17
hvd.32044010288199,127,7,2,Observer,GPE,19,27
hvd.32044010288199,127,8,0,North Carolina,GPE,27,41
hvd.32044010288199,127,8,1,the Southern Railway Company,ORG,115,143
hvd.32044010288199,127,9,0,Rowan,GPE,10,15
hvd.32044010288199,127,9,1,last week,DATE,31,40
hvd.32044010288199,128,1,0,South,LOC,53,58
hvd.32044010288199,128,2,0,week,DATE,162,166
hvd.32044010288199,128,2,1,week,DATE,170,174
hvd.32044010288199,128,3,0,The National Government,ORG,0,23
hvd.32044010288199,128,3,1,South,LOC,60,65
hvd.32044010288199,128,3,2,Negroes,NORP,241,248
hvd.32044010288199,128,4,0,Negro,NORP,85,90
hvd.32044010288199,128,8,0,0. 0. Howard,PERSON,26,38
hvd.32044010288199,128,8,1,the Freedmen's Bureau,ORG,76,97
hvd.32044010288199,129,0,0,97 6,CARDINAL,13,17
hvd.32044010288199,129,1,0,one,CARDINAL,14,17
hvd.32044010288199,129,3,0,Oxenstiern,PERSON,1,11
hvd.32044010288199,129,6,0,America,GPE,0,7
hvd.32044010288199,130,0,0,98,CARDINAL,0,2
hvd.32044010288199,130,1,0,The National Congress,ORG,0,21
hvd.32044010288199,131,0,0,V,CARDINAL,8,9
hvd.32044010288199,131,3,0,some twenty feet,QUANTITY,187,203
hvd.32044010288199,131,5,0,the “ Administration Building,FAC,48,77
hvd.32044010288199,131,6,0,Congress,ORG,24,32
hvd.32044010288199,131,6,1,Congress,ORG,112,120
hvd.32044010288199,131,6,2,99,CARDINAL,260,262
hvd.32044010288199,132,0,0,100,CARDINAL,0,3
hvd.32044010288199,132,6,0,an Executive Department,ORG,8,31
hvd.32044010288199,132,8,0,annual,DATE,17,23
hvd.32044010288199,132,9,0,as early as 1890,DATE,307,323
hvd.32044010288199,132,12,0,Congressional,NORP,47,60
hvd.32044010288199,133,2,0,England,GPE,0,7
hvd.32044010288199,133,2,1,four hundred years,DATE,61,79
hvd.32044010288199,133,3,0,American,NORP,4,12
hvd.32044010288199,133,4,0,Newell,PERSON,39,45
hvd.32044010288199,133,5,0,a thousand years,DATE,98,114
hvd.32044010288199,133,6,0,Twitchell,PERSON,9,18
hvd.32044010288199,134,1,0,Newell,PERSON,7,13
hvd.32044010288199,134,1,1,Negro,NORP,85,90
hvd.32044010288199,134,3,0,Bureau of Public Utility,ORG,21,45
hvd.32044010288199,134,8,0,Negro,NORP,7,12
hvd.32044010288199,135,0,0,Negro,NORP,209,214
hvd.32044010288199,135,0,1,today,DATE,313,318
hvd.32044010288199,135,2,0,Negro,NORP,138,143
hvd.32044010288199,135,3,0,North,LOC,7,12
hvd.32044010288199,135,3,1,Negro,NORP,54,59
hvd.32044010288199,135,3,2,Republicans,NORP,73,84
hvd.32044010288199,135,3,3,South,LOC,97,102
hvd.32044010288199,135,3,4,Democrats,NORP,107,116
hvd.32044010288199,135,3,5,Negro,NORP,197,202
hvd.32044010288199,135,5,0,American,NORP,124,132
hvd.32044010288199,136,0,0,104,CARDINAL,0,3
hvd.32044010288199,136,2,0,Grant,PERSON,19,24
hvd.32044010288199,136,2,1,Roosevelt,PERSON,110,119
hvd.32044010288199,136,4,0,Negro,NORP,151,156
hvd.32044010288199,136,5,0,Baal,PERSON,64,68
hvd.32044010288199,136,6,0,the Bureau of Statistics,ORG,38,62
hvd.32044010288199,136,6,1,one hundred years,DATE,92,109
hvd.32044010288199,136,7,0,2004,DATE,74,78
hvd.32044010288199,136,8,0,"890,000,000",MONEY,1,12
hvd.32044010288199,136,8,1,"2,670,000,000",MONEY,17,30
hvd.32044010288199,136,9,0,"8,840,789",CARDINAL,0,9
hvd.32044010288199,136,10,0,"21,907,079 Per",PERCENT,0,14
hvd.32044010288199,136,11,0,45 per cent,PERCENT,0,11
hvd.32044010288199,136,11,1,2 per cent,PERCENT,16,26
hvd.32044010288199,136,13,0,.20 per cent,PERCENT,0,12
hvd.32044010288199,136,13,1,1 per cent,PERCENT,17,27
hvd.32044010288199,136,14,0,1,CARDINAL,23,24
hvd.32044010288199,136,14,1,100,CARDINAL,28,31
hvd.32044010288199,136,14,2,1,CARDINAL,36,37
hvd.32044010288199,136,14,3,30,CARDINAL,41,43
hvd.32044010288199,136,16,0,1,CARDINAL,0,1
hvd.32044010288199,136,16,1,1000,CARDINAL,5,9
hvd.32044010288199,136,16,2,1,CARDINAL,10,11
hvd.32044010288199,136,16,3,500,CARDINAL,15,18
hvd.32044010288199,136,18,0,20,CARDINAL,0,2
hvd.32044010288199,136,18,1,5,CARDINAL,12,13
hvd.32044010288199,137,7,0,800,CARDINAL,0,3
hvd.32044010288199,137,7,1,150,CARDINAL,6,9
hvd.32044010288199,137,8,0,"30,000",CARDINAL,0,6
hvd.32044010288199,137,8,1,"75,000",CARDINAL,11,17
hvd.32044010288199,137,8,2,"80,000",CARDINAL,21,27
hvd.32044010288199,137,9,0,2004,DATE,6,10
hvd.32044010288199,137,9,1,"5,282",CARDINAL,11,16
hvd.32044010288199,137,9,2,"11,823",CARDINAL,17,23
hvd.32044010288199,137,9,3,"2,111",CARDINAL,24,29
hvd.32044010288199,137,9,4,"200,603",CARDINAL,30,37
hvd.32044010288199,137,9,5,"250,804",CARDINAL,38,45
hvd.32044010288199,137,10,0,Negroes,NORP,15,22
hvd.32044010288199,137,10,1,Negro,NORP,141,146
hvd.32044010288199,138,0,0,106,CARDINAL,0,3
hvd.32044010288199,138,1,0,Negro,NORP,37,42
hvd.32044010288199,138,1,1,Southern,NORP,106,114
hvd.32044010288199,139,0,0,VI,CARDINAL,8,10
hvd.32044010288199,139,0,1,IRENE,PERSON,23,28
hvd.32044010288199,139,1,0,Davis,PERSON,21,26
hvd.32044010288199,139,1,1,Phoenix,GPE,73,80
hvd.32044010288199,139,3,0,the day,DATE,74,81
hvd.32044010288199,139,4,0,McPherson,PERSON,11,20
hvd.32044010288199,139,4,1,South,LOC,176,181
hvd.32044010288199,139,4,2,North,LOC,200,205
hvd.32044010288199,139,5,0,South,LOC,66,71
hvd.32044010288199,139,7,0,Negroes,NORP,18,25
hvd.32044010288199,139,7,1,first,ORDINAL,51,56
hvd.32044010288199,139,7,2,107,CARDINAL,78,81
hvd.32044010288199,140,4,0,Southern,NORP,35,43
hvd.32044010288199,140,4,1,Yankees,NORP,72,79
hvd.32044010288199,140,4,2,the Civil War,EVENT,161,174
hvd.32044010288199,140,7,0,"Yemen of the hour""",WORK_OF_ART,0,18
hvd.32044010288199,140,8,0,Yankee,NORP,18,24
hvd.32044010288199,140,8,1,South,LOC,40,45
hvd.32044010288199,140,9,0,Chattahoochee,GPE,15,28
hvd.32044010288199,141,0,0,Irene,PERSON,12,17
hvd.32044010288199,141,0,1,Negroes,NORP,67,74
hvd.32044010288199,141,1,0,the State Agricultural College for Negroes,ORG,39,81
hvd.32044010288199,141,1,1,Savannah,GPE,88,96
hvd.32044010288199,141,2,0,Negro,NORP,60,65
hvd.32044010288199,141,3,0,Negro,NORP,153,158
hvd.32044010288199,141,4,0,Negroes,NORP,75,82
hvd.32044010288199,141,4,1,my day,DATE,245,251
hvd.32044010288199,141,4,2,Negro,NORP,315,320
hvd.32044010288199,142,4,0,Irene,PERSON,10,15
hvd.32044010288199,142,6,0,two,CARDINAL,74,77
hvd.32044010288199,142,7,0,that evening,TIME,20,32
hvd.32044010288199,142,7,1,Davis,PERSON,63,68
hvd.32044010288199,143,0,0,VII,CARDINAL,8,11
hvd.32044010288199,143,0,1,NEWELL,PERSON,16,22
hvd.32044010288199,143,0,2,Newell,PERSON,87,93
hvd.32044010288199,143,0,3,one afternoon,TIME,137,150
hvd.32044010288199,143,1,0,Negro,NORP,70,75
hvd.32044010288199,143,1,1,Southern,NORP,195,203
hvd.32044010288199,143,1,2,Negro,NORP,362,367
hvd.32044010288199,144,0,0,112 Light Ahead for the Negro,WORK_OF_ART,0,29
hvd.32044010288199,144,0,1,Southland,LOC,198,207
hvd.32044010288199,144,1,0,Cecelia,PERSON,0,7
hvd.32044010288199,144,1,1,the Cecilian Guild,ORG,73,91
hvd.32044010288199,144,2,0,Davis,PERSON,112,117
hvd.32044010288199,144,3,0,Negroes,NORP,107,114
hvd.32044010288199,144,4,0,the Civil War,EVENT,27,40
hvd.32044010288199,144,5,0,Twenty-five cents,MONEY,0,17
hvd.32044010288199,144,6,0,Thousands,CARDINAL,0,9
hvd.32044010288199,144,7,0,Day,DATE,0,3
hvd.32044010288199,144,7,1,Africa,LOC,42,48
hvd.32044010288199,145,0,0,Newell,PERSON,4,10
hvd.32044010288199,145,1,0,"500,000",CARDINAL,10,17
hvd.32044010288199,145,1,1,America,GPE,37,44
hvd.32044010288199,145,2,0,one,CARDINAL,57,60
hvd.32044010288199,145,2,1,the Cecilian Guilds,ORG,64,83
hvd.32044010288199,145,3,0,Southern,NORP,56,64
hvd.32044010288199,145,4,0,Lothario,PERSON,167,175
hvd.32044010288199,145,8,0,North,PERSON,111,116
hvd.32044010288199,146,0,0,114,CARDINAL,0,3
hvd.32044010288199,146,2,0,Two years,DATE,0,9
hvd.32044010288199,146,2,1,Eva,PERSON,16,19
hvd.32044010288199,146,2,2,Connecticut,GPE,55,66
hvd.32044010288199,146,2,3,John Guilford,PERSON,68,81
hvd.32044010288199,146,4,0,Eva,PERSON,7,10
hvd.32044010288199,146,4,1,Connecticut,GPE,58,69
hvd.32044010288199,146,7,0,Eva,PERSON,95,98
hvd.32044010288199,146,10,0,Zola,PERSON,163,167
hvd.32044010288199,147,0,0,Newell,PERSON,4,10
hvd.32044010288199,147,2,0,Eva,PERSON,5,8
hvd.32044010288199,147,2,1,second,ORDINAL,19,25
hvd.32044010288199,147,2,2,four years old,DATE,36,50
hvd.32044010288199,147,3,0,Guilfords,PERSON,33,42
hvd.32044010288199,147,3,1,Guilford,PERSON,95,103
hvd.32044010288199,148,0,0,VIII,CARDINAL,8,12
hvd.32044010288199,148,0,1,IRENE,PERSON,18,23
hvd.32044010288199,148,0,2,Irene,PERSON,47,52
hvd.32044010288199,148,0,3,the few weeks,DATE,60,73
hvd.32044010288199,148,0,4,Newell,PERSON,95,101
hvd.32044010288199,148,1,0,One evening,TIME,0,11
hvd.32044010288199,148,1,1,an hour,TIME,139,146
hvd.32044010288199,148,3,0,the morning,TIME,73,84
hvd.32044010288199,148,3,1,Newell,PERSON,116,122
hvd.32044010288199,148,4,0,a few days later,DATE,38,54
hvd.32044010288199,148,4,1,Philippines,GPE,81,92
hvd.32044010288199,149,0,0,Irene Again,PERSON,5,16
hvd.32044010288199,149,4,0,day,DATE,154,157
hvd.32044010288199,149,4,1,Tom Dixon's Leopard's Spots,WORK_OF_ART,187,214
hvd.32044010288199,149,5,0,Southern,NORP,119,127
hvd.32044010288199,149,6,0,Southern,NORP,110,118
hvd.32044010288199,149,7,0,English,NORP,103,110
hvd.32044010288199,149,7,1,Atlantic,LOC,172,180
hvd.32044010288199,150,2,0,Christianity,ORG,168,180
hvd.32044010288199,150,4,0,South,LOC,85,90
hvd.32044010288199,150,5,0,Southern,NORP,33,41
hvd.32044010288199,150,5,1,Southern,NORP,184,192
hvd.32044010288199,150,6,0,South,LOC,69,74
hvd.32044010288199,150,7,0,the New South,LOC,30,43
hvd.32044010288199,151,0,0,Irene Again,PERSON,5,16
hvd.32044010288199,151,1,0,America,GPE,189,196
hvd.32044010288199,151,2,0,Irene,PERSON,46,51
hvd.32044010288199,151,2,1,Philippines,GPE,87,98
hvd.32044010288199,152,0,0,IX,CARDINAL,8,10
hvd.32044010288199,152,1,0,the Bureau of Public Utility,ORG,63,91
hvd.32044010288199,152,3,0,Negro,NORP,77,82
hvd.32044010288199,152,3,1,100,MONEY,138,141
hvd.32044010288199,152,3,2,Northern,NORP,155,163
hvd.32044010288199,152,4,0,North Carolina,GPE,50,64
hvd.32044010288199,152,6,0,120,CARDINAL,154,157
hvd.32044010288199,153,0,0,The Prize Essay 121 THE KIND OF EDUCATION THE NEGRO NEEDS “,WORK_OF_ART,0,59
hvd.32044010288199,153,1,0,Negro,NORP,158,163
hvd.32044010288199,153,3,0,Negroes,NORP,4,11
hvd.32044010288199,153,4,0,the last thirty years,DATE,54,75
hvd.32044010288199,153,4,1,Negroes,NORP,102,109
hvd.32044010288199,153,5,0,Negroes,NORP,77,84
hvd.32044010288199,153,5,1,Negro,NORP,189,194
hvd.32044010288199,153,6,0,Negro,NORP,73,78
hvd.32044010288199,154,0,0,122,CARDINAL,0,3
hvd.32044010288199,154,1,0,Negro,NORP,143,148
hvd.32044010288199,154,2,0,Negro,NORP,181,186
hvd.32044010288199,154,4,0,Venice,GPE,22,28
hvd.32044010288199,154,6,0,twenty years',DATE,153,166
hvd.32044010288199,154,7,0,first,ORDINAL,8,13
hvd.32044010288199,155,4,0,twenty-one,DATE,27,37
hvd.32044010288199,155,10,0,a season in a,DATE,53,66
hvd.32044010288199,156,2,0,six hundred,CARDINAL,8,19
hvd.32044010288199,156,2,1,one,CARDINAL,40,43
hvd.32044010288199,156,2,2,Virginia,GPE,61,69
hvd.32044010288199,156,2,3,only 85,CARDINAL,78,85
hvd.32044010288199,156,3,0,196,CARDINAL,10,13
hvd.32044010288199,156,5,0,fourteen,CARDINAL,16,24
hvd.32044010288199,156,6,0,Negro,NORP,145,150
hvd.32044010288199,156,9,0,five hours,TIME,73,83
hvd.32044010288199,156,9,1,6,CARDINAL,134,135
hvd.32044010288199,157,0,0,The Prize Essay,WORK_OF_ART,0,15
hvd.32044010288199,157,0,1,the day,DATE,20,27
hvd.32044010288199,157,3,0,Negro,NORP,5,10
hvd.32044010288199,157,3,1,the day,DATE,142,149
hvd.32044010288199,158,0,0,126,CARDINAL,0,3
hvd.32044010288199,158,0,1,four years,DATE,65,75
hvd.32044010288199,158,0,2,three years',DATE,82,94
hvd.32044010288199,158,1,0,three years,DATE,5,16
hvd.32044010288199,158,2,0,Three years',DATE,0,12
hvd.32044010288199,158,2,1,European,NORP,71,79
hvd.32044010288199,158,2,2,a three years',DATE,164,178
hvd.32044010288199,158,4,0,South,LOC,100,105
hvd.32044010288199,158,4,1,hundreds,CARDINAL,207,215
hvd.32044010288199,159,0,0,The Prize Essay 127,WORK_OF_ART,0,19
hvd.32044010288199,159,3,0,four years,DATE,14,24
hvd.32044010288199,159,6,0,first,ORDINAL,171,176
hvd.32044010288199,159,6,1,from a half to two-thirds,CARDINAL,213,238
hvd.32044010288199,159,7,0,6,CARDINAL,36,37
hvd.32044010288199,160,0,0,first,ORDINAL,153,158
hvd.32044010288199,160,6,0,one,CARDINAL,13,16
hvd.32044010288199,160,6,1,thousand,CARDINAL,27,35
hvd.32044010288199,160,9,0,three years,DATE,53,64
hvd.32044010288199,161,0,0,The Prize Essay 129 eczema,WORK_OF_ART,0,26
hvd.32044010288199,161,4,0,thirty years,DATE,135,147
hvd.32044010288199,161,5,0,South,LOC,15,20
hvd.32044010288199,161,5,1,Northern,LOC,24,32
hvd.32044010288199,162,6,0,Negro,NORP,82,87
hvd.32044010288199,162,6,1,Southern,NORP,102,110
hvd.32044010288199,162,6,2,Negro Exposition,EVENT,151,167
hvd.32044010288199,162,6,3,Negroes,NORP,177,184
hvd.32044010288199,163,0,0,IRENE,PERSON,23,28
hvd.32044010288199,163,0,1,Irene,PERSON,61,66
hvd.32044010288199,163,0,2,Newell,PERSON,99,105
hvd.32044010288199,163,0,3,Gilbert Twitchell,PERSON,125,142
hvd.32044010288199,163,0,4,Philippines,GPE,185,196
hvd.32044010288199,163,2,0,Kennesaw Malvern,PERSON,19,35
hvd.32044010288199,163,3,0,U. S.,GPE,55,60
hvd.32044010288199,163,3,1,Philippines,GPE,84,95
hvd.32044010288199,163,4,0,Irene,PERSON,0,5
hvd.32044010288199,163,5,0,Gilbert Twitchell,PERSON,8,25
hvd.32044010288199,163,6,0,first,ORDINAL,7,12
hvd.32044010288199,163,6,1,Gilbert,PERSON,35,42
hvd.32044010288199,164,8,0,Irene,PERSON,31,36
hvd.32044010288199,164,8,1,Irene,PERSON,87,92
hvd.32044010288199,164,8,2,Gilbert,PERSON,138,145
hvd.32044010288199,164,8,3,the year 2007,DATE,155,168
hvd.32044010288199,164,8,4,Philippines,GPE,235,246
hvd.32044010288199,171,0,0,3 2044,CARDINAL,1,7
hvd.32044010288199,171,1,0,Library,ORG,33,40
hvd.32044010288199,171,2,0,five cents,MONEY,10,20
hvd.32044010288199,171,4,0,57 JAN '7211 FEB 1,DATE,7,25
hvd.32044010288199,171,4,1,2002,DATE,40,44
hvd.32044010288199,171,4,2,JAN 1990,DATE,70,78
hvd.32044010288199,172,0,0,Nius,PERSON,1,5
