vol_id,page,sentence_id,ent_id,entity,entity_type,start_char,end_char
hvd.hwxnqb,1,0,0,XNQB D,PERSON,15,21
hvd.hwxnqb,1,0,1,E A JOHNSON viz,PERSON,51,66
hvd.hwxnqb,2,0,0,2/62.2.7.,CARDINAL,4,13
hvd.hwxnqb,2,0,1,ACADEMIAE,GPE,25,34
hvd.hwxnqb,2,0,2,June,DATE,35,39
hvd.hwxnqb,2,0,3,Harvard College,ORG,73,88
hvd.hwxnqb,7,0,0,E. A JOHNSON,PERSON,29,41
hvd.hwxnqb,7,0,1,the Spanish American War,EVENT,109,133
hvd.hwxnqb,7,0,2,The Negro Almanac,WORK_OF_ART,134,151
hvd.hwxnqb,7,1,0,THE GRAFTON PRESS,ORG,19,36
hvd.hwxnqb,7,1,1,NEW YORK,GPE,37,45
hvd.hwxnqb,7,1,2,1904,DATE,46,50
hvd.hwxnqb,8,1,0,1904,DATE,10,14
hvd.hwxnqb,8,1,1,E. A. JOHNSON,PERSON,18,31
hvd.hwxnqb,9,0,0,thousands,CARDINAL,48,57
hvd.hwxnqb,9,0,1,Negro,NORP,105,110
hvd.hwxnqb,9,1,0,Negro,NORP,29,34
hvd.hwxnqb,9,2,0,the Golden Rule,LAW,17,32
hvd.hwxnqb,9,4,0,two,CARDINAL,10,13
hvd.hwxnqb,9,4,1,one,CARDINAL,69,72
hvd.hwxnqb,9,4,2,Negro,NORP,114,119
hvd.hwxnqb,10,1,0,America,GPE,240,247
hvd.hwxnqb,10,2,0,E. A. JOHNSON,PERSON,0,13
hvd.hwxnqb,11,0,0,ONE HUNDRED YEARS LATER,DATE,73,96
hvd.hwxnqb,11,1,0,IRENE,PERSON,27,32
hvd.hwxnqb,11,2,0,IRENE,PERSON,44,49
hvd.hwxnqb,11,4,0,IRENE,PERSON,16,21
hvd.hwxnqb,11,5,0,NEWELL,PERSON,4,10
hvd.hwxnqb,13,1,0,Negroes,NORP,109,116
hvd.hwxnqb,13,1,1,Southern,NORP,124,132
hvd.hwxnqb,13,2,0,South,LOC,108,113
hvd.hwxnqb,13,3,0,Negroes,NORP,75,82
hvd.hwxnqb,13,4,0,Yale,ORG,52,56
hvd.hwxnqb,13,4,1,South,LOC,117,122
hvd.hwxnqb,14,0,0,2,CARDINAL,0,1
hvd.hwxnqb,14,2,0,the Union Missionary Association,ORG,50,82
hvd.hwxnqb,14,2,1,Georgia,GPE,152,159
hvd.hwxnqb,14,3,0,"June, 1906",DATE,7,17
hvd.hwxnqb,14,3,1,the year,DATE,19,27
hvd.hwxnqb,14,4,0,one hundred and one hundred and fifty,CARDINAL,187,224
hvd.hwxnqb,15,0,0,The Lost Airship-Unconsciousness 3,PRODUCT,0,34
hvd.hwxnqb,15,2,0,Parisian,NORP,50,58
hvd.hwxnqb,15,2,1,American,NORP,69,77
hvd.hwxnqb,15,3,0,Saturday,DATE,86,94
hvd.hwxnqb,15,3,1,Sunday,DATE,98,104
hvd.hwxnqb,15,3,2,the City of Mexico,GPE,108,126
hvd.hwxnqb,15,4,0,West Fifty-ninth Street,FAC,62,85
hvd.hwxnqb,15,4,1,New York City,GPE,87,100
hvd.hwxnqb,15,4,2,about one o'clock,TIME,140,157
hvd.hwxnqb,15,4,3,the United States,GPE,242,259
hvd.hwxnqb,16,9,0,about six hundred miles,QUANTITY,41,64
hvd.hwxnqb,17,0,0,The Lost Airship-Unconsciousness,PRODUCT,0,32
hvd.hwxnqb,17,0,1,one,CARDINAL,70,73
hvd.hwxnqb,17,4,0,every moment,TIME,97,109
hvd.hwxnqb,17,5,0,one,CARDINAL,20,23
hvd.hwxnqb,18,0,0,II,CARDINAL,8,10
hvd.hwxnqb,18,0,1,ONE HUNDRED YEARS LATER,DATE,26,49
hvd.hwxnqb,18,0,2,one,CARDINAL,151,154
hvd.hwxnqb,18,0,3,Newell,PERSON,159,165
hvd.hwxnqb,18,0,4,Phoenix,GPE,170,177
hvd.hwxnqb,18,0,5,Georgia,GPE,181,188
hvd.hwxnqb,18,5,0,6,CARDINAL,37,38
hvd.hwxnqb,19,0,0,One Hundred Years Later,DATE,0,23
hvd.hwxnqb,20,1,0,first,ORDINAL,157,162
hvd.hwxnqb,20,1,1,second,ORDINAL,203,209
hvd.hwxnqb,20,9,0,Gilbert Twitchell,PERSON,78,95
hvd.hwxnqb,20,9,1,a Missionary School,ORG,143,162
hvd.hwxnqb,20,9,2,Ebenezer,GPE,178,186
hvd.hwxnqb,20,9,3,Georgia,GPE,188,195
hvd.hwxnqb,20,9,4,the year 1906,DATE,200,213
hvd.hwxnqb,21,0,0,One Hundred Years Later,DATE,0,23
hvd.hwxnqb,21,0,1,9,CARDINAL,24,25
hvd.hwxnqb,21,2,0,Twitchell,PERSON,105,114
hvd.hwxnqb,21,2,1,1906,DATE,137,141
hvd.hwxnqb,21,8,0,one,CARDINAL,13,16
hvd.hwxnqb,22,11,0,five minutes,TIME,9,21
hvd.hwxnqb,22,11,1,only two,CARDINAL,145,153
hvd.hwxnqb,22,11,2,only one,CARDINAL,186,194
hvd.hwxnqb,22,12,0,the day of the month,DATE,28,48
hvd.hwxnqb,22,12,1,the twenty-fourth,DATE,50,67
hvd.hwxnqb,23,0,0,One Hundred Years Later,DATE,0,23
hvd.hwxnqb,23,0,1,the year,DATE,72,80
hvd.hwxnqb,23,4,0,the year two thousand and six,DATE,7,36
hvd.hwxnqb,23,4,1,just one hundred years,DATE,38,60
hvd.hwxnqb,23,4,2,South,LOC,129,134
hvd.hwxnqb,23,7,0,about one hundred years,DATE,89,112
hvd.hwxnqb,23,7,1,a hundred years,DATE,201,216
hvd.hwxnqb,24,3,0,3,CARDINAL,0,1
hvd.hwxnqb,25,0,0,III,CARDINAL,8,11
hvd.hwxnqb,25,0,1,THE PUBLIC LIBRARY,FAC,15,33
hvd.hwxnqb,25,0,2,IRENE T,PERSON,39,46
hvd.hwxnqb,25,2,0,Newell,PERSON,41,47
hvd.hwxnqb,25,2,1,the first few days,DATE,93,111
hvd.hwxnqb,25,3,0,Newell,PERSON,17,23
hvd.hwxnqb,25,3,1,the night of the day,TIME,37,57
hvd.hwxnqb,25,5,0,Irene Davis,PERSON,41,52
hvd.hwxnqb,25,6,0,13,CARDINAL,92,94
hvd.hwxnqb,26,0,0,Negro,NORP,151,156
hvd.hwxnqb,26,2,0,Newell,PERSON,15,21
hvd.hwxnqb,26,2,1,Negro,NORP,101,106
hvd.hwxnqb,26,2,2,first,ORDINAL,137,142
hvd.hwxnqb,26,3,0,the City Hospital,ORG,61,78
hvd.hwxnqb,27,0,0,the Public Library,ORG,3,21
hvd.hwxnqb,27,0,1,Irene,PERSON,27,32
hvd.hwxnqb,27,1,0,the Bureau of Public Utility,ORG,140,168
hvd.hwxnqb,27,3,0,Southerners,NORP,5,16
hvd.hwxnqb,27,4,0,Sunday,DATE,20,26
hvd.hwxnqb,27,4,1,a Young Ladies Guild,ORG,69,89
hvd.hwxnqb,27,4,2,Negro,NORP,133,138
hvd.hwxnqb,27,7,0,Twitchell,PERSON,40,49
hvd.hwxnqb,27,8,0,the Dvorak Conservatory,ORG,116,139
hvd.hwxnqb,28,3,0,Davis,PERSON,21,26
hvd.hwxnqb,28,3,1,Negro,NORP,84,89
hvd.hwxnqb,29,0,0,the Public Library,ORG,3,21
hvd.hwxnqb,29,0,1,Irene,PERSON,27,32
hvd.hwxnqb,29,0,2,17,CARDINAL,33,35
hvd.hwxnqb,29,2,0,Guild,ORG,129,134
hvd.hwxnqb,29,5,0,Negro,NORP,32,37
hvd.hwxnqb,29,6,0,Negroes,NORP,4,11
hvd.hwxnqb,29,6,1,Negro,NORP,27,32
hvd.hwxnqb,29,7,0,Negroes,NORP,269,276
hvd.hwxnqb,30,0,0,18 Light Ahead for the Negro,WORK_OF_ART,0,28
hvd.hwxnqb,30,1,0,South,LOC,37,42
hvd.hwxnqb,30,3,0,Georgians,NORP,5,14
hvd.hwxnqb,30,3,1,my day,DATE,34,40
hvd.hwxnqb,30,4,0,Southern,NORP,5,13
hvd.hwxnqb,30,4,1,Oglethorpe,PERSON,41,51
hvd.hwxnqb,30,5,0,Oglethorpe,PERSON,0,10
hvd.hwxnqb,30,5,1,the Colony of Georgia,GPE,61,82
hvd.hwxnqb,30,5,2,Indians,NORP,134,141
hvd.hwxnqb,30,5,3,Whitfield,PERSON,149,158
hvd.hwxnqb,30,5,4,Georgian,NORP,194,202
hvd.hwxnqb,30,5,5,my day,DATE,206,212
hvd.hwxnqb,30,5,6,Oglethorpe,PERSON,259,269
hvd.hwxnqb,30,6,0,Negroes,NORP,32,39
hvd.hwxnqb,30,6,1,Oglethorpe,PERSON,112,122
hvd.hwxnqb,30,7,0,Davis,PERSON,20,25
hvd.hwxnqb,31,0,0,the Public Library,ORG,3,21
hvd.hwxnqb,31,0,1,Irene 19 fer,PERSON,27,39
hvd.hwxnqb,31,0,2,Negroes,NORP,53,60
hvd.hwxnqb,31,4,0,1906,DATE,40,44
hvd.hwxnqb,31,4,1,Negroes,NORP,106,113
hvd.hwxnqb,31,10,0,Negroes,PERSON,39,46
hvd.hwxnqb,32,0,0,20 Light Ahead for the Negro in the South,WORK_OF_ART,0,41
hvd.hwxnqb,33,0,0,IV,CARDINAL,8,10
hvd.hwxnqb,33,0,1,"the ""Chief of the Bureau of Public Utility",PERSON,144,186
hvd.hwxnqb,33,0,2,Negro,NORP,233,238
hvd.hwxnqb,33,0,3,Newell,PERSON,263,269
hvd.hwxnqb,33,1,0,Newell,PERSON,71,77
hvd.hwxnqb,33,2,0,one hundred years ago,DATE,45,66
hvd.hwxnqb,33,3,0,One,CARDINAL,0,3
hvd.hwxnqb,33,3,1,Negroes,NORP,81,88
hvd.hwxnqb,33,4,0,Another Coon Caught,WORK_OF_ART,18,37
hvd.hwxnqb,33,4,1,The Burly Black Brute Foiled,WORK_OF_ART,41,69
hvd.hwxnqb,33,4,2,A Ham Colored Nigger in the Hen House,WORK_OF_ART,73,110
hvd.hwxnqb,33,4,3,This Coon Wants to be,WORK_OF_ART,117,138
hvd.hwxnqb,33,4,4,6 21,CARDINAL,139,143
hvd.hwxnqb,34,1,0,the old days,DATE,3,15
hvd.hwxnqb,34,1,1,Negro,NORP,35,40
hvd.hwxnqb,34,1,2,Jim,PERSON,197,200
hvd.hwxnqb,34,1,3,Tom,PERSON,206,209
hvd.hwxnqb,34,2,0,three,CARDINAL,15,20
hvd.hwxnqb,34,2,1,two,CARDINAL,35,38
hvd.hwxnqb,34,2,2,Negroes,NORP,39,46
hvd.hwxnqb,34,3,0,Negro,NORP,49,54
hvd.hwxnqb,34,3,1,morning,TIME,65,72
hvd.hwxnqb,34,3,2,daily,DATE,90,95
hvd.hwxnqb,34,3,3,daily,DATE,154,159
hvd.hwxnqb,34,3,4,daily,DATE,344,349
hvd.hwxnqb,34,3,5,weekly,DATE,354,360
hvd.hwxnqb,34,3,6,Negroes,NORP,403,410
hvd.hwxnqb,34,4,0,America,GPE,74,81
hvd.hwxnqb,34,7,0,the News Distributing Bureau,ORG,25,53
hvd.hwxnqb,35,0,0,Negro,NORP,197,202
hvd.hwxnqb,35,0,1,thousands,CARDINAL,231,240
hvd.hwxnqb,35,1,0,Lincoln,PERSON,6,13
hvd.hwxnqb,35,1,1,Negro,NORP,75,80
hvd.hwxnqb,35,2,0,North,LOC,109,114
hvd.hwxnqb,35,2,1,South,LOC,119,124
hvd.hwxnqb,35,3,0,Negro,NORP,4,9
hvd.hwxnqb,35,3,1,two,CARDINAL,284,287
hvd.hwxnqb,35,4,0,Negroes,NORP,42,49
hvd.hwxnqb,35,5,0,South,LOC,4,9
hvd.hwxnqb,35,5,1,Negro,NORP,36,41
hvd.hwxnqb,35,5,2,Negro,NORP,60,65
hvd.hwxnqb,36,1,0,South,LOC,74,79
hvd.hwxnqb,36,1,1,Negro,NORP,133,138
hvd.hwxnqb,36,1,2,Negro,NORP,178,183
hvd.hwxnqb,36,2,0,Negro,NORP,92,97
hvd.hwxnqb,36,3,0,Delaware,GPE,27,35
hvd.hwxnqb,36,3,1,Texas,GPE,39,44
hvd.hwxnqb,36,3,2,thousands,CARDINAL,54,63
hvd.hwxnqb,36,3,3,Negroes,NORP,67,74
hvd.hwxnqb,36,3,4,Northern,NORP,182,190
hvd.hwxnqb,36,8,0,First,ORDINAL,0,5
hvd.hwxnqb,37,0,0,25,CARDINAL,13,15
hvd.hwxnqb,37,1,0,Second,ORDINAL,1,7
hvd.hwxnqb,37,1,1,one,CARDINAL,206,209
hvd.hwxnqb,37,1,2,Negroes,NORP,255,262
hvd.hwxnqb,37,1,3,Negroes,NORP,278,285
hvd.hwxnqb,37,3,0,the News Bureau,ORG,14,29
hvd.hwxnqb,37,3,1,Southern,NORP,110,118
hvd.hwxnqb,37,3,2,Northern,NORP,153,161
hvd.hwxnqb,37,3,3,Negro,NORP,252,257
hvd.hwxnqb,38,1,0,Southern,NORP,5,13
hvd.hwxnqb,38,1,1,South,LOC,173,178
hvd.hwxnqb,38,1,2,Negro,NORP,205,210
hvd.hwxnqb,38,1,3,Southern,NORP,276,284
hvd.hwxnqb,38,1,4,Negro,NORP,398,403
hvd.hwxnqb,38,1,5,Southern,NORP,513,521
hvd.hwxnqb,38,1,6,Negro,NORP,601,606
hvd.hwxnqb,38,4,0,Negro,NORP,49,54
hvd.hwxnqb,38,4,1,American,NORP,214,222
hvd.hwxnqb,38,4,2,Irish,NORP,269,274
hvd.hwxnqb,38,4,3,German,NORP,286,292
hvd.hwxnqb,38,4,4,Italians,NORP,304,312
hvd.hwxnqb,38,4,5,Jews,NORP,314,318
hvd.hwxnqb,38,4,6,Poles,NORP,324,329
hvd.hwxnqb,39,0,0,27,CARDINAL,13,15
hvd.hwxnqb,39,2,0,every day,DATE,244,253
hvd.hwxnqb,39,6,0,first,ORDINAL,18,23
hvd.hwxnqb,39,6,1,Negro,NORP,47,52
hvd.hwxnqb,39,7,0,Charleston,GPE,24,34
hvd.hwxnqb,39,7,1,S. C.,GPE,36,41
hvd.hwxnqb,39,7,2,the Atlanta Journal,ORG,46,65
hvd.hwxnqb,39,7,3,Colleton county,GPE,90,105
hvd.hwxnqb,39,7,4,Section Foreman,ORG,114,129
hvd.hwxnqb,39,7,5,Jones,PERSON,130,135
hvd.hwxnqb,39,7,6,the Atlantic Coast Line Road,FAC,140,168
hvd.hwxnqb,39,7,7,Ravenel,GPE,218,225
hvd.hwxnqb,39,7,8,S. C.,GPE,227,232
hvd.hwxnqb,39,7,9,fourteen miles,QUANTITY,234,248
hvd.hwxnqb,39,7,10,Charleston,GPE,254,264
hvd.hwxnqb,39,7,11,"May, 1902",DATE,269,278
hvd.hwxnqb,39,7,12,three,CARDINAL,296,301
hvd.hwxnqb,39,8,0,Negroes,NORP,35,42
hvd.hwxnqb,39,8,1,Negroes,NORP,129,136
hvd.hwxnqb,39,11,0,Raleigh,GPE,1,8
hvd.hwxnqb,39,11,1,N. C.,GPE,10,15
hvd.hwxnqb,39,11,2,Morning Post,ORG,17,29
hvd.hwxnqb,40,0,0,28 Light Ahead for the Negro,WORK_OF_ART,0,28
hvd.hwxnqb,40,2,0,America,GPE,18,25
hvd.hwxnqb,40,3,0,30 per cent,PERCENT,5,16
hvd.hwxnqb,40,3,1,Negro,NORP,24,29
hvd.hwxnqb,40,3,2,the News Distributing Bureau,ORG,140,168
hvd.hwxnqb,40,3,3,Northern,NORP,243,251
hvd.hwxnqb,40,3,4,Negro,NORP,402,407
hvd.hwxnqb,40,4,0,Negro,NORP,6,11
hvd.hwxnqb,40,4,1,Southern,NORP,35,43
hvd.hwxnqb,40,4,2,Yankee,NORP,83,89
hvd.hwxnqb,40,4,3,Southern,NORP,115,123
hvd.hwxnqb,40,8,0,Negro,NORP,63,68
hvd.hwxnqb,40,8,1,North,LOC,192,197
hvd.hwxnqb,40,8,2,South,LOC,206,211
hvd.hwxnqb,41,0,0,29,CARDINAL,13,15
hvd.hwxnqb,41,0,1,Negro,NORP,91,96
hvd.hwxnqb,41,1,0,One,CARDINAL,0,3
hvd.hwxnqb,41,1,1,Thomas Dixon,PERSON,4,16
hvd.hwxnqb,41,1,2,Herod Herod,PERSON,30,41
hvd.hwxnqb,41,1,3,Negro,NORP,80,85
hvd.hwxnqb,41,2,0,John Temple Graves,PERSON,23,41
hvd.hwxnqb,41,3,0,Noah W. Cooper,PERSON,37,51
hvd.hwxnqb,41,3,1,Nashville,GPE,55,64
hvd.hwxnqb,41,3,2,one,CARDINAL,76,79
hvd.hwxnqb,41,3,3,Graves,PERSON,87,93
hvd.hwxnqb,41,3,4,John Temple Graves',PERSON,107,126
hvd.hwxnqb,41,3,5,Chicago,GPE,138,145
hvd.hwxnqb,41,7,0,Graves,PERSON,8,14
hvd.hwxnqb,41,7,1,South,LOC,272,277
hvd.hwxnqb,41,8,0,"12,000,000 bales",QUANTITY,35,51
hvd.hwxnqb,41,13,0,thousands,CARDINAL,77,86
hvd.hwxnqb,41,17,0,Southern,NORP,40,48
hvd.hwxnqb,42,0,0,30,CARDINAL,0,2
hvd.hwxnqb,42,0,1,Booker Washington,PERSON,132,149
hvd.hwxnqb,42,1,0,Graves,PERSON,21,27
hvd.hwxnqb,42,1,1,Dutch,NORP,51,56
hvd.hwxnqb,42,1,2,Poles,NORP,61,66
hvd.hwxnqb,42,1,3,Hungarians,NORP,72,82
hvd.hwxnqb,42,1,4,Swedes,NORP,84,90
hvd.hwxnqb,42,3,0,South,LOC,5,10
hvd.hwxnqb,42,6,0,Graves,PERSON,5,11
hvd.hwxnqb,42,7,0,America,GPE,175,182
hvd.hwxnqb,42,7,1,Russia,GPE,200,206
hvd.hwxnqb,42,8,0,Graves,PERSON,5,11
hvd.hwxnqb,42,9,0,Graves,PERSON,31,37
hvd.hwxnqb,42,10,0,Bible,WORK_OF_ART,34,39
hvd.hwxnqb,42,10,1,Jews,NORP,59,63
hvd.hwxnqb,42,10,2,400 years,DATE,72,81
hvd.hwxnqb,42,10,3,Egyptians,NORP,92,101
hvd.hwxnqb,42,10,4,over 500 years,DATE,108,122
hvd.hwxnqb,42,10,5,Canaanites,NORP,157,167
hvd.hwxnqb,42,10,6,nearly 100 years,DATE,187,203
hvd.hwxnqb,42,10,7,Babylon,GPE,207,214
hvd.hwxnqb,42,10,8,Romans,NORP,231,237
hvd.hwxnqb,42,10,9,Romans,NORP,256,262
hvd.hwxnqb,42,10,10,Jews,NORP,289,293
hvd.hwxnqb,42,11,0,Graves,PERSON,10,16
hvd.hwxnqb,42,11,1,thirteen,CARDINAL,75,83
hvd.hwxnqb,42,11,2,the Declaration of Independence,WORK_OF_ART,126,157
hvd.hwxnqb,42,11,3,George Washington,PERSON,173,190
hvd.hwxnqb,42,11,4,Thomas Jefferson,PERSON,195,211
hvd.hwxnqb,42,13,0,English,NORP,0,7
hvd.hwxnqb,42,13,1,Dutch,NORP,9,14
hvd.hwxnqb,42,13,2,Swedes,NORP,16,22
hvd.hwxnqb,42,13,3,Quakers,NORP,24,31
hvd.hwxnqb,42,13,4,Puritans,NORP,33,41
hvd.hwxnqb,42,13,5,Catholics,NORP,43,52
hvd.hwxnqb,42,13,6,French Huguenots,NORP,54,70
hvd.hwxnqb,42,13,7,Buckra,PERSON,134,140
hvd.hwxnqb,43,0,0,31,CARDINAL,13,15
hvd.hwxnqb,43,0,1,one,CARDINAL,241,244
hvd.hwxnqb,43,1,0,Graves,PERSON,11,17
hvd.hwxnqb,43,1,1,Chinese,NORP,77,84
hvd.hwxnqb,43,2,0,Graves,PERSON,4,10
hvd.hwxnqb,43,2,1,one,CARDINAL,61,64
hvd.hwxnqb,43,3,0,Filipino,NORP,36,44
hvd.hwxnqb,43,5,0,Paul,PERSON,8,12
hvd.hwxnqb,43,5,1,Jew,NORP,16,19
hvd.hwxnqb,43,5,2,Gentiles,NORP,47,55
hvd.hwxnqb,43,6,0,the New Testament,WORK_OF_ART,37,54
hvd.hwxnqb,43,6,1,Gentile,NORP,87,94
hvd.hwxnqb,43,6,2,Rome,GPE,105,109
hvd.hwxnqb,43,7,0,Christ,PERSON,8,14
hvd.hwxnqb,43,7,1,Jew,NORP,51,54
hvd.hwxnqb,43,7,2,Jacob,PERSON,59,64
hvd.hwxnqb,43,7,3,Samaritan,NORP,118,127
hvd.hwxnqb,43,12,0,Graves,PERSON,8,14
hvd.hwxnqb,43,12,1,Chinese,NORP,47,54
hvd.hwxnqb,43,14,0,Graves,PERSON,4,10
hvd.hwxnqb,43,14,1,Christianity,ORG,49,61
hvd.hwxnqb,43,15,0,Graves,PERSON,32,38
hvd.hwxnqb,44,0,0,Negro,NORP,122,127
hvd.hwxnqb,44,2,0,Graves,PERSON,28,34
hvd.hwxnqb,44,3,0,the District of Columbia,GPE,151,175
hvd.hwxnqb,44,3,1,Ohio,GPE,202,206
hvd.hwxnqb,44,5,0,Graves,PERSON,8,14
hvd.hwxnqb,44,5,1,Christ,PERSON,85,91
hvd.hwxnqb,44,7,0,Levite,NORP,4,10
hvd.hwxnqb,44,7,1,Graves,PERSON,105,111
hvd.hwxnqb,44,8,0,Samaritan,NORP,13,22
hvd.hwxnqb,44,8,1,Jew,NORP,71,74
hvd.hwxnqb,44,9,0,Levite,NORP,9,15
hvd.hwxnqb,44,9,1,Graves,PERSON,28,34
hvd.hwxnqb,44,9,2,Southerner,NORP,42,52
hvd.hwxnqb,44,10,0,Negro,NORP,12,17
hvd.hwxnqb,44,11,0,Jew,NORP,31,34
hvd.hwxnqb,44,11,1,Levite,NORP,42,48
hvd.hwxnqb,44,11,2,Levite,NORP,74,80
hvd.hwxnqb,44,12,0,Levite,NORP,10,16
hvd.hwxnqb,44,15,0,Graves,PERSON,21,27
hvd.hwxnqb,45,0,0,Christianity,NORP,162,174
hvd.hwxnqb,45,1,0,Turner,PERSON,8,14
hvd.hwxnqb,45,1,1,the African Methodist-Episcopal Church,ORG,33,71
hvd.hwxnqb,45,1,2,Negro,NORP,113,118
hvd.hwxnqb,45,1,3,Africa,LOC,154,160
hvd.hwxnqb,45,1,4,Jews,NORP,425,429
hvd.hwxnqb,45,1,5,Egypt,GPE,443,448
hvd.hwxnqb,45,1,6,William the Conqueror,PERSON,455,476
hvd.hwxnqb,45,1,7,Britons,NORP,518,525
hvd.hwxnqb,45,1,8,two,CARDINAL,617,620
hvd.hwxnqb,45,2,0,One,CARDINAL,1,4
hvd.hwxnqb,45,2,1,Bassett,PERSON,15,22
hvd.hwxnqb,45,2,2,Southern,NORP,43,51
hvd.hwxnqb,45,3,0,Bassett,PERSON,44,51
hvd.hwxnqb,45,3,1,Booker Washington,PERSON,70,87
hvd.hwxnqb,45,4,0,one,CARDINAL,39,42
hvd.hwxnqb,45,4,1,Graves,PERSON,53,59
hvd.hwxnqb,46,0,0,Robert E. Lee,PERSON,53,66
hvd.hwxnqb,46,0,1,South,LOC,77,82
hvd.hwxnqb,46,0,2,a hundred years,DATE,99,114
hvd.hwxnqb,46,1,0,Negro,NORP,127,132
hvd.hwxnqb,46,1,1,Negroes,NORP,241,248
hvd.hwxnqb,46,3,0,Othello,PERSON,1,8
hvd.hwxnqb,46,4,0,Negro,NORP,34,39
hvd.hwxnqb,46,4,1,Negro,NORP,106,111
hvd.hwxnqb,46,4,2,Negro,NORP,186,191
hvd.hwxnqb,46,8,0,One,CARDINAL,0,3
hvd.hwxnqb,46,8,1,Benjamin Tillman,PERSON,4,20
hvd.hwxnqb,46,8,2,the United States Senate,ORG,45,69
hvd.hwxnqb,47,0,0,Negroes,NORP,28,35
hvd.hwxnqb,47,1,0,Negroes,NORP,35,42
hvd.hwxnqb,47,1,1,Negroes,NORP,294,301
hvd.hwxnqb,47,2,0,Southern,NORP,4,12
hvd.hwxnqb,47,2,1,Negro,NORP,141,146
hvd.hwxnqb,47,4,0,Negroes,NORP,6,13
hvd.hwxnqb,47,4,1,Turner,PERSON,35,41
hvd.hwxnqb,47,4,2,John Temple Graves,PERSON,46,64
hvd.hwxnqb,47,4,3,the United States,GPE,147,164
hvd.hwxnqb,48,0,0,Negro,NORP,23,28
hvd.hwxnqb,48,0,1,South,LOC,109,114
hvd.hwxnqb,48,1,0,Yankees,NORP,37,44
hvd.hwxnqb,48,1,1,Southerner,NORP,74,84
hvd.hwxnqb,48,1,2,Southern,NORP,90,98
hvd.hwxnqb,48,1,3,North,LOC,196,201
hvd.hwxnqb,48,1,4,Negro,NORP,312,317
hvd.hwxnqb,48,1,5,South,LOC,341,346
hvd.hwxnqb,48,1,6,Negro,NORP,379,384
hvd.hwxnqb,48,1,7,North,LOC,430,435
hvd.hwxnqb,48,1,8,Negroes,NORP,480,487
hvd.hwxnqb,48,2,0,two,CARDINAL,5,8
hvd.hwxnqb,48,2,1,Southern,NORP,57,65
hvd.hwxnqb,48,2,2,North,LOC,98,103
hvd.hwxnqb,48,2,3,Negro,NORP,118,123
hvd.hwxnqb,48,2,4,South,LOC,129,134
hvd.hwxnqb,48,3,0,OHIO,GPE,28,32
hvd.hwxnqb,48,4,0,HALF AN HOUR,TIME,80,92
hvd.hwxnqb,48,5,0,the Associated Press,ORG,4,24
hvd.hwxnqb,48,6,0,Springfield,GPE,0,11
hvd.hwxnqb,48,6,1,Ohio,GPE,13,17
hvd.hwxnqb,48,6,2,"March 7,",DATE,19,27
hvd.hwxnqb,48,8,0,Dixon,PERSON,0,5
hvd.hwxnqb,48,8,1,Negro,NORP,9,14
hvd.hwxnqb,48,8,2,Charles Collis,PERSON,86,100
hvd.hwxnqb,48,8,3,Dixon,PERSON,155,160
hvd.hwxnqb,48,8,4,Sunday,DATE,164,170
hvd.hwxnqb,49,0,0,37,CARDINAL,13,15
hvd.hwxnqb,49,0,1,North,LOC,46,51
hvd.hwxnqb,49,0,2,Negroes,NORP,83,90
hvd.hwxnqb,49,0,3,Northern,NORP,109,117
hvd.hwxnqb,49,0,4,Collis,PERSON,157,163
hvd.hwxnqb,49,0,5,Dixon,PERSON,176,181
hvd.hwxnqb,49,1,0,Dixon,PERSON,0,5
hvd.hwxnqb,49,2,0,Collis,PERSON,0,6
hvd.hwxnqb,49,2,1,Dixon,PERSON,19,24
hvd.hwxnqb,49,2,2,Dixon,PERSON,116,121
hvd.hwxnqb,49,2,3,Anna,PERSON,168,172
hvd.hwxnqb,49,2,4,Mamie Corbin,PERSON,176,188
hvd.hwxnqb,49,3,0,first,ORDINAL,28,33
hvd.hwxnqb,49,3,1,Collis,PERSON,43,49
hvd.hwxnqb,49,3,2,Negro,NORP,69,74
hvd.hwxnqb,49,4,0,Dixon,PERSON,0,5
hvd.hwxnqb,49,4,1,four,CARDINAL,17,21
hvd.hwxnqb,49,4,2,Collis,PERSON,33,39
hvd.hwxnqb,49,5,0,Dixon,PERSON,0,5
hvd.hwxnqb,49,7,0,Collis,PERSON,11,17
hvd.hwxnqb,49,7,1,night,TIME,82,87
hvd.hwxnqb,49,9,0,10:30,TIME,3,8
hvd.hwxnqb,49,10,0,two,CARDINAL,79,82
hvd.hwxnqb,49,11,0,10:45 o'clock,TIME,3,16
hvd.hwxnqb,49,12,0,Shortly before 11 o'clock,TIME,0,25
hvd.hwxnqb,50,0,0,Negro,NORP,82,87
hvd.hwxnqb,50,0,1,the Southern States,GPE,104,123
hvd.hwxnqb,50,1,0,Negro,NORP,16,21
hvd.hwxnqb,50,3,0,five minutes,TIME,88,100
hvd.hwxnqb,50,4,0,250,CARDINAL,62,65
hvd.hwxnqb,50,4,1,"2,500",CARDINAL,125,130
hvd.hwxnqb,50,4,2,Negro,NORP,210,215
hvd.hwxnqb,50,5,0,only two or three minutes,TIME,133,158
hvd.hwxnqb,50,10,0,four or five feet,QUANTITY,73,90
hvd.hwxnqb,50,11,0,Nine,CARDINAL,0,4
hvd.hwxnqb,50,11,1,dozen,CARDINAL,81,86
hvd.hwxnqb,50,11,2,Columbia street,FAC,166,181
hvd.hwxnqb,50,11,3,Fountain Avenue,FAC,197,212
hvd.hwxnqb,50,11,4,one,CARDINAL,214,217
hvd.hwxnqb,50,12,0,Main street,FAC,52,63
hvd.hwxnqb,50,12,1,Dixon,PERSON,92,97
hvd.hwxnqb,50,13,0,Two,CARDINAL,0,3
hvd.hwxnqb,50,13,1,about eighteen feet,QUANTITY,88,107
hvd.hwxnqb,51,0,0,39,CARDINAL,13,15
hvd.hwxnqb,51,0,1,North,LOC,57,62
hvd.hwxnqb,51,2,0,Southern,NORP,14,22
hvd.hwxnqb,51,2,1,Negroes,NORP,53,60
hvd.hwxnqb,51,6,0,Negroes,NORP,19,26
hvd.hwxnqb,51,6,1,thirty minutes,TIME,126,140
hvd.hwxnqb,51,10,0,COLUMBUS,GPE,0,8
hvd.hwxnqb,51,10,1,GEORGIA,GPE,10,17
hvd.hwxnqb,51,11,0,the Associated Press,ORG,4,24
hvd.hwxnqb,51,12,0,Macon,GPE,0,5
hvd.hwxnqb,51,12,1,Ga.,GPE,7,10
hvd.hwxnqb,51,12,2,"March 9, 1902.-A",DATE,12,28
hvd.hwxnqb,51,13,0,Columbus,GPE,0,8
hvd.hwxnqb,51,13,1,Ga.,GPE,10,13
hvd.hwxnqb,51,13,2,Telegraph,ORG,31,40
hvd.hwxnqb,51,13,3,Bragg Smith,PERSON,110,121
hvd.hwxnqb,51,13,4,last September,DATE,159,173
hvd.hwxnqb,51,13,5,Robert L. Johnson,PERSON,231,248
hvd.hwxnqb,52,1,0,Negroes,NORP,83,90
hvd.hwxnqb,52,4,0,South,LOC,12,17
hvd.hwxnqb,52,5,0,six million,CARDINAL,36,47
hvd.hwxnqb,52,5,1,Negroes,NORP,48,55
hvd.hwxnqb,52,5,2,South,LOC,192,197
hvd.hwxnqb,52,8,0,Southern,NORP,5,13
hvd.hwxnqb,53,0,0,41 6 6,CARDINAL,13,19
hvd.hwxnqb,53,0,1,Negroes,NORP,50,57
hvd.hwxnqb,53,1,0,Negro,NORP,5,10
hvd.hwxnqb,53,1,1,Southern,NORP,59,67
hvd.hwxnqb,53,3,0,Negro,NORP,0,5
hvd.hwxnqb,53,3,1,Southern,NORP,45,53
hvd.hwxnqb,53,3,2,Southerner,NORP,115,125
hvd.hwxnqb,53,4,0,Negro,NORP,84,89
hvd.hwxnqb,53,7,0,Negroes,NORP,6,13
hvd.hwxnqb,54,0,0,night,TIME,196,201
hvd.hwxnqb,54,3,0,Negroes,NORP,24,31
hvd.hwxnqb,54,3,1,thousands,CARDINAL,112,121
hvd.hwxnqb,54,7,0,Birmingham,GPE,0,10
hvd.hwxnqb,54,7,1,Ala.,GPE,12,16
hvd.hwxnqb,54,7,2,Special-The Age-Herald,ORG,18,40
hvd.hwxnqb,54,7,3,Booker T. Washington,PERSON,86,106
hvd.hwxnqb,54,7,4,the last fortnight,DATE,116,134
hvd.hwxnqb,54,7,5,three,CARDINAL,135,140
hvd.hwxnqb,55,3,0,One,CARDINAL,0,3
hvd.hwxnqb,55,4,0,Negro,NORP,51,56
hvd.hwxnqb,55,4,1,only one,CARDINAL,96,104
hvd.hwxnqb,55,4,2,two,CARDINAL,108,111
hvd.hwxnqb,55,4,3,one,CARDINAL,167,170
hvd.hwxnqb,55,5,0,one,CARDINAL,4,7
hvd.hwxnqb,55,5,1,three,CARDINAL,15,20
hvd.hwxnqb,55,7,0,two,CARDINAL,56,59
hvd.hwxnqb,55,7,1,Sunday,DATE,80,86
hvd.hwxnqb,55,7,2,afternoon,TIME,87,96
hvd.hwxnqb,55,7,3,Christian,NORP,111,120
hvd.hwxnqb,56,0,0,44 Light Ahead for the Negro One was,WORK_OF_ART,0,36
hvd.hwxnqb,56,0,1,Southampton County,GPE,70,88
hvd.hwxnqb,56,0,2,Virginia,GPE,90,98
hvd.hwxnqb,56,0,3,1831,DATE,103,107
hvd.hwxnqb,56,2,0,two hundred and fifty years,DATE,46,73
hvd.hwxnqb,56,2,1,barname,PERSON,292,299
hvd.hwxnqb,56,7,0,Christian,NORP,72,81
hvd.hwxnqb,56,7,1,Sunday,DATE,130,136
hvd.hwxnqb,56,7,2,Christian Endeavor Societies,ORG,152,180
hvd.hwxnqb,56,7,3,Young Men's Christian Associations,ORG,185,219
hvd.hwxnqb,56,7,4,Africa,LOC,270,276
hvd.hwxnqb,56,7,5,China,GPE,281,286
hvd.hwxnqb,56,8,0,Christian,NORP,260,269
hvd.hwxnqb,56,9,0,BOOKER T. WASHINGTON.,PERSON,1,22
hvd.hwxnqb,56,10,0,Tuskegee,GPE,1,9
hvd.hwxnqb,56,10,1,Ala.,GPE,11,15
hvd.hwxnqb,57,0,0,45,CARDINAL,13,15
hvd.hwxnqb,57,0,1,Indian,NORP,40,46
hvd.hwxnqb,57,3,0,the American Civil War of 1860 to 1865,EVENT,93,131
hvd.hwxnqb,57,4,0,thousands,CARDINAL,34,43
hvd.hwxnqb,57,5,0,Negroes,NORP,4,11
hvd.hwxnqb,57,7,0,Negro,NORP,218,223
hvd.hwxnqb,58,0,0,Negro,NORP,23,28
hvd.hwxnqb,58,1,0,Negroes,NORP,4,11
hvd.hwxnqb,58,1,1,one,CARDINAL,31,34
hvd.hwxnqb,58,1,2,ten years,DATE,82,91
hvd.hwxnqb,58,3,0,Negro,NORP,4,9
hvd.hwxnqb,58,4,0,Negro,NORP,3,8
hvd.hwxnqb,58,5,0,Negroes,NORP,4,11
hvd.hwxnqb,58,6,0,Negro,NORP,5,10
hvd.hwxnqb,58,6,1,many years,DATE,62,72
hvd.hwxnqb,58,6,2,the days,DATE,124,132
hvd.hwxnqb,58,6,3,the first forty years,DATE,153,174
hvd.hwxnqb,59,0,0,Negro,NORP,117,122
hvd.hwxnqb,59,2,0,one,CARDINAL,14,17
hvd.hwxnqb,59,2,1,thousand,CARDINAL,35,43
hvd.hwxnqb,59,5,0,Negroes,NORP,116,123
hvd.hwxnqb,59,6,0,Negro,NORP,167,172
hvd.hwxnqb,59,8,0,a 'quarter' or,MONEY,73,87
hvd.hwxnqb,59,8,1,fifty cents,MONEY,88,99
hvd.hwxnqb,60,0,0,Negro,NORP,23,28
hvd.hwxnqb,60,1,0,Indian,NORP,47,53
hvd.hwxnqb,60,2,0,South,LOC,50,55
hvd.hwxnqb,60,7,0,the Civil War,EVENT,3,16
hvd.hwxnqb,61,0,0,49,CARDINAL,13,15
hvd.hwxnqb,61,1,0,Union,ORG,5,10
hvd.hwxnqb,61,2,0,one,CARDINAL,230,233
hvd.hwxnqb,61,2,1,nearly four million,CARDINAL,308,327
hvd.hwxnqb,61,3,0,Negro,NORP,4,9
hvd.hwxnqb,61,4,0,later days,DATE,14,24
hvd.hwxnqb,61,4,1,Negroes,NORP,49,56
hvd.hwxnqb,61,6,0,Negroes,NORP,85,92
hvd.hwxnqb,62,0,0,50,CARDINAL,0,2
hvd.hwxnqb,62,1,0,Negro,NORP,105,110
hvd.hwxnqb,62,2,0,Negro,NORP,171,176
hvd.hwxnqb,62,5,0,South,LOC,130,135
hvd.hwxnqb,62,7,0,Negro,NORP,25,30
hvd.hwxnqb,62,7,1,Negro,NORP,59,64
hvd.hwxnqb,62,7,2,Negro,NORP,115,120
hvd.hwxnqb,62,7,3,January,DATE,294,301
hvd.hwxnqb,63,0,0,51 year,DATE,13,20
hvd.hwxnqb,63,2,0,Negro,NORP,88,93
hvd.hwxnqb,63,4,0,Negroes,NORP,4,11
hvd.hwxnqb,63,5,0,The Ku Klux Klan',ORG,1,18
hvd.hwxnqb,63,5,1,Negroes,NORP,90,97
hvd.hwxnqb,63,6,0,Southern,NORP,45,53
hvd.hwxnqb,64,1,0,first,ORDINAL,52,57
hvd.hwxnqb,64,2,0,Negroes,NORP,44,51
hvd.hwxnqb,64,4,0,Negro,NORP,75,80
hvd.hwxnqb,64,4,1,night,TIME,91,96
hvd.hwxnqb,64,5,0,Negroes,NORP,5,12
hvd.hwxnqb,64,6,0,Negroes,NORP,66,73
hvd.hwxnqb,64,6,1,Negro,NORP,93,98
hvd.hwxnqb,64,7,0,Stephens,PERSON,56,64
hvd.hwxnqb,64,7,1,Negroes,NORP,105,112
hvd.hwxnqb,64,7,2,one,CARDINAL,141,144
hvd.hwxnqb,64,7,3,one,CARDINAL,177,180
hvd.hwxnqb,65,0,0,two,CARDINAL,51,54
hvd.hwxnqb,65,2,0,Stephens,PERSON,16,24
hvd.hwxnqb,65,4,0,Stephens,PERSON,0,8
hvd.hwxnqb,65,4,1,Negro,NORP,36,41
hvd.hwxnqb,65,5,0,Negro,NORP,44,49
hvd.hwxnqb,65,5,1,Negro,ORG,127,132
hvd.hwxnqb,65,5,2,Democratic,NORP,141,151
hvd.hwxnqb,65,6,0,The Ku Klux Klan',ORG,0,17
hvd.hwxnqb,65,6,1,Grant,PERSON,74,79
hvd.hwxnqb,65,6,2,South,LOC,96,101
hvd.hwxnqb,65,7,0,A Fool's Errand,WORK_OF_ART,67,82
hvd.hwxnqb,66,2,0,the Democratic party,ORG,126,146
hvd.hwxnqb,66,3,0,Negro,NORP,78,83
hvd.hwxnqb,66,3,1,the Democratic party,ORG,88,108
hvd.hwxnqb,66,5,0,Newell,PERSON,31,37
hvd.hwxnqb,66,6,0,the year 1902,DATE,44,57
hvd.hwxnqb,66,6,1,1950,DATE,77,81
hvd.hwxnqb,66,8,0,Negro,NORP,14,19
hvd.hwxnqb,66,8,1,a century ago,DATE,105,118
hvd.hwxnqb,67,0,0,Christianity,ORG,84,96
hvd.hwxnqb,67,3,0,the ten years,DATE,4,17
hvd.hwxnqb,67,3,1,the decade ending in 1902,DATE,35,60
hvd.hwxnqb,67,3,2,American,NORP,66,74
hvd.hwxnqb,67,4,0,1865,DATE,42,46
hvd.hwxnqb,67,4,1,South,LOC,96,101
hvd.hwxnqb,67,4,2,Carlyle,PERSON,218,225
hvd.hwxnqb,67,7,0,the first years,DATE,45,60
hvd.hwxnqb,67,8,0,two hundred and forty years,DATE,4,31
hvd.hwxnqb,68,2,0,Bible,WORK_OF_ART,145,150
hvd.hwxnqb,68,5,0,North Carolina,GPE,4,18
hvd.hwxnqb,68,6,0,hundreds,CARDINAL,105,113
hvd.hwxnqb,68,8,0,North Carolina,GPE,73,87
hvd.hwxnqb,68,8,1,Negroes,NORP,109,116
hvd.hwxnqb,69,1,0,Negro,PERSON,5,10
hvd.hwxnqb,69,1,1,Southern,NORP,28,36
hvd.hwxnqb,69,2,0,Southern,NORP,98,106
hvd.hwxnqb,69,2,1,Negroes,NORP,124,131
hvd.hwxnqb,69,3,0,Negroes,NORP,4,11
hvd.hwxnqb,69,6,0,North Carolina,GPE,46,60
hvd.hwxnqb,69,6,1,the first ten years,DATE,98,117
hvd.hwxnqb,69,6,2,1869 to 1876,DATE,138,150
hvd.hwxnqb,69,6,3,Wm. E. Rodman,PERSON,153,166
hvd.hwxnqb,69,6,4,Southern,NORP,168,176
hvd.hwxnqb,69,6,5,Dick,PERSON,191,195
hvd.hwxnqb,69,6,6,Southern,NORP,197,205
hvd.hwxnqb,69,6,7,W. W. Holden,PERSON,214,226
hvd.hwxnqb,69,6,8,Southern,NORP,238,246
hvd.hwxnqb,69,6,9,Byron Laflin,PERSON,255,267
hvd.hwxnqb,69,6,10,Southern,NORP,269,277
hvd.hwxnqb,69,6,11,Henry Martindale,PERSON,286,302
hvd.hwxnqb,69,6,12,Ohio,GPE,304,308
hvd.hwxnqb,69,6,13,Gen'l Ames,PERSON,317,327
hvd.hwxnqb,70,0,0,Northern,NORP,30,38
hvd.hwxnqb,70,0,1,G. Z. French,PERSON,41,53
hvd.hwxnqb,70,0,2,Maine,GPE,67,72
hvd.hwxnqb,70,0,3,Eugene Grissom,PERSON,79,93
hvd.hwxnqb,70,0,4,Raleigh,GPE,124,131
hvd.hwxnqb,70,0,5,North Carolina,GPE,133,147
hvd.hwxnqb,70,0,6,Southern,NORP,149,157
hvd.hwxnqb,70,0,7,Tyre York,PERSON,166,175
hvd.hwxnqb,70,0,8,Southern,NORP,206,214
hvd.hwxnqb,70,0,9,Graham,PERSON,232,238
hvd.hwxnqb,70,0,10,Southern,NORP,240,248
hvd.hwxnqb,70,0,11,Brooks,PERSON,263,269
hvd.hwxnqb,70,0,12,Southern,NORP,271,279
hvd.hwxnqb,70,0,13,S. J. Carrow,PERSON,288,300
hvd.hwxnqb,70,0,14,Southern,NORP,302,310
hvd.hwxnqb,70,2,0,Negro,NORP,102,107
hvd.hwxnqb,70,3,0,Negro,NORP,20,25
hvd.hwxnqb,70,3,1,Negro,NORP,166,171
hvd.hwxnqb,70,4,0,Negroes,NORP,74,81
hvd.hwxnqb,70,4,1,South,LOC,119,124
hvd.hwxnqb,70,5,0,Negro,NORP,55,60
hvd.hwxnqb,70,5,1,Washington,GPE,141,151
hvd.hwxnqb,71,0,0,59,CARDINAL,13,15
hvd.hwxnqb,71,0,1,South,NORP,72,77
hvd.hwxnqb,71,1,0,Negro,NORP,125,130
hvd.hwxnqb,71,1,1,Southern,NORP,142,150
hvd.hwxnqb,71,3,0,South,LOC,4,9
hvd.hwxnqb,71,3,1,Union,GPE,29,34
hvd.hwxnqb,71,4,0,Negro,NORP,14,19
hvd.hwxnqb,71,4,1,South,LOC,80,85
hvd.hwxnqb,71,6,0,Louisiana,GPE,0,9
hvd.hwxnqb,71,6,1,Mississippi,GPE,11,22
hvd.hwxnqb,71,6,2,Alabama,GPE,24,31
hvd.hwxnqb,71,6,3,South Carolina,GPE,33,47
hvd.hwxnqb,71,6,4,North Carolina,GPE,49,63
hvd.hwxnqb,71,6,5,Virginia,GPE,68,76
hvd.hwxnqb,71,6,6,the Fourteenth and Fifteenth Amendments,LAW,154,193
hvd.hwxnqb,71,7,0,Virginia,GPE,3,11
hvd.hwxnqb,72,0,0,60,CARDINAL,0,2
hvd.hwxnqb,72,1,0,Southern,NORP,105,113
hvd.hwxnqb,72,2,0,Southern,NORP,5,13
hvd.hwxnqb,72,5,0,Negroes,NORP,27,34
hvd.hwxnqb,72,5,1,ninety-nine per cent,PERCENT,105,125
hvd.hwxnqb,72,6,0,North Carolina,GPE,29,43
hvd.hwxnqb,72,6,1,Negroes,NORP,106,113
hvd.hwxnqb,72,7,0,1894 to 1898,DATE,46,58
hvd.hwxnqb,72,7,1,the Fusion Movement,EVENT,67,86
hvd.hwxnqb,72,7,2,ninetysix,CARDINAL,101,110
hvd.hwxnqb,72,7,3,three,CARDINAL,139,144
hvd.hwxnqb,72,7,4,only four,CARDINAL,182,191
hvd.hwxnqb,72,7,5,ninety-six,CARDINAL,212,222
hvd.hwxnqb,72,7,6,Negro,NORP,229,234
hvd.hwxnqb,72,7,7,6,CARDINAL,257,258
hvd.hwxnqb,73,0,0,61,CARDINAL,13,15
hvd.hwxnqb,73,0,1,two-thirds,CARDINAL,33,43
hvd.hwxnqb,73,0,2,Negro,NORP,88,93
hvd.hwxnqb,73,1,0,ninety-six,CARDINAL,7,17
hvd.hwxnqb,73,1,1,Negroes,NORP,31,38
hvd.hwxnqb,73,2,0,Negro,NORP,17,22
hvd.hwxnqb,73,2,1,North Carolina,GPE,122,136
hvd.hwxnqb,73,3,0,the Civil War,EVENT,83,96
hvd.hwxnqb,73,5,0,Negro,NORP,43,48
hvd.hwxnqb,73,5,1,Negro,NORP,66,71
hvd.hwxnqb,73,6,0,American,NORP,34,42
hvd.hwxnqb,73,8,0,North,LOC,82,87
hvd.hwxnqb,74,3,0,the Fusion Movement',ORG,46,66
hvd.hwxnqb,74,3,1,North Carolina,GPE,67,81
hvd.hwxnqb,74,3,2,93c,MONEY,137,140
hvd.hwxnqb,74,3,3,hundred dollar,MONEY,147,161
hvd.hwxnqb,74,3,4,1.23,MONEY,188,192
hvd.hwxnqb,74,4,0,North Carolina,GPE,0,14
hvd.hwxnqb,74,4,1,six per cent,PERCENT,15,27
hvd.hwxnqb,74,5,0,1.10,MONEY,21,25
hvd.hwxnqb,74,5,1,1.09,MONEY,46,50
hvd.hwxnqb,74,6,0,"50,000",MONEY,137,143
hvd.hwxnqb,74,7,0,Fusion,NORP,10,16
hvd.hwxnqb,74,7,1,first,ORDINAL,117,122
hvd.hwxnqb,74,8,0,Fusion,ORG,10,16
hvd.hwxnqb,74,8,1,one,CARDINAL,157,160
hvd.hwxnqb,74,8,2,Negroes,NORP,197,204
hvd.hwxnqb,74,9,0,Negro,NORP,33,38
hvd.hwxnqb,74,10,0,about one-third,CARDINAL,42,57
hvd.hwxnqb,75,0,0,Negro,NORP,76,81
hvd.hwxnqb,75,1,0,Negro,NORP,86,91
hvd.hwxnqb,75,1,1,South,LOC,145,150
hvd.hwxnqb,75,1,2,North Carolina,GPE,190,204
hvd.hwxnqb,75,2,0,forty years ago,DATE,79,94
hvd.hwxnqb,75,3,0,Forty years,DATE,0,11
hvd.hwxnqb,75,3,1,American,NORP,32,40
hvd.hwxnqb,75,6,0,Forty years,DATE,0,11
hvd.hwxnqb,75,6,1,Moses,PERSON,48,53
hvd.hwxnqb,75,6,2,Negroes,NORP,199,206
hvd.hwxnqb,76,0,0,64,CARDINAL,0,2
hvd.hwxnqb,76,1,0,Negro,NORP,86,91
hvd.hwxnqb,76,2,0,Negro,NORP,21,26
hvd.hwxnqb,76,2,1,North Carolina,GPE,69,83
hvd.hwxnqb,76,2,2,1867,DATE,198,202
hvd.hwxnqb,76,3,0,1867,DATE,33,37
hvd.hwxnqb,76,4,0,1867,DATE,165,169
hvd.hwxnqb,76,5,0,A. V. Dockery,PERSON,9,22
hvd.hwxnqb,76,5,1,the New York Age,WORK_OF_ART,73,89
hvd.hwxnqb,76,5,2,"June 23, 1904",DATE,91,104
hvd.hwxnqb,76,5,3,Negro,NORP,110,115
hvd.hwxnqb,76,5,4,Republican,NORP,154,164
hvd.hwxnqb,76,5,5,South,LOC,172,177
hvd.hwxnqb,76,6,0,South,LOC,61,66
hvd.hwxnqb,76,6,1,Union,GPE,74,79
hvd.hwxnqb,76,6,2,the Civil War,EVENT,92,105
hvd.hwxnqb,76,6,3,several decades later,DATE,182,203
hvd.hwxnqb,76,7,0,North Carolina,GPE,46,60
hvd.hwxnqb,76,7,1,Tennessee,GPE,62,71
hvd.hwxnqb,76,7,2,Kentucky,GPE,73,81
hvd.hwxnqb,76,7,3,Virginia,GPE,86,94
hvd.hwxnqb,76,7,4,Northern,NORP,121,129
hvd.hwxnqb,76,7,5,Madison county,GPE,169,183
hvd.hwxnqb,76,7,6,North Carolina,GPE,185,199
hvd.hwxnqb,76,7,7,Pritchard,PERSON,219,228
hvd.hwxnqb,76,7,8,Union,ORG,263,268
hvd.hwxnqb,76,7,9,United States,GPE,340,353
hvd.hwxnqb,76,8,0,Republicans,NORP,77,88
hvd.hwxnqb,76,9,0,Republicans,NORP,41,52
hvd.hwxnqb,76,9,1,Republicanism,NORP,114,127
hvd.hwxnqb,76,9,2,South,LOC,135,140
hvd.hwxnqb,76,10,0,Republicans,NORP,31,42
hvd.hwxnqb,76,10,1,Negro,NORP,71,76
hvd.hwxnqb,76,10,2,Congresses,ORG,114,124
hvd.hwxnqb,76,10,3,South,LOC,173,178
hvd.hwxnqb,77,0,0,65,CARDINAL,13,15
hvd.hwxnqb,77,0,1,Civil Service,ORG,88,101
hvd.hwxnqb,77,0,2,Atlanta,GPE,117,124
hvd.hwxnqb,77,0,3,19,CARDINAL,125,127
hvd.hwxnqb,77,0,4,40,CARDINAL,143,145
hvd.hwxnqb,77,0,5,only 26,CARDINAL,160,167
hvd.hwxnqb,77,0,6,115,CARDINAL,182,185
hvd.hwxnqb,77,1,0,the Supreme Court of North Carolina,ORG,37,72
hvd.hwxnqb,77,1,1,only 40 per cent,PERCENT,73,89
hvd.hwxnqb,77,1,2,100 per cent,PERCENT,119,131
hvd.hwxnqb,77,3,0,A hundred,CARDINAL,0,9
hvd.hwxnqb,77,3,1,Negro,NORP,102,107
hvd.hwxnqb,77,5,0,Congress,ORG,8,16
hvd.hwxnqb,77,5,1,less than half a dozen,CARDINAL,30,52
hvd.hwxnqb,77,5,2,Republican,NORP,53,63
hvd.hwxnqb,77,7,0,About one and a half million,CARDINAL,0,28
hvd.hwxnqb,77,8,0,Congress,ORG,44,52
hvd.hwxnqb,77,9,0,Nation,ORG,50,56
hvd.hwxnqb,77,10,0,1861,DATE,20,24
hvd.hwxnqb,77,10,1,one,CARDINAL,30,33
hvd.hwxnqb,77,10,2,Southern,NORP,34,42
hvd.hwxnqb,77,10,3,ten,CARDINAL,58,61
hvd.hwxnqb,77,10,4,Yankees,NORP,62,69
hvd.hwxnqb,77,11,0,Southern,NORP,27,35
hvd.hwxnqb,77,11,1,one,CARDINAL,81,84
hvd.hwxnqb,77,11,2,Southern,NORP,85,93
hvd.hwxnqb,77,11,3,ten,CARDINAL,111,114
hvd.hwxnqb,77,11,4,Yankee,NORP,115,121
hvd.hwxnqb,77,12,0,ten million,CARDINAL,9,20
hvd.hwxnqb,77,12,1,American Negroes,NORP,21,37
hvd.hwxnqb,77,12,2,Congress,ORG,72,80
hvd.hwxnqb,77,12,3,ten million,CARDINAL,90,101
hvd.hwxnqb,77,12,4,Filipinos,NORP,102,111
hvd.hwxnqb,77,13,0,1896,DATE,3,7
hvd.hwxnqb,77,13,1,only one,CARDINAL,18,26
hvd.hwxnqb,77,13,2,South,LOC,40,45
hvd.hwxnqb,77,14,0,Seven,CARDINAL,0,5
hvd.hwxnqb,77,14,1,South Carolina,GPE,33,47
hvd.hwxnqb,77,14,2,"less than 40,000",CARDINAL,64,80
hvd.hwxnqb,77,14,3,seven,CARDINAL,95,100
hvd.hwxnqb,77,14,4,Fifty-seventh,CARDINAL,128,141
hvd.hwxnqb,77,14,5,Congress,ORG,142,150
hvd.hwxnqb,77,15,0,Congress,ORG,13,21
hvd.hwxnqb,77,15,1,Minnesota,GPE,23,32
hvd.hwxnqb,77,15,2,"276,000",CARDINAL,49,56
hvd.hwxnqb,77,15,3,seven,CARDINAL,67,72
hvd.hwxnqb,77,15,4,"39,428",CARDINAL,100,106
hvd.hwxnqb,78,0,0,66,CARDINAL,0,2
hvd.hwxnqb,78,4,0,1876,DATE,87,91
hvd.hwxnqb,78,4,1,the Republican party,ORG,98,118
hvd.hwxnqb,78,4,2,Negro,NORP,131,136
hvd.hwxnqb,78,5,0,South Carolina,GPE,41,55
hvd.hwxnqb,78,5,1,"less than 6,000",CARDINAL,60,75
hvd.hwxnqb,78,6,0,one,CARDINAL,16,19
hvd.hwxnqb,78,6,1,South Carolina,GPE,20,34
hvd.hwxnqb,78,6,2,seven,CARDINAL,59,64
hvd.hwxnqb,78,6,3,Minnesota,GPE,72,81
hvd.hwxnqb,78,7,0,Democrat,NORP,22,30
hvd.hwxnqb,78,7,1,South,LOC,51,56
hvd.hwxnqb,78,7,2,the last decade of the twentieth century,DATE,64,104
hvd.hwxnqb,78,7,3,"the ""lily white",DATE,106,121
hvd.hwxnqb,78,7,4,South,LOC,227,232
hvd.hwxnqb,78,8,0,Republican,NORP,54,64
hvd.hwxnqb,78,8,1,Democrats,NORP,96,105
hvd.hwxnqb,78,11,0,Federal,ORG,71,78
hvd.hwxnqb,78,11,1,South,LOC,93,98
hvd.hwxnqb,78,11,2,Democrat,NORP,124,132
hvd.hwxnqb,78,12,0,Roosevelt,PERSON,48,57
hvd.hwxnqb,78,12,1,the White House,ORG,161,176
hvd.hwxnqb,79,0,0,Negroes,NORP,43,50
hvd.hwxnqb,79,3,0,the Republican party,ORG,122,142
hvd.hwxnqb,79,3,1,Cuba,GPE,181,185
hvd.hwxnqb,79,3,2,Philippines,GPE,194,205
hvd.hwxnqb,79,4,0,Republicans,NORP,7,18
hvd.hwxnqb,79,4,1,Philippines,GPE,46,57
hvd.hwxnqb,79,4,2,Porto Rico,GPE,59,69
hvd.hwxnqb,79,4,3,Cuba,GPE,74,78
hvd.hwxnqb,79,4,4,Southerners,NORP,93,104
hvd.hwxnqb,79,4,5,Negroes,NORP,150,157
hvd.hwxnqb,79,5,0,Negroes,NORP,10,17
hvd.hwxnqb,79,5,1,South,LOC,25,30
hvd.hwxnqb,79,5,2,Negroes,NORP,60,67
hvd.hwxnqb,79,5,3,Hawaii,GPE,71,77
hvd.hwxnqb,79,8,0,the National Senate,ORG,116,135
hvd.hwxnqb,79,8,1,the Spanish-American War,EVENT,170,194
hvd.hwxnqb,80,0,0,68,CARDINAL,0,2
hvd.hwxnqb,80,0,1,the White House,FAC,32,47
hvd.hwxnqb,80,0,2,Cuba,GPE,156,160
hvd.hwxnqb,80,0,3,Roosevelt,PERSON,186,195
hvd.hwxnqb,80,0,4,Cuba,GPE,232,236
hvd.hwxnqb,80,2,0,Americans,NORP,60,69
hvd.hwxnqb,80,3,0,the Civil War,EVENT,67,80
hvd.hwxnqb,80,7,0,South,LOC,145,150
hvd.hwxnqb,80,7,1,many years longer,DATE,182,199
hvd.hwxnqb,80,7,2,North,LOC,276,281
hvd.hwxnqb,81,0,0,69,CARDINAL,13,15
hvd.hwxnqb,81,0,1,Boston,GPE,89,95
hvd.hwxnqb,81,0,2,the Fugitive Slave Law,LAW,100,122
hvd.hwxnqb,81,2,0,Negroes,NORP,50,57
hvd.hwxnqb,81,4,0,South,LOC,25,30
hvd.hwxnqb,81,5,0,Negroes,NORP,22,29
hvd.hwxnqb,82,3,0,one hundred years ago,DATE,201,222
hvd.hwxnqb,82,3,1,Negro,NORP,288,293
hvd.hwxnqb,82,4,0,South,LOC,114,119
hvd.hwxnqb,82,5,0,second,ORDINAL,56,62
hvd.hwxnqb,82,6,0,Southern,NORP,10,18
hvd.hwxnqb,82,8,0,Newell,PERSON,14,20
hvd.hwxnqb,83,0,0,Negroes,NORP,97,104
hvd.hwxnqb,83,1,0,American,NORP,39,47
hvd.hwxnqb,83,1,1,Negro,NORP,104,109
hvd.hwxnqb,83,2,0,Newell,PERSON,19,25
hvd.hwxnqb,83,5,0,Lincoln,PERSON,3,10
hvd.hwxnqb,83,5,1,half,CARDINAL,44,48
hvd.hwxnqb,83,5,2,half,CARDINAL,59,63
hvd.hwxnqb,83,5,3,Blaine,PERSON,77,83
hvd.hwxnqb,83,5,4,Augusta,GPE,104,111
hvd.hwxnqb,83,6,0,second,ORDINAL,39,45
hvd.hwxnqb,83,6,1,Negro,NORP,93,98
hvd.hwxnqb,83,7,0,Negroes,NORP,52,59
hvd.hwxnqb,83,8,0,one,CARDINAL,71,74
hvd.hwxnqb,84,0,0,Negro,NORP,23,28
hvd.hwxnqb,84,1,0,Dollar,MONEY,104,110
hvd.hwxnqb,84,4,0,Negroes,NORP,3,10
hvd.hwxnqb,84,4,1,fifty cents,MONEY,43,54
hvd.hwxnqb,84,5,0,fifty cents,MONEY,125,136
hvd.hwxnqb,84,5,1,Negroes,NORP,153,160
hvd.hwxnqb,84,6,0,South,LOC,13,18
hvd.hwxnqb,84,6,1,Negro,NORP,49,54
hvd.hwxnqb,84,7,0,Southern,NORP,5,13
hvd.hwxnqb,84,7,1,first,ORDINAL,25,30
hvd.hwxnqb,84,8,0,South,LOC,34,39
hvd.hwxnqb,84,8,1,Negro,NORP,92,97
hvd.hwxnqb,84,8,2,6,CARDINAL,186,187
hvd.hwxnqb,85,1,0,Negroes,NORP,189,196
hvd.hwxnqb,85,1,1,only fifty cents,MONEY,231,247
hvd.hwxnqb,86,0,0,Negro,NORP,78,83
hvd.hwxnqb,86,1,0,Southern,NORP,16,24
hvd.hwxnqb,86,1,1,Negro,NORP,172,177
hvd.hwxnqb,86,2,0,South,LOC,5,10
hvd.hwxnqb,86,2,1,North,LOC,114,119
hvd.hwxnqb,86,3,0,Negroes,NORP,30,37
hvd.hwxnqb,86,4,0,Negroes,NORP,57,64
hvd.hwxnqb,87,1,0,Schools of Domestic Science,ORG,0,27
hvd.hwxnqb,87,4,0,Southern,NORP,4,12
hvd.hwxnqb,87,7,0,a hundred years ago,DATE,137,156
hvd.hwxnqb,87,8,0,the National Government,ORG,94,117
hvd.hwxnqb,88,0,0,the Post Office Department,ORG,94,120
hvd.hwxnqb,88,2,0,Negro,NORP,206,211
hvd.hwxnqb,89,1,0,10 per cent,PERCENT,97,108
hvd.hwxnqb,89,4,0,one,CARDINAL,66,69
hvd.hwxnqb,90,0,0,78,CARDINAL,0,2
hvd.hwxnqb,90,2,0,the Southern States,LOC,46,65
hvd.hwxnqb,90,4,0,fifty cents,MONEY,71,82
hvd.hwxnqb,90,4,1,thirty-five cents,MONEY,97,114
hvd.hwxnqb,90,4,2,six,CARDINAL,183,186
hvd.hwxnqb,90,4,3,eight,CARDINAL,190,195
hvd.hwxnqb,90,4,4,one,CARDINAL,199,202
hvd.hwxnqb,90,5,0,three months',DATE,11,24
hvd.hwxnqb,90,5,1,the winter,DATE,39,49
hvd.hwxnqb,90,10,0,Negro,NORP,75,80
hvd.hwxnqb,91,0,0,Indian,NORP,27,33
hvd.hwxnqb,91,0,1,Chinaman,NORP,40,48
hvd.hwxnqb,91,1,0,Southern,NORP,69,77
hvd.hwxnqb,91,1,1,Negroes,NORP,115,122
hvd.hwxnqb,91,2,0,Romans,NORP,52,58
hvd.hwxnqb,91,2,1,Greek,NORP,84,89
hvd.hwxnqb,91,8,0,"the * A. A. Gunby, Esq.",PERSON,41,64
hvd.hwxnqb,91,8,1,Louisiana,GPE,82,91
hvd.hwxnqb,91,8,2,the Southern Educational Association,ORG,161,197
hvd.hwxnqb,91,8,3,Atlanta,GPE,212,219
hvd.hwxnqb,91,8,4,1892,DATE,221,225
hvd.hwxnqb,91,9,0,Gunby,PERSON,4,9
hvd.hwxnqb,91,9,1,Negro,NORP,68,73
hvd.hwxnqb,91,12,0,State,ORG,119,124
hvd.hwxnqb,92,0,0,two,CARDINAL,29,32
hvd.hwxnqb,92,0,1,Saxon,NORP,71,76
hvd.hwxnqb,92,0,2,Negro,NORP,85,90
hvd.hwxnqb,92,1,0,Negro,NORP,48,53
hvd.hwxnqb,93,0,0,81,CARDINAL,13,15
hvd.hwxnqb,93,1,0,Four,CARDINAL,0,4
hvd.hwxnqb,93,1,1,two,CARDINAL,32,35
hvd.hwxnqb,93,3,0,Newell,PERSON,19,25
hvd.hwxnqb,93,4,0,Negro,NORP,57,62
hvd.hwxnqb,93,6,0,Twitchell,PERSON,45,54
hvd.hwxnqb,93,8,0,Southern,NORP,61,69
hvd.hwxnqb,94,0,0,Negro,NORP,163,168
hvd.hwxnqb,94,0,1,the Bureau of Public Utility,ORG,350,378
hvd.hwxnqb,94,2,0,NEGRO DISFRANCHISEMENT 66 WHAT,WORK_OF_ART,115,145
hvd.hwxnqb,94,2,1,F. A. NOBLE,PERSON,150,161
hvd.hwxnqb,94,3,0,Constitution,LAW,29,41
hvd.hwxnqb,94,3,1,American,NORP,117,125
hvd.hwxnqb,95,1,0,Negro,NORP,68,73
hvd.hwxnqb,95,1,1,one,CARDINAL,132,135
hvd.hwxnqb,95,2,0,Negro,NORP,18,23
hvd.hwxnqb,95,7,0,CARL SCHURZ,PERSON,0,11
hvd.hwxnqb,95,7,1,the Fifteenth Amendment,LAW,140,163
hvd.hwxnqb,95,7,2,the United States,GPE,187,204
hvd.hwxnqb,96,1,0,Constitution,LAW,26,38
hvd.hwxnqb,96,2,0,Southern,NORP,87,95
hvd.hwxnqb,96,3,0,the National Constitution,LAW,135,160
hvd.hwxnqb,96,3,1,Constitution,LAW,434,446
hvd.hwxnqb,96,4,0,Southern,NORP,111,119
hvd.hwxnqb,97,0,0,Southern,NORP,110,118
hvd.hwxnqb,97,1,0,South,LOC,108,113
hvd.hwxnqb,97,5,0,two,CARDINAL,15,18
hvd.hwxnqb,97,5,1,secondly,ORDINAL,133,141
hvd.hwxnqb,97,6,0,Southern,NORP,77,85
hvd.hwxnqb,97,7,0,Southern,NORP,82,90
hvd.hwxnqb,98,2,0,Southern,NORP,36,44
hvd.hwxnqb,98,3,0,Negroes,NORP,96,103
hvd.hwxnqb,98,4,0,One,CARDINAL,0,3
hvd.hwxnqb,98,5,0,South,LOC,23,28
hvd.hwxnqb,98,6,0,Vardaman,PERSON,9,17
hvd.hwxnqb,98,6,1,Mississippi,GPE,22,33
hvd.hwxnqb,99,0,0,87,CARDINAL,13,15
hvd.hwxnqb,99,1,0,Southern,NORP,31,39
hvd.hwxnqb,99,1,1,Southern,NORP,90,98
hvd.hwxnqb,99,1,2,the Civil War,EVENT,198,211
hvd.hwxnqb,99,1,3,Negro,NORP,495,500
hvd.hwxnqb,99,1,4,South,LOC,736,741
hvd.hwxnqb,99,1,5,Southern,NORP,774,782
hvd.hwxnqb,99,1,6,Southern,NORP,813,821
hvd.hwxnqb,99,2,0,South,LOC,214,219
hvd.hwxnqb,99,2,1,South,LOC,353,358
hvd.hwxnqb,100,0,0,Southern,NORP,156,164
hvd.hwxnqb,100,1,0,Southerners,NORP,39,50
hvd.hwxnqb,100,1,1,Constitution,LAW,501,513
hvd.hwxnqb,100,1,2,Negro,NORP,681,686
hvd.hwxnqb,100,2,0,Southerners,NORP,85,96
hvd.hwxnqb,101,0,0,89,CARDINAL,13,15
hvd.hwxnqb,101,1,0,66 6,CARDINAL,0,4
hvd.hwxnqb,101,1,1,THE NEW YORK EVENING POST',ORG,10,36
hvd.hwxnqb,101,1,2,South,LOC,104,109
hvd.hwxnqb,101,1,3,South,LOC,130,135
hvd.hwxnqb,101,2,0,Schurz,PERSON,4,10
hvd.hwxnqb,102,0,0,90,CARDINAL,0,2
hvd.hwxnqb,102,2,0,South,LOC,4,9
hvd.hwxnqb,102,3,0,South,LOC,148,153
hvd.hwxnqb,102,4,0,Schurz,PERSON,7,13
hvd.hwxnqb,102,5,0,South,LOC,103,108
hvd.hwxnqb,102,7,0,Negro,NORP,127,132
hvd.hwxnqb,102,7,1,Schurz,PERSON,296,302
hvd.hwxnqb,102,7,2,South,LOC,340,345
hvd.hwxnqb,103,0,0,Schurz,PERSON,20,26
hvd.hwxnqb,103,0,1,North,LOC,89,94
hvd.hwxnqb,103,3,0,Southern,NORP,127,135
hvd.hwxnqb,103,4,0,South,LOC,212,217
hvd.hwxnqb,103,6,0,Southern,NORP,55,63
hvd.hwxnqb,103,6,1,South,LOC,177,182
hvd.hwxnqb,103,6,2,Aycock,PERSON,411,417
hvd.hwxnqb,104,0,0,92,CARDINAL,0,2
hvd.hwxnqb,104,0,1,North Carolina,GPE,32,46
hvd.hwxnqb,104,0,2,Montague,PERSON,61,69
hvd.hwxnqb,104,0,3,Virginia,GPE,74,82
hvd.hwxnqb,104,1,0,South,LOC,80,85
hvd.hwxnqb,104,2,0,North,LOC,45,50
hvd.hwxnqb,104,2,1,South,LOC,162,167
hvd.hwxnqb,104,3,0,North,LOC,56,61
hvd.hwxnqb,104,3,1,South,LOC,71,76
hvd.hwxnqb,104,4,0,AYCOCK,PERSON,13,19
hvd.hwxnqb,104,4,1,NORTH CAROLINA,GPE,24,38
hvd.hwxnqb,104,4,2,Negro,NORP,98,103
hvd.hwxnqb,104,8,0,first,ORDINAL,7,12
hvd.hwxnqb,104,8,1,the Fifteenth Amendment,LAW,40,63
hvd.hwxnqb,105,2,0,Negro,NORP,74,79
hvd.hwxnqb,105,2,1,South,LOC,98,103
hvd.hwxnqb,105,2,2,Northern,NORP,131,139
hvd.hwxnqb,105,3,0,first,ORDINAL,20,25
hvd.hwxnqb,105,4,0,Negroes,NORP,14,21
hvd.hwxnqb,106,0,0,94,CARDINAL,0,2
hvd.hwxnqb,106,1,0,ten years,DATE,7,16
hvd.hwxnqb,106,1,1,ten,CARDINAL,77,80
hvd.hwxnqb,106,1,2,Southern,NORP,166,174
hvd.hwxnqb,106,1,3,miles,CARDINAL,186,191
hvd.hwxnqb,106,2,0,Negro,NORP,6,11
hvd.hwxnqb,106,2,1,North,LOC,29,34
hvd.hwxnqb,106,3,0,Southern,NORP,65,73
hvd.hwxnqb,106,4,0,Negroes,NORP,20,27
hvd.hwxnqb,106,5,0,one,CARDINAL,3,6
hvd.hwxnqb,106,5,1,Negro,NORP,28,33
hvd.hwxnqb,106,7,0,seven,CARDINAL,98,103
hvd.hwxnqb,106,7,1,eight,CARDINAL,107,112
hvd.hwxnqb,106,11,0,Charlotte,GPE,1,10
hvd.hwxnqb,106,11,1,N. C.,GPE,12,17
hvd.hwxnqb,106,12,0,The Charlotte Observer,ORG,0,22
hvd.hwxnqb,107,0,0,Negroes,NORP,80,87
hvd.hwxnqb,107,0,1,South,LOC,95,100
hvd.hwxnqb,107,1,0,North,LOC,26,31
hvd.hwxnqb,107,1,1,West,LOC,36,40
hvd.hwxnqb,107,2,0,Africa,LOC,23,29
hvd.hwxnqb,107,2,1,Smith,PERSON,41,46
hvd.hwxnqb,107,2,2,the African Methodist Church,ORG,50,78
hvd.hwxnqb,107,2,3,Hayti,GPE,101,106
hvd.hwxnqb,107,3,0,Southwestern,LOC,27,39
hvd.hwxnqb,107,3,1,the United States,GPE,48,65
hvd.hwxnqb,107,3,2,Negroes,NORP,174,181
hvd.hwxnqb,107,4,0,Southern,NORP,22,30
hvd.hwxnqb,107,7,0,Charlotte,GPE,1,10
hvd.hwxnqb,107,7,1,N. C.,GPE,12,17
hvd.hwxnqb,107,7,2,Observer,ORG,19,27
hvd.hwxnqb,107,8,0,North Carolina,GPE,27,41
hvd.hwxnqb,107,8,1,the Southern Railway Company,ORG,115,143
hvd.hwxnqb,107,9,0,Rowan,GPE,10,15
hvd.hwxnqb,107,9,1,last week,DATE,31,40
hvd.hwxnqb,108,1,0,South,LOC,53,58
hvd.hwxnqb,108,2,0,week,DATE,162,166
hvd.hwxnqb,108,2,1,week,DATE,170,174
hvd.hwxnqb,108,3,0,The National Government,ORG,0,23
hvd.hwxnqb,108,3,1,South,LOC,60,65
hvd.hwxnqb,108,3,2,Negroes,NORP,241,248
hvd.hwxnqb,108,4,0,Negro,NORP,85,90
hvd.hwxnqb,108,8,0,O. O. Howard,PERSON,26,38
hvd.hwxnqb,108,8,1,the Freedmen's Bureau,ORG,76,97
hvd.hwxnqb,109,0,0,97,CARDINAL,13,15
hvd.hwxnqb,109,1,0,one,CARDINAL,14,17
hvd.hwxnqb,109,3,0,Oxenstiern,PERSON,1,11
hvd.hwxnqb,109,6,0,America,GPE,0,7
hvd.hwxnqb,110,0,0,98,CARDINAL,0,2
hvd.hwxnqb,110,1,0,The National Congress,ORG,0,21
hvd.hwxnqb,111,0,0,V,CARDINAL,8,9
hvd.hwxnqb,111,2,0,some twenty feet,QUANTITY,187,203
hvd.hwxnqb,111,4,0,"the ""Administration Building",FAC,48,76
hvd.hwxnqb,111,5,0,Congress,ORG,24,32
hvd.hwxnqb,111,5,1,Congress,ORG,112,120
hvd.hwxnqb,111,5,2,99,CARDINAL,259,261
hvd.hwxnqb,112,0,0,100,CARDINAL,0,3
hvd.hwxnqb,112,6,0,an Executive Department,ORG,8,31
hvd.hwxnqb,112,8,0,annual,DATE,16,22
hvd.hwxnqb,112,9,0,as early as 1890,DATE,306,322
hvd.hwxnqb,112,12,0,Congressional,NORP,45,58
hvd.hwxnqb,113,2,0,England,GPE,0,7
hvd.hwxnqb,113,2,1,four hundred years,DATE,61,79
hvd.hwxnqb,113,3,0,American,NORP,4,12
hvd.hwxnqb,113,4,0,Newell,PERSON,40,46
hvd.hwxnqb,113,5,0,a thousand years,DATE,98,114
hvd.hwxnqb,113,6,0,Twitchell,PERSON,10,19
hvd.hwxnqb,114,1,0,Newell,PERSON,7,13
hvd.hwxnqb,114,1,1,Negro,NORP,85,90
hvd.hwxnqb,114,3,0,our Bureau of Public Utility,ORG,17,45
hvd.hwxnqb,115,0,0,Negro,NORP,209,214
hvd.hwxnqb,115,0,1,today,DATE,313,318
hvd.hwxnqb,115,2,0,Negro,NORP,138,143
hvd.hwxnqb,115,3,0,North,LOC,7,12
hvd.hwxnqb,115,3,1,Negro,NORP,54,59
hvd.hwxnqb,115,3,2,Republicans,NORP,73,84
hvd.hwxnqb,115,3,3,South,LOC,97,102
hvd.hwxnqb,115,3,4,Democrats,NORP,107,116
hvd.hwxnqb,115,3,5,Negro,NORP,197,202
hvd.hwxnqb,115,5,0,American,NORP,124,132
hvd.hwxnqb,116,0,0,104,CARDINAL,0,3
hvd.hwxnqb,116,1,0,Grant,PERSON,19,24
hvd.hwxnqb,116,1,1,Roosevelt,PERSON,110,119
hvd.hwxnqb,116,3,0,Negro,NORP,151,156
hvd.hwxnqb,116,4,0,Baal,PERSON,64,68
hvd.hwxnqb,116,5,0,the Bureau of Statistics,ORG,38,62
hvd.hwxnqb,116,5,1,one hundred years,DATE,92,109
hvd.hwxnqb,116,6,0,1900 A. D. 2004,DATE,64,79
hvd.hwxnqb,116,7,0,"890,000,000",MONEY,1,12
hvd.hwxnqb,116,7,1,"2,670,000,000",MONEY,17,30
hvd.hwxnqb,116,9,0,"8,840,789",CARDINAL,0,9
hvd.hwxnqb,116,10,0,"21,907,079 2 per cent",PERCENT,0,21
hvd.hwxnqb,116,11,0,1 per cent,PERCENT,0,10
hvd.hwxnqb,116,14,0,1,CARDINAL,0,1
hvd.hwxnqb,116,14,1,30,CARDINAL,5,7
hvd.hwxnqb,116,16,0,45 per cent,PERCENT,20,31
hvd.hwxnqb,116,16,1,.20 per cent,PERCENT,36,48
hvd.hwxnqb,116,17,0,1,CARDINAL,0,1
hvd.hwxnqb,116,17,1,100,CARDINAL,5,8
hvd.hwxnqb,116,17,2,1,CARDINAL,13,14
hvd.hwxnqb,116,17,3,1000,CARDINAL,18,22
hvd.hwxnqb,116,18,0,1,CARDINAL,0,1
hvd.hwxnqb,116,18,1,500,CARDINAL,5,8
hvd.hwxnqb,117,7,0,800,CARDINAL,24,27
hvd.hwxnqb,117,7,1,150,CARDINAL,32,35
hvd.hwxnqb,117,7,2,"30,000",CARDINAL,40,46
hvd.hwxnqb,117,7,3,"75,000",CARDINAL,51,57
hvd.hwxnqb,117,7,4,"80,000",CARDINAL,62,68
hvd.hwxnqb,117,8,0,2004,DATE,6,10
hvd.hwxnqb,117,8,1,"5,282",CARDINAL,11,16
hvd.hwxnqb,117,8,2,"11,823",CARDINAL,17,23
hvd.hwxnqb,117,8,3,"2,111",CARDINAL,24,29
hvd.hwxnqb,117,8,4,"200,603",CARDINAL,30,37
hvd.hwxnqb,117,8,5,"250,804",CARDINAL,38,45
hvd.hwxnqb,117,8,6,"240,922",CARDINAL,46,53
hvd.hwxnqb,117,9,0,Negroes,NORP,15,22
hvd.hwxnqb,117,9,1,Negro,NORP,141,146
hvd.hwxnqb,118,0,0,106,CARDINAL,0,3
hvd.hwxnqb,118,0,1,Negro,NORP,24,29
hvd.hwxnqb,118,1,0,Negro,NORP,37,42
hvd.hwxnqb,118,1,1,Southern,NORP,106,114
hvd.hwxnqb,119,0,0,VI,CARDINAL,8,10
hvd.hwxnqb,119,0,1,IRENE,PERSON,23,28
hvd.hwxnqb,119,1,0,Soc OON,PERSON,0,7
hvd.hwxnqb,119,1,1,Davis,PERSON,29,34
hvd.hwxnqb,119,1,2,Phoenix,GPE,81,88
hvd.hwxnqb,119,3,0,the day,DATE,74,81
hvd.hwxnqb,119,4,0,McPherson,PERSON,11,20
hvd.hwxnqb,119,4,1,South,LOC,176,181
hvd.hwxnqb,119,4,2,North,LOC,200,205
hvd.hwxnqb,119,5,0,South,LOC,66,71
hvd.hwxnqb,119,7,0,Negroes,NORP,18,25
hvd.hwxnqb,119,7,1,first,ORDINAL,51,56
hvd.hwxnqb,119,7,2,107,CARDINAL,78,81
hvd.hwxnqb,120,4,0,Southern,NORP,35,43
hvd.hwxnqb,120,4,1,Yankees,NORP,71,78
hvd.hwxnqb,120,4,2,the Civil War,EVENT,160,173
hvd.hwxnqb,120,8,0,Yankee,NORP,18,24
hvd.hwxnqb,120,8,1,South,LOC,40,45
hvd.hwxnqb,120,9,0,Chattahoochee,GPE,15,28
hvd.hwxnqb,121,0,0,Irene,PERSON,12,17
hvd.hwxnqb,121,0,1,109,CARDINAL,18,21
hvd.hwxnqb,121,0,2,Negroes,NORP,67,74
hvd.hwxnqb,121,1,0,the State Agricultural College for Negroes,ORG,39,81
hvd.hwxnqb,121,1,1,Savannah,GPE,88,96
hvd.hwxnqb,121,2,0,Negro,NORP,59,64
hvd.hwxnqb,121,3,0,Negro,NORP,153,158
hvd.hwxnqb,121,4,0,Negroes,NORP,75,82
hvd.hwxnqb,121,4,1,my day,DATE,245,251
hvd.hwxnqb,121,4,2,Negro,NORP,315,320
hvd.hwxnqb,122,5,0,Irene,PERSON,10,15
hvd.hwxnqb,122,7,0,two,CARDINAL,74,77
hvd.hwxnqb,122,8,0,that evening,TIME,20,32
hvd.hwxnqb,122,8,1,Davis,PERSON,63,68
hvd.hwxnqb,123,0,0,VII,CARDINAL,8,11
hvd.hwxnqb,123,0,1,NEWELL,PERSON,16,22
hvd.hwxnqb,123,0,2,Newell,PERSON,87,93
hvd.hwxnqb,123,0,3,one afternoon,TIME,137,150
hvd.hwxnqb,123,1,0,Negro,NORP,70,75
hvd.hwxnqb,123,1,1,Southern,NORP,195,203
hvd.hwxnqb,123,1,2,Sunday,DATE,298,304
hvd.hwxnqb,123,1,3,Negro,NORP,362,367
hvd.hwxnqb,124,0,0,112 Light Ahead for the Negro,WORK_OF_ART,0,29
hvd.hwxnqb,124,0,1,Southland,LOC,198,207
hvd.hwxnqb,124,1,0,Cecelia,PERSON,0,7
hvd.hwxnqb,124,1,1,the Cecilian Guild,ORG,73,91
hvd.hwxnqb,124,2,0,Davis,PERSON,111,116
hvd.hwxnqb,124,3,0,Negroes,NORP,106,113
hvd.hwxnqb,124,4,0,the Civil War,EVENT,27,40
hvd.hwxnqb,124,5,0,Twenty-five cents,MONEY,0,17
hvd.hwxnqb,124,6,0,Thousands,CARDINAL,0,9
hvd.hwxnqb,124,7,0,Day,DATE,0,3
hvd.hwxnqb,124,7,1,Africa,LOC,42,48
hvd.hwxnqb,125,0,0,Newell,PERSON,4,10
hvd.hwxnqb,125,1,0,"500,000",CARDINAL,10,17
hvd.hwxnqb,125,1,1,America,GPE,37,44
hvd.hwxnqb,125,2,0,one,CARDINAL,57,60
hvd.hwxnqb,125,2,1,the Cecilian Guilds,ORG,64,83
hvd.hwxnqb,125,3,0,Southern,NORP,56,64
hvd.hwxnqb,125,4,0,Lothario,PERSON,167,175
hvd.hwxnqb,125,8,0,North,PERSON,111,116
hvd.hwxnqb,126,0,0,114,CARDINAL,0,3
hvd.hwxnqb,126,1,0,North,LOC,14,19
hvd.hwxnqb,126,2,0,Two years,DATE,0,9
hvd.hwxnqb,126,2,1,Eva,PERSON,16,19
hvd.hwxnqb,126,2,2,Connecticut,GPE,55,66
hvd.hwxnqb,126,2,3,John Guilford,PERSON,68,81
hvd.hwxnqb,126,4,0,Eva,PERSON,7,10
hvd.hwxnqb,126,4,1,Connecticut,GPE,58,69
hvd.hwxnqb,126,7,0,Eva,PERSON,95,98
hvd.hwxnqb,126,10,0,Zola,PERSON,163,167
hvd.hwxnqb,127,0,0,Newell,PERSON,4,10
hvd.hwxnqb,127,2,0,Eva,PERSON,5,8
hvd.hwxnqb,127,2,1,second,ORDINAL,19,25
hvd.hwxnqb,127,2,2,four years old,DATE,36,50
hvd.hwxnqb,127,3,0,Guilfords,PERSON,33,42
hvd.hwxnqb,127,3,1,Guilford,PERSON,95,103
hvd.hwxnqb,128,0,0,VIII,CARDINAL,8,12
hvd.hwxnqb,128,0,1,IRENE,PERSON,18,23
hvd.hwxnqb,128,0,2,Irene,PERSON,47,52
hvd.hwxnqb,128,0,3,the few weeks,DATE,60,73
hvd.hwxnqb,128,0,4,Newell,PERSON,95,101
hvd.hwxnqb,128,1,0,One evening,TIME,0,11
hvd.hwxnqb,128,1,1,an hour,TIME,139,146
hvd.hwxnqb,128,3,0,the morning,TIME,73,84
hvd.hwxnqb,128,3,1,Newell,PERSON,116,122
hvd.hwxnqb,128,4,0,a few days later,DATE,41,57
hvd.hwxnqb,128,4,1,Philippines,GPE,84,95
hvd.hwxnqb,129,0,0,Irene Again,PERSON,5,16
hvd.hwxnqb,129,4,0,day,DATE,154,157
hvd.hwxnqb,129,4,1,Tom Dixon's Leopard's Spots,WORK_OF_ART,186,213
hvd.hwxnqb,129,5,0,Southern,NORP,119,127
hvd.hwxnqb,129,6,0,Southern,NORP,110,118
hvd.hwxnqb,129,7,0,English,NORP,102,109
hvd.hwxnqb,129,7,1,Atlantic,LOC,171,179
hvd.hwxnqb,130,2,0,Christianity,ORG,168,180
hvd.hwxnqb,130,4,0,South,LOC,85,90
hvd.hwxnqb,130,5,0,Southern,NORP,33,41
hvd.hwxnqb,130,5,1,Southern,NORP,184,192
hvd.hwxnqb,130,6,0,South,LOC,69,74
hvd.hwxnqb,130,7,0,the New South,LOC,30,43
hvd.hwxnqb,131,0,0,Irene Again,PERSON,5,16
hvd.hwxnqb,131,1,0,America,GPE,189,196
hvd.hwxnqb,131,2,0,Irene,PERSON,46,51
hvd.hwxnqb,131,2,1,Philippines,GPE,88,99
hvd.hwxnqb,132,0,0,IX,CARDINAL,8,10
hvd.hwxnqb,132,1,0,the Bureau of Public Utility,ORG,63,91
hvd.hwxnqb,132,3,0,Negro,NORP,77,82
hvd.hwxnqb,132,3,1,100,MONEY,138,141
hvd.hwxnqb,132,3,2,Northern,NORP,155,163
hvd.hwxnqb,132,4,0,North Carolina,GPE,50,64
hvd.hwxnqb,132,6,0,120,CARDINAL,154,157
hvd.hwxnqb,133,0,0,The Prize Essay 121 THE KIND OF EDUCATION,WORK_OF_ART,0,41
hvd.hwxnqb,133,1,0,Negro,NORP,158,163
hvd.hwxnqb,133,3,0,Negroes,NORP,4,11
hvd.hwxnqb,133,4,0,the last thirty years,DATE,54,75
hvd.hwxnqb,133,4,1,Negroes,NORP,102,109
hvd.hwxnqb,133,5,0,Negroes,NORP,77,84
hvd.hwxnqb,133,5,1,Negro,NORP,188,193
hvd.hwxnqb,133,6,0,Negro,NORP,73,78
hvd.hwxnqb,134,1,0,Negro,NORP,143,148
hvd.hwxnqb,134,2,0,Negro,NORP,181,186
hvd.hwxnqb,134,4,0,Venice,GPE,21,27
hvd.hwxnqb,134,6,0,twenty years',DATE,153,166
hvd.hwxnqb,134,7,0,first,ORDINAL,8,13
hvd.hwxnqb,135,4,0,twenty-one,DATE,27,37
hvd.hwxnqb,136,0,0,Negro,NORP,24,29
hvd.hwxnqb,136,3,0,six hundred,CARDINAL,8,19
hvd.hwxnqb,136,3,1,one,CARDINAL,40,43
hvd.hwxnqb,136,3,2,Virginia,GPE,61,69
hvd.hwxnqb,136,3,3,only 85,CARDINAL,78,85
hvd.hwxnqb,136,4,0,196,CARDINAL,10,13
hvd.hwxnqb,136,6,0,fourteen,CARDINAL,16,24
hvd.hwxnqb,136,7,0,Negro,NORP,144,149
hvd.hwxnqb,136,10,0,five hours,TIME,73,83
hvd.hwxnqb,137,0,0,The Prize Essay,WORK_OF_ART,0,15
hvd.hwxnqb,137,0,1,the day,DATE,20,27
hvd.hwxnqb,137,3,0,Negro,NORP,5,10
hvd.hwxnqb,137,3,1,the day,DATE,142,149
hvd.hwxnqb,138,0,0,126,CARDINAL,0,3
hvd.hwxnqb,138,0,1,four years,DATE,65,75
hvd.hwxnqb,138,0,2,three years',DATE,82,94
hvd.hwxnqb,138,1,0,three years,DATE,5,16
hvd.hwxnqb,138,2,0,Three years',DATE,0,12
hvd.hwxnqb,138,2,1,European,NORP,71,79
hvd.hwxnqb,138,2,2,a three years',DATE,164,178
hvd.hwxnqb,138,3,0,South,LOC,121,126
hvd.hwxnqb,138,3,1,hundreds,CARDINAL,228,236
hvd.hwxnqb,139,0,0,The Prize Essay 127,WORK_OF_ART,0,19
hvd.hwxnqb,139,3,0,four years,DATE,14,24
hvd.hwxnqb,139,6,0,first,ORDINAL,171,176
hvd.hwxnqb,139,6,1,from a half to two-thirds,CARDINAL,213,238
hvd.hwxnqb,140,0,0,first,ORDINAL,153,158
hvd.hwxnqb,140,6,0,one,CARDINAL,13,16
hvd.hwxnqb,140,6,1,thousand,CARDINAL,27,35
hvd.hwxnqb,140,9,0,three years,DATE,53,64
hvd.hwxnqb,141,0,0,The Prize Essay,WORK_OF_ART,0,15
hvd.hwxnqb,141,3,0,thirty years,DATE,135,147
hvd.hwxnqb,141,4,0,South,LOC,15,20
hvd.hwxnqb,141,4,1,Northern,LOC,24,32
hvd.hwxnqb,142,6,0,Negro,NORP,82,87
hvd.hwxnqb,142,6,1,Southern,NORP,102,110
hvd.hwxnqb,142,6,2,Negro Exposition,EVENT,151,167
hvd.hwxnqb,142,6,3,Negroes,NORP,177,184
hvd.hwxnqb,143,0,0,IRENE T,PERSON,23,30
hvd.hwxnqb,143,0,1,Irene,PERSON,58,63
hvd.hwxnqb,143,0,2,Newell,PERSON,96,102
hvd.hwxnqb,143,0,3,Gilbert Twitchell,PERSON,122,139
hvd.hwxnqb,143,0,4,Philippines,GPE,182,193
hvd.hwxnqb,143,2,0,Kennesaw Malvern,PERSON,19,35
hvd.hwxnqb,143,3,0,U. S.,GPE,55,60
hvd.hwxnqb,143,3,1,Philippines,GPE,84,95
hvd.hwxnqb,143,4,0,Irene,PERSON,0,5
hvd.hwxnqb,143,5,0,Gilbert Twitchell,PERSON,8,25
hvd.hwxnqb,143,6,0,first,ORDINAL,7,12
hvd.hwxnqb,143,6,1,Gilbert,PERSON,35,42
hvd.hwxnqb,144,8,0,Irene,PERSON,31,36
hvd.hwxnqb,144,8,1,Irene,PERSON,87,92
hvd.hwxnqb,144,8,2,Gilbert,PERSON,138,145
hvd.hwxnqb,144,8,3,the year 2007,DATE,155,168
hvd.hwxnqb,144,8,4,Philippines,GPE,235,246
hvd.hwxnqb,151,0,0,1979,DATE,64,68
hvd.hwxnqb,151,0,1,1979,DATE,83,87
