vol_id,page,sentence_id,ent_id,entity,entity_type,start_char,end_char
mdp.39015004949627,1,0,0,25 ma 1965,DATE,9,19
mdp.39015004949627,2,0,0,The University of Michiğan Libraries,ORG,12,48
mdp.39015004949627,2,0,1,3,CARDINAL,49,50
mdp.39015004949627,5,0,0,Many Thousand,CARDINAL,0,13
mdp.39015004949627,7,1,0,American,NORP,5,13
mdp.39015004949627,7,1,1,RONALD L. FAIR,PERSON,23,37
mdp.39015004949627,7,1,2,Victor Gollancz Ltd,ORG,38,57
mdp.39015004949627,7,1,3,London,GPE,59,65
mdp.39015004949627,7,1,4,1965,DATE,67,71
mdp.39015004949627,8,0,0,1965,DATE,2,6
mdp.39015004949627,8,0,1,Ronald L. Fair,PERSON,10,24
mdp.39015004949627,8,0,2,Great Britain,GPE,48,61
mdp.39015004949627,8,0,3,Lowe & Brydone (Printers) Ltd,ORG,65,94
mdp.39015004949627,8,0,4,London,GPE,96,102
mdp.39015004949627,9,0,0,Robert H. Ingalls,PERSON,37,54
mdp.39015004949627,9,0,1,Alex Wilson,PERSON,65,76
mdp.39015004949627,9,0,2,Jewel Coleman,PERSON,83,96
mdp.39015004949627,9,0,3,Edwin G. Schwenn,PERSON,98,114
mdp.39015004949627,9,0,4,Lucy,PERSON,131,135
mdp.39015004949627,11,0,0,Many thousand,CARDINAL,78,91
mdp.39015004949627,11,3,0,Many thousand,CARDINAL,0,13
mdp.39015004949627,11,5,0,Many thousand,CARDINAL,0,13
mdp.39015004949627,13,0,0,One,CARDINAL,5,8
mdp.39015004949627,15,0,0,One,CARDINAL,0,3
mdp.39015004949627,15,0,1,the County of Jacobs,GPE,28,48
mdp.39015004949627,15,0,2,Mississippi,GPE,65,76
mdp.39015004949627,15,1,0,Samuel Jacobs,PERSON,22,35
mdp.39015004949627,15,1,1,Natchez,GPE,73,80
mdp.39015004949627,15,1,2,Mississippi,GPE,82,93
mdp.39015004949627,15,1,3,one hundred thousand dollars,MONEY,258,286
mdp.39015004949627,16,0,0,tenyear-old,DATE,44,55
mdp.39015004949627,16,1,0,Jacobs,PERSON,4,10
mdp.39015004949627,16,2,0,Jacobs,PERSON,107,113
mdp.39015004949627,16,2,1,ten thousand dollars,MONEY,119,139
mdp.39015004949627,16,3,0,Jacobs,PERSON,31,37
mdp.39015004949627,16,5,0,1832,DATE,92,96
mdp.39015004949627,16,5,1,Jacobs,PERSON,102,108
mdp.39015004949627,16,6,0,two,CARDINAL,17,20
mdp.39015004949627,16,6,1,one,CARDINAL,31,34
mdp.39015004949627,16,6,2,Indians,NORP,52,59
mdp.39015004949627,16,6,3,Negroes,NORP,139,146
mdp.39015004949627,16,7,0,Indians,NORP,10,17
mdp.39015004949627,16,8,0,Negroes,NORP,14,21
mdp.39015004949627,16,8,1,Indians,NORP,41,48
mdp.39015004949627,16,8,2,years,DATE,53,58
mdp.39015004949627,16,9,0,Negroes,NORP,11,18
mdp.39015004949627,16,9,1,Indians,NORP,84,91
mdp.39015004949627,16,10,0,Jacobs,PERSON,4,10
mdp.39015004949627,16,10,1,one-hundred-per-cent,CARDINAL,44,64
mdp.39015004949627,16,10,2,Negro,NORP,65,70
mdp.39015004949627,16,11,0,half,CARDINAL,16,20
mdp.39015004949627,17,0,0,SUT ea,PERSON,0,6
mdp.39015004949627,17,0,1,Indian,NORP,10,16
mdp.39015004949627,17,1,0,1835,DATE,3,7
mdp.39015004949627,17,1,1,Chickasaws,NORP,24,34
mdp.39015004949627,17,1,2,Jacobs,PERSON,58,64
mdp.39015004949627,17,1,3,Indians,NORP,214,221
mdp.39015004949627,17,2,0,Jacob's,LOC,45,52
mdp.39015004949627,17,3,0,Jacobs,PERSON,4,10
mdp.39015004949627,17,6,0,1836,DATE,3,7
mdp.39015004949627,17,6,1,Mississippi,GPE,21,32
mdp.39015004949627,17,6,2,Jacobs,PERSON,50,56
mdp.39015004949627,17,6,3,Mississippi,GPE,99,110
mdp.39015004949627,17,7,0,Jacobsville,GPE,24,35
mdp.39015004949627,17,7,1,Jacobs,PERSON,79,85
mdp.39015004949627,17,7,2,the Civil War,EVENT,123,136
mdp.39015004949627,17,8,0,The Civil War years,DATE,0,19
mdp.39015004949627,17,8,1,Jacobs County,GPE,33,46
mdp.39015004949627,17,10,0,Jacobs,PERSON,4,10
mdp.39015004949627,17,10,1,Sam,PERSON,73,76
mdp.39015004949627,17,11,0,Yankee,NORP,27,33
mdp.39015004949627,17,11,1,Jacobs County,GPE,71,84
mdp.39015004949627,17,11,2,one,CARDINAL,187,190
mdp.39015004949627,18,0,0,Negroes,NORP,42,49
mdp.39015004949627,18,0,1,Jacobs,PERSON,126,132
mdp.39015004949627,18,0,2,fifty,CARDINAL,149,154
mdp.39015004949627,18,0,3,day,DATE,191,194
mdp.39015004949627,18,1,0,Negroes,NORP,13,20
mdp.39015004949627,18,2,0,Mississippi,GPE,17,28
mdp.39015004949627,18,2,1,Negro,NORP,127,132
mdp.39015004949627,18,3,0,Jacobs County,GPE,8,21
mdp.39015004949627,18,4,0,Samuel Jacobs,PERSON,4,17
mdp.39015004949627,18,4,1,1892,DATE,32,36
mdp.39015004949627,18,4,2,the age of eighty,DATE,40,57
mdp.39015004949627,18,4,3,"Sam, Jr.",PERSON,63,71
mdp.39015004949627,18,5,0,1920,DATE,3,7
mdp.39015004949627,18,5,1,fewer than a dozen,CARDINAL,9,27
mdp.39015004949627,18,5,2,Negroes,NORP,28,35
mdp.39015004949627,18,5,3,the Civil War,EVENT,66,79
mdp.39015004949627,18,8,0,one,CARDINAL,28,31
mdp.39015004949627,18,8,1,three,CARDINAL,44,49
mdp.39015004949627,18,8,2,Jacobs County,GPE,84,97
mdp.39015004949627,19,0,0,Two,CARDINAL,0,3
mdp.39015004949627,19,0,1,GRANNY Jacobs,PERSON,20,33
mdp.39015004949627,19,0,2,Jacobsville,GPE,68,79
mdp.39015004949627,19,2,0,Granny,PERSON,37,43
mdp.39015004949627,20,3,0,half,CARDINAL,37,41
mdp.39015004949627,20,3,1,Jacobs County,GPE,62,75
mdp.39015004949627,20,3,2,Granny Jacobs,PERSON,124,137
mdp.39015004949627,20,5,0,Jesse,PERSON,12,17
mdp.39015004949627,20,7,0,a quarter of a mile,QUANTITY,106,125
mdp.39015004949627,20,7,1,Go Tell It on the Mountain,WORK_OF_ART,158,184
mdp.39015004949627,20,7,2,Rock My Soul in the Bosom of Abraham,WORK_OF_ART,190,226
mdp.39015004949627,20,7,3,"Swing Low, Sweet Chariot",WORK_OF_ART,232,256
mdp.39015004949627,20,8,0,Six days,DATE,0,8
mdp.39015004949627,20,9,0,the seventh day,DATE,3,18
mdp.39015004949627,20,9,1,the Mt. Zion Baptist Church,ORG,99,126
mdp.39015004949627,20,10,0,six days,DATE,15,23
mdp.39015004949627,21,0,0,Jesse,PERSON,39,44
mdp.39015004949627,21,1,0,Granny,PERSON,17,23
mdp.39015004949627,21,1,1,sundown,TIME,83,90
mdp.39015004949627,21,2,0,Jacobs,PERSON,79,85
mdp.39015004949627,21,2,1,Jacobs,PERSON,107,113
mdp.39015004949627,21,3,0,the summer,DATE,77,87
mdp.39015004949627,21,3,1,Granny,PERSON,95,101
mdp.39015004949627,21,3,2,Jesse,PERSON,107,112
mdp.39015004949627,21,3,3,first,ORDINAL,168,173
mdp.39015004949627,21,3,4,twenty years,DATE,191,203
mdp.39015004949627,21,4,0,Granny,PERSON,14,20
mdp.39015004949627,21,4,1,Sunday,DATE,86,92
mdp.39015004949627,21,4,2,mornings,TIME,93,101
mdp.39015004949627,21,5,0,Lawd,PERSON,1,5
mdp.39015004949627,21,6,0,winter,DATE,138,144
mdp.39015004949627,21,7,0,The House of God,FAC,0,16
mdp.39015004949627,21,7,1,Harris,PERSON,64,70
mdp.39015004949627,21,7,2,Granny,PERSON,131,137
mdp.39015004949627,21,8,0,Granny,PERSON,40,46
mdp.39015004949627,21,8,1,one,CARDINAL,122,125
mdp.39015004949627,22,0,0,Jesse,PERSON,20,25
mdp.39015004949627,22,0,1,Bible,WORK_OF_ART,139,144
mdp.39015004949627,22,1,0,Monday,DATE,0,6
mdp.39015004949627,22,1,1,morning,TIME,7,14
mdp.39015004949627,22,1,2,Sunday,DATE,79,85
mdp.39015004949627,23,0,0,Three,CARDINAL,0,5
mdp.39015004949627,23,0,1,Rertha,PERSON,6,12
mdp.39015004949627,23,0,2,Jesse Black,PERSON,17,28
mdp.39015004949627,23,0,3,Ber Mcc.o.o.,PERSON,40,52
mdp.39015004949627,23,0,4,Jacobs Cienty cuncker,PERSON,56,77
mdp.39015004949627,23,0,5,NEGROES,PERSON,97,104
mdp.39015004949627,23,0,6,JACOBS County,GPE,108,121
mdp.39015004949627,24,0,0,first,ORDINAL,26,31
mdp.39015004949627,24,0,1,Negro,NORP,57,62
mdp.39015004949627,24,2,0,the hot summer months,DATE,82,103
mdp.39015004949627,24,4,0,days,DATE,144,148
mdp.39015004949627,24,5,0,Jacobsville,GPE,24,35
mdp.39015004949627,24,5,1,Bessie James,PERSON,84,96
mdp.39015004949627,24,5,2,Lula Ferguson,PERSON,101,114
mdp.39015004949627,24,5,3,Negroes,NORP,130,137
mdp.39015004949627,24,6,0,Bessie,PERSON,0,6
mdp.39015004949627,24,6,1,Lula,PERSON,11,15
mdp.39015004949627,24,7,0,Negroes,NORP,39,46
mdp.39015004949627,24,7,1,Bessie James,PERSON,93,105
mdp.39015004949627,24,7,2,Lula Ferguson,PERSON,110,123
mdp.39015004949627,25,1,0,Bessie,PERSON,150,156
mdp.39015004949627,25,1,1,Lula,PERSON,161,165
mdp.39015004949627,25,2,0,Lula,PERSON,0,4
mdp.39015004949627,25,3,0,Negro,NORP,31,36
mdp.39015004949627,25,4,0,one,CARDINAL,12,15
mdp.39015004949627,25,7,0,Bessie,PERSON,0,6
mdp.39015004949627,25,8,0,first,ORDINAL,14,19
mdp.39015004949627,25,8,1,Jacobs,PERSON,129,135
mdp.39015004949627,25,9,0,a bad summer,DATE,7,19
mdp.39015004949627,25,9,1,Bessie,PERSON,29,35
mdp.39015004949627,26,0,0,twelve,DATE,0,6
mdp.39015004949627,26,1,0,Jacobsville,GPE,77,88
mdp.39015004949627,26,2,0,Bessie,PERSON,0,6
mdp.39015004949627,26,2,1,Clay Jenkins,PERSON,69,81
mdp.39015004949627,26,2,2,sixteen,DATE,110,117
mdp.39015004949627,26,3,0,Five,CARDINAL,0,4
mdp.39015004949627,26,3,1,Jacobsville,GPE,54,65
mdp.39015004949627,26,3,2,one,CARDINAL,131,134
mdp.39015004949627,26,4,0,one,CARDINAL,3,6
mdp.39015004949627,26,6,0,one,CARDINAL,17,20
mdp.39015004949627,26,11,0,One,CARDINAL,0,3
mdp.39015004949627,26,14,0,Bessie,PERSON,38,44
mdp.39015004949627,26,14,1,Clay,PERSON,49,53
mdp.39015004949627,26,14,2,Bessie,PERSON,138,144
mdp.39015004949627,26,15,0,Clay,PERSON,11,15
mdp.39015004949627,26,15,1,Bessie,PERSON,20,26
mdp.39015004949627,26,15,2,14,CARDINAL,90,92
mdp.39015004949627,27,0,0,Clay,PERSON,0,4
mdp.39015004949627,27,0,1,Bessie,PERSON,35,41
mdp.39015004949627,27,1,0,Bessie,PERSON,6,12
mdp.39015004949627,27,8,0,One,CARDINAL,0,3
mdp.39015004949627,27,8,1,Clay,PERSON,33,37
mdp.39015004949627,27,8,2,Bessie,PERSON,56,62
mdp.39015004949627,27,9,0,Clay,PERSON,0,4
mdp.39015004949627,27,9,1,one,CARDINAL,76,79
mdp.39015004949627,27,10,0,Bessie,PERSON,57,63
mdp.39015004949627,27,11,0,first,ORDINAL,11,16
mdp.39015004949627,27,12,0,second,ORDINAL,4,10
mdp.39015004949627,27,12,1,Clay,PERSON,61,65
mdp.39015004949627,27,13,0,third,ORDINAL,4,9
mdp.39015004949627,27,14,0,Clay,PERSON,0,4
mdp.39015004949627,27,14,1,only a few seconds,TIME,42,60
mdp.39015004949627,27,15,0,Bessie,PERSON,17,23
mdp.39015004949627,28,4,0,Negro,NORP,56,61
mdp.39015004949627,28,9,0,three,CARDINAL,22,27
mdp.39015004949627,28,13,0,Bessie,PERSON,20,26
mdp.39015004949627,28,13,1,second,ORDINAL,57,63
mdp.39015004949627,28,15,0,Clay,PERSON,4,8
mdp.39015004949627,29,0,0,SAVO OI Clay's,PERSON,0,14
mdp.39015004949627,29,0,1,Negroes,NORP,57,64
mdp.39015004949627,29,0,2,Jacobsville,GPE,68,79
mdp.39015004949627,29,1,0,three,CARDINAL,18,23
mdp.39015004949627,29,1,1,months,DATE,38,44
mdp.39015004949627,29,2,0,Negroes,NORP,14,21
mdp.39015004949627,29,2,1,the night,TIME,223,232
mdp.39015004949627,29,2,2,Negroes,NORP,255,262
mdp.39015004949627,29,3,0,Negroes,NORP,4,11
mdp.39015004949627,29,3,1,Clay,PERSON,122,126
mdp.39015004949627,29,6,0,Clay,PERSON,60,64
mdp.39015004949627,29,8,0,Clay,PERSON,43,47
mdp.39015004949627,29,9,0,one,CARDINAL,13,16
mdp.39015004949627,29,11,0,Clay,PERSON,45,49
mdp.39015004949627,29,11,1,Chicago,GPE,85,92
mdp.39015004949627,29,12,0,Clay,PERSON,23,27
mdp.39015004949627,29,12,1,Bessie,PERSON,42,48
mdp.39015004949627,30,1,0,Lawd,PERSON,40,44
mdp.39015004949627,30,3,0,first,ORDINAL,90,95
mdp.39015004949627,30,4,0,Bessie,PERSON,0,6
mdp.39015004949627,30,4,1,Lula,PERSON,11,15
mdp.39015004949627,30,5,0,first,ORDINAL,29,34
mdp.39015004949627,30,5,1,Granny Jacobs,PERSON,49,62
mdp.39015004949627,30,5,2,first,ORDINAL,74,79
mdp.39015004949627,30,5,3,Jesse Black,PERSON,116,127
mdp.39015004949627,30,6,0,Granny,PERSON,0,6
mdp.39015004949627,30,6,1,Bertha,PERSON,76,82
mdp.39015004949627,30,7,0,Negro,NORP,23,28
mdp.39015004949627,30,8,0,first,ORDINAL,95,100
mdp.39015004949627,30,8,1,Jacobsville Negroes,NORP,139,158
mdp.39015004949627,30,9,0,Granny,PERSON,30,36
mdp.39015004949627,30,9,1,Bertha,PERSON,49,55
mdp.39015004949627,31,3,0,Bertha,PERSON,0,6
mdp.39015004949627,31,3,1,first,ORDINAL,20,25
mdp.39015004949627,31,3,2,Negroes,NORP,110,117
mdp.39015004949627,31,5,0,Bertha,PERSON,0,6
mdp.39015004949627,31,5,1,Jesse Black,PERSON,27,38
mdp.39015004949627,31,5,2,Jacobs,PERSON,61,67
mdp.39015004949627,31,6,0,Jesse,PERSON,0,5
mdp.39015004949627,31,6,1,eighteen years old,DATE,10,28
mdp.39015004949627,31,6,2,Jacobs County,GPE,99,112
mdp.39015004949627,31,7,0,Negroes,NORP,60,67
mdp.39015004949627,31,7,1,Jesse,PERSON,72,77
mdp.39015004949627,31,7,2,Bertha,PERSON,103,109
mdp.39015004949627,31,9,0,Bertha,PERSON,1,7
mdp.39015004949627,31,9,1,Jesse,PERSON,46,51
mdp.39015004949627,31,11,0,Lawd,PERSON,122,126
mdp.39015004949627,31,12,0,Jacobs County,GPE,85,98
mdp.39015004949627,32,0,0,Granny,PERSON,7,13
mdp.39015004949627,32,0,1,Bertha,PERSON,16,22
mdp.39015004949627,32,0,2,Jesse,PERSON,59,64
mdp.39015004949627,32,1,0,Granny Jacobs,PERSON,0,13
mdp.39015004949627,32,4,0,two,CARDINAL,4,7
mdp.39015004949627,32,5,0,Jesse,PERSON,35,40
mdp.39015004949627,32,5,1,Bertha,PERSON,45,51
mdp.39015004949627,32,5,2,a few moments',TIME,79,93
mdp.39015004949627,32,5,3,Jesse,PERSON,125,130
mdp.39015004949627,32,5,4,first,ORDINAL,157,162
mdp.39015004949627,32,5,5,first,ORDINAL,217,222
mdp.39015004949627,32,5,6,one-hundred-per-cent,CARDINAL,245,265
mdp.39015004949627,32,6,0,Jesse,PERSON,2,7
mdp.39015004949627,32,7,0,Bertha,PERSON,96,102
mdp.39015004949627,32,7,1,first,ORDINAL,144,149
mdp.39015004949627,32,7,2,first,ORDINAL,181,186
mdp.39015004949627,32,9,0,Jesse,PERSON,0,5
mdp.39015004949627,32,9,1,Bertha,PERSON,10,16
mdp.39015004949627,32,9,2,Jacobs County,GPE,64,77
mdp.39015004949627,32,11,0,week,DATE,59,63
mdp.39015004949627,32,11,1,Granny,PERSON,78,84
mdp.39015004949627,32,12,0,Granny,PERSON,0,6
mdp.39015004949627,32,12,1,Jesse,PERSON,52,57
mdp.39015004949627,32,12,2,Bertha,PERSON,62,68
mdp.39015004949627,32,15,0,Jesse,PERSON,1,6
mdp.39015004949627,33,2,0,Jesse,PERSON,14,19
mdp.39015004949627,33,3,0,three,CARDINAL,13,18
mdp.39015004949627,33,5,0,Jesse,PERSON,0,5
mdp.39015004949627,33,5,1,night,TIME,19,24
mdp.39015004949627,33,5,2,the day,DATE,73,80
mdp.39015004949627,33,5,3,Bertha,PERSON,113,119
mdp.39015004949627,33,5,4,Jacobsville,GPE,186,197
mdp.39015004949627,33,6,0,That September,DATE,0,14
mdp.39015004949627,33,6,1,Bertha,PERSON,82,88
mdp.39015004949627,33,6,2,Jesse,PERSON,98,103
mdp.39015004949627,33,7,0,a joyous day,DATE,7,19
mdp.39015004949627,33,7,1,Negroes,NORP,28,35
mdp.39015004949627,33,7,2,Jacobsville,GPE,39,50
mdp.39015004949627,33,7,3,Bertha,PERSON,111,117
mdp.39015004949627,33,7,4,three months,DATE,122,134
mdp.39015004949627,33,8,0,Jacobs,PERSON,7,13
mdp.39015004949627,33,8,1,Bertha,PERSON,57,63
mdp.39015004949627,33,9,0,Jesse,PERSON,4,9
mdp.39015004949627,33,10,0,Bertha,PERSON,0,6
mdp.39015004949627,33,11,0,twenty-four hours,TIME,103,120
mdp.39015004949627,33,12,0,Jesse,PERSON,0,5
mdp.39015004949627,33,12,1,one,CARDINAL,31,34
mdp.39015004949627,33,12,2,Jacobs,PERSON,101,107
mdp.39015004949627,33,13,0,Jacobs,PERSON,4,10
mdp.39015004949627,33,13,1,Jesse,PERSON,67,72
mdp.39015004949627,33,13,2,Bertha,PERSON,77,83
mdp.39015004949627,34,1,0,Jesse,PERSON,12,17
mdp.39015004949627,34,1,1,Jacobs,PERSON,32,38
mdp.39015004949627,34,1,2,years,DATE,75,80
mdp.39015004949627,34,2,0,Bertha,PERSON,0,6
mdp.39015004949627,34,2,1,two months,DATE,12,22
mdp.39015004949627,34,2,2,Jesse,PERSON,109,114
mdp.39015004949627,34,5,0,Jesse,PERSON,0,5
mdp.39015004949627,34,9,0,Jesse,PERSON,0,5
mdp.39015004949627,34,11,0,Jesse,PERSON,0,5
mdp.39015004949627,34,13,0,Jesse,PERSON,0,5
mdp.39015004949627,34,13,1,Jacobsville,GPE,26,37
mdp.39015004949627,34,14,0,Granny Jacobs,PERSON,73,86
mdp.39015004949627,34,15,0,first,ORDINAL,32,37
mdp.39015004949627,34,17,0,Chicago,GPE,42,49
mdp.39015004949627,34,17,1,one,CARDINAL,56,59
mdp.39015004949627,34,17,2,Harris,PERSON,103,109
mdp.39015004949627,35,2,0,Jesse,PERSON,0,5
mdp.39015004949627,35,2,1,K.C.,PERSON,36,40
mdp.39015004949627,35,3,0,three days,DATE,64,74
mdp.39015004949627,35,3,1,K.C.,PERSON,102,106
mdp.39015004949627,35,3,2,Jesse,PERSON,111,116
mdp.39015004949627,35,3,3,Mississippi,GPE,131,142
mdp.39015004949627,35,4,0,Two months later,DATE,0,16
mdp.39015004949627,35,4,1,Harris,PERSON,26,32
mdp.39015004949627,35,4,2,Michigan Avenue,FAC,117,132
mdp.39015004949627,35,5,0,Hebbin,PERSON,46,52
mdp.39015004949627,35,5,1,K.C.,PERSON,69,73
mdp.39015004949627,35,5,2,Jesse,PERSON,78,83
mdp.39015004949627,35,6,0,Jesse Black Sur.,PERSON,0,16
mdp.39015004949627,35,7,0,Slova,NORP,15,20
mdp.39015004949627,35,7,1,China,GPE,33,38
mdp.39015004949627,36,0,0,Four,CARDINAL,0,4
mdp.39015004949627,36,1,0,RANNY,PERSON,0,5
mdp.39015004949627,36,1,1,Jesse,PERSON,20,25
mdp.39015004949627,36,2,0,Negro,NORP,101,106
mdp.39015004949627,36,3,0,five,DATE,19,23
mdp.39015004949627,36,4,0,six,DATE,12,15
mdp.39015004949627,36,4,1,Jacobs,PERSON,20,26
mdp.39015004949627,37,3,0,seven,TIME,3,8
mdp.39015004949627,37,3,1,ten-year-old,DATE,56,68
mdp.39015004949627,37,4,0,Jacobs,PERSON,4,10
mdp.39015004949627,37,4,1,Granny,PERSON,23,29
mdp.39015004949627,37,4,2,the age of,DATE,109,119
mdp.39015004949627,37,4,3,eight,DATE,120,125
mdp.39015004949627,37,4,4,Jesse,PERSON,133,138
mdp.39015004949627,37,4,5,Jacobs,PERSON,166,172
mdp.39015004949627,37,5,0,Jacobs,PERSON,9,15
mdp.39015004949627,37,5,1,Jesse,PERSON,105,110
mdp.39015004949627,37,5,2,Granny,PERSON,116,122
mdp.39015004949627,37,5,3,Jacobs,PERSON,155,161
mdp.39015004949627,37,5,4,Jackson,GPE,184,191
mdp.39015004949627,37,5,5,five o'clock in the afternoon,TIME,238,267
mdp.39015004949627,37,5,6,nine or ten at night,TIME,274,294
mdp.39015004949627,37,6,0,Jacobs,PERSON,56,62
mdp.39015004949627,37,6,1,Jacobs,PERSON,94,100
mdp.39015004949627,37,6,2,Jesse,PERSON,115,120
mdp.39015004949627,37,7,0,Granny,PERSON,17,23
mdp.39015004949627,37,8,0,that year,DATE,38,47
mdp.39015004949627,37,8,1,Jacobs,PERSON,79,85
mdp.39015004949627,37,9,0,Jacobs,PERSON,12,18
mdp.39015004949627,37,9,1,Jesse,PERSON,45,50
mdp.39015004949627,37,10,0,Granny,PERSON,0,6
mdp.39015004949627,37,10,1,Negro,NORP,85,90
mdp.39015004949627,37,10,2,Jesse,PERSON,128,133
mdp.39015004949627,37,10,3,Chicago,GPE,156,163
mdp.39015004949627,37,11,0,Jesse,PERSON,26,31
mdp.39015004949627,37,11,1,Negroes,NORP,52,59
mdp.39015004949627,38,0,0,Chicago,GPE,27,34
mdp.39015004949627,38,0,1,Jesse,PERSON,61,66
mdp.39015004949627,38,0,2,K.C.,PERSON,70,74
mdp.39015004949627,38,1,0,Negro,NORP,19,24
mdp.39015004949627,38,1,1,Jackson County,GPE,53,67
mdp.39015004949627,38,2,0,Jesse,PERSON,37,42
mdp.39015004949627,38,2,1,Negro,NORP,102,107
mdp.39015004949627,38,2,2,Minnott,GPE,131,138
mdp.39015004949627,38,2,3,Jesse,PERSON,206,211
mdp.39015004949627,38,2,4,Jacobsville,GPE,227,238
mdp.39015004949627,38,3,0,at least three days,DATE,33,52
mdp.39015004949627,38,4,0,night,TIME,54,59
mdp.39015004949627,38,5,0,Negroes,NORP,70,77
mdp.39015004949627,38,5,1,Jacobs,PERSON,211,217
mdp.39015004949627,38,6,0,Granny,PERSON,23,29
mdp.39015004949627,38,7,0,Jesse,PERSON,58,63
mdp.39015004949627,38,8,0,Jacobs,PERSON,35,41
mdp.39015004949627,38,8,1,Jesse,PERSON,94,99
mdp.39015004949627,38,8,2,Negro,NORP,175,180
mdp.39015004949627,38,9,0,the Black Prince,PERSON,31,47
mdp.39015004949627,38,9,1,first,ORDINAL,68,73
mdp.39015004949627,38,9,2,26,CARDINAL,84,86
mdp.39015004949627,39,0,0,Jacobsville,GPE,42,53
mdp.39015004949627,39,2,0,Granny Jacobs,PERSON,0,13
mdp.39015004949627,39,2,1,six days,DATE,35,43
mdp.39015004949627,39,2,2,Granny Jones,PERSON,110,122
mdp.39015004949627,39,2,3,Granny Jacobs,PERSON,193,206
mdp.39015004949627,39,2,4,Granny Jones,PERSON,222,234
mdp.39015004949627,39,3,0,Granny Jones,PERSON,67,79
mdp.39015004949627,39,5,0,Granny Jacobs,PERSON,24,37
mdp.39015004949627,39,8,0,Granny,PERSON,62,68
mdp.39015004949627,39,8,1,Jacobsville,GPE,95,106
mdp.39015004949627,39,9,0,Jesse,PERSON,95,100
mdp.39015004949627,39,10,0,Granny,PERSON,67,73
mdp.39015004949627,39,10,1,Jesse,PERSON,141,146
mdp.39015004949627,39,11,0,Jesse,PERSON,90,95
mdp.39015004949627,39,12,0,Jacobs,PERSON,8,14
mdp.39015004949627,39,13,0,Lawd,PERSON,4,8
mdp.39015004949627,39,13,1,Clyde,PERSON,58,63
mdp.39015004949627,39,15,0,Granny,PERSON,0,6
mdp.39015004949627,40,0,0,Prince,PERSON,0,6
mdp.39015004949627,40,2,0,Granny,PERSON,20,26
mdp.39015004949627,40,2,1,Thursday,DATE,39,47
mdp.39015004949627,40,2,2,night,TIME,48,53
mdp.39015004949627,40,2,3,two hours,TIME,55,64
mdp.39015004949627,40,3,0,Agnes,PERSON,16,21
mdp.39015004949627,40,3,1,three days,DATE,54,64
mdp.39015004949627,40,3,2,the weekends,DATE,155,167
mdp.39015004949627,40,4,0,the day after Sunday,DATE,59,79
mdp.39015004949627,40,4,1,Friday,DATE,116,122
mdp.39015004949627,40,4,2,Saturday,DATE,127,135
mdp.39015004949627,40,4,3,Sunday,DATE,155,161
mdp.39015004949627,40,5,0,Granny,PERSON,5,11
mdp.39015004949627,40,6,0,"Thursday, Friday",DATE,10,26
mdp.39015004949627,40,6,1,Saturday,DATE,28,36
mdp.39015004949627,40,6,2,Sunday,DATE,38,44
mdp.39015004949627,40,6,3,Monday,DATE,46,52
mdp.39015004949627,40,6,4,Tuesday,DATE,54,61
mdp.39015004949627,40,6,5,Wednesday,DATE,63,72
mdp.39015004949627,40,7,0,the day,DATE,8,15
mdp.39015004949627,40,9,0,Granny,PERSON,39,45
mdp.39015004949627,40,9,1,Jesse,PERSON,50,55
mdp.39015004949627,40,9,2,two,CARDINAL,76,79
mdp.39015004949627,40,10,0,Jesse,PERSON,0,5
mdp.39015004949627,40,10,1,Granny,PERSON,66,72
mdp.39015004949627,40,11,0,Thursday,DATE,0,8
mdp.39015004949627,40,11,1,night,TIME,9,14
mdp.39015004949627,40,11,2,Otis,PERSON,53,57
mdp.39015004949627,40,11,3,Granny,PERSON,88,94
mdp.39015004949627,40,11,4,Sunday,DATE,142,148
mdp.39015004949627,40,12,0,Granny,PERSON,35,41
mdp.39015004949627,41,0,0,Jacobs,PERSON,5,11
mdp.39015004949627,41,1,0,Granny,PERSON,33,39
mdp.39015004949627,41,3,0,Otis,PERSON,33,37
mdp.39015004949627,41,6,0,Otis,PERSON,0,4
mdp.39015004949627,41,6,1,Granny,PERSON,34,40
mdp.39015004949627,41,7,0,sixty-five years old,DATE,7,27
mdp.39015004949627,41,7,1,three years older,DATE,33,50
mdp.39015004949627,41,7,2,Barnes,PERSON,110,116
mdp.39015004949627,41,8,0,Barnes,PERSON,50,56
mdp.39015004949627,41,9,0,Barnes,PERSON,4,10
mdp.39015004949627,41,10,0,Otis,PERSON,0,4
mdp.39015004949627,41,10,1,years before,DATE,41,53
mdp.39015004949627,41,10,2,Granny,PERSON,65,71
mdp.39015004949627,41,10,3,ten years,DATE,167,176
mdp.39015004949627,41,10,4,Otis,PERSON,186,190
mdp.39015004949627,41,10,5,three,CARDINAL,201,206
mdp.39015004949627,41,12,0,Granny,PERSON,0,6
mdp.39015004949627,41,12,1,those days,DATE,30,40
mdp.39015004949627,41,13,0,almost every week,DATE,102,119
mdp.39015004949627,41,13,1,29,CARDINAL,132,134
mdp.39015004949627,42,0,0,hundreds,CARDINAL,55,63
mdp.39015004949627,42,1,0,Granny,PERSON,22,28
mdp.39015004949627,42,1,1,hundreds,CARDINAL,152,160
mdp.39015004949627,42,3,0,Barnes,PERSON,52,58
mdp.39015004949627,42,4,0,Barnes,PERSON,9,15
mdp.39015004949627,42,4,1,almost fifty,DATE,78,90
mdp.39015004949627,42,7,0,nex year,DATE,6,14
mdp.39015004949627,42,14,0,Granny,PERSON,0,6
mdp.39015004949627,42,15,0,sixty-two,DATE,8,17
mdp.39015004949627,43,0,0,Otis,PERSON,0,4
mdp.39015004949627,43,0,1,the past twenty years,DATE,43,64
mdp.39015004949627,43,1,0,that night,TIME,10,20
mdp.39015004949627,43,2,0,Jesse,PERSON,0,5
mdp.39015004949627,43,2,1,all day,DATE,16,23
mdp.39015004949627,43,3,0,Jacobs,PERSON,20,26
mdp.39015004949627,43,3,1,two,CARDINAL,53,56
mdp.39015004949627,43,3,2,Granny,PERSON,93,99
mdp.39015004949627,43,3,3,Otis,PERSON,104,108
mdp.39015004949627,43,4,0,Clyde,PERSON,60,65
mdp.39015004949627,43,4,1,Jacobs,PERSON,75,81
mdp.39015004949627,43,5,0,Negro,NORP,24,29
mdp.39015004949627,43,5,1,Jacobs County,GPE,33,46
mdp.39015004949627,43,6,0,a few miles,QUANTITY,125,136
mdp.39015004949627,43,7,0,Otis,PERSON,54,58
mdp.39015004949627,43,8,0,four,QUANTITY,11,15
mdp.39015004949627,43,8,1,Jacobs,PERSON,27,33
mdp.39015004949627,43,11,0,Jacobs,PERSON,4,10
mdp.39015004949627,43,13,0,this week,DATE,29,38
mdp.39015004949627,43,14,0,Next week,DATE,0,9
mdp.39015004949627,43,14,1,Clyde,PERSON,17,22
mdp.39015004949627,43,15,0,Granny,PERSON,0,6
mdp.39015004949627,43,17,0,a hundred,DATE,76,85
mdp.39015004949627,43,18,0,The Black Prince of,PERSON,0,19
mdp.39015004949627,44,0,0,Jacobsville,PERSON,5,16
mdp.39015004949627,44,5,0,Jacobs,PERSON,36,42
mdp.39015004949627,44,8,0,Lawd,PERSON,105,109
mdp.39015004949627,44,11,0,Granny,PERSON,8,14
mdp.39015004949627,44,11,1,Otis,PERSON,19,23
mdp.39015004949627,44,12,0,Jesse,PERSON,0,5
mdp.39015004949627,44,12,1,a full minute,TIME,29,42
mdp.39015004949627,44,12,2,Jacobs,PERSON,193,199
mdp.39015004949627,44,14,0,Granny,PERSON,12,18
mdp.39015004949627,44,15,0,Jacobs,PERSON,5,11
mdp.39015004949627,45,0,0,Granny,PERSON,0,6
mdp.39015004949627,45,1,0,Otis,PERSON,0,4
mdp.39015004949627,45,1,1,Jesse,PERSON,31,36
mdp.39015004949627,45,1,2,Clyde,PERSON,81,86
mdp.39015004949627,45,2,0,Otis,PERSON,29,33
mdp.39015004949627,45,2,1,Granny,PERSON,47,53
mdp.39015004949627,45,6,0,Granny,PERSON,0,6
mdp.39015004949627,45,6,1,Jacobs County,GPE,106,119
mdp.39015004949627,45,7,0,Lawd,PERSON,0,4
mdp.39015004949627,45,7,1,Lawd,PERSON,6,10
mdp.39015004949627,45,7,2,Lawd,PERSON,119,123
mdp.39015004949627,45,8,0,Jesse,PERSON,11,16
mdp.39015004949627,45,8,1,Bible,WORK_OF_ART,129,134
mdp.39015004949627,45,8,2,one,CARDINAL,136,139
mdp.39015004949627,45,8,3,Harris,PERSON,175,181
mdp.39015004949627,45,9,0,Granny,PERSON,1,7
mdp.39015004949627,45,9,1,Jesse,PERSON,10,15
mdp.39015004949627,45,11,0,Clyde,PERSON,15,20
mdp.39015004949627,45,12,0,Jacobs,PERSON,36,42
mdp.39015004949627,45,13,0,Clyde,PERSON,0,5
mdp.39015004949627,45,15,0,Otis,PERSON,0,4
mdp.39015004949627,45,15,1,two,CARDINAL,9,12
mdp.39015004949627,46,0,0,Five,CARDINAL,0,4
mdp.39015004949627,46,1,0,The next night,TIME,0,14
mdp.39015004949627,46,1,1,only a few hours,TIME,46,62
mdp.39015004949627,46,2,0,Minnott,GPE,31,38
mdp.39015004949627,46,3,0,Jacobs County,GPE,42,55
mdp.39015004949627,46,4,0,Jacobs County,GPE,77,90
mdp.39015004949627,47,0,0,Jacobsville,GPE,8,19
mdp.39015004949627,47,0,1,Minnott,GPE,29,36
mdp.39015004949627,47,0,2,first,ORDINAL,45,50
mdp.39015004949627,47,3,0,Jacobs County,GPE,25,38
mdp.39015004949627,47,4,0,Mississippi,GPE,20,31
mdp.39015004949627,47,4,1,Jacobs County,GPE,46,59
mdp.39015004949627,47,5,0,Granny,PERSON,40,46
mdp.39015004949627,47,5,1,Otis,PERSON,51,55
mdp.39015004949627,47,5,2,Jesse,PERSON,60,65
mdp.39015004949627,47,6,0,Otis,PERSON,42,46
mdp.39015004949627,47,6,1,Jesse,PERSON,51,56
mdp.39015004949627,47,6,2,Granny,PERSON,64,70
mdp.39015004949627,47,7,0,hours,TIME,112,117
mdp.39015004949627,47,8,0,Granny,PERSON,19,25
mdp.39015004949627,47,8,1,Otis,PERSON,28,32
mdp.39015004949627,47,9,0,Granny,PERSON,0,6
mdp.39015004949627,47,9,1,Jesse,PERSON,40,45
mdp.39015004949627,47,12,0,Otis,PERSON,30,34
mdp.39015004949627,47,15,0,Bertha,PERSON,15,21
mdp.39015004949627,47,16,0,Granny,PERSON,0,6
mdp.39015004949627,47,18,0,one,CARDINAL,23,26
mdp.39015004949627,47,20,0,35,CARDINAL,0,2
mdp.39015004949627,48,3,0,Otis,PERSON,0,4
mdp.39015004949627,48,3,1,a minute,TIME,17,25
mdp.39015004949627,48,4,0,every fifty yards,QUANTITY,132,149
mdp.39015004949627,48,10,0,four,CARDINAL,156,160
mdp.39015004949627,48,10,1,five,CARDINAL,165,169
mdp.39015004949627,48,11,0,one,CARDINAL,85,88
mdp.39015004949627,48,15,0,Lawd,PERSON,4,8
mdp.39015004949627,48,16,0,Jesse,PERSON,10,15
mdp.39015004949627,49,0,0,Otis,PERSON,16,20
mdp.39015004949627,49,2,0,Granny,PERSON,0,6
mdp.39015004949627,49,4,0,Jesse,PERSON,8,13
mdp.39015004949627,49,4,1,a few seconds,TIME,68,81
mdp.39015004949627,49,7,0,a half-mile,QUANTITY,93,104
mdp.39015004949627,49,9,0,Granny,PERSON,57,63
mdp.39015004949627,49,9,1,Jesse,PERSON,173,178
mdp.39015004949627,49,11,0,Granny,PERSON,46,52
mdp.39015004949627,49,14,0,Granny Jacobs,PERSON,4,17
mdp.39015004949627,49,14,1,Otis,PERSON,35,39
mdp.39015004949627,49,14,2,Jesse Jacobs,PERSON,57,69
mdp.39015004949627,49,14,3,Jesse,PERSON,78,83
mdp.39015004949627,49,14,4,first,ORDINAL,88,93
mdp.39015004949627,49,14,5,the Black Prince,PERSON,100,116
mdp.39015004949627,49,15,0,Chicago,GPE,42,49
mdp.39015004949627,49,16,0,Jesse,PERSON,59,64
mdp.39015004949627,49,16,1,Granny,PERSON,69,75
mdp.39015004949627,49,16,2,Jesse,PERSON,103,108
mdp.39015004949627,49,17,0,Jesse Jacobs,PERSON,5,17
mdp.39015004949627,50,2,0,two,CARDINAL,27,30
mdp.39015004949627,50,3,0,Jacobs,PERSON,46,52
mdp.39015004949627,50,4,0,all night,TIME,19,28
mdp.39015004949627,50,4,1,Granny,PERSON,36,42
mdp.39015004949627,50,5,0,Jacobsville,GPE,53,64
mdp.39015004949627,50,5,1,daybreak,TIME,72,80
mdp.39015004949627,50,10,0,one,CARDINAL,64,67
mdp.39015004949627,50,11,0,Robert Lee Brown,PERSON,12,28
mdp.39015004949627,50,13,0,Granny,PERSON,38,44
mdp.39015004949627,50,18,0,Jacobsville,GPE,18,29
mdp.39015004949627,50,24,0,Robert,PERSON,1,7
mdp.39015004949627,50,25,0,Robert,PERSON,0,6
mdp.39015004949627,50,25,1,Junior,PERSON,8,14
mdp.39015004949627,50,26,0,Ruth Ellen,PERSON,0,10
mdp.39015004949627,50,28,0,Robert,PERSON,7,13
mdp.39015004949627,50,31,0,38,CARDINAL,0,2
mdp.39015004949627,51,0,0,Two,CARDINAL,0,3
mdp.39015004949627,51,3,0,Granny,PERSON,15,21
mdp.39015004949627,51,4,0,Jacobsville,GPE,14,25
mdp.39015004949627,51,5,0,Jacobsville,GPE,13,24
mdp.39015004949627,51,6,0,Granny Jacobs,PERSON,5,18
mdp.39015004949627,51,6,1,Otis,PERSON,36,40
mdp.39015004949627,51,6,2,Jesse,PERSON,58,63
mdp.39015004949627,51,7,0,Jesse,PERSON,0,5
mdp.39015004949627,51,8,0,Robert Brown,PERSON,31,43
mdp.39015004949627,51,10,0,Jesse,PERSON,22,27
mdp.39015004949627,51,12,0,Clare Brown,PERSON,18,29
mdp.39015004949627,51,13,0,Jesse,PERSON,0,5
mdp.39015004949627,51,14,0,"Robert Lee,",PERSON,21,32
mdp.39015004949627,51,15,0,Chicago,GPE,24,31
mdp.39015004949627,51,16,0,Robert,PERSON,0,6
mdp.39015004949627,51,17,0,Robert,PERSON,13,19
mdp.39015004949627,51,17,1,Ruth Ellen,PERSON,28,38
mdp.39015004949627,51,18,0,Ruth,PERSON,0,4
mdp.39015004949627,51,18,1,Jesse,PERSON,23,28
mdp.39015004949627,51,19,0,Granny,PERSON,0,6
mdp.39015004949627,51,22,0,Lawd,PERSON,11,15
mdp.39015004949627,51,23,0,Jesus,PERSON,11,16
mdp.39015004949627,51,24,0,Brown,PERSON,37,42
mdp.39015004949627,51,27,0,Ruth Ellen,PERSON,0,10
mdp.39015004949627,51,29,0,Ruth Ellen,PERSON,39,49
mdp.39015004949627,52,0,0,Jesse,PERSON,60,65
mdp.39015004949627,52,0,1,Jacobs,PERSON,155,161
mdp.39015004949627,52,1,0,Granny,PERSON,0,6
mdp.39015004949627,52,2,0,Lawd,ORG,11,15
mdp.39015004949627,52,3,0,Lawd,ORG,11,15
mdp.39015004949627,52,7,0,LeRoy,PERSON,1,6
mdp.39015004949627,52,8,0,LeRoy Davis,PERSON,0,11
mdp.39015004949627,52,8,1,a thousand years old,DATE,33,53
mdp.39015004949627,52,9,0,Granny,PERSON,15,21
mdp.39015004949627,52,9,1,Brown,PERSON,48,53
mdp.39015004949627,52,9,2,Jacobs County,GPE,143,156
mdp.39015004949627,52,10,0,Granny,PERSON,32,38
mdp.39015004949627,52,10,1,Brown,PERSON,45,50
mdp.39015004949627,52,13,0,Granny,PERSON,23,29
mdp.39015004949627,52,13,1,LeRoy,PERSON,32,37
mdp.39015004949627,52,14,0,Robert,PERSON,69,75
mdp.39015004949627,52,14,1,Ruth Ellen,PERSON,80,90
mdp.39015004949627,52,15,0,Granny,PERSON,0,6
mdp.39015004949627,53,0,0,first,ORDINAL,4,9
mdp.39015004949627,53,0,1,days,DATE,18,22
mdp.39015004949627,53,3,0,Brown,PERSON,30,35
mdp.39015004949627,53,5,0,years,DATE,40,45
mdp.39015004949627,53,5,1,first,ORDINAL,71,76
mdp.39015004949627,53,5,2,Jacobs County,GPE,91,104
mdp.39015004949627,53,9,0,Lawd,PERSON,0,4
mdp.39015004949627,53,9,1,first,ORDINAL,36,41
mdp.39015004949627,53,15,0,Jacobs County,GPE,26,39
mdp.39015004949627,53,15,1,the same year,DATE,61,74
mdp.39015004949627,53,16,0,Chicago,GPE,20,27
mdp.39015004949627,53,17,0,two,CARDINAL,11,14
mdp.39015004949627,53,17,1,Brown,PERSON,36,41
mdp.39015004949627,53,17,2,one night,TIME,97,106
mdp.39015004949627,53,18,0,some Uncle Tom Negro,PERSON,17,37
mdp.39015004949627,53,19,0,two,CARDINAL,97,100
mdp.39015004949627,53,20,0,Granny,PERSON,31,37
mdp.39015004949627,54,1,0,Jacobs,PERSON,45,51
mdp.39015004949627,54,3,0,Ruth Ellen,PERSON,1,11
mdp.39015004949627,54,3,1,Chicago,GPE,42,49
mdp.39015004949627,54,3,2,next week,DATE,50,59
mdp.39015004949627,54,3,3,tomorrow,DATE,95,103
mdp.39015004949627,54,4,0,Granny,PERSON,24,30
mdp.39015004949627,54,6,0,Lawd,PERSON,57,61
mdp.39015004949627,54,9,0,LeRoy Davis,PERSON,22,33
mdp.39015004949627,54,10,0,Otis,PERSON,13,17
mdp.39015004949627,54,11,0,one night,TIME,6,15
mdp.39015004949627,54,11,1,Barnes,PERSON,20,26
mdp.39015004949627,54,11,2,Jacobs County,GPE,204,217
mdp.39015004949627,54,12,0,Barnes,PERSON,4,10
mdp.39015004949627,54,12,1,Jacobs County,GPE,53,66
mdp.39015004949627,55,1,0,last week,DATE,21,30
mdp.39015004949627,55,1,1,Jesse,PERSON,158,163
mdp.39015004949627,55,2,0,Robert,PERSON,53,59
mdp.39015004949627,55,5,0,Ruth Ellen,PERSON,31,41
mdp.39015004949627,55,6,0,Jacobs County,GPE,50,63
mdp.39015004949627,55,7,0,Brown,PERSON,31,36
mdp.39015004949627,55,13,0,Negroes,NORP,79,86
mdp.39015004949627,55,14,0,Granny,PERSON,0,6
mdp.39015004949627,55,14,1,Lawd,PERSON,84,88
mdp.39015004949627,55,15,0,Brown,PERSON,5,10
mdp.39015004949627,55,15,1,Granny,PERSON,18,24
mdp.39015004949627,55,15,2,Otis,PERSON,29,33
mdp.39015004949627,56,2,0,Granny,PERSON,0,6
mdp.39015004949627,56,4,0,Brown,PERSON,72,77
mdp.39015004949627,56,6,0,five dollars,MONEY,9,21
mdp.39015004949627,56,7,0,Big Jesse,PERSON,14,23
mdp.39015004949627,56,10,0,Granny,PERSON,0,6
mdp.39015004949627,56,12,0,Chicago,GPE,42,49
mdp.39015004949627,56,12,1,first,ORDINAL,79,84
mdp.39015004949627,56,17,0,Jacobsville,GPE,70,81
mdp.39015004949627,56,23,0,Jesse,PERSON,0,5
mdp.39015004949627,56,24,0,Jesse,PERSON,0,5
mdp.39015004949627,56,25,0,Otis,PERSON,43,47
mdp.39015004949627,56,25,1,a full minute,TIME,78,91
mdp.39015004949627,56,26,0,Jesse,PERSON,1,6
mdp.39015004949627,57,1,0,Granny,PERSON,6,12
mdp.39015004949627,57,3,0,Jacobsville,GPE,44,55
mdp.39015004949627,57,5,0,Granny,PERSON,6,12
mdp.39015004949627,57,10,0,Granny,PERSON,1,7
mdp.39015004949627,57,14,0,Granny,PERSON,25,31
mdp.39015004949627,57,19,0,Granny,PERSON,13,19
mdp.39015004949627,57,19,1,Granny,PERSON,56,62
mdp.39015004949627,57,21,0,Otis,PERSON,10,14
mdp.39015004949627,57,23,0,Ruth Ellen,PERSON,31,41
mdp.39015004949627,57,23,1,Jesse,PERSON,71,76
mdp.39015004949627,57,24,0,Granny,PERSON,20,26
mdp.39015004949627,57,26,0,Brown,PERSON,15,20
mdp.39015004949627,57,26,1,Granny,PERSON,41,47
mdp.39015004949627,57,26,2,Otis,PERSON,52,56
mdp.39015004949627,57,27,0,Lawd,PERSON,12,16
mdp.39015004949627,57,27,1,Otis,PERSON,49,53
mdp.39015004949627,58,0,0,Six,CARDINAL,0,3
mdp.39015004949627,58,0,1,Jacobsville,GPE,54,65
mdp.39015004949627,58,1,0,Negro,NORP,38,43
mdp.39015004949627,59,1,0,Harris,PERSON,15,21
mdp.39015004949627,59,1,1,Jacobs,PERSON,161,167
mdp.39015004949627,59,3,0,Lawd,PERSON,4,8
mdp.39015004949627,59,4,0,Lawd,PERSON,4,8
mdp.39015004949627,59,5,0,Jacobs,PERSON,29,35
mdp.39015004949627,59,9,0,two,CARDINAL,4,7
mdp.39015004949627,59,10,0,Jacobs,PERSON,4,10
mdp.39015004949627,59,13,0,Harris,PERSON,9,15
mdp.39015004949627,59,13,1,one,CARDINAL,52,55
mdp.39015004949627,59,14,0,Otis,PERSON,0,4
mdp.39015004949627,59,14,1,Granny,PERSON,19,25
mdp.39015004949627,59,14,2,Jacobs,PERSON,56,62
mdp.39015004949627,59,15,0,Bertha,PERSON,12,18
mdp.39015004949627,59,17,0,Granny,PERSON,28,34
mdp.39015004949627,60,2,0,Jacobs,PERSON,4,10
mdp.39015004949627,60,2,1,Harris,PERSON,74,80
mdp.39015004949627,60,2,2,Harris,PERSON,121,127
mdp.39015004949627,60,3,0,first,ORDINAL,68,73
mdp.39015004949627,60,5,0,Jacobs,PERSON,15,21
mdp.39015004949627,60,6,0,Harris,PERSON,20,26
mdp.39015004949627,60,7,0,number 225,CARDINAL,6,16
mdp.39015004949627,60,7,1,Jesus Is the Light of the World,WORK_OF_ART,19,50
mdp.39015004949627,60,9,0,three miles,QUANTITY,42,53
mdp.39015004949627,60,10,0,Jacobs,PERSON,4,10
mdp.39015004949627,60,10,1,Granny,PERSON,21,27
mdp.39015004949627,60,10,2,Bertha,PERSON,110,116
mdp.39015004949627,60,12,0,Clyde,PERSON,45,50
mdp.39015004949627,60,14,0,Granny,PERSON,0,6
mdp.39015004949627,60,14,1,Jesus,PERSON,61,66
mdp.39015004949627,60,15,0,A few years,DATE,0,11
mdp.39015004949627,60,15,1,Bertha,PERSON,65,71
mdp.39015004949627,60,15,2,Granny Jacobs,PERSON,95,108
mdp.39015004949627,60,15,3,Negroes,NORP,124,131
mdp.39015004949627,60,16,0,Jacobsville,GPE,41,52
mdp.39015004949627,61,0,0,Granny,PERSON,49,55
mdp.39015004949627,61,1,0,Negro,NORP,82,87
mdp.39015004949627,61,3,0,Granny Jacobs,PERSON,40,53
mdp.39015004949627,63,0,0,Two,CARDINAL,5,8
mdp.39015004949627,65,0,0,Seven,CARDINAL,0,5
mdp.39015004949627,65,0,1,THE NEXT TWENTYfive years,DATE,10,35
mdp.39015004949627,65,0,2,Jesse,PERSON,37,42
mdp.39015004949627,65,0,3,Granny,PERSON,61,67
mdp.39015004949627,65,0,4,Harris,PERSON,85,91
mdp.39015004949627,65,3,0,January,DATE,6,13
mdp.39015004949627,65,3,1,first,ORDINAL,34,39
mdp.39015004949627,65,3,2,two,CARDINAL,40,43
mdp.39015004949627,66,0,0,year,DATE,22,26
mdp.39015004949627,66,0,1,year,DATE,33,37
mdp.39015004949627,66,0,2,the Baptist Church,ORG,95,113
mdp.39015004949627,66,3,0,Harris,PERSON,13,19
mdp.39015004949627,66,3,1,Sheriff,PERSON,56,63
mdp.39015004949627,66,5,0,Sunday,DATE,43,49
mdp.39015004949627,66,6,0,Sheriff,PERSON,16,23
mdp.39015004949627,66,8,0,Sheriff,PERSON,14,21
mdp.39015004949627,66,9,0,Lawd,PERSON,29,33
mdp.39015004949627,66,15,0,one,CARDINAL,6,9
mdp.39015004949627,66,15,1,thousand,CARDINAL,19,27
mdp.39015004949627,66,15,2,niggers,NORP,28,35
mdp.39015004949627,66,18,0,Sheriff,PERSON,11,18
mdp.39015004949627,66,19,0,Sheriff,PERSON,14,21
mdp.39015004949627,66,20,0,Jesse,PERSON,27,32
mdp.39015004949627,66,20,1,Harris,PERSON,52,58
mdp.39015004949627,66,20,2,annual,DATE,111,117
mdp.39015004949627,66,21,0,54,CARDINAL,101,103
mdp.39015004949627,67,2,0,one,CARDINAL,39,42
mdp.39015004949627,67,3,0,Granny,PERSON,7,13
mdp.39015004949627,67,4,0,Granny,PERSON,19,25
mdp.39015004949627,67,5,0,Jacobsville,ORG,23,34
mdp.39015004949627,67,5,1,Chicago,GPE,123,130
mdp.39015004949627,67,7,0,Granny,PERSON,0,6
mdp.39015004949627,67,7,1,Jesse,PERSON,24,29
mdp.39015004949627,67,7,2,Harris,PERSON,141,147
mdp.39015004949627,67,7,3,two months from now,DATE,158,177
mdp.39015004949627,67,7,4,Ebony,ORG,178,183
mdp.39015004949627,67,8,0,Granny,PERSON,12,18
mdp.39015004949627,67,10,0,Jesus,PERSON,5,10
mdp.39015004949627,67,11,0,Harris,PERSON,10,16
mdp.39015004949627,67,11,1,one,CARDINAL,52,55
mdp.39015004949627,67,12,0,Harris,PERSON,9,15
mdp.39015004949627,68,3,0,Granny,PERSON,28,34
mdp.39015004949627,68,5,0,Harris,PERSON,13,19
mdp.39015004949627,68,6,0,Jacobs,PERSON,4,10
mdp.39015004949627,68,6,1,Negroes,NORP,131,138
mdp.39015004949627,68,6,2,the same year,DATE,385,398
mdp.39015004949627,68,6,3,Mississippi,GPE,465,476
mdp.39015004949627,68,7,0,Harris,PERSON,9,15
mdp.39015004949627,68,8,0,Bible,WORK_OF_ART,27,32
mdp.39015004949627,68,9,0,Jesse,PERSON,41,46
mdp.39015004949627,68,10,0,one,CARDINAL,75,78
mdp.39015004949627,68,10,1,1 56,CARDINAL,139,143
mdp.39015004949627,69,1,0,two,CARDINAL,20,23
mdp.39015004949627,69,1,1,Jesse,PERSON,64,69
mdp.39015004949627,69,1,2,Jesse,PERSON,87,92
mdp.39015004949627,69,2,0,twenty-five years,DATE,67,84
mdp.39015004949627,69,3,0,Jacobs,PERSON,4,10
mdp.39015004949627,69,3,1,Harris,PERSON,61,67
mdp.39015004949627,69,4,0,Granny,ORG,54,60
mdp.39015004949627,69,4,1,Harris,PERSON,71,77
mdp.39015004949627,69,4,2,five dollars,MONEY,83,95
mdp.39015004949627,69,4,3,Ebony Magazine,ORG,205,219
mdp.39015004949627,69,4,4,Chicago,GPE,221,228
mdp.39015004949627,69,4,5,Illinois,GPE,230,238
mdp.39015004949627,69,4,6,The Baptist Periodical,ORG,292,314
mdp.39015004949627,69,4,7,Jesse,PERSON,358,363
mdp.39015004949627,69,5,0,Granny,PERSON,7,13
mdp.39015004949627,69,5,1,a full twenty minutes,TIME,34,55
mdp.39015004949627,69,6,0,first,ORDINAL,4,9
mdp.39015004949627,69,6,1,two weeks later,DATE,51,66
mdp.39015004949627,69,7,0,Negroes,NORP,82,89
mdp.39015004949627,69,8,0,Negro,NORP,46,51
mdp.39015004949627,70,3,0,Jews,NORP,36,40
mdp.39015004949627,70,6,0,Negroes,NORP,4,11
mdp.39015004949627,70,22,0,Bertha Jacobs,PERSON,15,28
mdp.39015004949627,70,22,1,Jacobsville,GPE,30,41
mdp.39015004949627,70,22,2,Mississippi,GPE,43,54
mdp.39015004949627,70,23,0,Granny Jacobs,PERSON,25,38
mdp.39015004949627,70,26,0,Granny,PERSON,38,44
mdp.39015004949627,71,2,0,Granny,PERSON,0,6
mdp.39015004949627,71,3,0,Howard,PERSON,32,38
mdp.39015004949627,71,4,0,Granny,PERSON,44,50
mdp.39015004949627,71,5,0,Granny,PERSON,1,7
mdp.39015004949627,71,7,0,Granny,PERSON,0,6
mdp.39015004949627,71,8,0,years,DATE,37,42
mdp.39015004949627,71,13,0,Lawd,PERSON,3,7
mdp.39015004949627,71,14,0,Sheriff,PERSON,10,17
mdp.39015004949627,71,14,1,Granny,PERSON,62,68
mdp.39015004949627,71,15,0,one,CARDINAL,15,18
mdp.39015004949627,71,16,0,Harris,PERSON,21,27
mdp.39015004949627,72,0,0,Sheriff,PERSON,129,136
mdp.39015004949627,72,1,0,Ebony Magazine,ORG,36,50
mdp.39015004949627,72,3,0,Sheriff,PERSON,34,41
mdp.39015004949627,72,4,0,a year older,DATE,128,140
mdp.39015004949627,72,10,0,Matthews,PERSON,5,13
mdp.39015004949627,72,12,0,Howard,PERSON,20,26
mdp.39015004949627,72,17,0,first,ORDINAL,29,34
mdp.39015004949627,72,18,0,Bertha,PERSON,0,6
mdp.39015004949627,73,1,0,Granny,PERSON,0,6
mdp.39015004949627,73,2,0,Sheriff,PERSON,5,12
mdp.39015004949627,73,4,0,Sheriff,PERSON,28,35
mdp.39015004949627,73,5,0,Sheriff,PERSON,15,22
mdp.39015004949627,73,6,0,Bible,WORK_OF_ART,67,72
mdp.39015004949627,73,9,0,Big Jesse,PERSON,78,87
mdp.39015004949627,73,12,0,a Granny Jacobs,PERSON,71,86
mdp.39015004949627,73,13,0,Sheriff,PERSON,30,37
mdp.39015004949627,73,16,0,Bertha,PERSON,27,33
mdp.39015004949627,74,2,0,Sheriff,PERSON,15,22
mdp.39015004949627,74,2,1,Lawd,ORG,32,36
mdp.39015004949627,74,2,2,Granny,PERSON,67,73
mdp.39015004949627,74,3,0,Granny,PERSON,26,32
mdp.39015004949627,75,0,0,Jacobs County,GPE,76,89
mdp.39015004949627,75,0,1,years,DATE,102,107
mdp.39015004949627,75,1,0,The day,DATE,0,7
mdp.39015004949627,75,3,0,Negroes,NORP,39,46
mdp.39015004949627,76,0,0,one,CARDINAL,53,56
mdp.39015004949627,76,2,0,Negroes,NORP,44,51
mdp.39015004949627,76,4,0,Jacobs,PERSON,4,10
mdp.39015004949627,76,4,1,three days,DATE,37,47
mdp.39015004949627,76,7,0,Negroes,NORP,106,113
mdp.39015004949627,76,7,1,Jacobs County,GPE,158,171
mdp.39015004949627,76,8,0,days,DATE,242,246
mdp.39015004949627,76,10,0,ten years ago,DATE,14,27
mdp.39015004949627,76,10,1,one,CARDINAL,51,54
mdp.39015004949627,76,10,2,Negroes,NORP,201,208
mdp.39015004949627,76,11,0,64,CARDINAL,0,2
mdp.39015004949627,77,6,0,thirty,CARDINAL,13,19
mdp.39015004949627,77,7,0,one,CARDINAL,16,19
mdp.39015004949627,77,8,0,niggers,NORP,25,32
mdp.39015004949627,77,10,0,the next hundred or so years,DATE,109,137
mdp.39015004949627,77,11,0,Jacobs County,GPE,131,144
mdp.39015004949627,77,12,0,Negroes,NORP,15,22
mdp.39015004949627,78,2,0,night,TIME,26,31
mdp.39015004949627,78,3,0,Negro,NORP,11,16
mdp.39015004949627,78,4,0,Jacobs County,GPE,83,96
mdp.39015004949627,78,6,0,Granny Jacobs,PERSON,220,233
mdp.39015004949627,78,7,0,Jacobsville,PERSON,93,104
mdp.39015004949627,78,8,0,Jacobs,PERSON,136,142
mdp.39015004949627,78,8,1,Negroes,NORP,308,315
mdp.39015004949627,78,9,0,Jacobs,PERSON,155,161
mdp.39015004949627,78,11,0,days,DATE,29,33
mdp.39015004949627,79,5,0,Jacobs County,GPE,243,256
mdp.39015004949627,79,7,0,Twenty-five years ago,DATE,0,21
mdp.39015004949627,79,7,1,Granny Jacobs,PERSON,49,62
mdp.39015004949627,79,9,0,Granny,PERSON,28,34
mdp.39015004949627,79,10,0,Negroes,NORP,17,24
mdp.39015004949627,79,10,1,Granny,PERSON,80,86
mdp.39015004949627,80,0,0,Jacobsville,GPE,85,96
mdp.39015004949627,80,1,0,Granny Jacobs,PERSON,13,26
mdp.39015004949627,80,3,0,Granny Jacobs,PERSON,4,17
mdp.39015004949627,80,3,1,Jacobsville,GPE,102,113
mdp.39015004949627,80,4,0,Jacobs,PERSON,100,106
mdp.39015004949627,80,6,0,Granny,PERSON,5,11
mdp.39015004949627,80,8,0,Minnott,GPE,25,32
mdp.39015004949627,80,9,0,one,CARDINAL,7,10
mdp.39015004949627,80,9,1,Jesse,PERSON,64,69
mdp.39015004949627,80,9,2,God,PERSON,108,111
mdp.39015004949627,80,13,0,Mississippi,GPE,82,93
mdp.39015004949627,81,5,0,Granny,PERSON,13,19
mdp.39015004949627,81,9,0,Harris,PERSON,9,15
mdp.39015004949627,81,11,0,Mississippi,GPE,78,89
mdp.39015004949627,81,15,0,Harris,PERSON,51,57
mdp.39015004949627,81,16,0,Mississippi,GPE,64,75
mdp.39015004949627,82,3,0,Jacobs County,GPE,63,76
mdp.39015004949627,82,5,0,Harris,PERSON,36,42
mdp.39015004949627,82,5,1,Bible,WORK_OF_ART,98,103
mdp.39015004949627,82,5,2,Jacobs County,GPE,171,184
mdp.39015004949627,82,6,0,Josh Black,PERSON,43,53
mdp.39015004949627,82,7,0,Josh,PERSON,0,4
mdp.39015004949627,82,7,1,Jacobsville,GPE,74,85
mdp.39015004949627,82,9,0,Josh,PERSON,35,39
mdp.39015004949627,82,10,0,Josh,PERSON,60,64
mdp.39015004949627,82,14,0,Harris,PERSON,13,19
mdp.39015004949627,82,14,1,Granny Jacobs,PERSON,82,95
mdp.39015004949627,82,14,2,first,ORDINAL,171,176
mdp.39015004949627,83,0,0,Josh,PERSON,0,4
mdp.39015004949627,83,0,1,first,ORDINAL,16,21
mdp.39015004949627,83,1,0,five,CARDINAL,31,35
mdp.39015004949627,83,4,0,Jacobs,PERSON,88,94
mdp.39015004949627,83,5,0,Jacobs County,GPE,77,90
mdp.39015004949627,83,11,0,Josh,PERSON,0,4
mdp.39015004949627,83,11,1,Preacher Harris,PERSON,17,32
mdp.39015004949627,83,11,2,Preacher Harris,PERSON,146,161
mdp.39015004949627,84,0,0,Josh,PERSON,85,89
mdp.39015004949627,84,4,0,Sheehan,PERSON,11,18
mdp.39015004949627,84,4,1,Josh,PERSON,121,125
mdp.39015004949627,84,4,2,two,CARDINAL,156,159
mdp.39015004949627,84,4,3,only twelve,DATE,180,191
mdp.39015004949627,84,5,0,Sheehan,PERSON,88,95
mdp.39015004949627,84,5,1,Josh,PERSON,212,216
mdp.39015004949627,84,6,0,Josh,PERSON,14,18
mdp.39015004949627,84,6,1,Sheehan,PERSON,57,64
mdp.39015004949627,84,7,0,Josh,PERSON,0,4
mdp.39015004949627,84,7,1,Sheehan,PERSON,174,181
mdp.39015004949627,84,8,0,Sheehan,PERSON,71,78
mdp.39015004949627,84,9,0,Lawd,PERSON,27,31
mdp.39015004949627,85,3,0,Lawd,PERSON,4,8
mdp.39015004949627,85,6,0,Josh,PERSON,0,4
mdp.39015004949627,85,6,1,fifteen,DATE,9,16
mdp.39015004949627,85,8,0,111,CARDINAL,0,3
mdp.39015004949627,85,8,1,Josh,PERSON,22,26
mdp.39015004949627,85,9,0,Josh,PERSON,12,16
mdp.39015004949627,85,11,0,Sheriff,PERSON,15,22
mdp.39015004949627,85,18,0,Sheriff,PERSON,9,16
mdp.39015004949627,85,22,0,Sheriff,PERSON,36,43
mdp.39015004949627,85,26,0,Josh,PERSON,0,4
mdp.39015004949627,85,30,0,Bob,PERSON,23,26
mdp.39015004949627,85,31,0,IS. 13,DATE,0,6
mdp.39015004949627,86,1,0,Josh,PERSON,30,34
mdp.39015004949627,86,6,0,Josh,PERSON,11,15
mdp.39015004949627,86,6,1,Josh,PERSON,32,36
mdp.39015004949627,86,7,0,Josh,PERSON,46,50
mdp.39015004949627,86,9,0,Sheriff,PERSON,35,42
mdp.39015004949627,86,14,0,Josh,PERSON,0,4
mdp.39015004949627,86,20,0,Sheriff,PERSON,17,24
mdp.39015004949627,86,25,0,74,CARDINAL,0,2
mdp.39015004949627,87,2,0,Sheriff,PERSON,32,39
mdp.39015004949627,87,5,0,one,CARDINAL,7,10
mdp.39015004949627,87,13,0,Josh,PERSON,29,33
mdp.39015004949627,87,17,0,Josh,PERSON,0,4
mdp.39015004949627,87,21,0,Harris,PERSON,54,60
mdp.39015004949627,87,23,0,Lawd,ORG,4,8
mdp.39015004949627,87,24,0,Josh,PERSON,0,4
mdp.39015004949627,87,24,1,75,DATE,48,50
mdp.39015004949627,88,8,0,Josh,PERSON,55,59
mdp.39015004949627,88,11,0,Lawd,PERSON,3,7
mdp.39015004949627,88,16,0,ten years,DATE,47,56
mdp.39015004949627,88,17,0,ten years,DATE,10,19
mdp.39015004949627,88,17,1,a day,DATE,28,33
mdp.39015004949627,88,18,0,ten years,DATE,19,28
mdp.39015004949627,88,19,0,four or five years,DATE,45,63
mdp.39015004949627,89,3,0,the winter,DATE,154,164
mdp.39015004949627,89,8,0,Sheriff,PERSON,16,23
mdp.39015004949627,89,9,0,Horace,PERSON,1,7
mdp.39015004949627,89,9,1,Harris,PERSON,114,120
mdp.39015004949627,89,9,2,third,ORDINAL,188,193
mdp.39015004949627,89,11,0,Chicago,GPE,126,133
mdp.39015004949627,89,11,1,Washington,GPE,166,176
mdp.39015004949627,89,12,0,Josh,PERSON,19,23
mdp.39015004949627,89,13,0,Harris,PERSON,20,26
mdp.39015004949627,89,13,1,Granny,PERSON,31,37
mdp.39015004949627,89,14,0,sixty years,DATE,11,22
mdp.39015004949627,90,6,0,one,CARDINAL,54,57
mdp.39015004949627,90,8,0,fifth,ORDINAL,117,122
mdp.39015004949627,90,9,0,1,CARDINAL,0,1
mdp.39015004949627,90,9,1,George Harris,PERSON,81,94
mdp.39015004949627,90,9,2,Granny Jacobs,PERSON,106,119
mdp.39015004949627,90,9,3,Jacobs County,GPE,214,227
mdp.39015004949627,90,9,4,Mississippi,GPE,228,239
mdp.39015004949627,90,10,0,Granny,PERSON,0,6
mdp.39015004949627,90,10,1,Chicago,GPE,99,106
mdp.39015004949627,90,10,2,ebony,ORG,135,140
mdp.39015004949627,90,10,3,Granny,PERSON,206,212
mdp.39015004949627,90,10,4,Howard,PERSON,238,244
mdp.39015004949627,90,12,0,Granny,PERSON,0,6
mdp.39015004949627,90,13,0,78,CARDINAL,10,12
mdp.39015004949627,91,3,0,Jacobs County,GPE,211,224
mdp.39015004949627,91,5,0,sixty years,DATE,57,68
mdp.39015004949627,91,5,1,Granny Jacobs,PERSON,73,86
mdp.39015004949627,91,5,2,more than eighty years,DATE,97,119
mdp.39015004949627,91,6,0,Jacobs,PERSON,20,26
mdp.39015004949627,91,6,1,Jacobs County,GPE,336,349
mdp.39015004949627,91,7,0,one,CARDINAL,5,8
mdp.39015004949627,91,12,0,George Harris,PERSON,11,24
mdp.39015004949627,91,12,1,Jacobsville,GPE,39,50
mdp.39015004949627,91,13,0,79,CARDINAL,0,2
mdp.39015004949627,92,0,0,next week,DATE,148,157
mdp.39015004949627,92,2,0,Granny,PERSON,10,16
mdp.39015004949627,92,4,0,Horace,PERSON,47,53
mdp.39015004949627,92,5,0,Granny,PERSON,8,14
mdp.39015004949627,92,6,0,Harris,PERSON,49,55
mdp.39015004949627,92,6,1,Granny,PERSON,58,64
mdp.39015004949627,92,7,0,Lawd,PERSON,62,66
mdp.39015004949627,93,0,0,Nine WEEK LATER,DATE,0,15
mdp.39015004949627,93,0,1,TWO,CARDINAL,16,19
mdp.39015004949627,93,0,2,Jacobsville,GPE,49,60
mdp.39015004949627,93,0,3,the night,TIME,122,131
mdp.39015004949627,93,4,0,81,CARDINAL,0,2
mdp.39015004949627,94,4,0,Negro,NORP,11,16
mdp.39015004949627,94,5,0,Mo,PERSON,17,19
mdp.39015004949627,94,8,0,today,DATE,45,50
mdp.39015004949627,94,11,0,two,CARDINAL,27,30
mdp.39015004949627,94,12,0,one,CARDINAL,8,11
mdp.39015004949627,94,16,0,one,CARDINAL,33,36
mdp.39015004949627,94,20,0,sundown,TIME,24,31
mdp.39015004949627,94,25,0,one,CARDINAL,17,20
mdp.39015004949627,95,4,0,Yankees,NORP,4,11
mdp.39015004949627,95,10,0,ten,CARDINAL,17,20
mdp.39015004949627,95,10,1,one,CARDINAL,32,35
mdp.39015004949627,95,12,0,ten,CARDINAL,14,17
mdp.39015004949627,95,12,1,one,CARDINAL,27,30
mdp.39015004949627,95,12,2,Negro,NORP,63,68
mdp.39015004949627,95,12,3,first,ORDINAL,77,82
mdp.39015004949627,95,17,0,ten,CARDINAL,77,80
mdp.39015004949627,95,17,1,one,CARDINAL,90,93
mdp.39015004949627,95,19,0,Maryland,GPE,10,18
mdp.39015004949627,95,21,0,Yankees,NORP,20,27
mdp.39015004949627,95,23,0,three dollars and fifteen cents,MONEY,7,38
mdp.39015004949627,96,11,0,several minutes,TIME,31,46
mdp.39015004949627,97,0,0,Ten,CARDINAL,0,3
mdp.39015004949627,97,0,1,TWO,CARDINAL,10,13
mdp.39015004949627,97,0,2,one mile,QUANTITY,48,56
mdp.39015004949627,97,2,0,some seven,CARDINAL,227,237
mdp.39015004949627,98,2,0,Negro,NORP,64,69
mdp.39015004949627,98,3,0,two,CARDINAL,32,35
mdp.39015004949627,98,3,1,Negro,NORP,36,41
mdp.39015004949627,98,5,0,morning,TIME,6,13
mdp.39015004949627,98,7,0,Harris,PERSON,46,52
mdp.39015004949627,98,7,1,Jacobs,PERSON,64,70
mdp.39015004949627,98,14,0,Negro,NORP,90,95
mdp.39015004949627,98,15,0,one,CARDINAL,94,97
mdp.39015004949627,99,0,0,WI Onn.,ORG,0,7
mdp.39015004949627,99,1,0,four,CARDINAL,195,199
mdp.39015004949627,99,7,0,two,CARDINAL,74,77
mdp.39015004949627,99,8,0,two,CARDINAL,112,115
mdp.39015004949627,99,10,0,one,CARDINAL,5,8
mdp.39015004949627,99,10,1,Jacobs,PERSON,42,48
mdp.39015004949627,99,16,0,First,ORDINAL,1,6
mdp.39015004949627,100,2,0,Negroes,NORP,31,38
mdp.39015004949627,100,3,0,first,ORDINAL,23,28
mdp.39015004949627,100,3,1,Granny,PERSON,109,115
mdp.39015004949627,100,4,0,Granny,PERSON,87,93
mdp.39015004949627,100,6,0,one,CARDINAL,25,28
mdp.39015004949627,100,6,1,Josh,PERSON,96,100
mdp.39015004949627,100,8,0,Granny,PERSON,107,113
mdp.39015004949627,100,9,0,first,ORDINAL,151,156
mdp.39015004949627,100,9,1,Granny,PERSON,192,198
mdp.39015004949627,100,9,2,three,CARDINAL,211,216
mdp.39015004949627,100,9,3,Negro,NORP,272,277
mdp.39015004949627,100,12,0,88,CARDINAL,0,2
mdp.39015004949627,101,0,0,Jacobs,PERSON,18,24
mdp.39015004949627,101,1,0,two,CARDINAL,42,45
mdp.39015004949627,101,3,0,Granny Jacobs,PERSON,14,27
mdp.39015004949627,101,4,0,morning,TIME,6,13
mdp.39015004949627,101,5,0,Ernest Wright,PERSON,20,33
mdp.39015004949627,101,6,0,Granny,PERSON,0,6
mdp.39015004949627,101,8,0,Jesus,PERSON,12,17
mdp.39015004949627,101,8,1,Granny,PERSON,20,26
mdp.39015004949627,101,9,0,Jesus,PERSON,12,17
mdp.39015004949627,101,11,0,Harris,PERSON,37,43
mdp.39015004949627,101,11,1,Josh,PERSON,48,52
mdp.39015004949627,101,12,0,Granny,PERSON,14,20
mdp.39015004949627,101,13,0,Josh,PERSON,32,36
mdp.39015004949627,101,15,0,Ernest Wright,PERSON,0,13
mdp.39015004949627,101,15,1,one hundred or so,CARDINAL,73,90
mdp.39015004949627,101,16,0,Fred Worthington,PERSON,14,30
mdp.39015004949627,101,16,1,Jacobs,PERSON,37,43
mdp.39015004949627,101,19,0,Granny,PERSON,0,6
mdp.39015004949627,102,0,0,Three,CARDINAL,0,5
mdp.39015004949627,102,1,0,one,CARDINAL,13,16
mdp.39015004949627,102,2,0,two,CARDINAL,4,7
mdp.39015004949627,102,2,1,Granny,PERSON,25,31
mdp.39015004949627,102,3,0,Josh,PERSON,74,78
mdp.39015004949627,102,3,1,Granny,PERSON,81,87
mdp.39015004949627,102,4,0,well over two hundred,CARDINAL,30,51
mdp.39015004949627,102,6,0,Granny,PERSON,0,6
mdp.39015004949627,102,7,0,Granny,PERSON,38,44
mdp.39015004949627,102,8,0,Granny,PERSON,57,63
mdp.39015004949627,102,9,0,Harris,PERSON,31,37
mdp.39015004949627,102,17,0,Jacobsville,GPE,57,68
mdp.39015004949627,103,4,0,Harris,PERSON,9,15
mdp.39015004949627,103,4,1,one,CARDINAL,84,87
mdp.39015004949627,103,6,0,Granny Jacobs,PERSON,28,41
mdp.39015004949627,103,6,1,two,CARDINAL,75,78
mdp.39015004949627,103,6,2,Jacobs County,GPE,130,143
mdp.39015004949627,103,9,0,Wright,PERSON,8,14
mdp.39015004949627,103,10,0,Jacobs,PERSON,95,101
mdp.39015004949627,103,11,0,an hour,TIME,7,14
mdp.39015004949627,103,11,1,Jacobs County,GPE,107,120
mdp.39015004949627,103,12,0,Wright,PERSON,8,14
mdp.39015004949627,103,13,0,Granny,PERSON,75,81
mdp.39015004949627,103,15,0,some thirty,CARDINAL,22,33
mdp.39015004949627,103,17,0,91,CARDINAL,32,34
mdp.39015004949627,104,2,0,Granny,PERSON,30,36
mdp.39015004949627,104,5,0,Two,CARDINAL,0,3
mdp.39015004949627,104,5,1,third,ORDINAL,94,99
mdp.39015004949627,104,7,0,Granny Jacobs,PERSON,81,94
mdp.39015004949627,104,8,0,Harris,PERSON,9,15
mdp.39015004949627,104,9,0,Afternoon,TIME,1,10
mdp.39015004949627,104,9,1,Granny,PERSON,22,28
mdp.39015004949627,104,13,0,Wright,PERSON,8,14
mdp.39015004949627,104,15,0,92,CARDINAL,0,2
mdp.39015004949627,105,0,0,Wright,PERSON,43,49
mdp.39015004949627,105,3,0,Washington,GPE,93,103
mdp.39015004949627,105,4,0,Jacobs County,GPE,58,71
mdp.39015004949627,105,7,0,a minute,TIME,31,39
mdp.39015004949627,105,9,0,Negroes,NORP,4,11
mdp.39015004949627,105,10,0,Wright,PERSON,26,32
mdp.39015004949627,105,11,0,one,CARDINAL,27,30
mdp.39015004949627,105,11,1,Worthington,PERSON,53,64
mdp.39015004949627,105,11,2,today,DATE,114,119
mdp.39015004949627,105,12,0,one day,DATE,48,55
mdp.39015004949627,105,18,0,93,CARDINAL,26,28
mdp.39015004949627,106,1,0,Oxford,GPE,36,42
mdp.39015004949627,106,1,1,1962,DATE,46,50
mdp.39015004949627,106,1,2,Jacobs County,GPE,77,90
mdp.39015004949627,106,4,0,Pitch,PERSON,12,17
mdp.39015004949627,106,5,0,Negroes,NORP,39,46
mdp.39015004949627,106,6,0,three,CARDINAL,14,19
mdp.39015004949627,106,7,0,Jacobs,PERSON,86,92
mdp.39015004949627,106,12,0,Wright,PERSON,35,41
mdp.39015004949627,106,13,0,Worthington,PERSON,43,54
mdp.39015004949627,106,15,0,about an hour,TIME,23,36
mdp.39015004949627,106,16,0,One,CARDINAL,0,3
mdp.39015004949627,107,2,0,Wright,PERSON,26,32
mdp.39015004949627,107,7,0,Negro,NORP,46,51
mdp.39015004949627,107,8,0,Worthington,PERSON,20,31
mdp.39015004949627,107,15,0,a year,DATE,21,27
mdp.39015004949627,107,18,0,Just a minute,TIME,1,14
mdp.39015004949627,107,19,0,a second,TIME,24,32
mdp.39015004949627,107,20,0,Pitch,PERSON,8,13
mdp.39015004949627,108,1,0,Worthington,PERSON,8,19
mdp.39015004949627,108,2,0,twenty,CARDINAL,39,45
mdp.39015004949627,108,2,1,Negroes,NORP,46,53
mdp.39015004949627,108,4,0,Pitch,PERSON,8,13
mdp.39015004949627,108,5,0,Worthington,PERSON,5,16
mdp.39015004949627,108,5,1,nigras,NORP,33,39
mdp.39015004949627,108,6,0,nigras,NORP,9,15
mdp.39015004949627,108,11,0,96,CARDINAL,0,2
mdp.39015004949627,109,0,0,Eleven HAT AFTERNOON,DATE,0,20
mdp.39015004949627,109,0,1,MARSHAL Wright,PERSON,21,35
mdp.39015004949627,109,0,2,Jacobsville,GPE,59,70
mdp.39015004949627,109,0,3,five,CARDINAL,84,88
mdp.39015004949627,109,0,4,Minnott,GPE,123,130
mdp.39015004949627,109,0,5,Washington,GPE,164,174
mdp.39015004949627,109,2,0,Jacobs County,GPE,23,36
mdp.39015004949627,109,2,1,Jacobsville,GPE,76,87
mdp.39015004949627,109,2,2,Negro,NORP,110,115
mdp.39015004949627,110,0,0,Jacobsville,GPE,14,25
mdp.39015004949627,110,3,0,Negroes,NORP,4,11
mdp.39015004949627,110,3,1,the years,DATE,159,168
mdp.39015004949627,110,5,0,one hour,TIME,40,48
mdp.39015004949627,110,5,1,Mississippi,GPE,93,104
mdp.39015004949627,110,6,0,Jacobs County,GPE,36,49
mdp.39015004949627,110,7,0,six,CARDINAL,18,21
mdp.39015004949627,110,7,1,six,CARDINAL,41,44
mdp.39015004949627,110,7,2,Jacobsville,GPE,76,87
mdp.39015004949627,110,8,0,two-week,DATE,197,205
mdp.39015004949627,110,9,0,Jacobs County,GPE,172,185
mdp.39015004949627,110,9,1,98,CARDINAL,247,249
mdp.39015004949627,111,2,0,Negroes,NORP,48,55
mdp.39015004949627,111,3,0,Jacobs,PERSON,20,26
mdp.39015004949627,111,3,1,the night,TIME,41,50
mdp.39015004949627,111,4,0,Jacobs,PERSON,41,47
mdp.39015004949627,111,4,1,Pitch,PERSON,68,73
mdp.39015004949627,111,4,2,three,CARDINAL,117,122
mdp.39015004949627,111,11,0,early the next morning,TIME,52,74
mdp.39015004949627,111,12,0,later in the day,TIME,34,50
mdp.39015004949627,111,12,1,99,CARDINAL,69,71
mdp.39015004949627,112,2,0,the day,DATE,4,11
mdp.39015004949627,112,2,1,any minute,TIME,78,88
mdp.39015004949627,112,4,0,The next morning,TIME,0,16
mdp.39015004949627,112,4,1,Wright,PERSON,26,32
mdp.39015004949627,112,4,2,Johnson,PERSON,65,72
mdp.39015004949627,112,5,0,Wright,PERSON,51,57
mdp.39015004949627,112,5,1,Johnson,PERSON,60,67
mdp.39015004949627,112,6,0,fifty yards,QUANTITY,78,89
mdp.39015004949627,112,7,0,just about an hour before,TIME,41,66
mdp.39015004949627,112,7,1,Johnson,PERSON,122,129
mdp.39015004949627,112,9,0,Wright,PERSON,34,40
mdp.39015004949627,112,9,1,three,CARDINAL,83,88
mdp.39015004949627,112,9,2,Negro,NORP,104,109
mdp.39015004949627,112,11,0,One,CARDINAL,0,3
mdp.39015004949627,112,12,0,100,CARDINAL,42,45
mdp.39015004949627,113,1,0,Wright,PERSON,8,14
mdp.39015004949627,113,1,1,Johnson,PERSON,81,88
mdp.39015004949627,113,2,0,Johnson,PERSON,49,56
mdp.39015004949627,113,7,0,Wright,PERSON,8,14
mdp.39015004949627,113,8,0,Fahey,PERSON,1,6
mdp.39015004949627,113,8,1,Granny Jacobs,PERSON,15,28
mdp.39015004949627,113,8,2,Harris,PERSON,42,48
mdp.39015004949627,113,10,0,Goldberg,PERSON,0,8
mdp.39015004949627,113,12,0,Wilson,PERSON,0,6
mdp.39015004949627,113,12,1,Jacobs,PERSON,45,51
mdp.39015004949627,113,12,2,the night,TIME,113,122
mdp.39015004949627,113,13,0,Johnson,PERSON,0,7
mdp.39015004949627,113,15,0,Goldberg,PERSON,8,16
mdp.39015004949627,113,15,1,first,ORDINAL,25,30
mdp.39015004949627,113,20,0,Wright,PERSON,24,30
mdp.39015004949627,113,21,0,an awful early hour,TIME,5,24
mdp.39015004949627,114,1,0,a minute,TIME,16,24
mdp.39015004949627,114,9,0,Negroes,NORP,27,34
mdp.39015004949627,114,13,0,nightfall,TIME,56,65
mdp.39015004949627,114,15,0,night,TIME,17,22
mdp.39015004949627,114,16,0,des W е Sheriff,PERSON,0,15
mdp.39015004949627,114,16,1,Granny,PERSON,36,42
mdp.39015004949627,114,16,2,Harris,PERSON,53,59
mdp.39015004949627,114,16,3,Josh,PERSON,65,69
mdp.39015004949627,114,18,0,three,CARDINAL,17,22
mdp.39015004949627,114,18,1,last night,TIME,51,61
mdp.39015004949627,114,18,2,Josh,PERSON,64,68
mdp.39015004949627,114,19,0,102,CARDINAL,0,3
mdp.39015004949627,115,0,0,Wright,PERSON,8,14
mdp.39015004949627,115,3,0,Granny,PERSON,16,22
mdp.39015004949627,115,5,0,Harris,PERSON,9,15
mdp.39015004949627,115,6,0,Josh,PERSON,0,4
mdp.39015004949627,115,6,1,White Man,PERSON,16,25
mdp.39015004949627,115,7,0,three,CARDINAL,9,14
mdp.39015004949627,115,8,0,all night,TIME,28,37
mdp.39015004949627,115,9,0,all night long,TIME,87,101
mdp.39015004949627,115,10,0,Johnson,PERSON,1,8
mdp.39015004949627,115,11,0,Josh,PERSON,28,32
mdp.39015004949627,115,15,0,Josh,PERSON,31,35
mdp.39015004949627,115,17,0,Washington,GPE,27,37
mdp.39015004949627,115,21,0,Josh,PERSON,0,4
mdp.39015004949627,116,3,0,Just a minute,TIME,1,14
mdp.39015004949627,116,5,0,Josh,PERSON,0,4
mdp.39015004949627,116,12,0,one,CARDINAL,29,32
mdp.39015004949627,116,18,0,104,CARDINAL,0,3
mdp.39015004949627,117,0,0,Twelve,CARDINAL,0,6
mdp.39015004949627,117,1,0,Jacobsville,GPE,37,48
mdp.39015004949627,118,0,0,Wright,PERSON,8,14
mdp.39015004949627,118,0,1,Jacobsville,GPE,75,86
mdp.39015004949627,118,0,2,five,CARDINAL,114,118
mdp.39015004949627,118,1,0,United States,GPE,56,69
mdp.39015004949627,118,2,0,Yankee,NORP,31,37
mdp.39015004949627,118,5,0,three o'clock,TIME,3,16
mdp.39015004949627,118,5,1,Wright,PERSON,45,51
mdp.39015004949627,118,5,2,one,CARDINAL,84,87
mdp.39015004949627,118,6,0,Wright,PERSON,0,6
mdp.39015004949627,118,6,1,two,CARDINAL,11,14
mdp.39015004949627,118,9,0,two,CARDINAL,9,12
mdp.39015004949627,118,9,1,one,CARDINAL,53,56
mdp.39015004949627,118,10,0,eight o'clock.,TIME,11,25
mdp.39015004949627,118,11,0,three,CARDINAL,60,65
mdp.39015004949627,118,12,0,106,CARDINAL,12,15
mdp.39015004949627,119,0,0,half,CARDINAL,0,4
mdp.39015004949627,119,0,1,Harris,PERSON,52,58
mdp.39015004949627,119,0,2,half,CARDINAL,73,77
mdp.39015004949627,119,0,3,Granny Jacobs,PERSON,93,106
mdp.39015004949627,119,1,0,Negroes,NORP,42,49
mdp.39015004949627,119,2,0,Granny,PERSON,25,31
mdp.39015004949627,119,2,1,Harris,PERSON,45,51
mdp.39015004949627,119,2,2,Jacobs County,GPE,179,192
mdp.39015004949627,119,5,0,three thousand,CARDINAL,23,37
mdp.39015004949627,119,5,1,Negroes,NORP,38,45
mdp.39015004949627,119,5,2,tonight,TIME,91,98
mdp.39015004949627,119,6,0,tonight,TIME,7,14
mdp.39015004949627,119,6,1,one,CARDINAL,41,44
mdp.39015004949627,119,6,2,Jacobs County,GPE,125,138
mdp.39015004949627,119,6,3,five hundred years old,DATE,171,193
mdp.39015004949627,119,7,0,that night,TIME,61,71
mdp.39015004949627,119,12,0,northerners,NORP,37,48
mdp.39015004949627,120,2,0,Wright,PERSON,93,99
mdp.39015004949627,120,4,0,Yankee,NORP,76,82
mdp.39015004949627,120,11,0,all day,DATE,27,34
mdp.39015004949627,120,16,0,all night,TIME,43,52
mdp.39015004949627,120,17,0,three,CARDINAL,28,33
mdp.39015004949627,120,17,1,two,CARDINAL,56,59
mdp.39015004949627,120,19,0,Bobbie Joe Willis,PERSON,0,17
mdp.39015004949627,120,20,0,a minute,TIME,6,14
mdp.39015004949627,120,21,0,Bobbie Joe,PERSON,11,21
mdp.39015004949627,120,24,0,108,CARDINAL,0,3
mdp.39015004949627,121,4,0,Pitch,PERSON,30,35
mdp.39015004949627,121,5,0,tonight,TIME,31,38
mdp.39015004949627,121,6,0,Bobbie Joe,PERSON,10,20
mdp.39015004949627,121,10,0,four hundred,CARDINAL,25,37
mdp.39015004949627,121,11,0,the years,DATE,58,67
mdp.39015004949627,121,13,0,about twelve,DATE,29,41
mdp.39015004949627,122,5,0,Jacobs,PERSON,115,121
mdp.39015004949627,122,9,0,tonight,TIME,69,76
mdp.39015004949627,122,12,0,a minute,TIME,14,22
mdp.39015004949627,122,14,0,tonight,TIME,71,78
mdp.39015004949627,122,21,0,niggers,NORP,21,28
mdp.39015004949627,122,21,1,110,CARDINAL,93,96
mdp.39015004949627,123,5,0,Jacobs,PERSON,110,116
mdp.39015004949627,124,8,0,Jacobsville,GPE,64,75
mdp.39015004949627,124,10,0,Jacobsville,GPE,32,43
mdp.39015004949627,124,11,0,two hundred yards,QUANTITY,58,75
mdp.39015004949627,124,13,0,Negroes,NORP,16,23
mdp.39015004949627,125,0,0,Sheriffl,PERSON,5,13
mdp.39015004949627,125,0,1,Josh,PERSON,15,19
mdp.39015004949627,125,1,0,Josh,PERSON,1,5
mdp.39015004949627,125,3,0,Josh,PERSON,13,17
mdp.39015004949627,125,4,0,Pitch,PERSON,8,13
mdp.39015004949627,125,6,0,Josh,PERSON,21,25
mdp.39015004949627,125,8,0,Josh,PERSON,0,4
mdp.39015004949627,125,8,1,only two years ago,DATE,48,66
mdp.39015004949627,125,9,0,Josh,PERSON,8,12
mdp.39015004949627,125,11,0,Josh,PERSON,0,4
mdp.39015004949627,125,12,0,Sheriff,PERSON,28,35
mdp.39015004949627,125,14,0,one,CARDINAL,55,58
mdp.39015004949627,125,16,0,twenty,CARDINAL,21,27
mdp.39015004949627,125,18,0,Sheriff,PERSON,14,21
mdp.39015004949627,125,19,0,Josh,PERSON,5,9
mdp.39015004949627,125,22,0,113,CARDINAL,10,13
mdp.39015004949627,126,2,0,Josh,PERSON,19,23
mdp.39015004949627,126,3,0,two,CARDINAL,11,14
mdp.39015004949627,126,7,0,Josh,PERSON,1,5
mdp.39015004949627,126,13,0,James Edward!,PERSON,0,13
mdp.39015004949627,126,14,0,J.D.I,PERSON,0,5
mdp.39015004949627,126,15,0,Two,CARDINAL,0,3
mdp.39015004949627,126,16,0,Josh,PERSON,0,4
mdp.39015004949627,126,16,1,one,CARDINAL,12,15
mdp.39015004949627,126,19,0,Josh,PERSON,0,4
mdp.39015004949627,126,20,0,Negro,NORP,31,36
mdp.39015004949627,126,21,0,Josh,PERSON,0,4
mdp.39015004949627,126,23,0,Josh,PERSON,0,4
mdp.39015004949627,126,23,1,one,CARDINAL,42,45
mdp.39015004949627,126,25,0,114,CARDINAL,0,3
mdp.39015004949627,134,0,0,NOV 599 NOV O 2,DATE,36,51
mdp.39015004949627,134,0,1,MAR 2 4 1995,DATE,57,69
