vol_id,page,sentence_id,ent_id,entity,entity_type,start_char,end_char
mdp.39015038022524,4,0,0,1,CARDINAL,0,1
mdp.39015038022524,6,0,0,John Edgar Wideman,PERSON,9,27
mdp.39015038022524,6,0,1,DAMBALLAH,PERSON,66,75
mdp.39015038022524,6,0,2,YESTERDAY,DATE,102,111
mdp.39015038022524,6,0,3,REUBEN FEVER,PERSON,133,145
mdp.39015038022524,6,0,4,PHILADELPHIA,GPE,146,158
mdp.39015038022524,6,0,5,JOHN EDGAR WIDEMAN FATHERALONG,PERSON,189,219
mdp.39015038022524,7,0,0,John Edgar Wideman,PERSON,25,43
mdp.39015038022524,7,0,1,BOSTON,GPE,69,75
mdp.39015038022524,7,0,2,NEW YORK,GPE,78,86
mdp.39015038022524,7,0,3,1996,DATE,87,91
mdp.39015038022524,8,1,0,1996,DATE,12,16
mdp.39015038022524,8,1,1,John Edgar Wideman,PERSON,20,38
mdp.39015038022524,8,3,0,Houghton Mifflin Company,ORG,95,119
mdp.39015038022524,8,3,1,New York,GPE,144,152
mdp.39015038022524,8,3,2,New York,GPE,154,162
mdp.39015038022524,8,4,0,Houghton Mifflin,ORG,37,53
mdp.39015038022524,8,4,1,The Bookstore at Houghton Mifflin,ORG,111,144
mdp.39015038022524,8,4,2,Library of Congress,ORG,198,217
mdp.39015038022524,8,4,3,John Edgar,PERSON,258,268
mdp.39015038022524,8,5,0,John Edgar Wideman,PERSON,21,39
mdp.39015038022524,8,8,0,0-395-78590-1,CARDINAL,5,18
mdp.39015038022524,8,8,1,Afro-Americans,NORP,22,36
mdp.39015038022524,8,8,2,Pennsylvania,GPE,39,51
mdp.39015038022524,8,8,3,Philadelphia,GPE,54,66
mdp.39015038022524,8,9,0,2,CARDINAL,0,1
mdp.39015038022524,8,9,1,Afro-American,NORP,3,16
mdp.39015038022524,8,9,2,Pennsylvania-Philadelphia,GPE,24,49
mdp.39015038022524,8,10,0,3,CARDINAL,0,1
mdp.39015038022524,8,10,1,Africans,NORP,3,11
mdp.39015038022524,8,10,2,Philadelphia,GPE,26,38
mdp.39015038022524,8,11,0,4,CARDINAL,0,1
mdp.39015038022524,8,11,1,Afro-American,NORP,3,16
mdp.39015038022524,8,12,0,5,CARDINAL,0,1
mdp.39015038022524,8,14,0,Benjamin Rush,PERSON,80,93
mdp.39015038022524,8,14,1,"August 22, 1793",DATE,95,110
mdp.39015038022524,8,14,2,eighteenth-century,DATE,138,156
mdp.39015038022524,8,16,0,Noël Mostert's,PERSON,0,14
mdp.39015038022524,8,16,1,FRONTIERS,WORK_OF_ART,15,24
mdp.39015038022524,8,16,2,Terence Doherty's,PERSON,29,46
mdp.39015038022524,8,16,3,THE ANATOMICAL works,WORK_OF_ART,47,67
mdp.39015038022524,8,16,4,george stubbs,PERSON,71,84
mdp.39015038022524,8,17,0,Robert Overholtzer,PERSON,15,33
mdp.39015038022524,8,17,1,the United States of America,GPE,45,73
mdp.39015038022524,9,0,0,LNG15-24 20,DATE,0,11
mdp.39015038022524,9,0,1,JAMILA,PERSON,15,21
mdp.39015038022524,9,0,2,one,CARDINAL,39,42
mdp.39015038022524,11,0,0,ONE,CARDINAL,5,8
mdp.39015038022524,11,0,1,EZEKIEL 12:3,PERSON,53,65
mdp.39015038022524,13,1,0,Wylie Avenue,FAC,62,74
mdp.39015038022524,13,6,0,the Hotel William Penn's,ORG,354,378
mdp.39015038022524,13,7,0,the last morning,TIME,248,264
mdp.39015038022524,13,7,1,The Cattle Killing ◊,WORK_OF_ART,362,382
mdp.39015038022524,14,1,0,Wylie Hill,LOC,397,407
mdp.39015038022524,14,1,1,a minute ago,TIME,453,465
mdp.39015038022524,14,7,0,Eye,PERSON,32,35
mdp.39015038022524,14,10,0,Reggie,PERSON,8,14
mdp.39015038022524,14,10,1,Scott,PERSON,19,24
mdp.39015038022524,14,10,2,Howard,PERSON,29,35
mdp.39015038022524,14,10,3,Hamp,PERSON,40,44
mdp.39015038022524,14,11,0,Eye,PERSON,6,9
mdp.39015038022524,14,11,1,Ay,PERSON,18,20
mdp.39015038022524,14,11,2,Aye,PERSON,24,27
mdp.39015038022524,14,12,0,fifteen,DATE,19,26
mdp.39015038022524,14,12,1,fifteen,DATE,28,35
mdp.39015038022524,14,14,0,Spaniels,NORP,184,192
mdp.39015038022524,14,14,1,Midnighters,NORP,196,207
mdp.39015038022524,14,14,2,Imperials,NORP,211,220
mdp.39015038022524,14,16,0,quarter,MONEY,30,37
mdp.39015038022524,14,16,1,Bessie Smith,PERSON,49,61
mdp.39015038022524,14,16,2,Humpff,PERSON,68,74
mdp.39015038022524,14,16,3,twenty-five cents,MONEY,90,107
mdp.39015038022524,14,16,4,4,CARDINAL,169,170
mdp.39015038022524,14,16,5,John Edgar Wideman,PERSON,171,189
mdp.39015038022524,15,4,0,those heigh-ho Silver teen days,DATE,96,127
mdp.39015038022524,15,8,0,One,CARDINAL,0,3
mdp.39015038022524,15,15,0,two,CARDINAL,44,47
mdp.39015038022524,15,16,0,dawn,TIME,69,73
mdp.39015038022524,15,17,0,Fifteen,CARDINAL,0,7
mdp.39015038022524,15,17,1,Hill,LOC,36,40
mdp.39015038022524,15,21,0,The Cattle Killing 5,WORK_OF_ART,72,92
mdp.39015038022524,16,0,0,Hill,FAC,25,29
mdp.39015038022524,16,0,1,that week,DATE,30,39
mdp.39015038022524,16,7,0,Hill,FAC,35,39
mdp.39015038022524,16,16,0,Hill,FAC,0,4
mdp.39015038022524,16,17,0,Fifteen,CARDINAL,0,7
mdp.39015038022524,16,18,0,Last night,TIME,0,10
mdp.39015038022524,16,18,1,the William Penn Hotel,ORG,37,59
mdp.39015038022524,16,18,2,last night,TIME,92,102
mdp.39015038022524,16,18,3,fifteen,DATE,115,122
mdp.39015038022524,16,19,0,a year,DATE,18,24
mdp.39015038022524,16,21,0,one,CARDINAL,27,30
mdp.39015038022524,16,21,1,fifteen-cent,MONEY,70,82
mdp.39015038022524,16,21,2,twentyfive-cent,MONEY,84,99
mdp.39015038022524,16,22,0,one,CARDINAL,86,89
mdp.39015038022524,16,37,0,one,CARDINAL,19,22
mdp.39015038022524,16,38,0,6,CARDINAL,0,1
mdp.39015038022524,16,38,1,John Edgar Wideman,PERSON,2,20
mdp.39015038022524,17,14,0,Xhosa,NORP,0,5
mdp.39015038022524,17,15,0,African,NORP,17,24
mdp.39015038022524,17,15,1,European,NORP,49,57
mdp.39015038022524,17,15,2,Xhosa,NORP,164,169
mdp.39015038022524,17,16,0,Xhosa,GPE,0,5
mdp.39015038022524,17,22,0,Xhosa,NORP,4,9
mdp.39015038022524,17,22,1,European,NORP,130,138
mdp.39015038022524,17,25,0,Wylie Hill,LOC,94,104
mdp.39015038022524,17,27,0,Xhosa,NORP,4,9
mdp.39015038022524,17,29,0,7,CARDINAL,26,27
mdp.39015038022524,18,3,0,Eye,PERSON,19,22
mdp.39015038022524,18,5,0,Isaiah,PERSON,14,20
mdp.39015038022524,18,9,0,Sherwood Anderson,PERSON,145,162
mdp.39015038022524,18,9,1,Ohio,GPE,167,171
mdp.39015038022524,18,9,2,Faulkner,PERSON,175,183
mdp.39015038022524,18,9,3,Mississippi,GPE,188,199
mdp.39015038022524,18,9,4,Yoknapatawpha,GPE,268,281
mdp.39015038022524,18,13,0,Wylie,PERSON,65,70
mdp.39015038022524,18,14,0,Eye,PERSON,8,11
mdp.39015038022524,18,15,0,fifty years later,DATE,4,21
mdp.39015038022524,18,17,0,a half a century,DATE,3,19
mdp.39015038022524,18,17,1,Eye,PRODUCT,74,77
mdp.39015038022524,18,21,0,Later today,TIME,0,11
mdp.39015038022524,18,21,1,the Riverboat Room,FAC,15,33
mdp.39015038022524,18,22,0,one,CARDINAL,46,49
mdp.39015038022524,18,29,0,yesterday,DATE,15,24
mdp.39015038022524,18,29,1,afternoon,TIME,25,34
mdp.39015038022524,18,29,2,Beth,PERSON,40,44
mdp.39015038022524,18,29,3,8,CARDINAL,65,66
mdp.39015038022524,19,6,0,fifty years,DATE,7,18
mdp.39015038022524,19,8,0,two,CARDINAL,22,25
mdp.39015038022524,19,11,0,first,ORDINAL,2,7
mdp.39015038022524,19,12,0,Wylie Avenue,FAC,8,20
mdp.39015038022524,19,14,0,ten minutes,TIME,6,17
mdp.39015038022524,19,19,0,four,CARDINAL,146,150
mdp.39015038022524,19,19,1,one,CARDINAL,172,175
mdp.39015038022524,19,22,0,Bruges,GPE,50,56
mdp.39015038022524,19,23,0,Arras,GPE,3,8
mdp.39015038022524,19,25,0,a hundred,CARDINAL,39,48
mdp.39015038022524,20,0,0,A Mass for Arras,WORK_OF_ART,98,114
mdp.39015038022524,20,1,0,Polish,NORP,5,11
mdp.39015038022524,20,1,1,Andrzej Szczypiorski,PERSON,20,40
mdp.39015038022524,20,2,0,A Mass for Arras,WORK_OF_ART,0,16
mdp.39015038022524,20,3,0,English,LANGUAGE,20,27
mdp.39015038022524,20,4,0,Polish,LANGUAGE,3,9
mdp.39015038022524,20,5,0,Eye,PERSON,74,77
mdp.39015038022524,20,5,1,Eastern Europe,LOC,105,119
mdp.39015038022524,20,6,0,Lithuanian,NORP,95,105
mdp.39015038022524,20,6,1,Czechoslovakian,NORP,106,121
mdp.39015038022524,20,6,2,Armenian,NORP,122,130
mdp.39015038022524,20,6,3,Ukrainian,NORP,131,140
mdp.39015038022524,20,6,4,Yugoslavian,NORP,141,152
mdp.39015038022524,20,6,5,Macedonian,NORP,153,163
mdp.39015038022524,20,9,0,Hungarians,NORP,295,305
mdp.39015038022524,20,10,0,Pittsburgh,GPE,45,55
mdp.39015038022524,20,10,1,South African,NORP,93,106
mdp.39015038022524,20,10,2,decades later,DATE,113,126
mdp.39015038022524,20,10,3,Crossroads,FAC,205,215
mdp.39015038022524,20,11,0,the Civic Arena,FAC,29,44
mdp.39015038022524,20,11,1,Italian,NORP,158,165
mdp.39015038022524,20,11,2,Jewish,NORP,172,178
mdp.39015038022524,20,11,3,the Lower Hill,LOC,207,221
mdp.39015038022524,20,11,4,Ellis Island,LOC,232,244
mdp.39015038022524,20,11,5,10,CARDINAL,330,332
mdp.39015038022524,20,11,6,John Edgar Wideman,PERSON,333,351
mdp.39015038022524,21,2,0,the Lower Hill,LOC,27,41
mdp.39015038022524,21,2,1,the Civic Arena,FAC,68,83
mdp.39015038022524,21,3,0,Eye,PERSON,4,7
mdp.39015038022524,21,3,1,fifteen,DATE,20,27
mdp.39015038022524,21,3,2,Hill,LOC,57,61
mdp.39015038022524,21,6,0,Eye,PERSON,4,7
mdp.39015038022524,21,6,1,fifteen,DATE,8,15
mdp.39015038022524,21,7,0,fifteen plus or minus fifteen,DATE,13,42
mdp.39015038022524,21,11,0,Kilroy,PERSON,28,34
mdp.39015038022524,21,14,0,Eye,PERSON,0,3
mdp.39015038022524,21,14,1,one,CARDINAL,39,42
mdp.39015038022524,21,14,2,last night,TIME,87,97
mdp.39015038022524,21,15,0,about a month ago,DATE,13,30
mdp.39015038022524,21,16,0,11,CARDINAL,29,31
mdp.39015038022524,22,0,0,weeks,DATE,36,41
mdp.39015038022524,22,3,0,one,CARDINAL,27,30
mdp.39015038022524,22,6,0,eighteenth-century,DATE,26,44
mdp.39015038022524,22,6,1,Hill,LOC,85,89
mdp.39015038022524,22,7,0,two hundred years,DATE,50,67
mdp.39015038022524,22,9,0,African,NORP,14,21
mdp.39015038022524,22,9,1,African,NORP,615,622
mdp.39015038022524,22,13,0,African,NORP,15,22
mdp.39015038022524,22,13,1,second,ORDINAL,300,306
mdp.39015038022524,22,14,0,12,CARDINAL,0,2
mdp.39015038022524,22,14,1,John Edgar Wideman,PERSON,3,21
mdp.39015038022524,23,0,0,eighteenth-century,DATE,24,42
mdp.39015038022524,23,0,1,African,NORP,43,50
mdp.39015038022524,23,0,2,two hundred years,DATE,248,265
mdp.39015038022524,23,2,0,last night,TIME,30,40
mdp.39015038022524,23,3,0,African,NORP,12,19
mdp.39015038022524,23,6,0,fifteen,DATE,21,28
mdp.39015038022524,23,6,1,two,CARDINAL,34,37
mdp.39015038022524,23,6,2,African,NORP,71,78
mdp.39015038022524,23,13,0,minutes ago,TIME,37,48
mdp.39015038022524,23,14,0,tomorrow,DATE,17,25
mdp.39015038022524,23,15,0,yesterday,DATE,3,12
mdp.39015038022524,23,15,1,The Cattle Killing 13,WORK_OF_ART,52,73
mdp.39015038022524,24,0,0,Frenchmen,NORP,20,29
mdp.39015038022524,24,0,1,Negro,NORP,33,38
mdp.39015038022524,24,0,2,Iroquois,NORP,49,57
mdp.39015038022524,24,0,3,Europeans,NORP,119,128
mdp.39015038022524,24,0,4,three,CARDINAL,664,669
mdp.39015038022524,24,1,0,three,CARDINAL,34,39
mdp.39015038022524,24,5,0,fifteen,DATE,173,180
mdp.39015038022524,24,11,0,John Edgar Wideman,PERSON,3,21
mdp.39015038022524,25,0,0,African,NORP,19,26
mdp.39015038022524,25,0,1,one,CARDINAL,114,117
mdp.39015038022524,25,2,0,one,CARDINAL,17,20
mdp.39015038022524,27,0,0,the night,TIME,7,16
mdp.39015038022524,27,6,0,many lifetimes,DATE,15,29
mdp.39015038022524,27,7,0,later in,TIME,90,98
mdp.39015038022524,28,3,0,season,DATE,34,40
mdp.39015038022524,28,4,0,first,ORDINAL,133,138
mdp.39015038022524,28,7,0,morning,TIME,23,30
mdp.39015038022524,28,8,0,this morning,TIME,21,33
mdp.39015038022524,28,9,0,mornings,TIME,6,14
mdp.39015038022524,28,9,1,summer,DATE,50,56
mdp.39015038022524,28,9,2,that season,DATE,121,132
mdp.39015038022524,28,19,0,next morning,TIME,45,57
mdp.39015038022524,28,25,0,John Edgar Wideman,PERSON,41,59
mdp.39015038022524,29,6,0,One,CARDINAL,0,3
mdp.39015038022524,29,13,0,late-afternoon,TIME,90,104
mdp.39015038022524,29,16,0,this morning,TIME,64,76
mdp.39015038022524,30,10,0,all four,CARDINAL,89,97
mdp.39015038022524,30,26,0,20,CARDINAL,78,80
mdp.39015038022524,30,26,1,John Edgar Wideman,PERSON,81,99
mdp.39015038022524,31,4,0,a new day,DATE,18,27
mdp.39015038022524,31,5,0,night,TIME,84,89
mdp.39015038022524,32,0,0,year,DATE,41,45
mdp.39015038022524,32,0,1,year,DATE,49,53
mdp.39015038022524,32,3,0,half,CARDINAL,50,54
mdp.39015038022524,32,10,0,African,NORP,66,73
mdp.39015038022524,32,10,1,this morning,TIME,87,99
mdp.39015038022524,32,12,0,morning,TIME,32,39
mdp.39015038022524,32,18,0,22,CARDINAL,129,131
mdp.39015038022524,32,18,1,John Edgar Wideman,PERSON,132,150
mdp.39015038022524,33,2,0,one,CARDINAL,59,62
mdp.39015038022524,33,12,0,one,CARDINAL,29,32
mdp.39015038022524,33,14,0,Good day,DATE,0,8
mdp.39015038022524,33,15,0,Christian,NORP,42,51
mdp.39015038022524,34,0,0,English,NORP,109,116
mdp.39015038022524,34,1,0,One,CARDINAL,0,3
mdp.39015038022524,34,5,0,a day,DATE,3,8
mdp.39015038022524,34,5,1,a few hours,TIME,10,21
mdp.39015038022524,34,20,0,days,DATE,107,111
mdp.39015038022524,34,21,0,Satan,PERSON,6,11
mdp.39015038022524,34,30,0,24,CARDINAL,17,19
mdp.39015038022524,34,30,1,John Edgar Wideman,PERSON,20,38
mdp.39015038022524,35,0,0,one,CARDINAL,61,64
mdp.39015038022524,35,12,0,One,CARDINAL,0,3
mdp.39015038022524,35,13,0,Three,CARDINAL,0,5
mdp.39015038022524,35,16,0,two,CARDINAL,12,15
mdp.39015038022524,35,21,0,second,ORDINAL,2,8
mdp.39015038022524,35,23,0,two,CARDINAL,12,15
mdp.39015038022524,35,31,0,one,CARDINAL,94,97
mdp.39015038022524,35,32,0,first,ORDINAL,40,45
mdp.39015038022524,35,32,1,the The Cattle Killing,WORK_OF_ART,70,92
mdp.39015038022524,36,17,0,second,ORDINAL,54,60
mdp.39015038022524,36,22,0,first,ORDINAL,56,61
mdp.39015038022524,36,31,0,Christ,PERSON,31,37
mdp.39015038022524,36,35,0,26,CARDINAL,3,5
mdp.39015038022524,36,35,1,John Edgar Wideman,PERSON,6,24
mdp.39015038022524,37,6,0,two,CARDINAL,25,28
mdp.39015038022524,37,8,0,two,CARDINAL,103,106
mdp.39015038022524,37,8,1,second,ORDINAL,173,179
mdp.39015038022524,37,25,0,The Cattle Killing,WORK_OF_ART,62,80
mdp.39015038022524,38,2,0,one,CARDINAL,27,30
mdp.39015038022524,38,26,0,many years,DATE,30,40
mdp.39015038022524,38,41,0,28,CARDINAL,0,2
mdp.39015038022524,38,41,1,John Edgar Wideman,PERSON,3,21
mdp.39015038022524,39,16,0,tonight,TIME,13,20
mdp.39015038022524,39,23,0,Goodnight,TIME,0,9
mdp.39015038022524,39,27,0,each morning,TIME,34,46
mdp.39015038022524,39,30,0,One morning,TIME,0,11
mdp.39015038022524,39,35,0,tomorrow,DATE,24,32
mdp.39015038022524,39,36,0,the morrow,DATE,4,14
mdp.39015038022524,39,36,1,the morrow,DATE,20,30
mdp.39015038022524,39,40,0,Goodnight,TIME,0,9
mdp.39015038022524,39,41,0,tomorrow,DATE,5,13
mdp.39015038022524,39,42,0,tomorrow,DATE,5,13
mdp.39015038022524,39,45,0,The Cattle Killing 29,WORK_OF_ART,0,21
mdp.39015038022524,40,0,0,Goodnight,TIME,0,9
mdp.39015038022524,40,3,0,weeks,DATE,39,44
mdp.39015038022524,40,12,0,nights,TIME,124,130
mdp.39015038022524,40,12,1,nights,DATE,132,138
mdp.39015038022524,40,12,2,the hour,TIME,247,255
mdp.39015038022524,40,16,0,each night,TIME,46,56
mdp.39015038022524,40,20,0,John Edgar Wideman,PERSON,36,54
mdp.39015038022524,41,8,0,African,NORP,32,39
mdp.39015038022524,41,8,1,first,ORDINAL,88,93
mdp.39015038022524,41,8,2,night,TIME,584,589
mdp.39015038022524,41,14,0,the The Cattle Killing 31,WORK_OF_ART,98,123
mdp.39015038022524,42,17,0,second,ORDINAL,2,8
mdp.39015038022524,42,19,0,the Cape of Good Hope,LOC,163,184
mdp.39015038022524,42,23,0,John Edgar Wideman,PERSON,64,82
mdp.39015038022524,43,0,0,one,CARDINAL,26,29
mdp.39015038022524,43,0,1,Whitefield,PERSON,37,47
mdp.39015038022524,43,1,0,Methodists,NORP,56,66
mdp.39015038022524,43,1,1,Baptists,NORP,71,79
mdp.39015038022524,43,11,0,Negro,NORP,113,118
mdp.39015038022524,43,13,0,some weeks,DATE,60,70
mdp.39015038022524,43,14,0,The Cattle Killing,WORK_OF_ART,31,49
mdp.39015038022524,44,0,0,Bible,WORK_OF_ART,55,60
mdp.39015038022524,44,0,1,African,NORP,135,142
mdp.39015038022524,44,4,0,Philadelphia,GPE,18,30
mdp.39015038022524,44,7,0,Africans,NORP,96,104
mdp.39015038022524,44,10,0,Haiti,GPE,53,58
mdp.39015038022524,44,14,0,34,CARDINAL,62,64
mdp.39015038022524,44,14,1,John Edgar Wideman,PERSON,65,83
mdp.39015038022524,45,3,0,African,NORP,20,27
mdp.39015038022524,45,6,0,African,NORP,32,39
mdp.39015038022524,45,7,0,one,CARDINAL,82,85
mdp.39015038022524,45,7,1,daily,DATE,113,118
mdp.39015038022524,45,8,0,one,CARDINAL,64,67
mdp.39015038022524,45,8,1,St. Matthew's,FAC,86,99
mdp.39015038022524,45,8,2,daily,DATE,113,118
mdp.39015038022524,45,12,0,one,CARDINAL,60,63
mdp.39015038022524,45,12,1,one,CARDINAL,71,74
mdp.39015038022524,45,12,2,daily,DATE,108,113
mdp.39015038022524,46,3,0,one,CARDINAL,34,37
mdp.39015038022524,46,11,0,"a long, harsh winter",DATE,6,26
mdp.39015038022524,46,11,1,spring,DATE,28,34
mdp.39015038022524,46,16,0,A season,DATE,0,8
mdp.39015038022524,46,16,1,winter,DATE,169,175
mdp.39015038022524,46,17,0,July,DATE,5,9
mdp.39015038022524,46,21,0,August,DATE,0,6
mdp.39015038022524,46,27,0,one,CARDINAL,3,6
mdp.39015038022524,46,27,1,August,DATE,25,31
mdp.39015038022524,46,27,2,two,CARDINAL,164,167
mdp.39015038022524,46,28,0,36,CARDINAL,10,12
mdp.39015038022524,46,28,1,John Edgar Wideman,PERSON,13,31
mdp.39015038022524,47,9,0,African,NORP,83,90
mdp.39015038022524,47,9,1,African,NORP,116,123
mdp.39015038022524,47,20,0,African,NORP,84,91
mdp.39015038022524,48,8,0,the sweltering day,DATE,14,32
mdp.39015038022524,48,9,0,that day,DATE,55,63
mdp.39015038022524,48,21,0,38,CARDINAL,0,2
mdp.39015038022524,48,21,1,John Edgar Wideman,PERSON,3,21
mdp.39015038022524,49,4,0,a few feet,QUANTITY,19,29
mdp.39015038022524,49,32,0,39,CARDINAL,19,21
mdp.39015038022524,50,7,0,that August day,DATE,3,18
mdp.39015038022524,50,34,0,gib penny,PERSON,9,18
mdp.39015038022524,50,35,0,40,CARDINAL,0,2
mdp.39015038022524,50,35,1,John Edgar Wideman,PERSON,3,21
mdp.39015038022524,51,7,0,tankee,PERSON,4,10
mdp.39015038022524,51,21,0,a quarter mile,QUANTITY,131,145
mdp.39015038022524,51,24,0,The Cattle Killing,WORK_OF_ART,12,30
mdp.39015038022524,52,2,0,one,CARDINAL,49,52
mdp.39015038022524,52,19,0,second,ORDINAL,2,8
mdp.39015038022524,52,26,0,John Edgar Wideman,PERSON,9,27
mdp.39015038022524,53,17,0,Minutes,TIME,0,7
mdp.39015038022524,53,18,0,Days,DATE,0,4
mdp.39015038022524,53,25,0,lifetime,DATE,2,10
mdp.39015038022524,53,28,0,a mile,QUANTITY,7,13
mdp.39015038022524,53,28,1,The Cattle Killing 43,WORK_OF_ART,130,151
mdp.39015038022524,54,3,0,an ordinary season,DATE,13,31
mdp.39015038022524,54,5,0,first,ORDINAL,51,56
mdp.39015038022524,54,13,0,One,CARDINAL,0,3
mdp.39015038022524,54,13,1,two,CARDINAL,5,8
mdp.39015038022524,54,27,0,John Edgar Wideman,PERSON,50,68
mdp.39015038022524,55,0,0,other days,DATE,3,13
mdp.39015038022524,55,27,0,most summers,DATE,101,113
mdp.39015038022524,56,8,0,these impossibly hot days,DATE,65,90
mdp.39015038022524,56,10,0,all seasons,DATE,38,49
mdp.39015038022524,56,16,0,first,ORDINAL,16,21
mdp.39015038022524,56,29,0,a few yards,QUANTITY,67,78
mdp.39015038022524,56,30,0,John Edgar Wideman,PERSON,0,18
mdp.39015038022524,57,2,0,second,ORDINAL,17,23
mdp.39015038022524,57,2,1,first,ORDINAL,60,65
mdp.39015038022524,57,3,0,one,CARDINAL,13,16
mdp.39015038022524,57,6,0,one,CARDINAL,69,72
mdp.39015038022524,57,10,0,night,TIME,14,19
mdp.39015038022524,57,13,0,winter,DATE,29,35
mdp.39015038022524,57,14,0,Summer,DATE,0,6
mdp.39015038022524,57,19,0,one,CARDINAL,178,181
mdp.39015038022524,57,21,0,47,CARDINAL,19,21
mdp.39015038022524,58,2,0,"More like twenty, thirty",CARDINAL,0,24
mdp.39015038022524,58,12,0,any moment,TIME,40,50
mdp.39015038022524,58,13,0,Any moment,TIME,0,10
mdp.39015038022524,58,14,0,Any moment,TIME,0,10
mdp.39015038022524,58,15,0,Any moment,TIME,0,10
mdp.39015038022524,58,15,1,five minutes,TIME,33,45
mdp.39015038022524,58,15,2,an hour,TIME,47,54
mdp.39015038022524,58,15,3,all night,TIME,56,65
mdp.39015038022524,58,41,0,The hour,TIME,0,8
mdp.39015038022524,58,42,0,One,CARDINAL,0,3
mdp.39015038022524,58,50,0,48,CARDINAL,0,2
mdp.39015038022524,58,50,1,John Edgar Wideman,PERSON,3,21
mdp.39015038022524,59,4,0,Philadelphia,GPE,30,42
mdp.39015038022524,59,12,0,Philadelphia,GPE,27,39
mdp.39015038022524,59,14,0,Philadelphia,GPE,0,12
mdp.39015038022524,59,25,0,Philadelphia,GPE,50,62
mdp.39015038022524,60,0,0,Philadelphia,GPE,37,49
mdp.39015038022524,60,4,0,one day,DATE,44,51
mdp.39015038022524,60,8,0,one,CARDINAL,56,59
mdp.39015038022524,60,15,0,African,NORP,19,26
mdp.39015038022524,60,15,1,50,CARDINAL,191,193
mdp.39015038022524,60,15,2,John Edgar Wideman,PERSON,194,212
mdp.39015038022524,61,18,0,Cassandra,PERSON,27,36
mdp.39015038022524,61,19,0,African,NORP,49,56
mdp.39015038022524,61,19,1,bozal,PERSON,98,103
mdp.39015038022524,61,19,2,the West Indies,GPE,116,131
mdp.39015038022524,61,20,0,Negro,LANGUAGE,33,38
mdp.39015038022524,61,20,1,English,LANGUAGE,39,46
mdp.39015038022524,61,23,0,English,LANGUAGE,81,88
mdp.39015038022524,61,23,1,The Cattle Killing,WORK_OF_ART,130,148
mdp.39015038022524,62,0,0,African,NORP,76,83
mdp.39015038022524,62,2,0,two,CARDINAL,121,124
mdp.39015038022524,62,19,0,Philadelphia,GPE,15,27
mdp.39015038022524,62,26,0,the night,TIME,73,82
mdp.39015038022524,62,29,0,52,CARDINAL,0,2
mdp.39015038022524,62,29,1,John Edgar Wideman,PERSON,3,21
mdp.39015038022524,63,0,0,Philadelphia,GPE,3,15
mdp.39015038022524,63,1,0,African,NORP,4,11
mdp.39015038022524,63,4,0,one,CARDINAL,57,60
mdp.39015038022524,63,5,0,African,NORP,28,35
mdp.39015038022524,63,6,0,Brown,PERSON,0,5
mdp.39015038022524,63,8,0,Frenchmen,NORP,39,48
mdp.39015038022524,63,8,1,Indians,NORP,53,60
mdp.39015038022524,63,8,2,Canada,GPE,64,70
mdp.39015038022524,63,8,3,Rebellion,EVENT,98,107
mdp.39015038022524,63,8,4,British,NORP,121,128
mdp.39015038022524,63,8,5,New York,GPE,177,185
mdp.39015038022524,63,8,6,a few years,DATE,225,236
mdp.39015038022524,63,9,0,night,TIME,69,74
mdp.39015038022524,63,11,0,African,NORP,41,48
mdp.39015038022524,63,13,0,night,TIME,18,23
mdp.39015038022524,63,13,1,Philadelphia,GPE,108,120
mdp.39015038022524,63,14,0,Christian,NORP,210,219
mdp.39015038022524,63,15,0,The Cattle Killing 53,WORK_OF_ART,3,24
mdp.39015038022524,64,0,0,Philadelphia,GPE,29,41
mdp.39015038022524,64,9,0,Philadelphia,GPE,34,46
mdp.39015038022524,64,14,0,One,CARDINAL,0,3
mdp.39015038022524,64,14,1,tonight,TIME,14,21
mdp.39015038022524,64,17,0,One,CARDINAL,0,3
mdp.39015038022524,64,28,0,Philadelphia,GPE,25,37
mdp.39015038022524,64,31,0,A year or so,DATE,0,12
mdp.39015038022524,64,31,1,Radnor,GPE,59,65
mdp.39015038022524,64,32,0,the blistering summer 54,DATE,53,77
mdp.39015038022524,64,32,1,John Edgar Wideman,PERSON,78,96
mdp.39015038022524,65,2,0,two,CARDINAL,30,33
mdp.39015038022524,65,4,0,first,ORDINAL,22,27
mdp.39015038022524,65,4,1,first,ORDINAL,51,56
mdp.39015038022524,65,5,0,second,ORDINAL,27,33
mdp.39015038022524,65,6,0,first,ORDINAL,82,87
mdp.39015038022524,65,12,0,first,ORDINAL,25,30
mdp.39015038022524,65,16,0,the day,DATE,10,17
mdp.39015038022524,65,17,0,all days,DATE,42,50
mdp.39015038022524,65,17,1,Jesus,PERSON,288,293
mdp.39015038022524,65,18,0,An October Sunday,DATE,0,17
mdp.39015038022524,65,18,1,the year of our Lord 1792,DATE,21,46
mdp.39015038022524,65,19,0,Jonah,PERSON,26,31
mdp.39015038022524,65,19,1,Radnor,GPE,103,109
mdp.39015038022524,65,19,2,twelve miles,QUANTITY,202,214
mdp.39015038022524,65,19,3,Philadelphia,GPE,220,232
mdp.39015038022524,65,20,0,Stubbs,PERSON,4,10
mdp.39015038022524,65,20,1,The Cattle Killing,WORK_OF_ART,61,79
mdp.39015038022524,66,3,0,Stubbs,PERSON,49,55
mdp.39015038022524,66,5,0,a few months,DATE,23,35
mdp.39015038022524,66,5,1,nearly two years,DATE,55,71
mdp.39015038022524,66,6,0,African,NORP,8,15
mdp.39015038022524,66,6,1,Stubbs,PERSON,16,22
mdp.39015038022524,66,6,2,Stubbs,PERSON,42,48
mdp.39015038022524,66,6,3,Englishwoman,NORP,58,70
mdp.39015038022524,66,6,4,Stubbs,PERSON,108,114
mdp.39015038022524,66,7,0,the Sunday,DATE,117,127
mdp.39015038022524,66,7,1,Radnor,GPE,223,229
mdp.39015038022524,66,8,0,Sunday,DATE,4,10
mdp.39015038022524,66,9,0,Stubbs,PERSON,51,57
mdp.39015038022524,66,14,0,First,ORDINAL,0,5
mdp.39015038022524,66,15,0,second,ORDINAL,72,78
mdp.39015038022524,66,22,0,Sargasso Sea,LOC,17,29
mdp.39015038022524,66,25,0,John Edgar Wideman,PERSON,70,88
mdp.39015038022524,67,2,0,second,ORDINAL,14,20
mdp.39015038022524,67,36,0,57,CARDINAL,19,21
mdp.39015038022524,68,4,0,the October Sunday,DATE,3,21
mdp.39015038022524,68,4,1,second,ORDINAL,92,98
mdp.39015038022524,68,9,0,that morning,TIME,92,104
mdp.39015038022524,68,12,0,three,CARDINAL,32,37
mdp.39015038022524,68,12,1,one week,DATE,47,55
mdp.39015038022524,68,12,2,months,DATE,57,63
mdp.39015038022524,68,15,0,hours later,TIME,74,85
mdp.39015038022524,68,19,0,whole days,DATE,24,34
mdp.39015038022524,68,26,0,58,CARDINAL,90,92
mdp.39015038022524,68,26,1,John Edgar Wideman,PERSON,93,111
mdp.39015038022524,69,0,0,morning,TIME,0,7
mdp.39015038022524,69,0,1,St. Matthew's,FAC,44,57
mdp.39015038022524,69,1,0,St. Matthew's,FAC,0,13
mdp.39015038022524,69,1,1,Indian,NORP,102,108
mdp.39015038022524,69,2,0,Amos Parker,PERSON,46,57
mdp.39015038022524,69,2,1,England,GPE,78,85
mdp.39015038022524,69,4,0,One,CARDINAL,0,3
mdp.39015038022524,69,4,1,Britain,GPE,7,14
mdp.39015038022524,69,17,0,Parker,PERSON,0,6
mdp.39015038022524,69,18,0,Parker,PERSON,0,6
mdp.39015038022524,69,19,0,Sunday,DATE,4,10
mdp.39015038022524,69,19,1,Jesus,PERSON,201,206
mdp.39015038022524,69,20,0,The Cattle Killing,WORK_OF_ART,12,30
mdp.39015038022524,70,2,0,Parker,PERSON,31,37
mdp.39015038022524,70,4,0,Baptists,NORP,15,23
mdp.39015038022524,70,4,1,Methodists,NORP,28,38
mdp.39015038022524,70,6,0,today,DATE,60,65
mdp.39015038022524,70,6,1,tomorrow,DATE,101,109
mdp.39015038022524,70,7,0,St. Matthew's,FAC,23,36
mdp.39015038022524,70,7,1,Sunday,DATE,52,58
mdp.39015038022524,70,7,2,St. Matthew's,FAC,206,219
mdp.39015038022524,70,8,0,African,NORP,96,103
mdp.39015038022524,70,9,0,St. Matthew's,FAC,38,51
mdp.39015038022524,70,10,0,two,CARDINAL,28,31
mdp.39015038022524,70,11,0,each Sunday,DATE,54,65
mdp.39015038022524,70,13,0,John Edgar Wideman,PERSON,52,70
mdp.39015038022524,71,0,0,Parker,PERSON,51,57
mdp.39015038022524,71,0,1,each Sunday,DATE,96,107
mdp.39015038022524,71,1,0,Africans,NORP,38,46
mdp.39015038022524,71,1,1,Parker,PERSON,127,133
mdp.39015038022524,71,1,2,Negro,NORP,218,223
mdp.39015038022524,71,2,0,Caesar,PERSON,23,29
mdp.39015038022524,71,2,1,Indian,NORP,86,92
mdp.39015038022524,71,3,0,Parker,PERSON,13,19
mdp.39015038022524,71,4,0,St. Matthew's,FAC,71,84
mdp.39015038022524,71,8,0,Parker,PERSON,8,14
mdp.39015038022524,71,9,0,African,NORP,56,63
mdp.39015038022524,71,10,0,A dozen,CARDINAL,0,7
mdp.39015038022524,72,10,0,those Sunday,DATE,19,31
mdp.39015038022524,72,21,0,One,CARDINAL,0,3
mdp.39015038022524,72,21,1,two,CARDINAL,7,10
mdp.39015038022524,72,27,0,62,DATE,46,48
mdp.39015038022524,72,27,1,John Edgar Wideman,PERSON,49,67
mdp.39015038022524,73,14,0,Rowe,PERSON,4,8
mdp.39015038022524,73,15,0,one,CARDINAL,65,68
mdp.39015038022524,73,21,0,Rowe,PERSON,14,18
mdp.39015038022524,73,24,0,Rowe,PERSON,9,13
mdp.39015038022524,73,25,0,four,CARDINAL,45,49
mdp.39015038022524,73,27,0,One,CARDINAL,0,3
mdp.39015038022524,73,28,0,two,CARDINAL,25,28
mdp.39015038022524,73,34,0,Africans,NORP,34,42
mdp.39015038022524,73,36,0,Weekly,DATE,0,6
mdp.39015038022524,73,36,1,Africans,NORP,39,47
mdp.39015038022524,73,39,0,two,CARDINAL,14,17
mdp.39015038022524,73,39,1,Negroes,NORP,60,67
mdp.39015038022524,73,40,0,63,CARDINAL,21,23
mdp.39015038022524,74,4,0,mulatto,NORP,31,38
mdp.39015038022524,74,7,0,African,NORP,26,33
mdp.39015038022524,74,8,0,eight,CARDINAL,17,22
mdp.39015038022524,74,12,0,Philadelphia,GPE,22,34
mdp.39015038022524,74,14,0,each Sunday,DATE,26,37
mdp.39015038022524,74,14,1,Radnor,GPE,87,93
mdp.39015038022524,74,15,0,Bible,WORK_OF_ART,4,9
mdp.39015038022524,74,16,0,Radnor,GPE,58,64
mdp.39015038022524,74,17,0,first,ORDINAL,3,8
mdp.39015038022524,74,17,1,second,ORDINAL,43,49
mdp.39015038022524,74,18,0,Christians,NORP,65,75
mdp.39015038022524,74,19,0,Bible,WORK_OF_ART,41,46
mdp.39015038022524,74,22,0,Quaker,NORP,24,30
mdp.39015038022524,74,25,0,eleven or so,DATE,44,56
mdp.39015038022524,74,26,0,Bible,WORK_OF_ART,33,38
mdp.39015038022524,74,27,0,John Edgar Wideman,PERSON,17,35
mdp.39015038022524,75,8,0,Stubbs,ORG,23,29
mdp.39015038022524,75,9,0,Radnor,GPE,56,62
mdp.39015038022524,75,10,0,St. Matthew's,ORG,47,60
mdp.39015038022524,75,13,0,St. Matthew's,PERSON,7,20
mdp.39015038022524,75,15,0,Christian,NORP,58,67
mdp.39015038022524,75,19,0,Rowe,PERSON,11,15
mdp.39015038022524,75,20,0,Rowe,PERSON,11,15
mdp.39015038022524,75,20,1,one afternoon,TIME,22,35
mdp.39015038022524,75,21,0,Rowe,PERSON,33,37
mdp.39015038022524,75,24,0,65,CARDINAL,19,21
mdp.39015038022524,76,0,0,I,PERSON,27,28
mdp.39015038022524,76,0,1,m,PERSON,28,29
mdp.39015038022524,76,0,2,a,PERSON,29,30
mdp.39015038022524,76,1,0,Rowe,PERSON,72,76
mdp.39015038022524,76,2,0,Reverend,PERSON,16,24
mdp.39015038022524,76,3,0,I,PERSON,3,4
mdp.39015038022524,76,3,1,m,PERSON,4,5
mdp.39015038022524,76,7,0,New day,DATE,0,7
mdp.39015038022524,76,20,0,one,CARDINAL,164,167
mdp.39015038022524,76,24,0,A Sunday in,DATE,0,11
mdp.39015038022524,76,24,1,October,DATE,12,19
mdp.39015038022524,76,25,0,St. Matthew's,FAC,50,63
mdp.39015038022524,76,26,0,Parker,PERSON,63,69
mdp.39015038022524,76,26,1,St. Matthew's,FAC,97,110
mdp.39015038022524,76,28,0,Edgar Wideman,PERSON,0,13
mdp.39015038022524,77,2,0,second,ORDINAL,36,42
mdp.39015038022524,77,2,1,later in the day,TIME,113,129
mdp.39015038022524,77,2,2,Jeremiah 5:14,WORK_OF_ART,131,144
mdp.39015038022524,77,5,0,two,CARDINAL,15,18
mdp.39015038022524,77,6,0,Parker,PERSON,28,34
mdp.39015038022524,77,11,0,Parker,PERSON,68,74
mdp.39015038022524,77,13,0,Parker,PERSON,49,55
mdp.39015038022524,77,28,0,67,CARDINAL,21,23
mdp.39015038022524,78,8,0,St. Matthew's,FAC,0,13
mdp.39015038022524,78,8,1,Jericho,LOC,42,49
mdp.39015038022524,78,11,0,Hindu,NORP,99,104
mdp.39015038022524,78,11,1,seven,CARDINAL,135,140
mdp.39015038022524,78,12,0,Indians,NORP,159,166
mdp.39015038022524,78,20,0,One,CARDINAL,0,3
mdp.39015038022524,78,23,0,68,CARDINAL,60,62
mdp.39015038022524,78,24,0,John Edgar Wideman,PERSON,0,18
mdp.39015038022524,79,2,0,First,ORDINAL,0,5
mdp.39015038022524,79,10,0,One,CARDINAL,0,3
mdp.39015038022524,79,10,1,one,CARDINAL,66,69
mdp.39015038022524,79,10,2,one,CARDINAL,78,81
mdp.39015038022524,79,18,0,the Church of St. Matthew,FAC,23,48
mdp.39015038022524,79,18,1,African,NORP,69,76
mdp.39015038022524,79,23,0,St. Matthew's,FAC,22,35
mdp.39015038022524,80,2,0,spring,DATE,37,43
mdp.39015038022524,80,2,1,morning,TIME,44,51
mdp.39015038022524,80,11,0,First,ORDINAL,0,5
mdp.39015038022524,80,15,0,One,CARDINAL,0,3
mdp.39015038022524,80,40,0,two,CARDINAL,17,20
mdp.39015038022524,80,40,1,two,CARDINAL,24,27
mdp.39015038022524,80,44,0,This instant,TIME,0,12
mdp.39015038022524,80,50,0,John Edgar Wideman,PERSON,66,84
mdp.39015038022524,81,8,0,St. Matthew's,FAC,46,59
mdp.39015038022524,81,13,0,Parker,PERSON,37,43
mdp.39015038022524,81,26,0,yesterday,DATE,42,51
mdp.39015038022524,81,34,0,first,ORDINAL,32,37
mdp.39015038022524,81,38,0,Jesus,PERSON,11,16
mdp.39015038022524,81,47,0,71,CARDINAL,21,23
mdp.39015038022524,82,0,0,dozen or so,CARDINAL,41,52
mdp.39015038022524,82,10,0,Some Sundays,DATE,0,12
mdp.39015038022524,82,11,0,that October,TIME,57,69
mdp.39015038022524,82,14,0,first,ORDINAL,42,47
mdp.39015038022524,82,15,0,Bible,WORK_OF_ART,68,73
mdp.39015038022524,82,15,1,Jeremiah,PERSON,96,104
mdp.39015038022524,82,23,0,72,CARDINAL,0,2
mdp.39015038022524,82,23,1,John Edgar Wideman,PERSON,3,21
mdp.39015038022524,83,0,0,Stevens,PERSON,8,15
mdp.39015038022524,83,5,0,Ole Nick-in,PERSON,87,98
mdp.39015038022524,83,5,1,Parker,PERSON,108,114
mdp.39015038022524,83,7,0,one,CARDINAL,31,34
mdp.39015038022524,83,11,0,Parker,PERSON,12,18
mdp.39015038022524,83,15,0,Parker,PERSON,0,6
mdp.39015038022524,83,26,0,Rowe,PERSON,0,4
mdp.39015038022524,83,29,0,Sunday,DATE,56,62
mdp.39015038022524,83,30,0,G'wan,GPE,0,5
mdp.39015038022524,83,31,0,African,NORP,3,10
mdp.39015038022524,83,36,0,The Cattle Killing,WORK_OF_ART,62,80
mdp.39015038022524,84,5,0,thousandth,ORDINAL,32,42
mdp.39015038022524,84,16,0,one,CARDINAL,21,24
mdp.39015038022524,84,27,0,A moment before,TIME,0,15
mdp.39015038022524,84,31,0,October,DATE,92,99
mdp.39015038022524,84,31,1,afternoon,TIME,100,109
mdp.39015038022524,84,32,0,St. Matthew's,FAC,45,58
mdp.39015038022524,84,37,0,74,CARDINAL,36,38
mdp.39015038022524,84,37,1,John Edgar Wideman,PERSON,39,57
mdp.39015038022524,85,9,0,Rowe,PERSON,7,11
mdp.39015038022524,85,10,0,Lewis,PERSON,16,21
mdp.39015038022524,85,11,0,Jones,PERSON,10,15
mdp.39015038022524,85,12,0,Cudjo,PERSON,11,16
mdp.39015038022524,85,17,0,Stevens,PERSON,4,11
mdp.39015038022524,85,26,0,African,NORP,5,12
mdp.39015038022524,85,26,1,one,CARDINAL,42,45
mdp.39015038022524,85,33,0,Mistress Jones,PERSON,5,19
mdp.39015038022524,86,0,0,Lucy,PERSON,48,52
mdp.39015038022524,86,1,0,one,CARDINAL,59,62
mdp.39015038022524,86,1,1,one,CARDINAL,72,75
mdp.39015038022524,86,8,0,every Sunday,DATE,54,66
mdp.39015038022524,86,14,0,Africans,NORP,32,40
mdp.39015038022524,86,14,1,each Sunday,DATE,92,103
mdp.39015038022524,86,18,0,first,ORDINAL,21,26
mdp.39015038022524,86,20,0,that day,DATE,116,124
mdp.39015038022524,86,21,0,two,CARDINAL,28,31
mdp.39015038022524,86,22,0,One,CARDINAL,0,3
mdp.39015038022524,86,22,1,St. Matthew's,FAC,41,54
mdp.39015038022524,86,24,0,One,CARDINAL,0,3
mdp.39015038022524,86,26,0,John Edgar Wideman,PERSON,22,40
mdp.39015038022524,87,4,0,a moment,TIME,32,40
mdp.39015038022524,87,10,0,weeks,DATE,22,27
mdp.39015038022524,87,11,0,Months,DATE,0,6
mdp.39015038022524,87,19,0,Sunday,DATE,101,107
mdp.39015038022524,87,19,1,an October Sunday,DATE,117,134
mdp.39015038022524,87,19,2,one,CARDINAL,136,139
mdp.39015038022524,87,21,0,that season,DATE,114,125
mdp.39015038022524,87,23,0,Rowe,PERSON,8,12
mdp.39015038022524,87,25,0,African,NORP,14,21
mdp.39015038022524,87,29,0,One,CARDINAL,0,3
mdp.39015038022524,88,37,0,78,DATE,36,38
mdp.39015038022524,88,37,1,John Edgar Wideman,PERSON,39,57
mdp.39015038022524,90,7,0,first,ORDINAL,20,25
mdp.39015038022524,90,21,0,John Edgar Wideman,PERSON,326,344
mdp.39015038022524,91,5,0,barely ten paces,QUANTITY,48,64
mdp.39015038022524,91,7,0,only a few steps,QUANTITY,87,103
mdp.39015038022524,91,19,0,The Cattle Killing 81,WORK_OF_ART,65,86
mdp.39015038022524,92,9,0,African,NORP,3,10
mdp.39015038022524,92,26,0,One,CARDINAL,0,3
mdp.39015038022524,92,33,0,just minutes before,TIME,40,59
mdp.39015038022524,92,43,0,82,DATE,11,13
mdp.39015038022524,92,43,1,John Edgar Wideman,PERSON,14,32
mdp.39015038022524,93,19,0,winter,DATE,102,108
mdp.39015038022524,93,32,0,Three,CARDINAL,0,5
mdp.39015038022524,94,8,0,Liam,PERSON,26,30
mdp.39015038022524,94,11,0,More than one,CARDINAL,0,13
mdp.39015038022524,94,21,0,Two,CARDINAL,0,3
mdp.39015038022524,94,22,0,Liam,PERSON,0,4
mdp.39015038022524,94,23,0,One,CARDINAL,0,3
mdp.39015038022524,94,23,1,four,CARDINAL,16,20
mdp.39015038022524,94,23,2,this night,TIME,67,77
mdp.39015038022524,94,23,3,two,CARDINAL,95,98
mdp.39015038022524,94,23,4,Liam,PERSON,123,127
mdp.39015038022524,94,25,0,Liam,PERSON,66,70
mdp.39015038022524,94,27,0,Liam,PERSON,32,36
mdp.39015038022524,94,27,1,one,CARDINAL,49,52
mdp.39015038022524,94,28,0,Liam,PERSON,56,60
mdp.39015038022524,94,29,0,John Edgar Wideman,PERSON,0,18
mdp.39015038022524,95,2,0,Liam,PERSON,63,67
mdp.39015038022524,95,5,0,Liam,PERSON,13,17
mdp.39015038022524,95,6,0,Liam,PERSON,0,4
mdp.39015038022524,95,22,0,two,CARDINAL,51,54
mdp.39015038022524,95,26,0,The Cattle Killing 85,WORK_OF_ART,16,37
mdp.39015038022524,96,2,0,Liam,PERSON,85,89
mdp.39015038022524,96,5,0,Liam,PERSON,12,16
mdp.39015038022524,96,6,0,today,DATE,13,18
mdp.39015038022524,96,7,0,One,CARDINAL,0,3
mdp.39015038022524,96,9,0,Liam,PERSON,31,35
mdp.39015038022524,96,10,0,Liam,PERSON,0,4
mdp.39015038022524,96,12,0,Liam,PERSON,45,49
mdp.39015038022524,96,13,0,Liam,PERSON,41,45
mdp.39015038022524,96,13,1,tonight,TIME,52,59
mdp.39015038022524,96,16,0,Liam,PERSON,43,47
mdp.39015038022524,96,16,1,first,ORDINAL,59,64
mdp.39015038022524,96,26,0,one,CARDINAL,52,55
mdp.39015038022524,96,32,0,John Edgar Wideman,PERSON,0,18
mdp.39015038022524,97,1,0,the night,TIME,185,194
mdp.39015038022524,97,15,0,Liam,PERSON,15,19
mdp.39015038022524,97,15,1,one,CARDINAL,42,45
mdp.39015038022524,97,18,0,Liam,PERSON,10,14
mdp.39015038022524,97,19,0,first,ORDINAL,15,20
mdp.39015038022524,97,22,0,his day,DATE,50,57
mdp.39015038022524,97,22,1,each morning,TIME,135,147
mdp.39015038022524,97,29,0,The Cattle Killing 87,WORK_OF_ART,37,58
mdp.39015038022524,98,6,0,Three,CARDINAL,0,5
mdp.39015038022524,98,6,1,four,CARDINAL,7,11
mdp.39015038022524,98,6,2,five,CARDINAL,13,17
mdp.39015038022524,98,6,3,six,CARDINAL,19,22
mdp.39015038022524,98,6,4,one,CARDINAL,111,114
mdp.39015038022524,98,6,5,two,CARDINAL,118,121
mdp.39015038022524,98,6,6,three,CARDINAL,125,130
mdp.39015038022524,98,9,0,each morning,TIME,61,73
mdp.39015038022524,98,11,0,another day,DATE,21,32
mdp.39015038022524,98,11,1,daily,DATE,118,123
mdp.39015038022524,98,12,0,their days,DATE,12,22
mdp.39015038022524,98,13,0,Ten minutes,TIME,0,11
mdp.39015038022524,98,13,1,this morning,TIME,258,270
mdp.39015038022524,98,14,0,morning,TIME,30,37
mdp.39015038022524,98,14,1,a day,DATE,111,116
mdp.39015038022524,98,18,0,his days,DATE,48,56
mdp.39015038022524,98,19,0,John Edgar Wideman,PERSON,61,79
mdp.39015038022524,99,0,0,her days,DATE,103,111
mdp.39015038022524,99,2,0,Some mornings,DATE,0,13
mdp.39015038022524,99,9,0,the morning,TIME,136,147
mdp.39015038022524,99,13,0,each morning,TIME,41,53
mdp.39015038022524,99,17,0,Liam,PERSON,21,25
mdp.39015038022524,99,21,0,Liam,PERSON,29,33
mdp.39015038022524,100,2,0,one,CARDINAL,27,30
mdp.39015038022524,100,3,0,Liam,PERSON,10,14
mdp.39015038022524,100,5,0,this morning,TIME,12,24
mdp.39015038022524,100,7,0,the morning,TIME,12,23
mdp.39015038022524,100,32,0,Two,CARDINAL,0,3
mdp.39015038022524,100,37,0,the night,TIME,17,26
mdp.39015038022524,100,37,1,the day,DATE,62,69
mdp.39015038022524,100,38,0,Many more days,DATE,0,14
mdp.39015038022524,100,43,0,one,CARDINAL,15,18
mdp.39015038022524,100,44,0,John Edgar Wideman,PERSON,22,40
mdp.39015038022524,101,22,0,two,CARDINAL,12,15
mdp.39015038022524,101,23,0,One,CARDINAL,0,3
mdp.39015038022524,101,24,0,Liam,PERSON,0,4
mdp.39015038022524,101,26,0,months,DATE,15,21
mdp.39015038022524,101,27,0,first,ORDINAL,97,102
mdp.39015038022524,101,27,1,this morning,TIME,108,120
mdp.39015038022524,102,1,0,England,GPE,14,21
mdp.39015038022524,102,1,1,Liverpool,GPE,48,57
mdp.39015038022524,102,3,0,milady,PERSON,291,297
mdp.39015038022524,102,8,0,one,CARDINAL,91,94
mdp.39015038022524,102,12,0,one,CARDINAL,19,22
mdp.39015038022524,102,19,0,One,CARDINAL,0,3
mdp.39015038022524,102,19,1,one,CARDINAL,16,19
mdp.39015038022524,102,20,0,John Edgar Wideman,PERSON,7,25
mdp.39015038022524,103,0,0,one,CARDINAL,16,19
mdp.39015038022524,103,2,0,one,CARDINAL,8,11
mdp.39015038022524,103,8,0,the night,TIME,41,50
mdp.39015038022524,103,12,0,her day,DATE,20,27
mdp.39015038022524,103,13,0,One,CARDINAL,0,3
mdp.39015038022524,103,13,1,half,CARDINAL,98,102
mdp.39015038022524,103,13,2,half,CARDINAL,107,111
mdp.39015038022524,103,20,0,the few years,DATE,33,46
mdp.39015038022524,103,27,0,The Cattle Killing ◊,WORK_OF_ART,61,81
mdp.39015038022524,104,36,0,only a moment,TIME,12,25
mdp.39015038022524,104,42,0,94,DATE,67,69
mdp.39015038022524,104,42,1,John Edgar Wideman,PERSON,70,88
mdp.39015038022524,105,2,0,that morning,TIME,83,95
mdp.39015038022524,105,18,0,a moment before,TIME,35,50
mdp.39015038022524,106,36,0,96,DATE,95,97
mdp.39015038022524,106,36,1,John Edgar Wideman,PERSON,98,116
mdp.39015038022524,107,6,0,second,ORDINAL,105,111
mdp.39015038022524,107,10,0,one,CARDINAL,37,40
mdp.39015038022524,107,12,0,Liam,PERSON,0,4
mdp.39015038022524,107,12,1,last night,TIME,15,25
mdp.39015038022524,107,17,0,this season,DATE,3,14
mdp.39015038022524,107,22,0,Indians,NORP,101,108
mdp.39015038022524,107,24,0,The Cattle Killing,WORK_OF_ART,55,73
mdp.39015038022524,108,5,0,Radnor,GPE,64,70
mdp.39015038022524,108,7,0,noon,TIME,40,44
mdp.39015038022524,108,23,0,Liam,PERSON,23,27
mdp.39015038022524,108,32,0,last night,TIME,48,58
mdp.39015038022524,108,33,0,Liam,PERSON,3,7
mdp.39015038022524,108,33,1,this morning,TIME,67,79
mdp.39015038022524,108,34,0,John Edgar Wideman,PERSON,3,21
mdp.39015038022524,109,9,0,Liam,PERSON,31,35
mdp.39015038022524,109,17,0,a day,DATE,3,8
mdp.39015038022524,109,44,0,The Cattle Killing 99,WORK_OF_ART,12,33
mdp.39015038022524,110,5,0,October,DATE,0,7
mdp.39015038022524,110,11,0,Stubbses,PERSON,28,36
mdp.39015038022524,110,13,0,Stubbs,PERSON,8,14
mdp.39015038022524,110,15,0,the night,TIME,59,68
mdp.39015038022524,110,18,0,Liam,PERSON,23,27
mdp.39015038022524,110,28,0,100,CARDINAL,2,5
mdp.39015038022524,110,29,0,John Edgar Wideman,PERSON,0,18
mdp.39015038022524,111,0,0,first,ORDINAL,34,39
mdp.39015038022524,111,1,0,Liam,PERSON,29,33
mdp.39015038022524,111,2,0,an hour,TIME,21,28
mdp.39015038022524,111,2,1,a year,DATE,58,64
mdp.39015038022524,111,6,0,one day,DATE,61,68
mdp.39015038022524,111,18,0,one,CARDINAL,7,10
mdp.39015038022524,111,18,1,two,CARDINAL,28,31
mdp.39015038022524,111,19,0,Liam,PERSON,0,4
mdp.39015038022524,111,21,0,England,GPE,17,24
mdp.39015038022524,111,21,1,Africa,LOC,29,35
mdp.39015038022524,111,22,0,a lifetime ago,DATE,39,53
mdp.39015038022524,111,24,0,Liverpool,GPE,120,129
mdp.39015038022524,111,28,0,The Cattle Killing 101,WORK_OF_ART,16,38
mdp.39015038022524,112,8,0,Liam,PERSON,13,17
mdp.39015038022524,112,16,0,African,NORP,42,49
mdp.39015038022524,112,26,0,Liam,PERSON,165,169
mdp.39015038022524,112,29,0,102,CARDINAL,56,59
mdp.39015038022524,112,29,1,John Edgar Wideman,PERSON,60,78
mdp.39015038022524,113,4,0,those story days,DATE,127,143
mdp.39015038022524,113,7,0,Two,CARDINAL,17,20
mdp.39015038022524,113,9,0,African,NORP,24,31
mdp.39015038022524,113,9,1,English,NORP,58,65
mdp.39015038022524,113,10,0,Ten,CARDINAL,0,3
mdp.39015038022524,113,11,0,no more than half,CARDINAL,16,33
mdp.39015038022524,113,11,1,the first year,DATE,74,88
mdp.39015038022524,113,11,2,England,GPE,92,99
mdp.39015038022524,113,12,0,a year,DATE,40,46
mdp.39015038022524,113,12,1,eight,CARDINAL,91,96
mdp.39015038022524,113,13,0,five,CARDINAL,7,11
mdp.39015038022524,113,13,1,at least one,CARDINAL,52,64
mdp.39015038022524,113,13,2,only four,CARDINAL,202,211
mdp.39015038022524,113,14,0,that miserable,DATE,7,21
mdp.39015038022524,113,14,1,two,CARDINAL,59,62
mdp.39015038022524,113,14,2,one,CARDINAL,85,88
mdp.39015038022524,113,14,3,four,CARDINAL,90,94
mdp.39015038022524,113,14,4,two,CARDINAL,126,129
mdp.39015038022524,113,15,0,one,CARDINAL,42,45
mdp.39015038022524,113,15,1,four,CARDINAL,49,53
mdp.39015038022524,113,19,0,103,CARDINAL,25,28
mdp.39015038022524,114,4,0,Africa,LOC,85,91
mdp.39015038022524,114,10,0,One,CARDINAL,0,3
mdp.39015038022524,114,10,1,Africa,LOC,57,63
mdp.39015038022524,114,18,0,Stubbs,PERSON,6,12
mdp.39015038022524,114,19,0,Stubbs,PERSON,48,54
mdp.39015038022524,114,19,1,George,PERSON,61,67
mdp.39015038022524,114,20,0,George Stubbs,PERSON,25,38
mdp.39015038022524,114,24,0,Liam,PERSON,0,4
mdp.39015038022524,114,24,1,two,CARDINAL,10,13
mdp.39015038022524,114,28,0,the years,DATE,32,41
mdp.39015038022524,114,29,0,One,CARDINAL,0,3
mdp.39015038022524,114,31,0,104,CARDINAL,0,3
mdp.39015038022524,114,31,1,John Edgar Wideman,PERSON,4,22
mdp.39015038022524,115,1,0,George Stubbs,PERSON,4,17
mdp.39015038022524,115,4,0,England,GPE,37,44
mdp.39015038022524,115,8,0,London,GPE,18,24
mdp.39015038022524,115,8,1,today,DATE,25,30
mdp.39015038022524,115,9,0,George Stubbs,PERSON,0,13
mdp.39015038022524,115,11,0,Josiah Wedgwood,PERSON,74,89
mdp.39015038022524,115,12,0,Stubbs,PERSON,20,26
mdp.39015038022524,115,12,1,Josiah Wedgwood,PERSON,101,116
mdp.39015038022524,115,13,0,Wedgwood,PERSON,0,8
mdp.39015038022524,115,14,0,George Stubbs,PERSON,17,30
mdp.39015038022524,115,14,1,Stubbs,PERSON,42,48
mdp.39015038022524,115,15,0,Wedgwood,PERSON,61,69
mdp.39015038022524,115,16,0,Negro,NORP,24,29
mdp.39015038022524,115,19,0,Stubbs,PERSON,0,6
mdp.39015038022524,115,19,1,one,CARDINAL,7,10
mdp.39015038022524,115,21,0,Stubbs,PERSON,76,82
mdp.39015038022524,115,21,1,Negro,PERSON,92,97
mdp.39015038022524,115,22,0,Stubbs,PERSON,14,20
mdp.39015038022524,116,3,0,one,CARDINAL,13,16
mdp.39015038022524,116,7,0,One,CARDINAL,0,3
mdp.39015038022524,116,44,0,Stubbs,PERSON,52,58
mdp.39015038022524,116,46,0,John Edgar Wideman,PERSON,0,18
mdp.39015038022524,118,6,0,first,ORDINAL,3,8
mdp.39015038022524,118,7,0,one afternoon,TIME,172,185
mdp.39015038022524,118,10,0,England,GPE,3,10
mdp.39015038022524,118,10,1,George Stubbs,PERSON,24,37
mdp.39015038022524,118,11,0,Stubbs,PERSON,21,27
mdp.39015038022524,118,12,0,George Stubbs,PERSON,0,13
mdp.39015038022524,118,16,0,George Stubbs,PERSON,0,13
mdp.39015038022524,118,17,0,two,CARDINAL,29,32
mdp.39015038022524,118,20,0,Stubbs,PERSON,43,49
mdp.39015038022524,118,21,0,108,CARDINAL,13,16
mdp.39015038022524,118,21,1,John Edgar Wideman,PERSON,17,35
mdp.39015038022524,119,2,0,Stubbs,PERSON,77,83
mdp.39015038022524,119,3,0,half,CARDINAL,9,13
mdp.39015038022524,119,4,0,weeks,DATE,14,19
mdp.39015038022524,119,4,1,Centaur,PRODUCT,30,37
mdp.39015038022524,119,5,0,Centaur,PRODUCT,10,17
mdp.39015038022524,119,6,0,Liam,PERSON,5,9
mdp.39015038022524,119,18,0,an hour,TIME,26,33
mdp.39015038022524,119,35,0,England,GPE,46,53
mdp.39015038022524,119,36,0,a year,DATE,9,15
mdp.39015038022524,120,0,0,Overnight,TIME,0,9
mdp.39015038022524,120,0,1,African,NORP,133,140
mdp.39015038022524,120,0,2,Stubbs Senior,PERSON,306,319
mdp.39015038022524,120,0,3,George Stubbs,PERSON,335,348
mdp.39015038022524,120,1,0,my year,DATE,6,13
mdp.39015038022524,120,1,1,Liverpool,GPE,57,66
mdp.39015038022524,120,3,0,African,NORP,50,57
mdp.39015038022524,120,4,0,The first day,DATE,0,13
mdp.39015038022524,120,5,0,Liam,PERSON,12,16
mdp.39015038022524,120,5,1,African,NORP,94,101
mdp.39015038022524,120,5,2,a few years younger,DATE,113,132
mdp.39015038022524,120,5,3,English,NORP,168,175
mdp.39015038022524,120,5,4,Pennsylvania,GPE,322,334
mdp.39015038022524,120,5,5,Liam,PERSON,395,399
mdp.39015038022524,120,7,0,One,CARDINAL,0,3
mdp.39015038022524,120,8,0,John Edgar Wideman,PERSON,0,18
mdp.39015038022524,121,5,0,twelve months,DATE,3,16
mdp.39015038022524,121,6,0,Stubbs,PERSON,113,119
mdp.39015038022524,121,7,0,one,CARDINAL,159,162
mdp.39015038022524,121,11,0,African,NORP,86,93
mdp.39015038022524,121,12,0,four,CARDINAL,96,100
mdp.39015038022524,122,3,0,today,DATE,73,78
mdp.39015038022524,122,4,0,some twenty years ago,DATE,43,64
mdp.39015038022524,122,5,0,Stubbs,PERSON,33,39
mdp.39015038022524,122,6,0,Stubbs,PERSON,13,19
mdp.39015038022524,122,7,0,George Stubbs,PERSON,32,45
mdp.39015038022524,122,9,0,Centaur,PERSON,12,19
mdp.39015038022524,122,10,0,Othello,PERSON,0,7
mdp.39015038022524,122,11,0,Hannibal,PERSON,0,8
mdp.39015038022524,122,12,0,Aesop,PERSON,0,5
mdp.39015038022524,122,13,0,Africa,LOC,26,32
mdp.39015038022524,122,14,0,Stubbs,PERSON,9,15
mdp.39015038022524,122,15,0,today,DATE,110,115
mdp.39015038022524,122,16,0,Stubbs,PERSON,34,40
mdp.39015038022524,122,16,1,English,NORP,45,52
mdp.39015038022524,122,16,2,George Stubbs,PERSON,79,92
mdp.39015038022524,122,16,3,Liam,PERSON,138,142
mdp.39015038022524,122,22,0,Stubbs,PERSON,13,19
mdp.39015038022524,122,23,0,two,CARDINAL,67,70
mdp.39015038022524,122,24,0,England,GPE,0,7
mdp.39015038022524,122,24,1,these United States,GPE,9,28
mdp.39015038022524,122,24,2,Indies,GPE,34,40
mdp.39015038022524,122,25,0,112,CARDINAL,2,5
mdp.39015038022524,122,25,1,John Edgar Wideman,PERSON,6,24
mdp.39015038022524,123,5,0,Stubbs,PERSON,219,225
mdp.39015038022524,123,5,1,Mercury,PRODUCT,252,259
mdp.39015038022524,123,7,0,Liverpool,GPE,304,313
mdp.39015038022524,123,8,0,Stubbs,PERSON,97,103
mdp.39015038022524,123,11,0,Stubbs,PERSON,6,12
mdp.39015038022524,123,12,0,Stubbs,PERSON,80,86
mdp.39015038022524,123,12,1,York,GPE,96,100
mdp.39015038022524,123,13,0,The Cattle Killing 113,WORK_OF_ART,17,39
mdp.39015038022524,124,3,0,six years old,DATE,75,88
mdp.39015038022524,124,3,1,eight,DATE,120,125
mdp.39015038022524,124,4,0,Stubbs,PERSON,15,21
mdp.39015038022524,124,7,0,York,GPE,74,78
mdp.39015038022524,124,11,0,York,GPE,154,158
mdp.39015038022524,124,11,1,English,NORP,169,176
mdp.39015038022524,124,12,0,Stubbs,PERSON,51,57
mdp.39015038022524,124,13,0,John Edgar Wideman,PERSON,19,37
mdp.39015038022524,125,4,0,Stubbs Senior,PERSON,0,13
mdp.39015038022524,125,5,0,one minute,TIME,78,88
mdp.39015038022524,125,9,0,Stubbs,PERSON,41,47
mdp.39015038022524,125,10,0,York,GPE,10,14
mdp.39015038022524,125,11,0,York,GPE,22,26
mdp.39015038022524,125,11,1,Stubbs,PERSON,41,47
mdp.39015038022524,125,12,0,York,GPE,91,95
mdp.39015038022524,125,12,1,today,DATE,96,101
mdp.39015038022524,125,13,0,John Burton,PERSON,4,15
mdp.39015038022524,125,13,1,Stubbs,PERSON,60,66
mdp.39015038022524,125,14,0,John,PERSON,4,8
mdp.39015038022524,125,14,1,Burton,PERSON,65,71
mdp.39015038022524,125,15,0,Stubbs,PERSON,13,19
mdp.39015038022524,125,16,0,two,CARDINAL,17,20
mdp.39015038022524,125,18,0,The Cattle Killing 115,WORK_OF_ART,53,75
mdp.39015038022524,126,2,0,those York,DATE,86,96
mdp.39015038022524,126,2,1,years,DATE,97,102
mdp.39015038022524,126,3,0,One rainy,TIME,0,9
mdp.39015038022524,126,3,1,late spring,DATE,21,32
mdp.39015038022524,126,3,2,Burton,PERSON,57,63
mdp.39015038022524,126,3,3,Smellie,PERSON,68,75
mdp.39015038022524,126,3,4,York,GPE,146,150
mdp.39015038022524,126,6,0,Madeira,PRODUCT,53,60
mdp.39015038022524,126,6,1,Burton,PERSON,167,173
mdp.39015038022524,126,6,2,Smellie,PERSON,178,185
mdp.39015038022524,126,10,0,Burton,PERSON,25,31
mdp.39015038022524,126,10,1,Smellie,PERSON,76,83
mdp.39015038022524,126,12,0,Four,CARDINAL,0,4
mdp.39015038022524,126,12,1,one,CARDINAL,46,49
mdp.39015038022524,126,17,0,116,CARDINAL,0,3
mdp.39015038022524,126,17,1,John Edgar Wideman,PERSON,4,22
mdp.39015038022524,127,0,0,John,PERSON,4,8
mdp.39015038022524,127,2,0,John,PERSON,111,115
mdp.39015038022524,127,4,0,Mary Tolf,PERSON,86,95
mdp.39015038022524,127,4,1,Godalming,GPE,99,108
mdp.39015038022524,127,4,2,two dozen,CARDINAL,160,169
mdp.39015038022524,127,5,0,Burton,PERSON,6,12
mdp.39015038022524,127,7,0,Amazonian,NORP,87,96
mdp.39015038022524,127,10,0,Two,CARDINAL,0,3
mdp.39015038022524,127,10,1,one,CARDINAL,20,23
mdp.39015038022524,127,12,0,first,ORDINAL,4,9
mdp.39015038022524,127,12,1,second,ORDINAL,85,91
mdp.39015038022524,127,13,0,Burton,PERSON,32,38
mdp.39015038022524,127,13,1,Smellie,PERSON,43,50
mdp.39015038022524,127,13,2,one,CARDINAL,74,77
mdp.39015038022524,127,14,0,The Cattle Killing 117,WORK_OF_ART,119,141
mdp.39015038022524,128,3,0,Stubbs,PERSON,24,30
mdp.39015038022524,128,4,0,Stubbs,PERSON,0,6
mdp.39015038022524,128,9,0,French,NORP,2,8
mdp.39015038022524,128,9,1,Anglo-Saxon,NORP,48,59
mdp.39015038022524,128,14,0,first,ORDINAL,8,13
mdp.39015038022524,128,19,0,118,CARDINAL,11,14
mdp.39015038022524,128,19,1,John Edgar Wideman,PERSON,15,33
mdp.39015038022524,129,1,0,two,CARDINAL,4,7
mdp.39015038022524,129,2,0,at least two,CARDINAL,38,50
mdp.39015038022524,129,8,0,Three,CARDINAL,0,5
mdp.39015038022524,129,9,0,Mary,PERSON,3,7
mdp.39015038022524,129,13,0,second,ORDINAL,2,8
mdp.39015038022524,129,20,0,Burton,PERSON,0,6
mdp.39015038022524,129,26,0,119,CARDINAL,19,22
mdp.39015038022524,130,1,0,Stubbs,PERSON,11,17
mdp.39015038022524,130,4,0,Smellie,PERSON,24,31
mdp.39015038022524,130,5,0,Smellie,PERSON,0,7
mdp.39015038022524,130,6,0,Stubbs,PERSON,22,28
mdp.39015038022524,130,9,0,Stubbs,PERSON,7,13
mdp.39015038022524,130,13,0,Stubbs,PERSON,92,98
mdp.39015038022524,130,17,0,John Edgar Wideman,PERSON,29,47
mdp.39015038022524,131,2,0,Burton,PERSON,66,72
mdp.39015038022524,131,2,1,Italian,NORP,80,87
mdp.39015038022524,131,2,2,Burton,PERSON,137,143
mdp.39015038022524,131,2,3,Stubbs,PERSON,274,280
mdp.39015038022524,131,8,0,Smellie,ORG,38,45
mdp.39015038022524,131,9,0,Burton,PERSON,0,6
mdp.39015038022524,131,17,0,Bedlam,GPE,45,51
mdp.39015038022524,131,28,0,Smellie,PERSON,6,13
mdp.39015038022524,132,2,0,Egyptian,NORP,19,27
mdp.39015038022524,132,6,0,tonight,TIME,21,28
mdp.39015038022524,132,6,1,Stubbs,PERSON,52,58
mdp.39015038022524,132,13,0,Madeira,PERSON,40,47
mdp.39015038022524,132,13,1,Smellie,PERSON,49,56
mdp.39015038022524,132,18,0,two,CARDINAL,45,48
mdp.39015038022524,132,20,0,One,CARDINAL,0,3
mdp.39015038022524,132,20,1,Smellie,PERSON,39,46
mdp.39015038022524,132,29,0,Stubbs,PERSON,15,21
mdp.39015038022524,132,35,0,John Edgar Wideman,PERSON,9,27
mdp.39015038022524,133,2,0,Smellie,PERSON,0,7
mdp.39015038022524,133,2,1,one,CARDINAL,30,33
mdp.39015038022524,133,12,0,one,CARDINAL,38,41
mdp.39015038022524,133,16,0,One,CARDINAL,0,3
mdp.39015038022524,133,16,1,Smellie,PERSON,40,47
mdp.39015038022524,133,27,0,One,CARDINAL,0,3
mdp.39015038022524,133,27,1,Ethiop,PERSON,7,13
mdp.39015038022524,133,33,0,Burton,PERSON,10,16
mdp.39015038022524,133,33,1,Smellie,PERSON,21,28
mdp.39015038022524,134,0,0,Stubbs,PERSON,0,6
mdp.39015038022524,134,0,1,the night,TIME,109,118
mdp.39015038022524,134,1,0,Stubbs,PERSON,26,32
mdp.39015038022524,134,2,0,George Stubbs,PERSON,13,26
mdp.39015038022524,134,3,0,Stubbs,PERSON,59,65
mdp.39015038022524,134,5,0,Stubbs,PERSON,12,18
mdp.39015038022524,134,8,0,Stubbs,PERSON,6,12
mdp.39015038022524,134,9,0,Stubbs,PERSON,28,34
mdp.39015038022524,134,12,0,Horkstow,GPE,58,66
mdp.39015038022524,134,12,1,York,GPE,115,119
mdp.39015038022524,134,15,0,Morgan,PERSON,19,25
mdp.39015038022524,134,17,0,Stubbs,PERSON,67,73
mdp.39015038022524,134,19,0,George Stubbs,PERSON,18,31
mdp.39015038022524,134,19,1,years,DATE,36,41
mdp.39015038022524,134,20,0,Stubbs,PERSON,66,72
mdp.39015038022524,134,22,0,124,CARDINAL,4,7
mdp.39015038022524,134,22,1,John Edgar Wideman,PERSON,8,26
mdp.39015038022524,135,1,0,Stubbs,PERSON,13,19
mdp.39015038022524,135,2,0,Stubbs,PERSON,74,80
mdp.39015038022524,135,3,0,Stubbs,PERSON,243,249
mdp.39015038022524,135,5,0,Stubbs,PERSON,68,74
mdp.39015038022524,135,6,0,Stubbs,PERSON,29,35
mdp.39015038022524,135,14,0,Stubbs,PERSON,46,52
mdp.39015038022524,135,16,0,Stubbs,PERSON,0,6
mdp.39015038022524,135,22,0,The Cattle Killing,WORK_OF_ART,34,52
mdp.39015038022524,136,2,0,Stubbs,PERSON,0,6
mdp.39015038022524,136,4,0,Stubbs,PERSON,0,6
mdp.39015038022524,136,7,0,Stubbs,PERSON,0,6
mdp.39015038022524,136,9,0,Stubbs,PERSON,17,23
mdp.39015038022524,136,13,0,Stubbs,PERSON,51,57
mdp.39015038022524,136,14,0,one,CARDINAL,4,7
mdp.39015038022524,136,20,0,126,CARDINAL,0,3
mdp.39015038022524,136,20,1,John Edgar Wideman,PERSON,4,22
mdp.39015038022524,137,0,0,This New World,FAC,0,14
mdp.39015038022524,137,0,1,African,NORP,31,38
mdp.39015038022524,137,3,0,Stubbs,PERSON,0,6
mdp.39015038022524,137,12,0,years,DATE,39,44
mdp.39015038022524,137,15,0,Stubbs,PERSON,21,27
mdp.39015038022524,137,18,0,England,GPE,13,20
mdp.39015038022524,137,22,0,Stubbs,PERSON,73,79
mdp.39015038022524,137,24,0,London,GPE,3,9
mdp.39015038022524,137,24,1,Stubbs,PERSON,10,16
mdp.39015038022524,137,27,0,Stubbs,PERSON,25,31
mdp.39015038022524,137,27,1,The Cattle Killing,WORK_OF_ART,35,53
mdp.39015038022524,138,2,0,Stubbs Senior,ORG,38,51
mdp.39015038022524,138,4,0,Stubbs,PERSON,35,41
mdp.39015038022524,138,15,0,one,CARDINAL,43,46
mdp.39015038022524,138,27,0,Stubbs,PERSON,39,45
mdp.39015038022524,138,28,0,Stubbs,PERSON,10,16
mdp.39015038022524,138,36,0,128,CARDINAL,0,3
mdp.39015038022524,138,36,1,John Edgar Wideman,PERSON,4,22
mdp.39015038022524,139,3,0,today,DATE,36,41
mdp.39015038022524,139,7,0,all these years,DATE,11,26
mdp.39015038022524,139,12,0,Liam,PERSON,0,4
mdp.39015038022524,139,12,1,half,CARDINAL,27,31
mdp.39015038022524,139,12,2,African,NORP,72,79
mdp.39015038022524,139,13,0,the day before,DATE,15,29
mdp.39015038022524,139,13,1,the night,TIME,46,55
mdp.39015038022524,139,14,0,May,DATE,21,24
mdp.39015038022524,139,14,1,the first of the new month,DATE,31,57
mdp.39015038022524,139,14,2,every year,DATE,123,133
mdp.39015038022524,139,14,3,overnight,TIME,161,170
mdp.39015038022524,139,18,0,dawn,TIME,3,7
mdp.39015038022524,139,25,0,The Cattle Killing 129,WORK_OF_ART,43,65
mdp.39015038022524,140,3,0,About three hours,TIME,0,17
mdp.39015038022524,140,7,0,today,DATE,13,18
mdp.39015038022524,140,8,0,noon,TIME,3,7
mdp.39015038022524,140,11,0,all afternoon,TIME,16,29
mdp.39015038022524,140,31,0,twenty years,DATE,36,48
mdp.39015038022524,140,36,0,this morning,TIME,27,39
mdp.39015038022524,140,40,0,African,NORP,10,17
mdp.39015038022524,140,44,0,130,CARDINAL,0,3
mdp.39015038022524,140,44,1,John Edgar Wideman,PERSON,4,22
mdp.39015038022524,141,2,0,this season,DATE,8,19
mdp.39015038022524,141,36,0,one day,DATE,46,53
mdp.39015038022524,141,41,0,131,CARDINAL,19,22
mdp.39015038022524,142,22,0,Stubbs,PERSON,9,15
mdp.39015038022524,142,22,1,Horkstow,GPE,26,34
mdp.39015038022524,142,25,0,this morning,TIME,36,48
mdp.39015038022524,142,41,0,132,CARDINAL,0,3
mdp.39015038022524,142,41,1,John Edgar Wideman,PERSON,4,22
mdp.39015038022524,143,8,0,the years,DATE,5,14
mdp.39015038022524,143,16,0,the years,DATE,20,29
mdp.39015038022524,143,18,0,one,CARDINAL,28,31
mdp.39015038022524,143,21,0,this morning,TIME,17,29
mdp.39015038022524,143,34,0,this evening,TIME,44,56
mdp.39015038022524,144,0,0,Krebs,PERSON,27,32
mdp.39015038022524,144,1,0,Krebs,PERSON,15,20
mdp.39015038022524,144,12,0,Krebs,PERSON,16,21
mdp.39015038022524,144,13,0,One,CARDINAL,0,3
mdp.39015038022524,144,23,0,African,NORP,0,7
mdp.39015038022524,144,28,0,Eve,PERSON,0,3
mdp.39015038022524,144,29,0,Helen of Troy,PERSON,0,13
mdp.39015038022524,144,33,0,a day and a half,DATE,31,47
mdp.39015038022524,144,35,0,one,CARDINAL,8,11
mdp.39015038022524,144,38,0,One,CARDINAL,0,3
mdp.39015038022524,144,39,0,John Edgar Wideman,PERSON,0,18
mdp.39015038022524,145,2,0,Venus,LOC,81,86
mdp.39015038022524,145,3,0,a few months,DATE,3,15
mdp.39015038022524,145,5,0,one,CARDINAL,9,12
mdp.39015038022524,145,5,1,two,CARDINAL,37,40
mdp.39015038022524,145,19,0,Stubbs,PERSON,0,6
mdp.39015038022524,145,23,0,Stubbs,PERSON,17,23
mdp.39015038022524,145,27,0,African,NORP,63,70
mdp.39015038022524,145,29,0,The Cattle Killing 135,WORK_OF_ART,19,41
mdp.39015038022524,146,0,0,Krebs,PERSON,0,5
mdp.39015038022524,146,7,0,Stubbs,PERSON,38,44
mdp.39015038022524,146,14,0,Englishwoman,NORP,3,15
mdp.39015038022524,146,21,0,English,NORP,57,64
mdp.39015038022524,146,22,0,one,CARDINAL,4,7
mdp.39015038022524,146,22,1,two,CARDINAL,11,14
mdp.39015038022524,146,23,0,Indians,NORP,23,30
mdp.39015038022524,146,23,1,North America,LOC,34,47
mdp.39015038022524,146,29,0,one,CARDINAL,27,30
mdp.39015038022524,146,34,0,Hottentot,NORP,4,13
mdp.39015038022524,146,36,0,weeks,DATE,24,29
mdp.39015038022524,146,41,0,Irishman,NORP,12,20
mdp.39015038022524,146,41,1,136,CARDINAL,23,26
mdp.39015038022524,146,41,2,John Edgar Wideman,PERSON,27,45
mdp.39015038022524,147,0,0,Hottentot,PERSON,0,9
mdp.39015038022524,147,0,1,six foot,QUANTITY,38,46
mdp.39015038022524,147,0,2,Irishmen,NORP,102,110
mdp.39015038022524,147,9,0,African,NORP,4,11
mdp.39015038022524,147,16,0,Liam,PERSON,0,4
mdp.39015038022524,147,16,1,first that October,TIME,20,38
mdp.39015038022524,147,17,0,October,DATE,0,7
mdp.39015038022524,147,17,1,twenty-four hours,TIME,79,96
mdp.39015038022524,147,18,0,Summer,DATE,0,6
mdp.39015038022524,147,19,0,winter,DATE,10,16
mdp.39015038022524,147,20,0,Winter,DATE,0,6
mdp.39015038022524,147,21,0,Spring,DATE,0,6
mdp.39015038022524,147,24,0,Liam,PERSON,0,4
mdp.39015038022524,147,24,1,first,ORDINAL,18,23
mdp.39015038022524,147,26,0,The Cattle Killing,WORK_OF_ART,64,82
mdp.39015038022524,148,0,0,the day,DATE,146,153
mdp.39015038022524,148,4,0,Liam,PERSON,86,90
mdp.39015038022524,148,5,0,that morning,TIME,22,34
mdp.39015038022524,148,9,0,Every morning,TIME,0,13
mdp.39015038022524,148,12,0,each night,TIME,23,33
mdp.39015038022524,148,18,0,Liam,PERSON,31,35
mdp.39015038022524,148,19,0,morning,TIME,40,47
mdp.39015038022524,148,24,0,Weeks before,DATE,0,12
mdp.39015038022524,148,24,1,Liam,PERSON,77,81
mdp.39015038022524,148,25,0,one,CARDINAL,44,47
mdp.39015038022524,148,25,1,John Edgar Wideman,PERSON,174,192
mdp.39015038022524,149,2,0,spring day,DATE,10,20
mdp.39015038022524,149,5,0,Liam,PERSON,49,53
mdp.39015038022524,149,7,0,morning,TIME,5,12
mdp.39015038022524,149,8,0,this beautiful morning,TIME,16,38
mdp.39015038022524,149,10,0,hours,TIME,21,26
mdp.39015038022524,149,14,0,morning,TIME,19,26
mdp.39015038022524,149,18,0,this morning,TIME,21,33
mdp.39015038022524,149,21,0,this morning,TIME,55,67
mdp.39015038022524,149,34,0,today,DATE,16,21
mdp.39015038022524,149,35,0,Liam,PERSON,0,4
mdp.39015038022524,149,37,0,a few minutes,TIME,19,32
mdp.39015038022524,149,37,1,this morning,TIME,33,45
mdp.39015038022524,149,38,0,the day,DATE,29,36
mdp.39015038022524,150,5,0,one,CARDINAL,64,67
mdp.39015038022524,150,11,0,all night,TIME,300,309
mdp.39015038022524,150,24,0,Liam,PERSON,0,4
mdp.39015038022524,150,27,0,John Edgar Wideman,PERSON,19,37
mdp.39015038022524,151,21,0,early morning,TIME,47,60
mdp.39015038022524,151,27,0,this morning,TIME,36,48
mdp.39015038022524,151,30,0,Liam,PERSON,8,12
mdp.39015038022524,151,37,0,Liam,PERSON,30,34
mdp.39015038022524,151,37,1,141,CARDINAL,56,59
mdp.39015038022524,152,10,0,Liam,PERSON,47,51
mdp.39015038022524,152,11,0,Liam,PERSON,216,220
mdp.39015038022524,152,11,1,Liam,PERSON,238,242
mdp.39015038022524,152,12,0,Liam,PERSON,0,4
mdp.39015038022524,152,12,1,Liam,PERSON,301,305
mdp.39015038022524,152,12,2,Liam,PERSON,554,558
mdp.39015038022524,152,13,0,Liam,PERSON,49,53
mdp.39015038022524,152,13,1,two,CARDINAL,142,145
mdp.39015038022524,152,13,2,Liam,PERSON,295,299
mdp.39015038022524,152,15,0,John Edgar Wideman,PERSON,0,18
mdp.39015038022524,153,5,0,Liam,PERSON,8,12
mdp.39015038022524,153,10,0,one,CARDINAL,37,40
mdp.39015038022524,153,13,0,years,DATE,19,24
mdp.39015038022524,153,15,0,this month,DATE,135,145
mdp.39015038022524,153,16,0,Africa,LOC,96,102
mdp.39015038022524,153,16,1,Liam,PERSON,106,110
mdp.39015038022524,153,18,0,England,GPE,31,38
mdp.39015038022524,153,26,0,143,CARDINAL,21,24
mdp.39015038022524,154,2,0,African,NORP,13,20
mdp.39015038022524,154,5,0,that night,TIME,39,49
mdp.39015038022524,154,6,0,that night,TIME,10,20
mdp.39015038022524,154,9,0,African,NORP,17,24
mdp.39015038022524,154,11,0,one,CARDINAL,19,22
mdp.39015038022524,154,11,1,Liam,PERSON,62,66
mdp.39015038022524,154,11,2,Africa,LOC,86,92
mdp.39015038022524,154,19,0,John Edgar Wideman,PERSON,40,58
mdp.39015038022524,155,24,0,145,CARDINAL,19,22
mdp.39015038022524,156,0,0,one,CARDINAL,3,6
mdp.39015038022524,156,0,1,those sad days,DATE,10,24
mdp.39015038022524,156,0,2,days,DATE,53,57
mdp.39015038022524,156,0,3,one,CARDINAL,178,181
mdp.39015038022524,156,25,0,John Edgar Wideman,PERSON,76,94
mdp.39015038022524,157,25,0,that day,DATE,65,73
mdp.39015038022524,157,27,0,years,DATE,111,116
mdp.39015038022524,157,40,0,147,CARDINAL,31,34
mdp.39015038022524,158,5,0,the new day,DATE,108,119
mdp.39015038022524,158,5,1,the day,DATE,153,160
mdp.39015038022524,158,14,0,African,NORP,37,44
mdp.39015038022524,158,21,0,Liam,PERSON,77,81
mdp.39015038022524,158,22,0,earlier that sultry night,TIME,63,88
mdp.39015038022524,158,23,0,five,CARDINAL,13,17
mdp.39015038022524,158,24,0,One,CARDINAL,0,3
mdp.39015038022524,158,24,1,Liam,PERSON,8,12
mdp.39015038022524,158,24,2,one,CARDINAL,14,17
mdp.39015038022524,158,25,0,One,CARDINAL,0,3
mdp.39015038022524,158,26,0,One,CARDINAL,0,3
mdp.39015038022524,158,27,0,Liam,PERSON,30,34
mdp.39015038022524,158,27,1,African,NORP,37,44
mdp.39015038022524,158,28,0,Liam,PERSON,0,4
mdp.39015038022524,158,31,0,John Edgar Wideman,PERSON,0,18
mdp.39015038022524,159,5,0,Radnor,GPE,38,44
mdp.39015038022524,159,5,1,the night,TIME,54,63
mdp.39015038022524,159,11,0,Philadelphia,GPE,13,25
mdp.39015038022524,159,12,0,African,NORP,77,84
mdp.39015038022524,159,13,0,Philadelphia,GPE,4,16
mdp.39015038022524,159,13,1,Radnor,GPE,86,92
mdp.39015038022524,159,17,0,one,CARDINAL,48,51
mdp.39015038022524,159,19,0,149,CARDINAL,19,22
mdp.39015038022524,161,0,0,TWO,CARDINAL,5,8
mdp.39015038022524,161,1,0,EZEKIEL 13:22,PERSON,0,13
mdp.39015038022524,163,2,0,Philadelphia,GPE,8,20
mdp.39015038022524,163,4,0,Richard Allen,PERSON,4,17
mdp.39015038022524,163,5,0,Allen,PERSON,11,16
mdp.39015038022524,163,5,1,Absalom Jones,PERSON,128,141
mdp.39015038022524,163,6,0,Allen,PERSON,0,5
mdp.39015038022524,163,8,0,Absalom Jones,PERSON,4,17
mdp.39015038022524,163,10,0,Allen,PERSON,111,116
mdp.39015038022524,163,11,0,Allen,PERSON,24,29
mdp.39015038022524,164,0,0,Philadelphia,GPE,291,303
mdp.39015038022524,164,0,1,one,CARDINAL,316,319
mdp.39015038022524,164,9,0,the morning,TIME,64,75
mdp.39015038022524,164,9,1,St. George's,FAC,91,103
mdp.39015038022524,164,9,2,Cain,PERSON,270,274
mdp.39015038022524,164,14,0,John Edgar Wideman,PERSON,4,22
mdp.39015038022524,165,22,0,The Cattle Killing 155,WORK_OF_ART,64,86
mdp.39015038022524,166,1,0,minutes,TIME,67,74
mdp.39015038022524,166,1,1,hours,TIME,79,84
mdp.39015038022524,166,3,0,Canaan,LOC,10,16
mdp.39015038022524,166,6,0,Allen,PERSON,0,5
mdp.39015038022524,166,7,0,Allen,PERSON,17,22
mdp.39015038022524,166,9,0,Allen,PERSON,7,12
mdp.39015038022524,166,14,0,Allen,PERSON,23,28
mdp.39015038022524,166,15,0,Allen,PERSON,46,51
mdp.39015038022524,166,15,1,St. George's,FAC,416,428
mdp.39015038022524,166,16,0,John Edgar Wideman,PERSON,88,106
mdp.39015038022524,167,3,0,Allen,PERSON,43,48
mdp.39015038022524,167,4,0,Philadelphia,GPE,100,112
mdp.39015038022524,167,8,0,one,CARDINAL,29,32
mdp.39015038022524,167,9,0,Allen,PERSON,36,41
mdp.39015038022524,167,18,0,Allen,PERSON,4,9
mdp.39015038022524,167,18,1,African,NORP,25,32
mdp.39015038022524,167,19,0,157,CARDINAL,19,22
mdp.39015038022524,168,2,0,one,CARDINAL,48,51
mdp.39015038022524,168,14,0,one,CARDINAL,49,52
mdp.39015038022524,168,25,0,John Edgar Wideman,PERSON,0,18
mdp.39015038022524,169,1,0,Christ,PERSON,188,194
mdp.39015038022524,169,3,0,a million million,CARDINAL,26,43
mdp.39015038022524,169,7,0,Lot,PERSON,5,8
mdp.39015038022524,169,8,0,African,NORP,89,96
mdp.39015038022524,169,14,0,The Cattle Killing ◊,WORK_OF_ART,8,28
mdp.39015038022524,170,4,0,two,CARDINAL,24,27
mdp.39015038022524,170,6,0,Allen,PERSON,7,12
mdp.39015038022524,170,8,0,Philadelphia,GPE,9,21
mdp.39015038022524,170,8,1,18 January 1793,DATE,23,38
mdp.39015038022524,170,8,2,A new year,DATE,39,49
mdp.39015038022524,170,11,0,the hours,TIME,8,17
mdp.39015038022524,170,12,0,Yesterday,DATE,0,9
mdp.39015038022524,170,13,0,Walnut Street,FAC,21,34
mdp.39015038022524,170,13,1,Frenchman,NORP,44,53
mdp.39015038022524,170,13,2,Blanchard,PERSON,54,63
mdp.39015038022524,170,14,0,"40,000",CARDINAL,9,15
mdp.39015038022524,170,14,1,Washington,PERSON,44,54
mdp.39015038022524,170,15,0,Blanchard,PERSON,23,32
mdp.39015038022524,170,17,0,Negro,NORP,93,98
mdp.39015038022524,170,17,1,Frenchman,NORP,143,152
mdp.39015038022524,170,18,0,Negroes,NORP,135,142
mdp.39015038022524,170,20,0,John Edgar Wideman,PERSON,38,56
mdp.39015038022524,171,1,0,today,DATE,37,42
mdp.39015038022524,171,2,0,first,ORDINAL,4,9
mdp.39015038022524,171,4,0,the coming century,DATE,101,119
mdp.39015038022524,171,5,0,the New Year,EVENT,55,67
mdp.39015038022524,171,6,0,Negro,NORP,154,159
mdp.39015038022524,171,7,0,tonight,TIME,19,26
mdp.39015038022524,171,7,1,Monsieur Blanchard,PERSON,50,68
mdp.39015038022524,171,10,0,The Cattle Killing 161,WORK_OF_ART,62,84
mdp.39015038022524,172,0,0,Kathryn,PERSON,149,156
mdp.39015038022524,172,1,0,Kate,PERSON,41,45
mdp.39015038022524,172,1,1,Kate,PERSON,69,73
mdp.39015038022524,172,1,2,Kate,PERSON,179,183
mdp.39015038022524,172,1,3,second,ORDINAL,219,225
mdp.39015038022524,172,2,0,Kathryn,PERSON,158,165
mdp.39015038022524,172,4,0,Kate,PERSON,29,33
mdp.39015038022524,172,4,1,Daedalus,PERSON,256,264
mdp.39015038022524,172,4,2,Minotaur,LOC,347,355
mdp.39015038022524,172,4,3,Icarus,PERSON,389,395
mdp.39015038022524,172,5,0,Clio,PERSON,24,28
mdp.39015038022524,172,5,1,Clio,PERSON,64,68
mdp.39015038022524,172,5,2,Kate,PERSON,98,102
mdp.39015038022524,172,5,3,first,ORDINAL,269,274
mdp.39015038022524,172,5,4,one,CARDINAL,275,278
mdp.39015038022524,172,6,0,John Edgar Wideman,PERSON,0,18
mdp.39015038022524,173,2,0,each morning,TIME,96,108
mdp.39015038022524,173,2,1,Thrush,PERSON,205,211
mdp.39015038022524,173,2,2,Kathryn,PERSON,392,399
mdp.39015038022524,173,2,3,first,ORDINAL,437,442
mdp.39015038022524,173,3,0,Kathryn,PERSON,9,16
mdp.39015038022524,173,3,1,Kathryn,PERSON,222,229
mdp.39015038022524,173,4,0,The Cattle Killing 163,WORK_OF_ART,198,220
mdp.39015038022524,174,1,0,Kate,PERSON,24,28
mdp.39015038022524,174,3,0,Kate,PERSON,60,64
mdp.39015038022524,174,4,0,Philadelphia,GPE,8,20
mdp.39015038022524,174,4,1,22 August 1793,DATE,22,36
mdp.39015038022524,174,5,0,This day,DATE,0,8
mdp.39015038022524,174,5,1,a mile,QUANTITY,41,47
mdp.39015038022524,174,5,2,about a hundred,CARDINAL,104,119
mdp.39015038022524,174,5,3,African,NORP,194,201
mdp.39015038022524,174,7,0,first,ORDINAL,51,56
mdp.39015038022524,174,9,0,two,CARDINAL,16,19
mdp.39015038022524,174,9,1,164,CARDINAL,30,33
mdp.39015038022524,174,9,2,John Edgar Wideman,PERSON,34,52
mdp.39015038022524,175,0,0,African,NORP,55,62
mdp.39015038022524,175,0,1,African,NORP,99,106
mdp.39015038022524,175,2,0,Six,CARDINAL,0,3
mdp.39015038022524,175,2,1,Nicholson,PERSON,77,86
mdp.39015038022524,175,2,2,two,CARDINAL,99,102
mdp.39015038022524,175,4,0,Billy Grey,PERSON,0,10
mdp.39015038022524,175,5,0,Nicholson,PERSON,46,55
mdp.39015038022524,175,6,0,One,CARDINAL,0,3
mdp.39015038022524,175,7,0,about six o'clock,TIME,38,55
mdp.39015038022524,175,7,1,more than three,CARDINAL,114,129
mdp.39015038022524,175,8,0,a day,DATE,17,22
mdp.39015038022524,175,10,0,November,DATE,51,59
mdp.39015038022524,175,10,1,Philadelphia,GPE,181,193
mdp.39015038022524,175,14,0,One,CARDINAL,0,3
mdp.39015038022524,175,14,1,The Cattle Killing ◊,WORK_OF_ART,13,33
mdp.39015038022524,175,14,2,165,CARDINAL,34,37
mdp.39015038022524,176,8,0,two,CARDINAL,4,7
mdp.39015038022524,176,9,0,African,NORP,11,18
mdp.39015038022524,176,11,0,twenty feet,QUANTITY,41,52
mdp.39015038022524,176,16,0,African,NORP,79,86
mdp.39015038022524,176,22,0,the years,DATE,37,46
mdp.39015038022524,176,22,1,England,GPE,78,85
mdp.39015038022524,176,22,2,166,CARDINAL,101,104
mdp.39015038022524,176,22,3,John Edgar Wideman,PERSON,105,123
mdp.39015038022524,177,3,0,African,NORP,87,94
mdp.39015038022524,177,3,1,Allen,PERSON,123,128
mdp.39015038022524,177,8,0,second,ORDINAL,16,22
mdp.39015038022524,177,14,0,African,NORP,18,25
mdp.39015038022524,177,22,0,Allen,PERSON,12,17
mdp.39015038022524,177,23,0,Allen,PERSON,7,12
mdp.39015038022524,177,23,1,Bethel African Church,ORG,16,37
mdp.39015038022524,177,24,0,Thrush,PERSON,4,10
mdp.39015038022524,178,1,0,the hour,TIME,8,16
mdp.39015038022524,178,1,1,Thrush,PERSON,34,40
mdp.39015038022524,178,4,0,Kathryn,PERSON,8,15
mdp.39015038022524,178,4,1,Thrush,PERSON,40,46
mdp.39015038022524,178,5,0,Thrush,PERSON,21,27
mdp.39015038022524,178,9,0,Thrush,PERSON,32,38
mdp.39015038022524,178,10,0,First,ORDINAL,0,5
mdp.39015038022524,178,11,0,Thrush,PERSON,64,70
mdp.39015038022524,178,14,0,African,NORP,11,18
mdp.39015038022524,178,21,0,Africans,NORP,11,19
mdp.39015038022524,178,23,0,Anglo-Africans,NORP,44,58
mdp.39015038022524,178,24,0,Americans,NORP,25,34
mdp.39015038022524,178,28,0,daily,DATE,33,38
mdp.39015038022524,178,29,0,168,CARDINAL,0,3
mdp.39015038022524,178,29,1,John Edgar Wideman,PERSON,4,22
mdp.39015038022524,179,15,0,Thrush,PERSON,4,10
mdp.39015038022524,179,17,0,a moment,TIME,16,24
mdp.39015038022524,179,21,0,one,CARDINAL,111,114
mdp.39015038022524,179,21,1,a thousand,CARDINAL,208,218
mdp.39015038022524,179,24,0,Benjamin Thrush,PERSON,4,19
mdp.39015038022524,179,27,0,Allen,PERSON,30,35
mdp.39015038022524,179,31,0,Kathryn,PERSON,0,7
mdp.39015038022524,179,35,0,Boston,GPE,26,32
mdp.39015038022524,179,36,0,One,CARDINAL,0,3
mdp.39015038022524,179,39,0,Allen,PERSON,16,21
mdp.39015038022524,179,41,0,a century,DATE,20,29
mdp.39015038022524,179,41,1,The Cattle Killing 169,WORK_OF_ART,62,84
mdp.39015038022524,180,4,0,Kathryn,PERSON,0,7
mdp.39015038022524,180,4,1,a moment,TIME,27,35
mdp.39015038022524,180,5,0,Allen,PERSON,20,25
mdp.39015038022524,180,9,0,Five days,DATE,0,9
mdp.39015038022524,180,10,0,Mathew Carey,PERSON,185,197
mdp.39015038022524,180,10,1,Negroes,NORP,210,217
mdp.39015038022524,180,10,2,Thrush,PERSON,304,310
mdp.39015038022524,180,10,3,Carey,PERSON,456,461
mdp.39015038022524,180,10,4,Negroes,NORP,487,494
mdp.39015038022524,180,11,0,Carey,PERSON,0,5
mdp.39015038022524,180,11,1,Negroes,NORP,47,54
mdp.39015038022524,180,11,2,Negro,NORP,411,416
mdp.39015038022524,180,11,3,John Edgar Wideman,PERSON,500,518
mdp.39015038022524,181,0,0,Negro,NORP,189,194
mdp.39015038022524,181,0,1,Carey,PERSON,217,222
mdp.39015038022524,181,1,0,Kathryn,PERSON,37,44
mdp.39015038022524,181,3,0,Two days ago,DATE,0,12
mdp.39015038022524,181,3,1,Allen,PERSON,39,44
mdp.39015038022524,181,3,2,the African Church,ORG,48,66
mdp.39015038022524,181,3,3,Negroes,NORP,71,78
mdp.39015038022524,181,3,4,Thrush,PERSON,274,280
mdp.39015038022524,181,3,5,Carey,PERSON,289,294
mdp.39015038022524,181,3,6,Negroes,NORP,307,314
mdp.39015038022524,181,3,7,Thrush,PERSON,393,399
mdp.39015038022524,181,3,8,Carey,PERSON,436,441
mdp.39015038022524,181,3,9,Negroes,NORP,457,464
mdp.39015038022524,181,3,10,Thrush,PERSON,539,545
mdp.39015038022524,181,3,11,Negroes,NORP,740,747
mdp.39015038022524,181,3,12,today,DATE,828,833
mdp.39015038022524,181,3,13,only half,CARDINAL,1037,1046
mdp.39015038022524,181,3,14,the The Cattle Killing,WORK_OF_ART,1139,1161
mdp.39015038022524,182,1,0,Negroes,NORP,46,53
mdp.39015038022524,182,1,1,the West Indies,GPE,59,74
mdp.39015038022524,182,1,2,Thrush,PERSON,113,119
mdp.39015038022524,182,1,3,Negroes,NORP,405,412
mdp.39015038022524,182,2,0,Carey,PERSON,8,13
mdp.39015038022524,182,2,1,one,CARDINAL,274,277
mdp.39015038022524,182,2,2,second,ORDINAL,330,336
mdp.39015038022524,182,2,3,Kathryn,PERSON,367,374
mdp.39015038022524,182,2,4,Carey,PERSON,492,497
mdp.39015038022524,182,3,0,Kate,PERSON,42,46
mdp.39015038022524,182,3,1,Thrush,PERSON,55,61
mdp.39015038022524,182,3,2,the last week of September,DATE,120,146
mdp.39015038022524,182,3,3,days,DATE,275,279
mdp.39015038022524,182,3,4,one,CARDINAL,586,589
mdp.39015038022524,182,3,5,Negro,NORP,606,611
mdp.39015038022524,182,3,6,one,CARDINAL,674,677
mdp.39015038022524,182,3,7,172,CARDINAL,694,697
mdp.39015038022524,182,4,0,John Edgar Wideman,PERSON,0,18
mdp.39015038022524,183,5,0,Thrush,PERSON,60,66
mdp.39015038022524,183,5,1,the seemingly endless,DATE,222,243
mdp.39015038022524,183,5,2,Kathryn,PERSON,289,296
mdp.39015038022524,183,5,3,Negro,NORP,424,429
mdp.39015038022524,183,6,0,one,CARDINAL,122,125
mdp.39015038022524,183,7,0,two,CARDINAL,15,18
mdp.39015038022524,183,7,1,one,CARDINAL,37,40
mdp.39015038022524,183,11,0,a few moments,TIME,70,83
mdp.39015038022524,184,3,0,Thrush,PERSON,36,42
mdp.39015038022524,184,3,1,Carey,PERSON,313,318
mdp.39015038022524,184,3,2,Carey,PERSON,648,653
mdp.39015038022524,184,3,3,Carey,PERSON,736,741
mdp.39015038022524,184,3,4,Thrush,PERSON,1007,1013
mdp.39015038022524,184,4,0,these last few days,DATE,51,70
mdp.39015038022524,184,4,1,Thrush,PERSON,75,81
mdp.39015038022524,184,4,2,Carey,PERSON,180,185
mdp.39015038022524,184,4,3,Carey,PERSON,239,244
mdp.39015038022524,184,5,0,174,CARDINAL,0,3
mdp.39015038022524,184,5,1,John Edgar Wideman,PERSON,4,22
mdp.39015038022524,185,0,0,Thrush,PERSON,4,10
mdp.39015038022524,185,1,0,Negroes,NORP,231,238
mdp.39015038022524,185,2,0,Thrush,PERSON,64,70
mdp.39015038022524,185,2,1,months,DATE,135,141
mdp.39015038022524,185,2,2,the past months,DATE,235,250
mdp.39015038022524,185,3,0,Thrush,PERSON,4,10
mdp.39015038022524,185,3,1,nearly 100 percent,PERCENT,124,142
mdp.39015038022524,185,4,0,Thrush,PERSON,4,10
mdp.39015038022524,185,4,1,Thrush,PERSON,175,181
mdp.39015038022524,186,0,0,first,ORDINAL,84,89
mdp.39015038022524,186,0,1,November,DATE,90,98
mdp.39015038022524,186,1,0,hours,TIME,528,533
mdp.39015038022524,186,1,1,one,CARDINAL,697,700
mdp.39015038022524,186,2,0,one morning,TIME,145,156
mdp.39015038022524,186,3,0,Kate,PERSON,58,62
mdp.39015038022524,186,3,1,176,CARDINAL,123,126
mdp.39015038022524,186,4,0,John Edgar Wideman,PERSON,0,18
mdp.39015038022524,187,0,0,Thrush,PERSON,134,140
mdp.39015038022524,187,0,1,Gazette,ORG,233,240
mdp.39015038022524,187,0,2,Thrush,PERSON,286,292
mdp.39015038022524,187,1,0,Thrush,PERSON,118,124
mdp.39015038022524,187,3,0,those awful days,DATE,16,32
mdp.39015038022524,187,4,0,Carey,PERSON,247,252
mdp.39015038022524,187,4,1,Thrush,PERSON,268,274
mdp.39015038022524,187,4,2,The Cattle Killing,WORK_OF_ART,513,531
mdp.39015038022524,188,0,0,Carey,PERSON,99,104
mdp.39015038022524,188,0,1,Ham,PERSON,249,252
mdp.39015038022524,188,1,0,Kathryn,PERSON,15,22
mdp.39015038022524,188,1,1,Christians,NORP,33,43
mdp.39015038022524,188,1,2,Negro,NORP,102,107
mdp.39015038022524,188,1,3,Kate,PERSON,159,163
mdp.39015038022524,188,1,4,Carey,PERSON,318,323
mdp.39015038022524,188,2,0,Tonight,TIME,0,7
mdp.39015038022524,188,12,0,John Edgar Wideman,PERSON,0,18
mdp.39015038022524,189,19,0,one,CARDINAL,45,48
mdp.39015038022524,189,24,0,one,CARDINAL,16,19
mdp.39015038022524,189,25,0,Stubbs,PERSON,28,34
mdp.39015038022524,189,25,1,an unusually warm afternoon,TIME,45,72
mdp.39015038022524,189,25,2,a few more feet,QUANTITY,98,113
mdp.39015038022524,189,25,3,one,CARDINAL,189,192
mdp.39015038022524,189,29,0,The Cattle Killing 179,WORK_OF_ART,64,86
mdp.39015038022524,190,4,0,Liam,PERSON,19,23
mdp.39015038022524,190,12,0,Liam,PERSON,8,12
mdp.39015038022524,190,12,1,Liam,PERSON,25,29
mdp.39015038022524,190,15,0,Liam,PERSON,8,12
mdp.39015038022524,190,15,1,Liam,PERSON,31,35
mdp.39015038022524,190,20,0,spring,DATE,5,11
mdp.39015038022524,190,20,1,Liam,PERSON,44,48
mdp.39015038022524,190,21,0,Jesus,PERSON,12,17
mdp.39015038022524,190,21,1,every night,TIME,82,93
mdp.39015038022524,190,26,0,Liam,PERSON,12,16
mdp.39015038022524,190,26,1,the day,DATE,61,68
mdp.39015038022524,190,27,0,180,CARDINAL,0,3
mdp.39015038022524,190,27,1,John Edgar Wideman,PERSON,4,22
mdp.39015038022524,191,1,0,Liam,PERSON,6,10
mdp.39015038022524,191,6,0,Liam,PERSON,54,58
mdp.39015038022524,191,11,0,one,CARDINAL,47,50
mdp.39015038022524,191,12,0,noon,TIME,4,8
mdp.39015038022524,191,14,0,Liam,PERSON,0,4
mdp.39015038022524,191,17,0,Liam,PERSON,0,4
mdp.39015038022524,191,18,0,Liam,PERSON,23,27
mdp.39015038022524,191,27,0,Liam,PERSON,127,131
mdp.39015038022524,191,29,0,The Cattle Killing 181,WORK_OF_ART,49,71
mdp.39015038022524,192,2,0,that first morning,TIME,29,47
mdp.39015038022524,192,4,0,Liam,PERSON,9,13
mdp.39015038022524,192,9,0,Thrush,PERSON,22,28
mdp.39015038022524,192,9,1,Benjamin,PERSON,110,118
mdp.39015038022524,192,9,2,Ben,PERSON,127,130
mdp.39015038022524,192,9,3,Thrush,PERSON,326,332
mdp.39015038022524,192,9,4,Thrush,PERSON,481,487
mdp.39015038022524,192,9,5,Thrush,PERSON,1004,1010
mdp.39015038022524,192,9,6,Thrush,PERSON,1085,1091
mdp.39015038022524,192,10,0,182,CARDINAL,126,129
mdp.39015038022524,192,11,0,John Edgar Wideman,PERSON,0,18
mdp.39015038022524,193,0,0,Kate,PERSON,22,26
mdp.39015038022524,193,0,1,Kate,PERSON,229,233
mdp.39015038022524,193,0,2,Ariel,PERSON,249,254
mdp.39015038022524,193,2,0,Samuel Richardson's,PERSON,26,45
mdp.39015038022524,193,2,1,French,NORP,400,406
mdp.39015038022524,193,3,0,The Cattle Killing 183,WORK_OF_ART,57,79
mdp.39015038022524,194,2,0,a month,DATE,232,239
mdp.39015038022524,194,5,0,African,NORP,18,25
mdp.39015038022524,194,5,1,Phillis,PERSON,31,38
mdp.39015038022524,194,5,2,first,ORDINAL,55,60
mdp.39015038022524,194,5,3,English,LANGUAGE,257,264
mdp.39015038022524,194,5,4,Pope,PERSON,467,471
mdp.39015038022524,194,5,5,Boston,GPE,513,519
mdp.39015038022524,194,5,6,today,DATE,740,745
mdp.39015038022524,194,5,7,Kathryn,PERSON,892,899
mdp.39015038022524,194,6,0,184,CARDINAL,0,3
mdp.39015038022524,194,6,1,John Edgar Wideman,PERSON,4,22
mdp.39015038022524,195,0,0,African,NORP,162,169
mdp.39015038022524,195,0,1,one,CARDINAL,175,178
mdp.39015038022524,195,1,0,African,NORP,29,36
mdp.39015038022524,195,1,1,Kate,PERSON,77,81
mdp.39015038022524,195,17,0,185,CARDINAL,21,24
mdp.39015038022524,196,13,0,One,CARDINAL,0,3
mdp.39015038022524,196,13,1,all night,TIME,57,66
mdp.39015038022524,196,14,0,Abraham,PERSON,27,34
mdp.39015038022524,196,26,0,186,CARDINAL,52,55
mdp.39015038022524,196,27,0,John Edgar Wideman,PERSON,0,18
mdp.39015038022524,197,4,0,one,CARDINAL,5,8
mdp.39015038022524,197,9,0,the coldest nights,DATE,3,21
mdp.39015038022524,197,19,0,weeks,DATE,4,9
mdp.39015038022524,197,26,0,The Cattle Killing 187,WORK_OF_ART,22,44
mdp.39015038022524,198,6,0,one,CARDINAL,153,156
mdp.39015038022524,198,8,0,yesterday,DATE,139,148
mdp.39015038022524,198,8,1,Kathryn,PERSON,338,345
mdp.39015038022524,198,10,0,John Edgar Wideman,PERSON,0,18
mdp.39015038022524,199,4,0,The Cattle Killing ◊,WORK_OF_ART,436,456
mdp.39015038022524,200,1,0,this hour,TIME,188,197
mdp.39015038022524,200,1,1,the hours,TIME,267,276
mdp.39015038022524,200,1,2,Negro,NORP,609,614
mdp.39015038022524,200,4,0,One,CARDINAL,0,3
mdp.39015038022524,200,5,0,Kathryn,PERSON,2,9
mdp.39015038022524,200,5,1,John Edgar Wideman,PERSON,63,81
mdp.39015038022524,201,0,0,Kathryn,PERSON,35,42
mdp.39015038022524,201,1,0,one,CARDINAL,101,104
mdp.39015038022524,201,2,0,winter,DATE,105,111
mdp.39015038022524,201,9,0,Bible,WORK_OF_ART,4,9
mdp.39015038022524,201,12,0,The Cattle Killing 191,WORK_OF_ART,10,32
mdp.39015038022524,202,6,0,Most days,DATE,0,9
mdp.39015038022524,202,19,0,the day,DATE,90,97
mdp.39015038022524,202,25,0,hours,TIME,4,9
mdp.39015038022524,202,36,0,192,CARDINAL,9,12
mdp.39015038022524,202,36,1,John Edgar Wideman,PERSON,13,31
mdp.39015038022524,203,4,0,night,TIME,51,56
mdp.39015038022524,203,21,0,The Cattle Killing,WORK_OF_ART,13,31
mdp.39015038022524,204,3,0,many months,DATE,94,105
mdp.39015038022524,204,3,1,every moment,TIME,174,186
mdp.39015038022524,204,5,0,Isaiah Cudjo,PERSON,0,12
mdp.39015038022524,204,5,1,Elizabeth Phyllis,PERSON,13,30
mdp.39015038022524,204,5,2,Hannibal,PERSON,31,39
mdp.39015038022524,204,5,3,Chloe,PERSON,40,45
mdp.39015038022524,204,5,4,Thomas,PERSON,46,52
mdp.39015038022524,204,5,5,Mary,PERSON,53,57
mdp.39015038022524,204,5,6,Jupiter,PERSON,58,65
mdp.39015038022524,204,5,7,Grace Sarah,PERSON,66,77
mdp.39015038022524,204,18,0,hours,TIME,24,29
mdp.39015038022524,204,19,0,194,CARDINAL,0,3
mdp.39015038022524,204,19,1,John Edgar Wideman,PERSON,4,22
mdp.39015038022524,205,7,0,Kathryn,PERSON,19,26
mdp.39015038022524,205,12,0,One,CARDINAL,0,3
mdp.39015038022524,205,13,0,One,CARDINAL,0,3
mdp.39015038022524,205,34,0,today,DATE,37,42
mdp.39015038022524,205,46,0,first,ORDINAL,14,19
mdp.39015038022524,205,49,0,195,CARDINAL,21,24
mdp.39015038022524,206,26,0,196,CARDINAL,0,3
mdp.39015038022524,206,26,1,John Edgar Wideman,PERSON,4,22
mdp.39015038022524,207,1,0,one,CARDINAL,37,40
mdp.39015038022524,207,8,0,Kathryn,PERSON,0,7
mdp.39015038022524,207,8,1,Kate,PERSON,12,16
mdp.39015038022524,207,10,0,Kathryn,PERSON,38,45
mdp.39015038022524,207,11,0,today,DATE,153,158
mdp.39015038022524,207,11,1,unThe Cattle Killing,WORK_OF_ART,571,591
mdp.39015038022524,208,2,0,Kathryn,PERSON,0,7
mdp.39015038022524,208,2,1,this morning,TIME,130,142
mdp.39015038022524,208,6,0,first,ORDINAL,18,23
mdp.39015038022524,208,8,0,198,CARDINAL,79,82
mdp.39015038022524,208,8,1,John Edgar Wideman,PERSON,83,101
mdp.39015038022524,210,4,0,Sundays,DATE,15,22
mdp.39015038022524,210,6,0,Sunday,DATE,0,6
mdp.39015038022524,210,6,1,mornings,TIME,7,15
mdp.39015038022524,210,8,0,African,NORP,37,44
mdp.39015038022524,210,9,0,Sunday,DATE,18,24
mdp.39015038022524,210,9,1,Allen,PERSON,48,53
mdp.39015038022524,210,9,2,Quaker,NORP,81,87
mdp.39015038022524,210,9,3,Walnut,FAC,108,114
mdp.39015038022524,210,9,4,Water Street,FAC,130,142
mdp.39015038022524,210,9,5,the Hart and Hare,FAC,210,227
mdp.39015038022524,210,10,0,the day,DATE,6,13
mdp.39015038022524,210,13,0,Jesus,PERSON,6,11
mdp.39015038022524,210,14,0,200,CARDINAL,0,3
mdp.39015038022524,210,14,1,John Edgar Wideman,PERSON,4,22
mdp.39015038022524,211,0,0,that day,DATE,6,14
mdp.39015038022524,211,0,1,Sunday,DATE,119,125
mdp.39015038022524,211,0,2,mornings,TIME,126,134
mdp.39015038022524,211,1,0,Sunday morning,TIME,0,14
mdp.39015038022524,211,1,1,Hart,PERSON,33,37
mdp.39015038022524,211,1,2,Hare,PERSON,42,46
mdp.39015038022524,211,2,0,the morning,TIME,6,17
mdp.39015038022524,211,2,1,thousand,CARDINAL,180,188
mdp.39015038022524,211,18,0,The Cattle Killing,WORK_OF_ART,227,245
mdp.39015038022524,211,18,1,201,CARDINAL,248,251
mdp.39015038022524,212,1,0,night,TIME,58,63
mdp.39015038022524,212,8,0,Five feet,QUANTITY,0,9
mdp.39015038022524,212,21,0,202,CARDINAL,0,3
mdp.39015038022524,212,21,1,John Edgar Wideman,PERSON,4,22
mdp.39015038022524,213,6,0,all week,DATE,15,23
mdp.39015038022524,213,20,0,Allen,PERSON,30,35
mdp.39015038022524,213,31,0,Allen,PERSON,10,15
mdp.39015038022524,213,33,0,Allen,PERSON,37,42
mdp.39015038022524,213,33,1,that morning,TIME,53,65
mdp.39015038022524,213,35,0,The Cattle Killing,WORK_OF_ART,21,39
mdp.39015038022524,213,35,1,203,CARDINAL,42,45
mdp.39015038022524,214,4,0,one,CARDINAL,20,23
mdp.39015038022524,214,4,1,African,NORP,127,134
mdp.39015038022524,214,5,0,Allen,PERSON,0,5
mdp.39015038022524,214,16,0,that morning,TIME,118,130
mdp.39015038022524,214,17,0,Jesus,PERSON,80,85
mdp.39015038022524,214,21,0,Allen,PERSON,102,107
mdp.39015038022524,214,26,0,first,ORDINAL,4,9
mdp.39015038022524,214,28,0,one,CARDINAL,7,10
mdp.39015038022524,214,30,0,204,CARDINAL,18,21
mdp.39015038022524,214,30,1,John Edgar Wideman,PERSON,22,40
mdp.39015038022524,215,2,0,the very day,DATE,20,32
mdp.39015038022524,215,3,0,the d-d-d-day,DATE,14,27
mdp.39015038022524,215,19,0,any minute,TIME,14,24
mdp.39015038022524,215,35,0,The Cattle Killing 205,WORK_OF_ART,33,55
mdp.39015038022524,216,8,0,each evening,TIME,273,285
mdp.39015038022524,216,9,0,Ramona Africa,PERSON,30,43
mdp.39015038022524,216,9,1,Mandela,PERSON,60,67
mdp.39015038022524,216,9,2,Philadelphia,GPE,128,140
mdp.39015038022524,216,9,3,Capetown,GPE,145,153
mdp.39015038022524,216,9,4,Pittsburgh,GPE,158,168
mdp.39015038022524,216,18,0,the afternoon,TIME,31,44
mdp.39015038022524,216,18,1,Philadelphia,GPE,61,73
mdp.39015038022524,216,18,2,Independence Square,FAC,76,95
mdp.39015038022524,216,18,3,Osage Avenue,FAC,117,129
mdp.39015038022524,216,19,0,Half a million,CARDINAL,0,14
mdp.39015038022524,216,19,1,Capetown,GPE,46,54
mdp.39015038022524,216,19,2,Hitchcock,PERSON,96,105
mdp.39015038022524,216,19,3,Mandela,PERSON,213,220
mdp.39015038022524,216,19,4,twenty-seven years,DATE,232,250
mdp.39015038022524,216,21,0,millions,CARDINAL,15,23
mdp.39015038022524,216,21,1,206,CARDINAL,27,30
mdp.39015038022524,216,21,2,John Edgar Wideman,PERSON,31,49
mdp.39015038022524,217,6,0,one,CARDINAL,265,268
mdp.39015038022524,217,7,0,Pittsburgh,GPE,4,14
mdp.39015038022524,217,7,1,Chicago,GPE,19,26
mdp.39015038022524,217,7,2,Los Angeles,GPE,31,42
mdp.39015038022524,217,7,3,Detroit,GPE,47,54
mdp.39015038022524,217,7,4,New York,GPE,59,67
mdp.39015038022524,217,7,5,Dallas,GPE,72,78
mdp.39015038022524,217,7,6,Cleveland,GPE,83,92
mdp.39015038022524,217,7,7,Oakland,GPE,97,104
mdp.39015038022524,217,7,8,Miami,GPE,109,114
mdp.39015038022524,217,8,0,another day,DATE,34,45
mdp.39015038022524,217,9,0,Ramona,PERSON,0,6
mdp.39015038022524,217,9,1,Mandela,PERSON,38,45
mdp.39015038022524,217,9,2,Mumia,PERSON,59,64
mdp.39015038022524,217,9,3,Huey,PERSON,78,82
mdp.39015038022524,217,9,4,Goodman,PERSON,96,103
mdp.39015038022524,217,9,5,Chaney,PERSON,108,114
mdp.39015038022524,217,9,6,Gabriel,PERSON,128,135
mdp.39015038022524,217,9,7,one,CARDINAL,207,210
mdp.39015038022524,217,13,0,207,CARDINAL,19,22
mdp.39015038022524,218,2,0,one,CARDINAL,137,140
mdp.39015038022524,218,4,0,208,CARDINAL,0,3
mdp.39015038022524,218,4,1,John Edgar Wideman,PERSON,4,22
mdp.39015038022524,219,0,0,EPILOGUE Dan,PERSON,0,12
mdp.39015038022524,219,0,1,Goree,GPE,87,92
mdp.39015038022524,219,0,2,States,GPE,183,189
mdp.39015038022524,220,3,0,Cattle Killing,WORK_OF_ART,14,28
mdp.39015038022524,220,7,0,one,CARDINAL,54,57
mdp.39015038022524,220,17,0,dozens,CARDINAL,16,22
mdp.39015038022524,220,19,0,London,GPE,60,66
mdp.39015038022524,220,20,0,two days,DATE,18,26
mdp.39015038022524,220,20,1,the British Museum's,ORG,62,82
mdp.39015038022524,220,20,2,African,NORP,83,90
mdp.39015038022524,220,24,0,Africans,NORP,124,132
mdp.39015038022524,220,26,0,South Africa,GPE,130,142
mdp.39015038022524,220,26,1,Xhosa,NORP,148,153
mdp.39015038022524,220,30,0,John Edgar Wideman,PERSON,57,75
mdp.39015038022524,221,2,0,the Cape of Good Hope,LOC,67,88
mdp.39015038022524,221,2,1,another fifty-some years,DATE,142,166
mdp.39015038022524,221,2,2,South Africa,GPE,170,182
mdp.39015038022524,221,8,0,decades,DATE,84,91
mdp.39015038022524,221,22,0,one,CARDINAL,30,33
mdp.39015038022524,221,22,1,one,CARDINAL,57,60
mdp.39015038022524,221,24,0,D.J.,PERSON,6,10
mdp.39015038022524,221,25,0,Africa,LOC,46,52
mdp.39015038022524,221,27,0,African,NORP,53,60
mdp.39015038022524,221,29,0,211,CARDINAL,19,22
mdp.39015038022524,222,0,0,African,NORP,56,63
mdp.39015038022524,222,5,0,Decades,DATE,0,7
mdp.39015038022524,222,5,1,African,NORP,29,36
mdp.39015038022524,222,6,0,Africans,NORP,31,39
mdp.39015038022524,222,9,0,Africans,NORP,95,103
mdp.39015038022524,222,11,0,Africans,NORP,4,12
mdp.39015038022524,222,11,1,British,NORP,65,72
mdp.39015038022524,222,16,0,John Edgar Wideman,PERSON,26,44
mdp.39015038022524,228,0,0,1,CARDINAL,0,1
mdp.39015038022524,230,0,0,31,CARDINAL,27,29
mdp.39015038022524,230,0,1,AUG 18 1998,DATE,39,50
mdp.39015038022524,230,0,2,2004,DATE,100,104
