vol_id,page,sentence_id,ent_id,entity,entity_type,start_char,end_char
mdp.39015028467028,4,1,0,THA TINO JIH SJ MICHIG,PERSON,0,22
mdp.39015028467028,7,0,0,THE CLARION PE OP LE,PERSON,0,20
mdp.39015028467028,9,0,0,THE CLARION PEOPLE,WORK_OF_ART,0,18
mdp.39015028467028,9,0,1,Audrey Lee MCGRAW-HILL,PERSON,22,44
mdp.39015028467028,9,0,2,NEW YORK,GPE,58,66
mdp.39015028467028,9,0,3,TORONTO,GPE,67,74
mdp.39015028467028,9,0,4,LONDON,GPE,75,81
mdp.39015028467028,9,0,5,SYDNEY,GPE,82,88
mdp.39015028467028,10,0,0,THE CLARION PEOPLE,WORK_OF_ART,18,36
mdp.39015028467028,10,0,1,1968,DATE,49,53
mdp.39015028467028,10,0,2,Audrey Lee,PERSON,57,67
mdp.39015028467028,10,2,0,the United States of America,GPE,11,39
mdp.39015028467028,10,4,0,Library of Congress,ORG,0,19
mdp.39015028467028,11,0,0,Catherine,PERSON,64,73
mdp.39015028467028,11,0,1,Joan,PERSON,78,82
mdp.39015028467028,11,0,2,Charles,PERSON,95,102
mdp.39015028467028,11,0,3,Herbert Young,PERSON,110,123
mdp.39015028467028,15,20,0,Herbert Young,PERSON,0,13
mdp.39015028467028,15,23,0,a week ago,DATE,17,27
mdp.39015028467028,16,9,0,night,TIME,3,8
mdp.39015028467028,16,12,0,the early morning,TIME,17,34
mdp.39015028467028,16,12,1,night,TIME,42,47
mdp.39015028467028,17,33,0,5,CARDINAL,1,2
mdp.39015028467028,19,0,0,1,CARDINAL,8,9
mdp.39015028467028,19,3,0,Lillian Peoples,PERSON,0,15
mdp.39015028467028,19,5,0,five,CARDINAL,51,55
mdp.39015028467028,19,34,0,second,ORDINAL,27,33
mdp.39015028467028,20,21,0,a mile,QUANTITY,31,37
mdp.39015028467028,20,31,0,days,DATE,14,18
mdp.39015028467028,20,32,0,Days,DATE,0,4
mdp.39015028467028,21,2,0,these days,DATE,31,41
mdp.39015028467028,21,6,0,one,CARDINAL,4,7
mdp.39015028467028,21,9,0,one hundred miles,QUANTITY,20,37
mdp.39015028467028,21,17,0,age twenty-one,DATE,99,113
mdp.39015028467028,21,17,1,age twenty-one to twenty-five,DATE,155,184
mdp.39015028467028,21,28,0,a perfect day,DATE,7,20
mdp.39015028467028,21,36,0,The Hotel for Permanent and Transient Guests,ORG,0,44
mdp.39015028467028,21,38,0,Negro,NORP,2,7
mdp.39015028467028,21,38,1,third,ORDINAL,23,28
mdp.39015028467028,21,39,0,Two,CARDINAL,0,3
mdp.39015028467028,21,39,1,one,CARDINAL,32,35
mdp.39015028467028,21,39,2,191,CARDINAL,56,59
mdp.39015028467028,22,8,0,the winter,DATE,37,47
mdp.39015028467028,22,13,0,Three,CARDINAL,0,5
mdp.39015028467028,22,24,0,the morning,TIME,16,27
mdp.39015028467028,22,29,0,Four,CARDINAL,0,4
mdp.39015028467028,22,31,0,three,CARDINAL,42,47
mdp.39015028467028,23,19,0,one,CARDINAL,53,56
mdp.39015028467028,23,20,0,the night,TIME,29,38
mdp.39015028467028,23,35,0,11,CARDINAL,1,3
mdp.39015028467028,24,0,0,2,CARDINAL,8,9
mdp.39015028467028,24,6,0,Jack,PERSON,13,17
mdp.39015028467028,24,11,0,four o'clock in the morning,TIME,6,33
mdp.39015028467028,24,16,0,second,ORDINAL,4,10
mdp.39015028467028,24,27,0,Larry,PERSON,1,6
mdp.39015028467028,24,28,0,Larry,PERSON,0,5
mdp.39015028467028,24,31,0,Larry,PERSON,13,18
mdp.39015028467028,24,35,0,Larry,PERSON,13,18
mdp.39015028467028,24,39,0,Larry,PERSON,0,5
mdp.39015028467028,25,0,0,three,CARDINAL,48,53
mdp.39015028467028,25,2,0,a minute,TIME,10,18
mdp.39015028467028,25,7,0,three,CARDINAL,4,9
mdp.39015028467028,25,8,0,Larry,PERSON,12,17
mdp.39015028467028,25,10,0,half,CARDINAL,24,28
mdp.39015028467028,25,14,0,three,CARDINAL,4,9
mdp.39015028467028,25,15,0,one,CARDINAL,35,38
mdp.39015028467028,25,16,0,two,CARDINAL,34,37
mdp.39015028467028,25,17,0,two,CARDINAL,4,7
mdp.39015028467028,25,23,0,Ten,CARDINAL,0,3
mdp.39015028467028,25,23,1,twelve,CARDINAL,5,11
mdp.39015028467028,25,31,0,the evening,TIME,47,58
mdp.39015028467028,26,3,0,the night,TIME,19,28
mdp.39015028467028,26,4,0,the night,TIME,15,24
mdp.39015028467028,26,5,0,ten,CARDINAL,9,12
mdp.39015028467028,26,6,0,Ten,MONEY,1,4
mdp.39015028467028,26,7,0,ten dollars,MONEY,9,20
mdp.39015028467028,26,9,0,Ten,CARDINAL,1,4
mdp.39015028467028,26,16,0,twenty,CARDINAL,9,15
mdp.39015028467028,26,18,0,Thirty,CARDINAL,0,6
mdp.39015028467028,26,19,0,Fifty,CARDINAL,0,5
mdp.39015028467028,26,22,0,a hundred,CARDINAL,13,22
mdp.39015028467028,26,27,0,two,CARDINAL,30,33
mdp.39015028467028,26,34,0,first,ORDINAL,22,27
mdp.39015028467028,27,2,0,Twenty dollars,MONEY,1,15
mdp.39015028467028,27,10,0,Emma,PERSON,28,32
mdp.39015028467028,27,13,0,Emma,PERSON,34,38
mdp.39015028467028,27,18,0,One,CARDINAL,1,4
mdp.39015028467028,27,18,1,two,CARDINAL,6,9
mdp.39015028467028,27,18,2,three,CARDINAL,11,16
mdp.39015028467028,27,19,0,One,CARDINAL,0,3
mdp.39015028467028,27,19,1,two,CARDINAL,5,8
mdp.39015028467028,27,19,2,three,CARDINAL,10,15
mdp.39015028467028,27,22,0,Three,CARDINAL,0,5
mdp.39015028467028,28,3,0,Nat,PERSON,16,19
mdp.39015028467028,28,6,0,Nat,PERSON,0,3
mdp.39015028467028,28,15,0,Nat,PERSON,6,9
mdp.39015028467028,29,16,0,Nat,PERSON,0,3
mdp.39015028467028,30,4,0,Dizzy,PERSON,32,37
mdp.39015028467028,30,9,0,Dizzy,PERSON,19,24
mdp.39015028467028,30,15,0,four in the morning,TIME,11,30
mdp.39015028467028,30,27,0,Thirty-two,CARDINAL,1,11
mdp.39015028467028,30,43,0,Rosa,PERSON,1,5
mdp.39015028467028,30,45,0,Rosa,PERSON,0,4
mdp.39015028467028,30,49,0,Rosa,PERSON,4,8
mdp.39015028467028,32,0,0,3,CARDINAL,8,9
mdp.39015028467028,32,1,0,The Hotel for Permanent and Transient Guests,ORG,0,44
mdp.39015028467028,32,1,1,eight,CARDINAL,71,76
mdp.39015028467028,32,1,2,five,CARDINAL,89,93
mdp.39015028467028,32,15,0,early-morning,TIME,32,45
mdp.39015028467028,32,19,0,every day,DATE,35,44
mdp.39015028467028,32,24,0,Irishman,NORP,3,11
mdp.39015028467028,32,24,1,one,CARDINAL,17,20
mdp.39015028467028,32,29,0,20,CARDINAL,2,4
mdp.39015028467028,33,1,0,Nat,PERSON,0,3
mdp.39015028467028,33,8,0,one,CARDINAL,75,78
mdp.39015028467028,33,27,0,21,CARDINAL,2,4
mdp.39015028467028,34,0,0,third,ORDINAL,11,16
mdp.39015028467028,34,2,0,every day,DATE,22,31
mdp.39015028467028,34,13,0,his middle years,DATE,25,41
mdp.39015028467028,34,24,0,the most dangerous days,DATE,50,73
mdp.39015028467028,35,17,0,a few inches,QUANTITY,52,64
mdp.39015028467028,35,39,0,Nat,PERSON,0,3
mdp.39015028467028,36,2,0,Two,CARDINAL,0,3
mdp.39015028467028,36,4,0,Nat,PERSON,85,88
mdp.39015028467028,36,5,0,Adam,PERSON,11,15
mdp.39015028467028,36,15,0,several inches,QUANTITY,30,44
mdp.39015028467028,36,30,0,Nat,PERSON,0,3
mdp.39015028467028,36,34,0,24,CARDINAL,50,52
mdp.39015028467028,37,8,0,Nat,PERSON,18,21
mdp.39015028467028,37,13,0,Adam,PERSON,39,43
mdp.39015028467028,37,13,1,Pete,PERSON,53,57
mdp.39015028467028,37,16,0,Whitey,PERSON,12,18
mdp.39015028467028,37,20,0,three,CARDINAL,31,36
mdp.39015028467028,37,26,0,Pete,PERSON,0,4
mdp.39015028467028,37,33,0,Pete,PERSON,0,4
mdp.39015028467028,37,36,0,Celeste,PERSON,0,7
mdp.39015028467028,37,41,0,Whitey,PERSON,25,31
mdp.39015028467028,37,42,0,three,CARDINAL,4,9
mdp.39015028467028,38,1,0,Nat,PERSON,0,3
mdp.39015028467028,38,8,0,Whitey,PERSON,24,30
mdp.39015028467028,38,15,0,Pete,PERSON,0,4
mdp.39015028467028,38,16,0,three,CARDINAL,4,9
mdp.39015028467028,38,20,0,Nat,PERSON,0,3
mdp.39015028467028,38,21,0,Celeste,PERSON,0,7
mdp.39015028467028,38,22,0,Whitey,PERSON,34,40
mdp.39015028467028,38,22,1,Pete,PERSON,44,48
mdp.39015028467028,38,25,0,three,CARDINAL,32,37
mdp.39015028467028,38,34,0,Celeste,PERSON,17,24
mdp.39015028467028,38,41,0,26,CARDINAL,2,4
mdp.39015028467028,39,8,0,Pete,PERSON,0,4
mdp.39015028467028,39,17,0,Nat,PERSON,42,45
mdp.39015028467028,39,19,0,Pete,PERSON,16,20
mdp.39015028467028,39,25,0,Whitey,PERSON,0,6
mdp.39015028467028,39,27,0,Celeste,PERSON,0,7
mdp.39015028467028,39,30,0,Nat,PERSON,28,31
mdp.39015028467028,39,32,0,Pete,PERSON,40,44
mdp.39015028467028,39,44,0,One hundred dollars,MONEY,0,19
mdp.39015028467028,39,45,0,two years,DATE,53,62
mdp.39015028467028,39,46,0,Two years,DATE,0,9
mdp.39015028467028,40,9,0,two,CARDINAL,32,35
mdp.39015028467028,40,17,0,Cathedral,FAC,53,62
mdp.39015028467028,40,18,0,Cathedral,FAC,33,42
mdp.39015028467028,40,23,0,one,CARDINAL,104,107
mdp.39015028467028,40,23,1,at least one,CARDINAL,168,180
mdp.39015028467028,40,24,0,one,CARDINAL,23,26
mdp.39015028467028,40,43,0,28,CARDINAL,25,27
mdp.39015028467028,41,15,0,winter,DATE,7,13
mdp.39015028467028,41,24,0,Bible,WORK_OF_ART,30,35
mdp.39015028467028,41,26,0,ev-il,PERSON,8,13
mdp.39015028467028,41,27,0,Jezebel,PERSON,1,8
mdp.39015028467028,41,29,0,Jezebel,PERSON,0,7
mdp.39015028467028,41,31,0,Jezebel,PERSON,10,17
mdp.39015028467028,41,32,0,Delilah,PERSON,7,14
mdp.39015028467028,41,40,0,29,CARDINAL,25,27
mdp.39015028467028,42,0,0,first,ORDINAL,48,53
mdp.39015028467028,42,13,0,four,CARDINAL,17,21
mdp.39015028467028,42,22,0,tonight,TIME,28,35
mdp.39015028467028,42,31,0,Nat,PERSON,0,3
mdp.39015028467028,42,40,0,30,CARDINAL,2,4
mdp.39015028467028,43,0,0,4,CARDINAL,8,9
mdp.39015028467028,43,20,0,seconds,TIME,79,86
mdp.39015028467028,43,21,0,degrees of,TIME,3,13
mdp.39015028467028,43,21,1,minutes,TIME,14,21
mdp.39015028467028,43,22,0,those seconds,TIME,49,62
mdp.39015028467028,43,22,1,minutes,TIME,64,71
mdp.39015028467028,43,41,0,31,CARDINAL,26,28
mdp.39015028467028,44,54,0,32,CARDINAL,32,34
mdp.39015028467028,45,3,0,first,ORDINAL,31,36
mdp.39015028467028,45,4,0,morning,TIME,31,38
mdp.39015028467028,45,5,0,the night,TIME,23,32
mdp.39015028467028,45,6,0,Herbert,PERSON,0,7
mdp.39015028467028,45,19,0,Herbert,PERSON,16,23
mdp.39015028467028,45,24,0,Herbert,PERSON,31,38
mdp.39015028467028,45,32,0,six feet something,QUANTITY,10,28
mdp.39015028467028,45,33,0,at least two hundred pounds,QUANTITY,4,31
mdp.39015028467028,45,37,0,33,DATE,12,14
mdp.39015028467028,46,20,0,Herbert,PERSON,1,8
mdp.39015028467028,46,25,0,Herbert,PERSON,1,8
mdp.39015028467028,46,32,0,Herbert,PERSON,1,8
mdp.39015028467028,46,36,0,Herbert-,PERSON,1,9
mdp.39015028467028,46,37,0,34,CARDINAL,2,4
mdp.39015028467028,47,15,0,one,CARDINAL,10,13
mdp.39015028467028,47,15,1,one,CARDINAL,23,26
mdp.39015028467028,47,39,0,Day,DATE,0,3
mdp.39015028467028,47,44,0,35,CARDINAL,6,8
mdp.39015028467028,48,14,0,Bible,WORK_OF_ART,35,40
mdp.39015028467028,48,15,0,first,ORDINAL,68,73
mdp.39015028467028,48,30,0,night,TIME,99,104
mdp.39015028467028,48,35,0,Spring,DATE,0,6
mdp.39015028467028,48,36,0,the summer,DATE,35,45
mdp.39015028467028,48,36,1,the fall,DATE,57,65
mdp.39015028467028,48,36,2,winter,DATE,75,81
mdp.39015028467028,48,41,0,36,CARDINAL,2,4
mdp.39015028467028,49,2,0,one,CARDINAL,17,20
mdp.39015028467028,49,44,0,37,CARDINAL,22,24
mdp.39015028467028,50,4,0,one day,DATE,64,71
mdp.39015028467028,50,11,0,Two,CARDINAL,0,3
mdp.39015028467028,50,33,0,Santa Claus,PERSON,9,20
mdp.39015028467028,50,36,0,38,CARDINAL,26,28
mdp.39015028467028,51,5,0,twenty,CARDINAL,15,21
mdp.39015028467028,51,5,1,American,NORP,75,83
mdp.39015028467028,51,17,0,the lunch hour,TIME,35,49
mdp.39015028467028,51,27,0,39,CARDINAL,5,7
mdp.39015028467028,52,1,0,half,CARDINAL,50,54
mdp.39015028467028,52,2,0,a minute,TIME,6,14
mdp.39015028467028,52,3,0,a dollar,MONEY,11,19
mdp.39015028467028,53,34,0,ten,CARDINAL,17,20
mdp.39015028467028,53,35,0,41,CARDINAL,53,55
mdp.39015028467028,54,3,0,Four,CARDINAL,0,4
mdp.39015028467028,54,3,1,a month,DATE,46,53
mdp.39015028467028,54,4,0,Nat,PERSON,7,10
mdp.39015028467028,54,6,0,Nat,PERSON,0,3
mdp.39015028467028,54,9,0,Nat,PERSON,0,3
mdp.39015028467028,54,35,0,Nat,PERSON,0,3
mdp.39015028467028,54,44,0,42,CARDINAL,6,8
mdp.39015028467028,55,20,0,Nat,PERSON,0,3
mdp.39015028467028,55,24,0,Nat,PERSON,57,60
mdp.39015028467028,55,26,0,6,CARDINAL,8,9
mdp.39015028467028,55,35,0,a full night's,TIME,13,27
mdp.39015028467028,55,36,0,1431,CARDINAL,4,8
mdp.39015028467028,56,14,0,today,DATE,46,51
mdp.39015028467028,56,36,0,Three,CARDINAL,0,5
mdp.39015028467028,56,49,0,44,CARDINAL,10,12
mdp.39015028467028,57,5,0,one,CARDINAL,81,84
mdp.39015028467028,57,17,0,Two,CARDINAL,0,3
mdp.39015028467028,57,27,0,Lillian,PERSON,35,42
mdp.39015028467028,57,31,0,Lillian,PERSON,22,29
mdp.39015028467028,57,32,0,Lillian,PERSON,0,7
mdp.39015028467028,57,35,0,Nat,PERSON,6,9
mdp.39015028467028,57,43,0,45,CARDINAL,2,4
mdp.39015028467028,58,0,0,Lillian,PERSON,29,36
mdp.39015028467028,58,2,0,Nat,PERSON,27,30
mdp.39015028467028,58,39,0,46,CARDINAL,2,4
mdp.39015028467028,59,2,0,first,ORDINAL,32,37
mdp.39015028467028,59,36,0,Two,CARDINAL,0,3
mdp.39015028467028,60,21,0,Amy,PERSON,55,58
mdp.39015028467028,60,31,0,Amy,PERSON,5,8
mdp.39015028467028,60,32,0,Amy,PERSON,23,26
mdp.39015028467028,60,42,0,Amy,PERSON,37,40
mdp.39015028467028,60,45,0,two,CARDINAL,36,39
mdp.39015028467028,60,56,0,48,CARDINAL,12,14
mdp.39015028467028,61,0,0,the cold days,DATE,4,17
mdp.39015028467028,61,10,0,The first week,DATE,0,14
mdp.39015028467028,61,20,0,Nat,PERSON,22,25
mdp.39015028467028,61,43,0,49,CARDINAL,16,18
mdp.39015028467028,62,1,0,the Middle Ages,DATE,37,52
mdp.39015028467028,62,17,0,these days,DATE,29,39
mdp.39015028467028,62,39,0,these days,DATE,13,23
mdp.39015028467028,62,51,0,50,CARDINAL,60,62
mdp.39015028467028,63,10,0,One,CARDINAL,0,3
mdp.39015028467028,63,12,0,7,CARDINAL,8,9
mdp.39015028467028,63,12,1,Nat,PERSON,11,14
mdp.39015028467028,63,13,0,the other day,DATE,27,40
mdp.39015028467028,63,24,0,Lillian,PERSON,1,8
mdp.39015028467028,63,33,0,Nat,PERSON,1,4
mdp.39015028467028,63,36,0,51,CARDINAL,15,17
mdp.39015028467028,64,27,0,Lillian,PERSON,28,35
mdp.39015028467028,64,36,0,Nat,PERSON,9,12
mdp.39015028467028,64,56,0,52,CARDINAL,2,4
mdp.39015028467028,65,0,0,Nat,PERSON,1,4
mdp.39015028467028,65,3,0,Nat,PERSON,7,10
mdp.39015028467028,65,15,0,half,CARDINAL,23,27
mdp.39015028467028,65,15,1,Bible,WORK_OF_ART,90,95
mdp.39015028467028,65,39,0,Lillian,PERSON,29,36
mdp.39015028467028,65,40,0,a minute,TIME,29,37
mdp.39015028467028,65,43,0,Lillian,PERSON,30,37
mdp.39015028467028,65,48,0,third,ORDINAL,37,42
mdp.39015028467028,65,49,0,53,CARDINAL,1,3
mdp.39015028467028,66,0,0,Nat,PERSON,20,23
mdp.39015028467028,66,5,0,Nat,PERSON,19,22
mdp.39015028467028,66,13,0,Lillian,PERSON,17,24
mdp.39015028467028,66,29,0,Peoples,PERSON,31,38
mdp.39015028467028,66,45,0,One,CARDINAL,0,3
mdp.39015028467028,66,46,0,One,CARDINAL,0,3
mdp.39015028467028,66,49,0,54,CARDINAL,2,4
mdp.39015028467028,67,0,0,Lillian,PERSON,1,8
mdp.39015028467028,67,2,0,a bad day,DATE,6,15
mdp.39015028467028,67,6,0,night,TIME,6,11
mdp.39015028467028,67,7,0,8,CARDINAL,8,9
mdp.39015028467028,67,26,0,all night,TIME,37,46
mdp.39015028467028,67,35,0,55,CARDINAL,16,18
mdp.39015028467028,68,27,0,Peoples,PERSON,22,29
mdp.39015028467028,68,33,0,Lillian,PERSON,39,46
mdp.39015028467028,68,37,0,Arnold,PERSON,17,23
mdp.39015028467028,68,40,0,56,CARDINAL,2,4
mdp.39015028467028,69,14,0,one day,DATE,44,51
mdp.39015028467028,69,36,0,571,CARDINAL,2,5
mdp.39015028467028,70,16,0,all day,DATE,15,22
mdp.39015028467028,70,31,0,a minute ago,TIME,28,40
mdp.39015028467028,70,38,0,58,CARDINAL,2,4
mdp.39015028467028,71,10,0,day,DATE,39,42
mdp.39015028467028,71,12,0,second,ORDINAL,83,89
mdp.39015028467028,71,15,0,Nat,PERSON,0,3
mdp.39015028467028,71,16,0,Pete,PERSON,0,4
mdp.39015028467028,71,16,1,Celeste,PERSON,6,13
mdp.39015028467028,71,16,2,Whitey,PERSON,19,25
mdp.39015028467028,71,17,0,Nat,PERSON,38,41
mdp.39015028467028,71,19,0,Pete,PERSON,0,4
mdp.39015028467028,71,20,0,Celeste,PERSON,0,7
mdp.39015028467028,71,21,0,Whitey,PERSON,0,6
mdp.39015028467028,71,22,0,Nat,PERSON,24,27
mdp.39015028467028,71,27,0,Nat,PERSON,6,9
mdp.39015028467028,71,28,0,Nat,PERSON,4,7
mdp.39015028467028,71,32,0,Pete,PERSON,0,4
mdp.39015028467028,71,37,0,Celeste,PERSON,0,7
mdp.39015028467028,71,38,0,59,CARDINAL,19,21
mdp.39015028467028,72,3,0,Nat,PERSON,0,3
mdp.39015028467028,72,3,1,Pete,PERSON,9,13
mdp.39015028467028,72,4,0,Two,CARDINAL,0,3
mdp.39015028467028,72,5,0,Pete,PERSON,27,31
mdp.39015028467028,72,6,0,Pete,PERSON,0,4
mdp.39015028467028,72,7,0,five years,DATE,29,39
mdp.39015028467028,72,8,0,Nat,PERSON,29,32
mdp.39015028467028,72,9,0,Celeste,PERSON,0,7
mdp.39015028467028,72,10,0,Nat,PERSON,0,3
mdp.39015028467028,72,11,0,Whitey,PERSON,0,6
mdp.39015028467028,72,12,0,Whitey,PERSON,25,31
mdp.39015028467028,72,13,0,Nat,PERSON,22,25
mdp.39015028467028,72,14,0,Pete,PERSON,41,45
mdp.39015028467028,72,14,1,Whitey,PERSON,47,53
mdp.39015028467028,72,14,2,Celeste,PERSON,55,62
mdp.39015028467028,73,26,0,first,ORDINAL,16,21
mdp.39015028467028,73,28,0,two,CARDINAL,31,34
mdp.39015028467028,73,37,0,61,DATE,5,7
mdp.39015028467028,74,19,0,Nat,PERSON,0,3
mdp.39015028467028,74,33,0,at least an hour,TIME,21,37
mdp.39015028467028,75,0,0,Spanish,LANGUAGE,9,16
mdp.39015028467028,75,2,0,the night,TIME,79,88
mdp.39015028467028,76,20,0,one,CARDINAL,102,105
mdp.39015028467028,76,30,0,two hours,TIME,6,15
mdp.39015028467028,77,13,0,first,ORDINAL,32,37
mdp.39015028467028,77,13,1,Bibles,PRODUCT,57,63
mdp.39015028467028,77,14,0,the Sons and Daughters of the Faith Church,ORG,23,65
mdp.39015028467028,77,16,0,two,CARDINAL,17,20
mdp.39015028467028,77,25,0,two,CARDINAL,42,45
mdp.39015028467028,77,25,1,Bibles,PRODUCT,63,69
mdp.39015028467028,77,35,0,Scripture,WORK_OF_ART,17,26
mdp.39015028467028,78,11,0,twelve,CARDINAL,157,163
mdp.39015028467028,78,14,0,Jesus,PERSON,20,25
mdp.39015028467028,78,21,0,66,CARDINAL,2,4
mdp.39015028467028,79,0,0,minutes,TIME,17,24
mdp.39015028467028,79,9,0,third,ORDINAL,2,7
mdp.39015028467028,79,9,1,several feet,QUANTITY,31,43
mdp.39015028467028,79,11,0,one,CARDINAL,7,10
mdp.39015028467028,80,13,0,first,ORDINAL,5,10
mdp.39015028467028,81,0,0,ten,CARDINAL,0,3
mdp.39015028467028,81,11,0,Herbert,PERSON,0,7
mdp.39015028467028,81,14,0,today,DATE,26,31
mdp.39015028467028,81,21,0,two,CARDINAL,45,48
mdp.39015028467028,81,22,0,Lillian,PERSON,47,54
mdp.39015028467028,81,35,0,Herbert,PERSON,9,16
mdp.39015028467028,82,12,0,Herbert,PERSON,17,24
mdp.39015028467028,82,18,0,today,DATE,36,41
mdp.39015028467028,82,19,0,moments,TIME,30,37
mdp.39015028467028,82,21,0,first,ORDINAL,53,58
mdp.39015028467028,82,22,0,between that time,DATE,28,45
mdp.39015028467028,82,29,0,yesterday,DATE,49,58
mdp.39015028467028,82,29,1,the day before,DATE,60,74
mdp.39015028467028,82,38,0,evening,TIME,4,11
mdp.39015028467028,82,43,0,Herbert,PERSON,0,7
mdp.39015028467028,82,44,0,70,CARDINAL,60,62
mdp.39015028467028,83,2,0,the other day,DATE,35,48
mdp.39015028467028,83,17,0,Herbert,PERSON,42,49
mdp.39015028467028,84,11,0,five o'clock in the morning,TIME,16,43
mdp.39015028467028,84,27,0,second,ORDINAL,4,10
mdp.39015028467028,85,10,0,Two,CARDINAL,0,3
mdp.39015028467028,85,25,0,autumn,DATE,21,27
mdp.39015028467028,85,26,0,autumn,DATE,4,10
mdp.39015028467028,85,34,0,Nat,PERSON,0,3
mdp.39015028467028,85,37,0,Nat,PERSON,15,18
mdp.39015028467028,85,38,0,autumn,DATE,39,45
mdp.39015028467028,86,6,0,Nat,PERSON,0,3
mdp.39015028467028,86,15,0,today,DATE,20,25
mdp.39015028467028,86,24,0,tomorrow,DATE,19,27
mdp.39015028467028,86,38,0,Nat,PERSON,31,34
mdp.39015028467028,86,39,0,Nat,PERSON,0,3
mdp.39015028467028,87,11,0,Nat,PERSON,0,3
mdp.39015028467028,88,3,0,Nat,PERSON,0,3
mdp.39015028467028,88,4,0,three,CARDINAL,50,55
mdp.39015028467028,88,19,0,Nat,PERSON,41,44
mdp.39015028467028,88,22,0,Nat,PERSON,0,3
mdp.39015028467028,88,23,0,one,CARDINAL,29,32
mdp.39015028467028,88,25,0,Nat,PERSON,99,102
mdp.39015028467028,88,26,0,Nat,PERSON,15,18
mdp.39015028467028,88,33,0,Nat,PERSON,0,3
mdp.39015028467028,88,33,1,about thirty-five,DATE,7,24
mdp.39015028467028,89,4,0,Celeste,PERSON,0,7
mdp.39015028467028,89,12,0,Nathanielyou've,PERSON,19,34
mdp.39015028467028,89,13,0,Nathaniel,PERSON,5,14
mdp.39015028467028,89,14,0,Nathaniel,PERSON,13,22
mdp.39015028467028,89,16,0,Five years ago,DATE,0,14
mdp.39015028467028,89,17,0,twenty-six,DATE,37,47
mdp.39015028467028,89,19,0,sixty-six,DATE,21,30
mdp.39015028467028,89,20,0,Twenty-six,DATE,0,10
mdp.39015028467028,89,25,0,Nathaniel,PERSON,0,9
mdp.39015028467028,89,32,0,Lillian,PERSON,1,8
mdp.39015028467028,89,35,0,Nathaniel,PERSON,27,36
mdp.39015028467028,89,44,0,Lillian,PERSON,6,13
mdp.39015028467028,89,46,0,Nathaniel,PERSON,0,9
mdp.39015028467028,90,4,0,Twenty-one,DATE,0,10
mdp.39015028467028,90,5,0,more than twenty-one,DATE,13,33
mdp.39015028467028,90,6,0,Nat,PERSON,4,7
mdp.39015028467028,90,12,0,Nathaniel,PERSON,0,9
mdp.39015028467028,90,22,0,twenty-one,DATE,30,40
mdp.39015028467028,90,22,1,that night,TIME,47,57
mdp.39015028467028,90,22,2,six years old,DATE,69,82
mdp.39015028467028,90,44,0,the days,DATE,4,12
mdp.39015028467028,90,46,0,one day,DATE,15,22
mdp.39015028467028,90,46,1,twenty-one,DATE,35,45
mdp.39015028467028,90,46,2,that night,TIME,61,71
mdp.39015028467028,91,13,0,a day,DATE,22,27
mdp.39015028467028,91,14,0,The next day,DATE,0,12
mdp.39015028467028,91,24,0,the first month,DATE,6,21
mdp.39015028467028,91,30,0,twenty-one,DATE,7,17
mdp.39015028467028,91,30,1,that night,TIME,50,60
mdp.39015028467028,92,5,0,one,CARDINAL,9,12
mdp.39015028467028,92,6,0,Nathaniel,PERSON,6,15
mdp.39015028467028,92,8,0,Nathaniel,PERSON,8,17
mdp.39015028467028,92,15,0,Nat,PERSON,6,9
mdp.39015028467028,92,18,0,Nathaniel,PERSON,0,9
mdp.39015028467028,92,22,0,first,ORDINAL,9,14
mdp.39015028467028,92,29,0,Nat,PERSON,0,3
mdp.39015028467028,92,30,0,Celeste,PERSON,0,7
mdp.39015028467028,92,32,0,first,ORDINAL,24,29
mdp.39015028467028,92,33,0,only a minute ago,TIME,44,61
mdp.39015028467028,92,34,0,Nat,PERSON,0,3
mdp.39015028467028,92,35,0,Celeste,PERSON,52,59
mdp.39015028467028,92,37,0,only an hour,TIME,9,21
mdp.39015028467028,92,39,0,Celeste,PERSON,17,24
mdp.39015028467028,93,0,0,a few minutes,TIME,15,28
mdp.39015028467028,93,0,1,Nat,PERSON,30,33
mdp.39015028467028,93,5,0,only two,CARDINAL,10,18
mdp.39015028467028,93,13,0,Celeste,PERSON,11,18
mdp.39015028467028,93,13,1,Nat,PERSON,31,34
mdp.39015028467028,93,24,0,Nat,PERSON,40,43
mdp.39015028467028,93,30,0,Lil,PERSON,34,37
mdp.39015028467028,93,33,0,Celeste,PERSON,26,33
mdp.39015028467028,93,44,0,81,CARDINAL,2,4
mdp.39015028467028,94,16,0,One,CARDINAL,0,3
mdp.39015028467028,95,11,0,One,CARDINAL,0,3
mdp.39015028467028,95,14,0,Nat,PERSON,8,11
mdp.39015028467028,96,6,0,Nat,PERSON,20,23
mdp.39015028467028,96,7,0,Lil,PERSON,1,4
mdp.39015028467028,96,8,0,Nat,PERSON,12,15
mdp.39015028467028,96,16,0,Lil,PERSON,17,20
mdp.39015028467028,96,40,0,Lillian,PERSON,18,25
mdp.39015028467028,96,50,0,Lillian,PERSON,37,44
mdp.39015028467028,96,58,0,84,CARDINAL,7,9
mdp.39015028467028,97,16,0,Lillian,PERSON,13,20
mdp.39015028467028,97,38,0,Lillian,PERSON,1,8
mdp.39015028467028,98,2,0,first,ORDINAL,76,81
mdp.39015028467028,98,7,0,13,CARDINAL,8,10
mdp.39015028467028,98,17,0,this noon,TIME,40,49
mdp.39015028467028,98,32,0,86,CARDINAL,40,42
mdp.39015028467028,99,10,0,seasons,DATE,30,37
mdp.39015028467028,99,28,0,Eden,LOC,56,60
mdp.39015028467028,99,30,0,Herbert,PERSON,1,8
mdp.39015028467028,99,36,0,One day,DATE,0,7
mdp.39015028467028,100,5,0,Herbert,PERSON,1,8
mdp.39015028467028,100,33,0,the day before yesterday,DATE,51,75
mdp.39015028467028,100,34,0,your day,DATE,35,43
mdp.39015028467028,100,38,0,88,CARDINAL,2,4
mdp.39015028467028,101,1,0,yesterday,DATE,19,28
mdp.39015028467028,101,1,1,the first day,DATE,32,45
mdp.39015028467028,101,5,0,half,CARDINAL,13,17
mdp.39015028467028,101,5,1,one half,CARDINAL,29,37
mdp.39015028467028,101,16,0,Herbert,PERSON,9,16
mdp.39015028467028,101,25,0,Mary,PERSON,47,51
mdp.39015028467028,101,30,0,Arnold,PERSON,4,10
mdp.39015028467028,101,31,0,Herbert,PERSON,0,7
mdp.39015028467028,102,7,0,Herbert,PERSON,16,23
mdp.39015028467028,102,8,0,Herbert Young,PERSON,16,29
mdp.39015028467028,103,6,0,14,CARDINAL,8,10
mdp.39015028467028,103,7,0,Nat,PERSON,53,56
mdp.39015028467028,103,21,0,Nat,PERSON,0,3
mdp.39015028467028,104,11,0,Nat,PERSON,0,3
mdp.39015028467028,104,39,0,Pete,PERSON,0,4
mdp.39015028467028,104,39,1,Nat,PERSON,19,22
mdp.39015028467028,104,41,0,Lillian,PERSON,1,8
mdp.39015028467028,104,43,0,92,CARDINAL,1,3
mdp.39015028467028,105,0,0,one,CARDINAL,32,35
mdp.39015028467028,105,1,0,Pete,PERSON,1,5
mdp.39015028467028,105,9,0,One,CARDINAL,0,3
mdp.39015028467028,105,11,0,Pete,PERSON,5,9
mdp.39015028467028,105,35,0,Pete,PERSON,1,5
mdp.39015028467028,105,38,0,Nat,PERSON,0,3
mdp.39015028467028,105,39,0,Pete,PERSON,1,5
mdp.39015028467028,105,39,1,Nat,PERSON,28,31
mdp.39015028467028,105,41,0,Nat,PERSON,22,25
mdp.39015028467028,105,42,0,Nathaniel,PERSON,26,35
mdp.39015028467028,105,49,0,93,CARDINAL,1,3
mdp.39015028467028,106,1,0,Pete,PERSON,1,5
mdp.39015028467028,106,2,0,Lillian,PERSON,25,32
mdp.39015028467028,106,3,0,Nathaniel,PERSON,20,29
mdp.39015028467028,106,21,0,tomato,PERSON,18,24
mdp.39015028467028,106,27,0,tomato,PERSON,15,21
mdp.39015028467028,106,29,0,Pete,PERSON,30,34
mdp.39015028467028,106,35,0,first,ORDINAL,9,14
mdp.39015028467028,106,45,0,Celeste,PERSON,0,7
mdp.39015028467028,107,2,0,Nat,PERSON,4,7
mdp.39015028467028,107,3,0,Pete,PERSON,0,4
mdp.39015028467028,107,9,0,Pete,PERSON,32,36
mdp.39015028467028,107,18,0,the hours,TIME,17,26
mdp.39015028467028,107,19,0,half the night,TIME,12,26
mdp.39015028467028,107,20,0,five minutes,TIME,15,27
mdp.39015028467028,107,26,0,Pete,PERSON,8,12
mdp.39015028467028,107,26,1,Pete,PERSON,16,20
mdp.39015028467028,107,38,0,Pete,PERSON,28,32
mdp.39015028467028,108,28,0,all night,TIME,38,47
mdp.39015028467028,108,31,0,Pete,PERSON,0,4
mdp.39015028467028,108,32,0,Pete,PERSON,11,15
mdp.39015028467028,108,34,0,Pete,PERSON,25,29
mdp.39015028467028,109,1,0,Pete,PERSON,2,6
mdp.39015028467028,109,5,0,Pete,PERSON,0,4
mdp.39015028467028,109,24,0,Pete,PERSON,18,22
mdp.39015028467028,109,25,0,Pete,PERSON,0,4
mdp.39015028467028,109,30,0,Pete,PERSON,19,23
mdp.39015028467028,109,44,0,1971,DATE,0,4
mdp.39015028467028,110,0,0,Pete,PERSON,22,26
mdp.39015028467028,110,5,0,Pete,PERSON,0,4
mdp.39015028467028,110,27,0,Pete,PERSON,12,16
mdp.39015028467028,110,29,0,Pete,PERSON,11,15
mdp.39015028467028,110,31,0,Lil,PERSON,5,8
mdp.39015028467028,110,33,0,a minute,TIME,15,23
mdp.39015028467028,110,33,1,Pete,PERSON,25,29
mdp.39015028467028,110,34,0,tomorrow,DATE,18,26
mdp.39015028467028,110,34,1,Lillian,PERSON,28,35
mdp.39015028467028,110,35,0,Pete,PERSON,35,39
mdp.39015028467028,110,36,0,Nat,PERSON,12,15
mdp.39015028467028,110,37,0,98,CARDINAL,1,3
mdp.39015028467028,111,2,0,about midnight,TIME,5,19
mdp.39015028467028,111,10,0,about twelve years old,DATE,7,29
mdp.39015028467028,111,11,0,Two,CARDINAL,0,3
mdp.39015028467028,111,13,0,two,CARDINAL,18,21
mdp.39015028467028,111,20,0,two,CARDINAL,19,22
mdp.39015028467028,112,1,0,his young years,DATE,64,79
mdp.39015028467028,112,3,0,Two,CARDINAL,0,3
mdp.39015028467028,112,4,0,one,CARDINAL,35,38
mdp.39015028467028,112,35,0,100,CARDINAL,8,11
mdp.39015028467028,113,5,0,one,CARDINAL,7,10
mdp.39015028467028,113,5,1,three,CARDINAL,72,77
mdp.39015028467028,113,12,0,two,CARDINAL,4,7
mdp.39015028467028,113,17,0,two,CARDINAL,4,7
mdp.39015028467028,113,38,0,101,CARDINAL,51,54
mdp.39015028467028,114,21,0,tonight,TIME,33,40
mdp.39015028467028,114,23,0,the night,TIME,13,22
mdp.39015028467028,114,23,1,tomorrow,DATE,102,110
mdp.39015028467028,114,25,0,two,CARDINAL,4,7
mdp.39015028467028,115,61,0,103,CARDINAL,2,5
mdp.39015028467028,116,2,0,Mary Anne,PERSON,44,53
mdp.39015028467028,116,20,0,Mary Anne,PERSON,5,14
mdp.39015028467028,116,70,0,Lillian,PERSON,1,8
mdp.39015028467028,116,70,1,Lillian,PERSON,10,17
mdp.39015028467028,116,78,0,Celeste,PERSON,0,7
mdp.39015028467028,117,1,0,Celeste,PERSON,1,8
mdp.39015028467028,117,7,0,Nathaniel,PERSON,7,16
mdp.39015028467028,117,16,0,Nat,PERSON,31,34
mdp.39015028467028,117,24,0,Nat,PERSON,1,4
mdp.39015028467028,117,44,0,105,CARDINAL,1,4
mdp.39015028467028,118,0,0,Celeste,PERSON,8,15
mdp.39015028467028,118,6,0,Celeste,PERSON,1,8
mdp.39015028467028,118,11,0,Celeste,PERSON,20,27
mdp.39015028467028,118,14,0,Nat,PERSON,19,22
mdp.39015028467028,118,18,0,Celeste,PERSON,17,24
mdp.39015028467028,118,21,0,Sanitation Department,ORG,4,25
mdp.39015028467028,118,23,0,night,TIME,11,16
mdp.39015028467028,118,26,0,early in the morning,TIME,12,32
mdp.39015028467028,118,27,0,noontime,TIME,3,11
mdp.39015028467028,118,28,0,night,TIME,3,8
mdp.39015028467028,118,33,0,Pete,PERSON,30,34
mdp.39015028467028,118,48,0,106,CARDINAL,1,4
mdp.39015028467028,119,0,0,Pete,PERSON,27,31
mdp.39015028467028,119,9,0,thirty-five,DATE,9,20
mdp.39015028467028,119,10,0,Pete,PERSON,20,24
mdp.39015028467028,119,28,0,Lillian,PERSON,11,18
mdp.39015028467028,119,31,0,Nat,PERSON,0,3
mdp.39015028467028,119,33,0,Pete,PERSON,0,4
mdp.39015028467028,119,36,0,107,CARDINAL,1,4
mdp.39015028467028,120,0,0,Lil,PERSON,26,29
mdp.39015028467028,120,4,0,Nat,PERSON,24,27
mdp.39015028467028,120,12,0,Nat,PERSON,24,27
mdp.39015028467028,120,15,0,Nat,PERSON,76,79
mdp.39015028467028,120,15,1,two,CARDINAL,121,124
mdp.39015028467028,120,16,0,Nat,PERSON,14,17
mdp.39015028467028,120,16,1,Nat,PERSON,41,44
mdp.39015028467028,120,22,0,Lillian,PERSON,41,48
mdp.39015028467028,120,23,0,Halloween,DATE,59,68
mdp.39015028467028,120,24,0,the day before,DATE,50,64
mdp.39015028467028,120,29,0,Celeste,PERSON,64,71
mdp.39015028467028,120,29,1,Pete,PERSON,73,77
mdp.39015028467028,120,29,2,Whitey,PERSON,79,85
mdp.39015028467028,121,5,0,a minute,TIME,19,27
mdp.39015028467028,121,7,0,Nat,PERSON,12,15
mdp.39015028467028,121,8,0,Lil,PERSON,9,12
mdp.39015028467028,121,11,0,Nat,PERSON,8,11
mdp.39015028467028,121,12,0,One,CARDINAL,0,3
mdp.39015028467028,121,15,0,night,TIME,26,31
mdp.39015028467028,122,11,0,16,CARDINAL,8,10
mdp.39015028467028,122,14,0,the night,TIME,6,15
mdp.39015028467028,122,16,0,this night,TIME,21,31
mdp.39015028467028,122,24,0,Herbert,PERSON,12,19
mdp.39015028467028,122,34,0,110,CARDINAL,20,23
mdp.39015028467028,123,3,0,this night,TIME,33,43
mdp.39015028467028,123,8,0,night,TIME,5,10
mdp.39015028467028,123,13,0,Arnold,PERSON,16,22
mdp.39015028467028,123,14,0,Arnold,PERSON,7,13
mdp.39015028467028,123,15,0,Arnold,PERSON,30,36
mdp.39015028467028,123,20,0,Morning,TIME,0,7
mdp.39015028467028,123,22,0,the morning,TIME,31,42
mdp.39015028467028,123,31,0,two,CARDINAL,35,38
mdp.39015028467028,123,41,0,Herbert,PERSON,0,7
mdp.39015028467028,124,3,0,Herbert,PERSON,0,7
mdp.39015028467028,124,7,0,One,CARDINAL,0,3
mdp.39015028467028,124,8,0,"Onward, Christian Soldiers",WORK_OF_ART,5,31
mdp.39015028467028,124,13,0,Herbert,PERSON,20,27
mdp.39015028467028,124,37,0,two,CARDINAL,5,8
mdp.39015028467028,125,6,0,one,CARDINAL,21,24
mdp.39015028467028,125,20,0,Herbert,PERSON,14,21
mdp.39015028467028,125,34,0,113,CARDINAL,1,4
mdp.39015028467028,126,15,0,only one,CARDINAL,67,75
mdp.39015028467028,127,21,0,two,CARDINAL,37,40
mdp.39015028467028,127,25,0,A Moral Man Makes Love,WORK_OF_ART,13,35
mdp.39015028467028,127,25,1,Herbert Young,PERSON,40,53
mdp.39015028467028,127,30,0,Anne,PERSON,36,40
mdp.39015028467028,127,36,0,one,CARDINAL,45,48
mdp.39015028467028,128,6,0,Anne,PERSON,11,15
mdp.39015028467028,128,8,0,Herbert,PERSON,0,7
mdp.39015028467028,128,11,0,Herbert,PERSON,13,20
mdp.39015028467028,128,23,0,Herbert,PERSON,61,68
mdp.39015028467028,128,26,0,Herbert,PERSON,0,7
mdp.39015028467028,128,35,0,Herbert,PERSON,28,35
mdp.39015028467028,128,46,0,116,CARDINAL,1,4
mdp.39015028467028,129,4,0,Herbert,PERSON,11,18
mdp.39015028467028,129,19,0,Herbert,PERSON,27,34
mdp.39015028467028,129,32,0,tomorrow,DATE,25,33
mdp.39015028467028,129,34,0,Herbert,PERSON,1,8
mdp.39015028467028,129,38,0,tomorrow,DATE,18,26
mdp.39015028467028,129,52,0,117,CARDINAL,26,29
mdp.39015028467028,130,3,0,Tomorrow,DATE,1,9
mdp.39015028467028,130,6,0,Tomorrow,DATE,0,8
mdp.39015028467028,130,8,0,this day,DATE,15,23
mdp.39015028467028,130,10,0,the lonely days,DATE,4,19
mdp.39015028467028,130,13,0,Herbert,PERSON,34,41
mdp.39015028467028,130,17,0,17,CARDINAL,8,10
mdp.39015028467028,130,18,0,Peter,PERSON,5,10
mdp.39015028467028,130,20,0,Peter,PERSON,43,48
mdp.39015028467028,130,21,0,Pete,PERSON,0,4
mdp.39015028467028,130,21,1,Whitey,PERSON,17,23
mdp.39015028467028,130,22,0,Whitey,PERSON,0,6
mdp.39015028467028,130,22,1,Nat,PERSON,36,39
mdp.39015028467028,130,23,0,Celeste,PERSON,0,7
mdp.39015028467028,130,25,0,Lillian,PERSON,5,12
mdp.39015028467028,130,26,0,Lillian,PERSON,0,7
mdp.39015028467028,130,27,0,Whitey,PERSON,8,14
mdp.39015028467028,130,29,0,Whitey,PERSON,17,23
mdp.39015028467028,130,33,0,Pete,PERSON,17,21
mdp.39015028467028,130,33,1,Celeste,PERSON,29,36
mdp.39015028467028,130,36,0,Peter,PERSON,28,33
mdp.39015028467028,131,1,0,Nathaniel,PERSON,8,17
mdp.39015028467028,131,4,0,Celeste,PERSON,1,8
mdp.39015028467028,131,6,0,Whitey,PERSON,0,6
mdp.39015028467028,131,6,1,Celeste,PERSON,27,34
mdp.39015028467028,131,8,0,Nathaniel,PERSON,20,29
mdp.39015028467028,131,11,0,the other day,DATE,22,35
mdp.39015028467028,131,14,0,Whitey,PERSON,49,55
mdp.39015028467028,131,16,0,Pete,PERSON,13,17
mdp.39015028467028,131,18,0,Celeste,PERSON,20,27
mdp.39015028467028,131,19,0,Pete,PERSON,0,4
mdp.39015028467028,131,19,1,Whitey,PERSON,19,25
mdp.39015028467028,131,23,0,Whitey,PERSON,0,6
mdp.39015028467028,131,24,0,Lillian,PERSON,1,8
mdp.39015028467028,131,25,0,Whitey,PERSON,35,41
mdp.39015028467028,131,28,0,Pete,PERSON,0,4
mdp.39015028467028,131,29,0,Whitey,PERSON,0,6
mdp.39015028467028,131,30,0,Lillian,PERSON,17,24
mdp.39015028467028,131,31,0,Pete,PERSON,0,4
mdp.39015028467028,131,32,0,Pete,PERSON,22,26
mdp.39015028467028,131,34,0,Pete,PERSON,16,20
mdp.39015028467028,131,36,0,Celeste,PERSON,7,14
mdp.39015028467028,131,37,0,Whitey,PERSON,18,24
mdp.39015028467028,131,37,1,Pete,PERSON,26,30
mdp.39015028467028,131,45,0,119,CARDINAL,1,4
mdp.39015028467028,132,3,0,Pete,PERSON,20,24
mdp.39015028467028,132,19,0,Pete,PERSON,21,25
mdp.39015028467028,132,21,0,only one,CARDINAL,8,16
mdp.39015028467028,132,28,0,Pete,PERSON,1,5
mdp.39015028467028,132,46,0,Lillian,PERSON,57,64
mdp.39015028467028,132,47,0,Nat,PERSON,38,41
mdp.39015028467028,133,1,0,Celeste,PERSON,36,43
mdp.39015028467028,133,1,1,Pete,PERSON,48,52
mdp.39015028467028,133,2,0,Nat,PERSON,11,14
mdp.39015028467028,133,24,0,A penny,MONEY,1,8
mdp.39015028467028,133,24,1,Lillian,PERSON,28,35
mdp.39015028467028,133,25,0,Celeste,PERSON,0,7
mdp.39015028467028,133,25,1,Pete,PERSON,12,16
mdp.39015028467028,133,26,0,Nat,PERSON,27,30
mdp.39015028467028,133,28,0,only a minute,TIME,17,30
mdp.39015028467028,133,46,0,121,CARDINAL,12,15
mdp.39015028467028,134,11,0,Nathaniel,PERSON,1,10
mdp.39015028467028,134,11,1,a minute,TIME,26,34
mdp.39015028467028,134,12,0,Celeste,PERSON,45,52
mdp.39015028467028,134,15,0,Nat,PERSON,9,12
mdp.39015028467028,134,17,0,Celeste,PERSON,29,36
mdp.39015028467028,134,20,0,Pete,PERSON,0,4
mdp.39015028467028,134,20,1,Celeste,PERSON,18,25
mdp.39015028467028,134,21,0,Nat,PERSON,17,20
mdp.39015028467028,134,23,0,Nat,PERSON,0,3
mdp.39015028467028,134,23,1,Pete,PERSON,32,36
mdp.39015028467028,134,27,0,Nat,PERSON,0,3
mdp.39015028467028,134,27,1,Pete,PERSON,36,40
mdp.39015028467028,134,29,0,Nat,PERSON,15,18
mdp.39015028467028,134,31,0,Celeste,PERSON,0,7
mdp.39015028467028,134,32,0,Nat,PERSON,33,36
mdp.39015028467028,134,34,0,Celeste,PERSON,8,15
mdp.39015028467028,134,36,0,Lillian,PERSON,7,14
mdp.39015028467028,134,37,0,Pete,PERSON,0,4
mdp.39015028467028,135,0,0,Nat,PERSON,0,3
mdp.39015028467028,135,2,0,Nat,PERSON,21,24
mdp.39015028467028,135,5,0,Nat,PERSON,0,3
mdp.39015028467028,135,8,0,Adam,PERSON,34,38
mdp.39015028467028,135,10,0,Nathaniel,PERSON,20,29
mdp.39015028467028,135,11,0,Nat,PERSON,0,3
mdp.39015028467028,135,11,1,Pete,PERSON,21,25
mdp.39015028467028,135,14,0,Nat,PERSON,1,4
mdp.39015028467028,136,10,0,Nat,PERSON,1,4
mdp.39015028467028,136,22,0,Whitey,PERSON,19,25
mdp.39015028467028,136,23,0,Nathaniel,PERSON,12,21
mdp.39015028467028,136,24,0,Lillian,PERSON,27,34
mdp.39015028467028,136,25,0,Whitey,PERSON,10,16
mdp.39015028467028,136,26,0,Lillian,PERSON,7,14
mdp.39015028467028,136,32,0,Whitey,PERSON,14,20
mdp.39015028467028,136,33,0,Whitey,PERSON,41,47
mdp.39015028467028,136,35,0,Lillian,PERSON,33,40
mdp.39015028467028,136,38,0,Pete,PERSON,29,33
mdp.39015028467028,136,38,1,Celeste,PERSON,35,42
mdp.39015028467028,136,38,2,Whitey,PERSON,44,50
mdp.39015028467028,136,46,0,124,CARDINAL,1,4
mdp.39015028467028,137,12,0,Nat,PERSON,22,25
mdp.39015028467028,137,15,0,Nat,PERSON,24,27
mdp.39015028467028,138,3,0,one,CARDINAL,30,33
mdp.39015028467028,138,4,0,first,ORDINAL,16,21
mdp.39015028467028,138,11,0,Nat,PERSON,52,55
mdp.39015028467028,138,20,0,Two,CARDINAL,0,3
mdp.39015028467028,138,21,0,two,CARDINAL,22,25
mdp.39015028467028,139,16,0,Bible,WORK_OF_ART,24,29
mdp.39015028467028,139,17,0,Bible,WORK_OF_ART,13,18
mdp.39015028467028,139,31,0,PT,PERSON,0,2
mdp.39015028467028,139,44,0,127,CARDINAL,1,4
mdp.39015028467028,140,15,0,Nat,PERSON,17,20
mdp.39015028467028,140,18,0,summer,DATE,3,9
mdp.39015028467028,140,21,0,Nat,PERSON,24,27
mdp.39015028467028,140,22,0,Nat,PERSON,14,17
mdp.39015028467028,140,37,0,Nat,PERSON,0,3
mdp.39015028467028,140,38,0,Pete,PERSON,8,12
mdp.39015028467028,140,39,0,Nat,PERSON,3,6
mdp.39015028467028,140,42,0,Pete,PERSON,0,4
mdp.39015028467028,140,42,1,quarter,CARDINAL,18,25
mdp.39015028467028,141,4,0,Pete,PERSON,1,5
mdp.39015028467028,141,12,0,Nat,PERSON,11,14
mdp.39015028467028,141,14,0,Nat,PERSON,4,7
mdp.39015028467028,141,17,0,Pete,PERSON,1,5
mdp.39015028467028,141,31,0,Pete,PERSON,17,21
mdp.39015028467028,141,36,0,Heath,PERSON,0,5
mdp.39015028467028,141,40,0,Bible,WORK_OF_ART,13,18
mdp.39015028467028,141,42,0,129,CARDINAL,1,4
mdp.39015028467028,142,0,0,Lillian,PERSON,19,26
mdp.39015028467028,142,4,0,Ransom Rabbit,PERSON,6,19
mdp.39015028467028,142,6,0,this Ransom Rabbit,PERSON,23,41
mdp.39015028467028,142,9,0,one,CARDINAL,43,46
mdp.39015028467028,142,10,0,Lillian,PERSON,8,15
mdp.39015028467028,142,11,0,Nat,PERSON,5,8
mdp.39015028467028,142,16,0,Pete,PERSON,0,4
mdp.39015028467028,142,16,1,fifteen minutes ago,TIME,19,38
mdp.39015028467028,142,16,2,Lillian,PERSON,61,68
mdp.39015028467028,142,19,0,Lillian,PERSON,41,48
mdp.39015028467028,142,25,0,Peter,PERSON,17,22
mdp.39015028467028,142,38,0,Pete,PERSON,28,32
mdp.39015028467028,142,44,0,Nathaniel,PERSON,20,29
mdp.39015028467028,142,44,1,Lillian,PERSON,34,41
mdp.39015028467028,142,44,2,130,CARDINAL,61,64
mdp.39015028467028,143,0,0,Celeste,PERSON,21,28
mdp.39015028467028,143,1,0,one,CARDINAL,13,16
mdp.39015028467028,143,10,0,Lillian,PERSON,12,19
mdp.39015028467028,143,14,0,tonight,TIME,24,31
mdp.39015028467028,143,49,0,131,CARDINAL,36,39
mdp.39015028467028,144,23,0,Harry,PERSON,1,6
mdp.39015028467028,144,23,1,Harry,PERSON,7,12
mdp.39015028467028,144,23,2,Lillian Peoples,PERSON,22,37
mdp.39015028467028,144,24,0,Lillian,PERSON,1,8
mdp.39015028467028,144,25,0,Nathaniel,PERSON,0,9
mdp.39015028467028,144,27,0,Harry,PERSON,11,16
mdp.39015028467028,144,29,0,Harry,PERSON,0,5
mdp.39015028467028,144,33,0,about fifty,DATE,12,23
mdp.39015028467028,144,36,0,Nat,PERSON,39,42
mdp.39015028467028,144,38,0,Nat,PERSON,0,3
mdp.39015028467028,144,39,0,Nathaniel,PERSON,12,21
mdp.39015028467028,144,40,0,Peoples,PERSON,30,37
mdp.39015028467028,144,40,1,Lillian,PERSON,38,45
mdp.39015028467028,144,40,2,Lillian,PERSON,64,71
mdp.39015028467028,145,0,0,Harry,PERSON,1,6
mdp.39015028467028,145,10,0,one,CARDINAL,55,58
mdp.39015028467028,145,30,0,Lillian,PERSON,12,19
mdp.39015028467028,145,35,0,Nathaniel,PERSON,1,10
mdp.39015028467028,145,36,0,second,ORDINAL,42,48
mdp.39015028467028,145,40,0,today,DATE,16,21
mdp.39015028467028,145,48,0,133,CARDINAL,1,4
mdp.39015028467028,146,3,0,Nat,PERSON,1,4
mdp.39015028467028,146,15,0,Nathaniel,PERSON,14,23
mdp.39015028467028,146,34,0,Lillian,PERSON,1,8
mdp.39015028467028,146,38,0,Nathaniel,PERSON,22,31
mdp.39015028467028,146,39,0,134,CARDINAL,1,4
mdp.39015028467028,147,10,0,today,DATE,50,55
mdp.39015028467028,147,27,0,Nathaniel,PERSON,4,13
mdp.39015028467028,147,29,0,Lillian,PERSON,0,7
mdp.39015028467028,147,32,0,Sunday,DATE,10,16
mdp.39015028467028,147,34,0,Harry,PERSON,14,19
mdp.39015028467028,147,35,0,Lillian,PERSON,37,44
mdp.39015028467028,147,48,0,Nathaniel,PERSON,30,39
mdp.39015028467028,147,50,0,Lillian,PERSON,26,33
mdp.39015028467028,147,52,0,1351,CARDINAL,1,5
mdp.39015028467028,148,1,0,Nat,PERSON,19,22
mdp.39015028467028,148,9,0,Harry,PERSON,0,5
mdp.39015028467028,148,11,0,Fifty dollars,MONEY,1,14
mdp.39015028467028,148,16,0,Nat,PERSON,6,9
mdp.39015028467028,148,22,0,Harry,PERSON,5,10
mdp.39015028467028,148,24,0,Fifty dollars,MONEY,0,13
mdp.39015028467028,148,25,0,fifty dollars,MONEY,31,44
mdp.39015028467028,148,34,0,Nat,PERSON,35,38
mdp.39015028467028,148,45,0,136,CARDINAL,1,4
mdp.39015028467028,149,0,0,Lillian,PERSON,7,14
mdp.39015028467028,149,2,0,Nat,PERSON,12,15
mdp.39015028467028,149,11,0,dollar,MONEY,18,24
mdp.39015028467028,149,13,0,First,ORDINAL,0,5
mdp.39015028467028,149,15,0,Nat,PERSON,42,45
mdp.39015028467028,149,20,0,Fortune,PERSON,7,14
mdp.39015028467028,149,27,0,Tomorrow,DATE,0,8
mdp.39015028467028,149,30,0,Jesus,PERSON,0,5
mdp.39015028467028,150,12,0,Two,CARDINAL,0,3
mdp.39015028467028,150,16,0,One,CARDINAL,0,3
mdp.39015028467028,150,27,0,three,CARDINAL,4,9
mdp.39015028467028,150,29,0,18,CARDINAL,8,10
mdp.39015028467028,150,30,0,Wells Morris,PERSON,0,12
mdp.39015028467028,150,30,1,Whitey,PERSON,21,27
mdp.39015028467028,150,32,0,two days,DATE,17,25
mdp.39015028467028,151,2,0,Nat,PERSON,0,3
mdp.39015028467028,151,2,1,Whitey,PERSON,145,151
mdp.39015028467028,151,4,0,Whitey,PERSON,0,6
mdp.39015028467028,151,6,0,Whitey,PERSON,23,29
mdp.39015028467028,151,7,0,Nat,PERSON,6,9
mdp.39015028467028,151,7,1,Whitey,PERSON,15,21
mdp.39015028467028,151,9,0,Whitey,PERSON,53,59
mdp.39015028467028,151,14,0,Whitey,PERSON,24,30
mdp.39015028467028,151,20,0,Whitey,PERSON,0,6
mdp.39015028467028,152,2,0,one,CARDINAL,48,51
mdp.39015028467028,152,13,0,19,CARDINAL,87,89
mdp.39015028467028,152,14,0,Nat,PERSON,18,21
mdp.39015028467028,152,14,1,Lillian,PERSON,56,63
mdp.39015028467028,152,15,0,Pete,PERSON,19,23
mdp.39015028467028,152,18,0,Kitty,PERSON,7,12
mdp.39015028467028,152,18,1,Kitty,PERSON,14,19
mdp.39015028467028,152,21,0,Pete,PERSON,1,5
mdp.39015028467028,152,22,0,Lillian,PERSON,25,32
mdp.39015028467028,152,31,0,Pete,PERSON,38,42
mdp.39015028467028,152,33,0,Harry,PERSON,0,5
mdp.39015028467028,152,33,1,Harry,PERSON,31,36
mdp.39015028467028,152,34,0,Harry,PERSON,1,6
mdp.39015028467028,152,35,0,Harry,PERSON,1,6
mdp.39015028467028,152,37,0,140,CARDINAL,1,4
mdp.39015028467028,153,3,0,Lillian,PERSON,31,38
mdp.39015028467028,153,7,0,Pete,PERSON,25,29
mdp.39015028467028,153,11,0,Pete,PERSON,27,31
mdp.39015028467028,153,13,0,Pete,PERSON,10,14
mdp.39015028467028,153,15,0,Lillian,PERSON,9,16
mdp.39015028467028,153,16,0,Nat,PERSON,1,4
mdp.39015028467028,153,16,1,Pete,PERSON,6,10
mdp.39015028467028,153,19,0,Pete,PERSON,8,12
mdp.39015028467028,153,20,0,tonight,TIME,21,28
mdp.39015028467028,153,24,0,Nat,PERSON,40,43
mdp.39015028467028,153,29,0,Halloween,DATE,30,39
mdp.39015028467028,153,31,0,Nathaniel,PERSON,22,31
mdp.39015028467028,153,37,0,Lillian,PERSON,7,14
mdp.39015028467028,153,38,0,All Saints' Day,DATE,0,15
mdp.39015028467028,153,39,0,Nathaniel,PERSON,6,15
mdp.39015028467028,153,39,1,Harry,PERSON,24,29
mdp.39015028467028,153,39,2,Lillian,PERSON,38,45
mdp.39015028467028,153,39,3,the other day,DATE,61,74
mdp.39015028467028,153,41,0,141,CARDINAL,2,5
mdp.39015028467028,154,13,0,Nat,PERSON,45,48
mdp.39015028467028,154,16,0,John,PERSON,18,22
mdp.39015028467028,154,20,0,Nat,PERSON,17,20
mdp.39015028467028,154,32,0,Nat,PERSON,1,4
mdp.39015028467028,154,33,0,Nat,PERSON,0,3
mdp.39015028467028,154,34,0,Lillian,PERSON,7,14
mdp.39015028467028,154,44,0,142,CARDINAL,1,4
mdp.39015028467028,155,2,0,Pete,PERSON,5,9
mdp.39015028467028,155,8,0,Nat,PERSON,6,9
mdp.39015028467028,155,11,0,Nat,PERSON,9,12
mdp.39015028467028,155,24,0,Lillian,PERSON,28,35
mdp.39015028467028,155,32,0,every night,TIME,62,73
mdp.39015028467028,156,4,0,Righteous,PERSON,6,15
mdp.39015028467028,156,26,0,this wretched night,TIME,23,42
mdp.39015028467028,158,8,0,Lillian Peoples,PERSON,1,16
mdp.39015028467028,158,16,0,Peoples,PERSON,15,22
mdp.39015028467028,158,28,0,first,ORDINAL,4,9
mdp.39015028467028,158,29,0,Nat,PERSON,25,28
mdp.39015028467028,158,41,0,146,CARDINAL,2,5
mdp.39015028467028,159,0,0,Nat,PERSON,1,4
mdp.39015028467028,159,1,0,Nat,PERSON,1,4
mdp.39015028467028,159,14,0,Peoples,PERSON,32,39
mdp.39015028467028,159,17,0,Peoples,PERSON,24,31
mdp.39015028467028,159,27,0,years,DATE,41,46
mdp.39015028467028,159,29,0,Peoples,PERSON,17,24
mdp.39015028467028,159,39,0,every day,DATE,17,26
mdp.39015028467028,159,39,1,tonight,DATE,38,45
mdp.39015028467028,159,41,0,Peoples,PERSON,17,24
mdp.39015028467028,160,1,0,Lillian Peoples,PERSON,1,16
mdp.39015028467028,160,3,0,Thirty-two-ten,CARDINAL,1,15
mdp.39015028467028,160,3,1,Clarion Street,FAC,16,30
mdp.39015028467028,160,4,0,Clarion Street,FAC,1,15
mdp.39015028467028,160,6,0,Twenty-one,DATE,1,11
mdp.39015028467028,160,10,0,Clarion Street,FAC,28,42
mdp.39015028467028,160,11,0,the winter,DATE,24,34
mdp.39015028467028,160,13,0,Five months,DATE,1,12
mdp.39015028467028,160,17,0,Every day,DATE,1,10
mdp.39015028467028,160,20,0,every day,DATE,33,42
mdp.39015028467028,160,27,0,Clarion Street,FAC,40,54
mdp.39015028467028,160,28,0,Clover,LOC,4,10
mdp.39015028467028,160,29,0,Clover,LOC,9,15
mdp.39015028467028,160,33,0,148,CARDINAL,2,5
mdp.39015028467028,161,0,0,Clarion Street,FAC,31,45
mdp.39015028467028,161,1,0,Clarion Street,FAC,22,36
mdp.39015028467028,161,4,0,Lillian,PERSON,1,8
mdp.39015028467028,161,14,0,Dunnock,PERSON,6,13
mdp.39015028467028,161,18,0,Peoples,PERSON,27,34
mdp.39015028467028,161,48,0,just a minute,TIME,29,42
mdp.39015028467028,161,51,0,149,CARDINAL,22,25
mdp.39015028467028,162,11,0,Lillian,PERSON,12,19
mdp.39015028467028,162,38,0,Peoples,PERSON,22,29
mdp.39015028467028,162,44,0,Lillian,PERSON,27,34
mdp.39015028467028,162,47,0,150,CARDINAL,2,5
mdp.39015028467028,163,4,0,Lillian,PERSON,17,24
mdp.39015028467028,163,27,0,tomorrow,DATE,27,35
mdp.39015028467028,163,27,1,morning,TIME,36,43
mdp.39015028467028,163,30,0,Patty,PERSON,12,17
mdp.39015028467028,163,44,0,the night,TIME,8,17
mdp.39015028467028,163,45,0,151,CARDINAL,1,4
mdp.39015028467028,164,0,0,Lillian Peoples,PERSON,1,16
mdp.39015028467028,164,1,0,Morris,PERSON,5,11
mdp.39015028467028,164,16,0,Lillian Peoples,PERSON,1,16
mdp.39015028467028,164,17,0,Lillian,PERSON,29,36
mdp.39015028467028,164,20,0,Today,DATE,1,6
mdp.39015028467028,164,20,1,visiting day,DATE,10,22
mdp.39015028467028,164,25,0,Lillian,PERSON,58,65
mdp.39015028467028,164,42,0,last night,TIME,30,40
mdp.39015028467028,164,44,0,152,CARDINAL,1,4
mdp.39015028467028,165,9,0,Lillian,PERSON,26,33
mdp.39015028467028,165,14,0,Lillian,PERSON,9,16
mdp.39015028467028,165,18,0,Tollen,PERSON,5,11
mdp.39015028467028,165,23,0,Lillian,PERSON,15,22
mdp.39015028467028,165,25,0,Lillian,PERSON,12,19
mdp.39015028467028,165,29,0,Lillian,PERSON,30,37
mdp.39015028467028,165,31,0,LILLIAN,PERSON,1,8
mdp.39015028467028,165,31,1,Morris,PERSON,32,38
mdp.39015028467028,165,32,0,Lillian,PERSON,12,19
mdp.39015028467028,165,37,0,Morris,PERSON,21,27
mdp.39015028467028,165,41,0,Two,CARDINAL,0,3
mdp.39015028467028,166,8,0,this morning,TIME,19,31
mdp.39015028467028,166,8,1,Morris,PERSON,38,44
mdp.39015028467028,166,9,0,this morning,TIME,16,28
mdp.39015028467028,166,13,0,half,CARDINAL,2,6
mdp.39015028467028,166,18,0,hours,TIME,9,14
mdp.39015028467028,166,18,1,three to four,TIME,15,28
mdp.39015028467028,166,20,0,Morris,PERSON,5,11
mdp.39015028467028,166,49,0,Morris,PERSON,36,42
mdp.39015028467028,166,51,0,154,CARDINAL,1,4
mdp.39015028467028,167,0,0,LILLIAN PEOPLES,PERSON,1,16
mdp.39015028467028,167,1,0,Morris,PERSON,11,17
mdp.39015028467028,167,3,0,LILLIAN PEOPLES,PERSON,1,16
mdp.39015028467028,167,5,0,Lillian,PERSON,56,63
mdp.39015028467028,167,8,0,Nathaniel,PERSON,18,27
mdp.39015028467028,167,9,0,Nathaniel,PERSON,11,20
mdp.39015028467028,167,9,1,Peoples,PERSON,33,40
mdp.39015028467028,167,19,0,Peoples,PERSON,26,33
mdp.39015028467028,167,19,1,the Detention House,FAC,60,79
mdp.39015028467028,167,30,0,Lillian,PERSON,1,8
mdp.39015028467028,167,31,0,Celeste,PERSON,0,7
mdp.39015028467028,167,34,0,Celeste,PERSON,0,7
mdp.39015028467028,167,36,0,Morris,PERSON,5,11
mdp.39015028467028,168,1,0,Celeste,PERSON,0,7
mdp.39015028467028,168,3,0,Morris,PERSON,20,26
mdp.39015028467028,168,4,0,Lillian,PERSON,12,19
mdp.39015028467028,168,10,0,the Detention House,FAC,14,33
mdp.39015028467028,168,19,0,first,ORDINAL,16,21
mdp.39015028467028,168,20,0,Lillian,PERSON,18,25
mdp.39015028467028,168,21,0,the Detention House,FAC,13,32
mdp.39015028467028,169,0,0,Lillian,PERSON,1,8
mdp.39015028467028,169,1,0,Louise,PERSON,0,6
mdp.39015028467028,169,31,0,Lillian,PERSON,44,51
mdp.39015028467028,169,41,0,the evening,TIME,16,27
mdp.39015028467028,169,48,0,Lillian,PERSON,17,24
mdp.39015028467028,169,49,0,Twenty-one,DATE,1,11
mdp.39015028467028,169,52,0,157,CARDINAL,5,8
mdp.39015028467028,170,23,0,Lillian,PERSON,8,15
mdp.39015028467028,170,29,0,two,CARDINAL,14,17
mdp.39015028467028,170,35,0,Two,CARDINAL,0,3
mdp.39015028467028,170,38,0,one,CARDINAL,41,44
mdp.39015028467028,170,39,0,the Detention House,FAC,11,30
mdp.39015028467028,170,49,0,Louise,PERSON,0,6
mdp.39015028467028,170,53,0,158,CARDINAL,2,5
mdp.39015028467028,171,21,0,Lillian Peoples,PERSON,5,20
mdp.39015028467028,171,23,0,the Detention House,FAC,57,76
mdp.39015028467028,171,27,0,the Detention House,ORG,48,67
mdp.39015028467028,171,28,0,The Army of Hope,ORG,0,16
mdp.39015028467028,171,28,1,Jesus Saves,WORK_OF_ART,41,52
mdp.39015028467028,172,5,0,summer,DATE,23,29
mdp.39015028467028,172,5,1,autumn,DATE,48,54
mdp.39015028467028,172,12,0,Lillian Peoples,PERSON,0,15
mdp.39015028467028,172,14,0,first,ORDINAL,20,25
mdp.39015028467028,172,16,0,first,ORDINAL,48,53
mdp.39015028467028,172,29,0,Two,CARDINAL,0,3
mdp.39015028467028,172,35,0,Lil,PERSON,1,4
mdp.39015028467028,172,36,0,Nat,PERSON,0,3
mdp.39015028467028,172,38,0,Lil,PERSON,1,4
mdp.39015028467028,172,40,0,Celeste,PERSON,0,7
mdp.39015028467028,173,21,0,a minute,TIME,6,14
mdp.39015028467028,173,21,1,Lillian,PERSON,16,23
mdp.39015028467028,173,25,0,the last night,DATE,18,32
mdp.39015028467028,173,26,0,that night,TIME,13,23
mdp.39015028467028,173,33,0,two,CARDINAL,26,29
mdp.39015028467028,173,37,0,Lil,PERSON,5,8
mdp.39015028467028,173,42,0,Nat,PERSON,19,22
mdp.39015028467028,173,46,0,22,CARDINAL,8,10
mdp.39015028467028,173,52,0,161,CARDINAL,15,18
mdp.39015028467028,174,34,0,Two,CARDINAL,0,3
mdp.39015028467028,174,56,0,162,CARDINAL,82,85
mdp.39015028467028,175,8,0,only a moment ago,TIME,29,46
mdp.39015028467028,175,54,0,163,CARDINAL,29,32
mdp.39015028467028,176,59,0,2,CARDINAL,8,9
mdp.39015028467028,176,59,1,3,CARDINAL,10,11
mdp.39015028467028,177,19,0,two,CARDINAL,38,41
mdp.39015028467028,177,39,0,Halloween,DATE,59,68
mdp.39015028467028,178,2,0,Spin the Bottle,WORK_OF_ART,26,41
mdp.39015028467028,178,7,0,Halloween,DATE,39,48
mdp.39015028467028,178,23,0,Two,CARDINAL,0,3
mdp.39015028467028,178,43,0,166,CARDINAL,35,38
mdp.39015028467028,179,5,0,Lillian,PERSON,27,34
mdp.39015028467028,179,17,0,Nat,PERSON,13,16
mdp.39015028467028,179,26,0,Nat,PERSON,39,42
mdp.39015028467028,179,33,0,Two,CARDINAL,0,3
mdp.39015028467028,179,34,0,Nat,PERSON,12,15
mdp.39015028467028,179,38,0,Lillian,PERSON,0,7
mdp.39015028467028,179,41,0,167,CARDINAL,31,34
mdp.39015028467028,180,5,0,Lil,PERSON,1,4
mdp.39015028467028,180,15,0,Pete,PERSON,0,4
mdp.39015028467028,180,18,0,Lillian,PERSON,25,32
mdp.39015028467028,180,19,0,Pete,PERSON,1,5
mdp.39015028467028,180,27,0,tomato,PERSON,14,20
mdp.39015028467028,180,32,0,Nat,PERSON,12,15
mdp.39015028467028,180,33,0,tomato,PERSON,59,65
mdp.39015028467028,180,34,0,Pete,PERSON,26,30
mdp.39015028467028,180,35,0,Lillian,PERSON,26,33
mdp.39015028467028,180,40,0,Lil,PERSON,50,53
mdp.39015028467028,180,41,0,Nat,PERSON,6,9
mdp.39015028467028,180,42,0,Pete,PERSON,0,4
mdp.39015028467028,180,43,0,Nat,PERSON,0,3
mdp.39015028467028,180,44,0,Celeste,PERSON,23,30
mdp.39015028467028,180,47,0,Nathaniel,PERSON,0,9
mdp.39015028467028,181,6,0,Peter,PERSON,0,5
mdp.39015028467028,181,8,0,Nat,PERSON,0,3
mdp.39015028467028,181,9,0,Celeste,PERSON,0,7
mdp.39015028467028,181,15,0,Twelve,CARDINAL,0,6
mdp.39015028467028,181,15,1,one,CARDINAL,35,38
mdp.39015028467028,181,15,2,Nat,PERSON,71,74
mdp.39015028467028,181,16,0,Sardis,NORP,87,93
mdp.39015028467028,181,19,0,Nat,PERSON,0,3
mdp.39015028467028,181,19,1,Bible,WORK_OF_ART,41,46
mdp.39015028467028,181,22,0,Pete,PERSON,48,52
mdp.39015028467028,181,23,0,Satan,PERSON,21,26
mdp.39015028467028,181,24,0,Pete,PERSON,0,4
mdp.39015028467028,181,24,1,Nat,PERSON,15,18
mdp.39015028467028,181,25,0,Nat,PERSON,39,42
mdp.39015028467028,181,31,0,Nat,PERSON,2,5
mdp.39015028467028,181,35,0,Nathaniel,PERSON,11,20
mdp.39015028467028,182,3,0,Pete,PERSON,0,4
mdp.39015028467028,182,3,1,Nat,PERSON,24,27
mdp.39015028467028,182,7,0,Nat,PERSON,0,3
mdp.39015028467028,182,7,1,one,CARDINAL,38,41
mdp.39015028467028,182,14,0,twelve,CARDINAL,88,94
mdp.39015028467028,182,18,0,Pete,PERSON,63,67
mdp.39015028467028,182,32,0,Nat,PERSON,7,10
mdp.39015028467028,182,34,0,170,CARDINAL,13,16
mdp.39015028467028,183,3,0,Lillian,PERSON,1,8
mdp.39015028467028,183,10,0,Pete,PERSON,0,4
mdp.39015028467028,183,11,0,Pete,PERSON,0,4
mdp.39015028467028,183,11,1,Nat,PERSON,45,48
mdp.39015028467028,183,19,0,Lil,PERSON,1,4
mdp.39015028467028,183,20,0,Nat,PERSON,1,4
mdp.39015028467028,183,25,0,Nat,PERSON,0,3
mdp.39015028467028,183,29,0,Nat,PERSON,51,54
mdp.39015028467028,183,36,0,Nat,PERSON,0,3
mdp.39015028467028,183,36,1,Pete,PERSON,44,48
mdp.39015028467028,183,38,0,Nat,PERSON,60,63
mdp.39015028467028,183,39,0,Celeste,PERSON,0,7
mdp.39015028467028,183,41,0,Nat,PERSON,0,3
mdp.39015028467028,183,41,1,Pete,PERSON,16,20
mdp.39015028467028,183,42,0,one,CARDINAL,6,9
mdp.39015028467028,183,45,0,Nat,PERSON,0,3
mdp.39015028467028,183,46,0,Celeste,PERSON,0,7
mdp.39015028467028,183,47,0,Nat,PERSON,0,3
mdp.39015028467028,183,47,1,Pete,PERSON,47,51
mdp.39015028467028,183,48,0,Pete,PERSON,0,4
mdp.39015028467028,183,48,1,Nat,PERSON,34,37
mdp.39015028467028,183,49,0,Nat,PERSON,14,17
mdp.39015028467028,183,53,0,171,CARDINAL,1,4
mdp.39015028467028,184,7,0,Nat,PERSON,0,3
mdp.39015028467028,184,12,0,Lillian,PERSON,14,21
mdp.39015028467028,184,15,0,Pete,PERSON,0,4
mdp.39015028467028,184,16,0,tomato,PERSON,23,29
mdp.39015028467028,184,21,0,Pete,PERSON,0,4
mdp.39015028467028,184,29,0,Pete,PERSON,15,19
mdp.39015028467028,184,30,0,tomato,PERSON,19,25
mdp.39015028467028,184,43,0,24,CARDINAL,8,10
mdp.39015028467028,184,47,0,172,CARDINAL,1,4
mdp.39015028467028,185,16,0,Lillian Peoples,PERSON,13,28
mdp.39015028467028,185,17,0,Lillian,PERSON,1,8
mdp.39015028467028,185,21,0,Lillian,PERSON,1,8
mdp.39015028467028,185,32,0,Peoples,PERSON,6,13
mdp.39015028467028,185,35,0,Herb Young,PERSON,1,11
mdp.39015028467028,185,52,0,173,CARDINAL,1,4
mdp.39015028467028,186,3,0,Peoples,PERSON,6,13
mdp.39015028467028,186,9,0,Lillian,PERSON,14,21
mdp.39015028467028,186,16,0,ONE,CARDINAL,1,4
mdp.39015028467028,186,16,1,TWO,CARDINAL,6,9
mdp.39015028467028,186,17,0,THREE,CARDINAL,0,5
mdp.39015028467028,186,21,0,one,CARDINAL,61,64
mdp.39015028467028,187,6,0,Lillian,PERSON,13,20
mdp.39015028467028,187,33,0,Tomorrow,DATE,0,8
mdp.39015028467028,187,34,0,tomorrow,DATE,25,33
mdp.39015028467028,187,42,0,175,CARDINAL,1,4
mdp.39015028467028,188,0,0,Lillian,PERSON,12,19
mdp.39015028467028,188,2,0,Lillian,PERSON,23,30
mdp.39015028467028,188,5,0,Herbert,PERSON,8,15
mdp.39015028467028,188,24,0,Herbert,PERSON,0,7
mdp.39015028467028,189,6,0,Herbert,PERSON,1,8
mdp.39015028467028,189,14,0,Herbert,PERSON,0,7
mdp.39015028467028,189,23,0,Herbert,PERSON,0,7
mdp.39015028467028,189,38,0,two,CARDINAL,30,33
mdp.39015028467028,190,8,0,Lillian Peoples,PERSON,21,36
mdp.39015028467028,190,11,0,178,CARDINAL,2,5
mdp.39015028467028,191,6,0,Herbert,PERSON,0,7
mdp.39015028467028,191,22,0,The Book,WORK_OF_ART,21,29
mdp.39015028467028,191,24,0,Revelation,WORK_OF_ART,8,18
mdp.39015028467028,191,28,0,Revelations,WORK_OF_ART,17,28
mdp.39015028467028,191,29,0,twelve,CARDINAL,98,104
mdp.39015028467028,191,31,0,Revelations,WORK_OF_ART,20,31
mdp.39015028467028,191,34,0,179,CARDINAL,7,10
mdp.39015028467028,192,11,0,180,CARDINAL,1,4
mdp.39015028467028,202,0,0,36992,CARDINAL,1,6
