vol_id,page,sentence_id,ent_id,entity,entity_type,start_char,end_char
mdp.39015000537137,2,0,0,SITY UNIVERS,ORG,1,13
mdp.39015000537137,7,0,0,Henry Dumas,PERSON,0,11
mdp.39015000537137,7,0,1,HALE CHATFIELD,PERSON,53,67
mdp.39015000537137,7,0,2,EUGENE REDMOND,PERSON,72,86
mdp.39015000537137,7,0,3,Southern Illinois University Press,ORG,87,121
mdp.39015000537137,7,0,4,Carbondale,GPE,122,132
mdp.39015000537137,7,0,5,"Edwardsville Feffer & Simons, Inc.",ORG,137,171
mdp.39015000537137,7,0,6,London,GPE,172,178
mdp.39015000537137,7,0,7,Amsterdam,GPE,183,192
mdp.39015000537137,8,0,0,Ark of Bones and Other Stories,WORK_OF_ART,33,63
mdp.39015000537137,8,0,1,SOUTHERN ILLINOIS UNIVERSITY,ORG,105,133
mdp.39015000537137,8,0,2,EDWARDSVILLE,GPE,135,147
mdp.39015000537137,8,1,0,The Crossing,WORK_OF_ART,23,35
mdp.39015000537137,8,1,1,Nov. 1965,DATE,38,47
mdp.39015000537137,8,1,2,Will the Circle be Unbroken,WORK_OF_ART,51,78
mdp.39015000537137,8,1,3,Nov. 1966,DATE,81,90
mdp.39015000537137,8,1,4,Echo Tree,WORK_OF_ART,98,107
mdp.39015000537137,8,1,5,The Rain God,WORK_OF_ART,127,139
mdp.39015000537137,8,1,6,Jan. 1968,DATE,142,151
mdp.39015000537137,8,1,7,Negro Digest,ORG,167,179
mdp.39015000537137,8,2,0,Fon,WORK_OF_ART,1,4
mdp.39015000537137,8,2,1,Black Fire,WORK_OF_ART,14,24
mdp.39015000537137,8,2,2,"William Morrow Co.,",ORG,39,58
mdp.39015000537137,8,3,0,1968,DATE,10,14
mdp.39015000537137,8,3,1,LeRoi Jones,PERSON,18,29
mdp.39015000537137,8,3,2,Larry Neal,PERSON,34,44
mdp.39015000537137,8,4,0,LeRoi Jones,PERSON,27,38
mdp.39015000537137,8,5,0,1970,DATE,12,16
mdp.39015000537137,8,5,1,Southern Illinois University Press,ORG,20,54
mdp.39015000537137,8,6,0,the United States of America,GPE,11,39
mdp.39015000537137,8,6,1,Bert Clarke,PERSON,52,63
mdp.39015000537137,8,6,2,Library of Congress,ORG,83,102
mdp.39015000537137,8,6,3,71,CARDINAL,123,125
mdp.39015000537137,9,0,0,Hale Chatfield,PERSON,31,45
mdp.39015000537137,9,0,1,Eugene Redmond xi,PERSON,66,83
mdp.39015000537137,9,0,2,A Harlem Game 81 Will the Circle Be Unbroken,WORK_OF_ART,164,208
mdp.39015000537137,11,0,0,Hale Chatfield,PERSON,11,25
mdp.39015000537137,11,1,0,Henry Dumas,PERSON,152,163
mdp.39015000537137,11,4,0,Henry Dumas,PERSON,56,67
mdp.39015000537137,11,6,0,Henry,PERSON,19,24
mdp.39015000537137,11,8,0,New York City,GPE,253,266
mdp.39015000537137,11,8,1,one,CARDINAL,297,300
mdp.39015000537137,11,8,2,Henry,PERSON,316,321
mdp.39015000537137,11,8,3,two,CARDINAL,360,363
mdp.39015000537137,12,1,0,Harlem,GPE,37,43
mdp.39015000537137,12,1,1,Dumas,PERSON,45,50
mdp.39015000537137,12,1,2,Sweet Home,GPE,68,78
mdp.39015000537137,12,1,3,Arkansas,GPE,80,88
mdp.39015000537137,12,3,0,Sweet Home,GPE,59,69
mdp.39015000537137,12,3,1,Harlem,GPE,73,79
mdp.39015000537137,12,4,0,Dumas,PERSON,0,5
mdp.39015000537137,12,6,0,Dumas,PERSON,43,48
mdp.39015000537137,12,7,0,American,NORP,128,136
mdp.39015000537137,12,7,1,the midfifties,DATE,163,177
mdp.39015000537137,12,8,0,A Boll of Roses,WORK_OF_ART,105,120
mdp.39015000537137,12,8,1,Strike and Fade,WORK_OF_ART,151,166
mdp.39015000537137,12,9,0,Henry Dumas,PERSON,177,188
mdp.39015000537137,12,9,1,Fon,WORK_OF_ART,218,221
mdp.39015000537137,12,10,0,Hank,PERSON,13,17
mdp.39015000537137,12,10,1,two months shy,DATE,22,36
mdp.39015000537137,12,10,2,thirty-four years old,DATE,46,67
mdp.39015000537137,12,11,0,six feet,QUANTITY,7,15
mdp.39015000537137,12,12,0,two,CARDINAL,33,36
mdp.39015000537137,12,14,0,half,CARDINAL,40,44
mdp.39015000537137,12,14,1,half,CARDINAL,85,89
mdp.39015000537137,12,14,2,Layton,PERSON,139,145
mdp.39015000537137,12,14,3,A Boll of Roses,WORK_OF_ART,151,166
mdp.39015000537137,13,0,0,Franz Schubert,PERSON,0,14
mdp.39015000537137,13,3,0,Henry Dumas,PERSON,112,123
mdp.39015000537137,13,5,0,Edward Crosby,PERSON,55,68
mdp.39015000537137,13,6,0,Claridon,GPE,0,8
mdp.39015000537137,13,6,1,Ohio,GPE,10,14
mdp.39015000537137,13,6,2,"August 21, 1969",DATE,15,30
mdp.39015000537137,15,0,0,Eugene Redmond,PERSON,16,30
mdp.39015000537137,15,7,0,years,DATE,15,20
mdp.39015000537137,15,9,0,-Henry Dumas,PERSON,0,12
mdp.39015000537137,15,12,0,The Sound Of My Horn,WORK_OF_ART,11,31
mdp.39015000537137,15,12,1,"""Ark Of Bones""",WORK_OF_ART,109,123
mdp.39015000537137,15,15,0,one,CARDINAL,50,53
mdp.39015000537137,15,16,0,Black,PERSON,63,68
mdp.39015000537137,15,17,0,xi,PERSON,0,2
mdp.39015000537137,16,0,0,north,LOC,151,156
mdp.39015000537137,16,6,0,English,LANGUAGE,14,21
mdp.39015000537137,16,6,1,West,LOC,71,75
mdp.39015000537137,16,6,2,more than one,CARDINAL,109,122
mdp.39015000537137,16,7,0,Professoriat,PERSON,112,124
mdp.39015000537137,16,8,0,centuries,DATE,54,63
mdp.39015000537137,16,11,0,Professoriat,ORG,85,97
mdp.39015000537137,16,11,1,Phyllis Wheatley,PERSON,129,145
mdp.39015000537137,16,11,2,Paul Lawrence Dunbar,PERSON,150,170
mdp.39015000537137,16,13,0,Addison Gayle,PERSON,3,16
mdp.39015000537137,16,13,1,Negro Digest,ORG,48,60
mdp.39015000537137,16,16,0,Henry Dumas,PERSON,0,11
mdp.39015000537137,16,17,0,Dumas,PERSON,0,5
mdp.39015000537137,16,17,1,George Hudson,PERSON,11,24
mdp.39015000537137,16,17,2,"March 11, 1964",DATE,36,50
mdp.39015000537137,16,17,3,Arkansas,GPE,89,97
mdp.39015000537137,17,1,0,Gospel,WORK_OF_ART,4,10
mdp.39015000537137,17,2,0,Biblical,NORP,83,91
mdp.39015000537137,17,2,1,Noah,PERSON,130,134
mdp.39015000537137,17,2,2,Ezekiel,PERSON,148,155
mdp.39015000537137,17,2,3,the Valley of Dry Bones,WORK_OF_ART,157,180
mdp.39015000537137,17,2,4,Bible,WORK_OF_ART,207,212
mdp.39015000537137,17,2,5,Gospel,WORK_OF_ART,238,244
mdp.39015000537137,17,2,6,A Boll of Roses,WORK_OF_ART,284,299
mdp.39015000537137,17,2,7,Devil,WORK_OF_ART,468,473
mdp.39015000537137,17,4,0,Dumas,PERSON,21,26
mdp.39015000537137,17,5,0,Dumas,PERSON,17,22
mdp.39015000537137,17,6,0,George Hudson,PERSON,23,36
mdp.39015000537137,17,6,1,Dumas,PERSON,38,43
mdp.39015000537137,17,8,0,1964,DATE,3,7
mdp.39015000537137,17,8,1,thirty-year-old,DATE,13,28
mdp.39015000537137,17,9,0,Greenwich Village,LOC,173,190
mdp.39015000537137,17,9,1,Paris,GPE,195,200
mdp.39015000537137,17,10,0,New York,GPE,91,99
mdp.39015000537137,17,11,0,How Many Thousands Gone,WORK_OF_ART,1,24
mdp.39015000537137,18,2,0,Dumas,PERSON,0,5
mdp.39015000537137,18,3,0,Hudson,PERSON,117,123
mdp.39015000537137,18,4,0,Dumas,PERSON,22,27
mdp.39015000537137,18,6,0,The Crossing,WORK_OF_ART,116,128
mdp.39015000537137,18,8,0,African,NORP,13,20
mdp.39015000537137,18,9,0,Dumas,PERSON,6,11
mdp.39015000537137,18,10,0,African,NORP,17,24
mdp.39015000537137,18,10,1,at least two,CARDINAL,40,52
mdp.39015000537137,18,10,2,Echo Tree,WORK_OF_ART,97,106
mdp.39015000537137,18,10,3,Ark of Bones,WORK_OF_ART,136,148
mdp.39015000537137,18,12,0,Dumas,PERSON,55,60
mdp.39015000537137,18,12,1,English,LANGUAGE,115,122
mdp.39015000537137,18,12,2,African,NORP,151,158
mdp.39015000537137,18,14,0,Biblical,NORP,72,80
mdp.39015000537137,18,15,0,1,CARDINAL,36,37
mdp.39015000537137,18,15,1,Dumas,PERSON,90,95
mdp.39015000537137,18,15,2,2,CARDINAL,109,110
mdp.39015000537137,18,17,0,Dumas,PERSON,0,5
mdp.39015000537137,18,17,1,first,ORDINAL,13,18
mdp.39015000537137,18,17,2,English,LANGUAGE,105,112
mdp.39015000537137,19,0,0,Dumas,PERSON,0,5
mdp.39015000537137,19,0,1,first,ORDINAL,18,23
mdp.39015000537137,19,1,0,Billy Shakespeare,PERSON,69,86
mdp.39015000537137,19,2,0,Dunbar,PERSON,59,65
mdp.39015000537137,19,3,0,Dumas,PERSON,0,5
mdp.39015000537137,19,4,0,"Double Nigger""—his",WORK_OF_ART,81,99
mdp.39015000537137,19,6,0,Sun Ra,PERSON,41,47
mdp.39015000537137,19,6,1,Dumas,PERSON,199,204
mdp.39015000537137,19,7,0,A Boll of Roses,WORK_OF_ART,1,16
mdp.39015000537137,19,7,1,Ark of Bones,WORK_OF_ART,20,32
mdp.39015000537137,19,7,2,Fon,WORK_OF_ART,40,43
mdp.39015000537137,19,8,0,Nillmon,PERSON,26,33
mdp.39015000537137,19,8,1,Fon,PERSON,50,53
mdp.39015000537137,19,9,0,Fon,PERSON,0,3
mdp.39015000537137,19,10,0,half,CARDINAL,23,27
mdp.39015000537137,19,10,1,half,CARDINAL,34,38
mdp.39015000537137,19,11,0,Fon,PERSON,68,71
mdp.39015000537137,19,12,0,Fon,PERSON,22,25
mdp.39015000537137,19,16,0,Dumas,PERSON,27,32
mdp.39015000537137,19,20,0,Dumas,PERSON,0,5
mdp.39015000537137,19,21,0,one,CARDINAL,4,7
mdp.39015000537137,19,23,0,Headeye,PERSON,0,7
mdp.39015000537137,19,24,0,Headeye,PERSON,51,58
mdp.39015000537137,19,26,0,Greasemouth,PERSON,0,11
mdp.39015000537137,19,26,1,Double XV,WORK_OF_ART,17,26
mdp.39015000537137,20,0,0,Nigger,PERSON,0,6
mdp.39015000537137,20,3,0,Blue,PERSON,1,5
mdp.39015000537137,20,3,1,Fish,PERSON,9,13
mdp.39015000537137,20,3,2,Tate,PERSON,17,21
mdp.39015000537137,20,3,3,Grease,PERSON,29,35
mdp.39015000537137,20,3,4,Blue,PERSON,120,124
mdp.39015000537137,20,3,5,Fish,PERSON,144,148
mdp.39015000537137,20,3,6,Tate,PERSON,195,199
mdp.39015000537137,20,3,7,Grease,PERSON,257,263
mdp.39015000537137,20,4,0,Dumas,PERSON,112,117
mdp.39015000537137,20,5,0,Headeye,PERSON,5,12
mdp.39015000537137,20,5,1,Greasemouth,PERSON,60,71
mdp.39015000537137,20,5,2,Fish,PERSON,101,105
mdp.39015000537137,20,5,3,Blue,PERSON,107,111
mdp.39015000537137,20,5,4,Tate,PERSON,117,121
mdp.39015000537137,20,6,0,Greasemouth,PERSON,0,11
mdp.39015000537137,20,7,0,Grease,PERSON,4,10
mdp.39015000537137,20,10,0,America,GPE,36,43
mdp.39015000537137,20,10,1,second,ORDINAL,59,65
mdp.39015000537137,20,11,0,Will The Circle Be Unbroken,WORK_OF_ART,26,53
mdp.39015000537137,20,12,0,Whites,NORP,0,6
mdp.39015000537137,20,13,0,Probe,PERSON,0,5
mdp.39015000537137,20,14,0,South America,LOC,35,48
mdp.39015000537137,20,14,1,Egypt,GPE,50,55
mdp.39015000537137,20,14,2,Africa,LOC,57,63
mdp.39015000537137,20,14,3,African,NORP,78,85
mdp.39015000537137,20,15,0,Probe,PERSON,0,5
mdp.39015000537137,20,15,1,John Coltrane,PERSON,7,20
mdp.39015000537137,20,15,2,Layton,GPE,76,82
mdp.39015000537137,20,16,0,Ark,WORK_OF_ART,88,91
mdp.39015000537137,20,16,1,Christian,NORP,121,130
mdp.39015000537137,20,16,2,Layton,PERSON,148,154
mdp.39015000537137,20,16,3,A Boll Of Roses,WORK_OF_ART,159,174
mdp.39015000537137,20,16,4,Tyro,PERSON,181,185
mdp.39015000537137,20,16,5,Strike And Fade,WORK_OF_ART,239,254
mdp.39015000537137,20,17,0,Will The Circle Be Unbroken,WORK_OF_ART,22,49
mdp.39015000537137,20,18,0,Circle,WORK_OF_ART,27,33
mdp.39015000537137,20,18,1,Strike,WORK_OF_ART,78,84
mdp.39015000537137,20,18,2,VC,WORK_OF_ART,129,131
mdp.39015000537137,20,18,3,Viet Cong,WORK_OF_ART,135,144
mdp.39015000537137,20,18,4,Oppression,WORK_OF_ART,148,158
mdp.39015000537137,20,18,5,Gestapo,WORK_OF_ART,162,169
mdp.39015000537137,20,18,6,Hitler,WORK_OF_ART,173,179
mdp.39015000537137,20,18,7,Bone,WORK_OF_ART,183,187
mdp.39015000537137,20,18,8,Mace,WORK_OF_ART,191,195
mdp.39015000537137,20,18,9,Green Beret,WORK_OF_ART,203,214
mdp.39015000537137,21,0,0,Tyro,ORG,14,18
mdp.39015000537137,21,0,1,two,CARDINAL,32,35
mdp.39015000537137,21,2,0,Viet Nam,GPE,15,23
mdp.39015000537137,21,2,1,Tyro,GPE,25,29
mdp.39015000537137,21,3,0,Brooklyn,GPE,52,60
mdp.39015000537137,21,3,1,Chicago,GPE,62,69
mdp.39015000537137,21,3,2,Birmingham,GPE,71,81
mdp.39015000537137,21,3,3,Cleveland,GPE,83,92
mdp.39015000537137,21,3,4,Oakland,GPE,98,105
mdp.39015000537137,21,4,0,Martin Luther King,PERSON,135,153
mdp.39015000537137,21,4,1,Muslims,NORP,162,169
mdp.39015000537137,21,5,0,Strike,WORK_OF_ART,17,23
mdp.39015000537137,21,6,0,Claude Brown,PERSON,35,47
mdp.39015000537137,21,6,1,James Baldwin,PERSON,49,62
mdp.39015000537137,21,7,0,Strike,WORK_OF_ART,18,24
mdp.39015000537137,21,9,0,Dumas,PERSON,29,34
mdp.39015000537137,21,10,0,Langston Hughes,PERSON,31,46
mdp.39015000537137,21,11,0,Margaret Walker,PERSON,42,57
mdp.39015000537137,21,12,0,the Cultural Folk Hero,WORK_OF_ART,7,29
mdp.39015000537137,21,12,1,James Brown,PERSON,31,42
mdp.39015000537137,21,12,2,Dumas,PERSON,44,49
mdp.39015000537137,21,13,0,Southern Illinois University's,ORG,20,50
mdp.39015000537137,21,13,1,Experiment in Higher Education,ORG,51,81
mdp.39015000537137,21,13,2,Brown,PERSON,103,108
mdp.39015000537137,21,14,0,Dumas,PERSON,9,14
mdp.39015000537137,21,14,1,Brown,PERSON,53,58
mdp.39015000537137,21,14,2,There Was A Time,WORK_OF_ART,116,132
mdp.39015000537137,21,15,0,Brown,PERSON,25,30
mdp.39015000537137,21,16,0,the Boogaloo Dance,WORK_OF_ART,28,46
mdp.39015000537137,21,17,0,Dumas,PERSON,4,9
mdp.39015000537137,21,17,1,Brown,PERSON,27,32
mdp.39015000537137,21,18,0,Dumas,PERSON,0,5
mdp.39015000537137,21,18,1,Brown,PERSON,85,90
mdp.39015000537137,21,18,2,hundreds of years,DATE,114,131
mdp.39015000537137,21,18,3,Africans,NORP,155,163
mdp.39015000537137,21,18,4,Africa,LOC,167,173
mdp.39015000537137,21,18,5,Mgwalo,LOC,246,252
mdp.39015000537137,21,19,0,James Brown,PERSON,32,43
mdp.39015000537137,21,19,1,the Black Preacher,PERSON,48,66
mdp.39015000537137,21,23,0,Russia,GPE,167,173
mdp.39015000537137,22,0,0,Brazil,GPE,0,6
mdp.39015000537137,22,2,0,evening,TIME,141,148
mdp.39015000537137,22,3,0,Dumas,PERSON,5,10
mdp.39015000537137,22,3,1,The Sound Of My Horn,WORK_OF_ART,44,64
mdp.39015000537137,22,4,0,East St. Louis,GPE,0,14
mdp.39015000537137,22,4,1,Illinois,GPE,16,24
mdp.39015000537137,22,4,2,"July, 1969",DATE,25,35
mdp.39015000537137,22,4,3,Shed No Tears For Henry Dumas,WORK_OF_ART,44,73
mdp.39015000537137,22,4,4,Eugene Redmond,PERSON,79,93
mdp.39015000537137,25,0,0,Ark of Bones,WORK_OF_ART,0,12
mdp.39015000537137,27,0,0,Headeye,PERSON,0,7
mdp.39015000537137,27,3,0,Headeye,PERSON,0,7
mdp.39015000537137,27,9,0,Headeye,PERSON,0,7
mdp.39015000537137,27,11,0,New Providence,GPE,26,40
mdp.39015000537137,27,13,0,Headeye,PERSON,0,7
mdp.39015000537137,27,15,0,New Providence,GPE,22,36
mdp.39015000537137,27,15,1,Headeye,PERSON,49,56
mdp.39015000537137,27,17,0,Headeye,PERSON,0,7
mdp.39015000537137,27,22,0,Headeye,PERSON,9,16
mdp.39015000537137,27,26,0,Headeye,PERSON,96,103
mdp.39015000537137,27,27,0,Headeye,PERSON,0,7
mdp.39015000537137,27,28,0,Headeye,PERSON,16,23
mdp.39015000537137,27,29,0,Headeye,PERSON,0,7
mdp.39015000537137,27,31,0,Eagle-Eye,PERSON,23,32
mdp.39015000537137,27,33,0,Headeye,PERSON,28,35
mdp.39015000537137,27,37,0,3,CARDINAL,16,17
mdp.39015000537137,28,2,0,Headeye,PERSON,4,11
mdp.39015000537137,28,12,0,half,CARDINAL,85,89
mdp.39015000537137,28,14,0,Headeye,PERSON,37,44
mdp.39015000537137,28,14,1,ten tons,QUANTITY,70,78
mdp.39015000537137,28,15,0,Headeye,PERSON,1,8
mdp.39015000537137,28,28,0,Headeye,PERSON,0,7
mdp.39015000537137,28,29,0,a minute,TIME,120,128
mdp.39015000537137,28,33,0,Headeye,PERSON,20,27
mdp.39015000537137,28,42,0,Headeye,PERSON,0,7
mdp.39015000537137,28,44,0,Headeye,PERSON,65,72
mdp.39015000537137,28,45,0,3,CARDINAL,7,8
mdp.39015000537137,29,15,0,Ezekiel,PERSON,15,22
mdp.39015000537137,29,26,0,Headeye,PERSON,0,7
mdp.39015000537137,29,32,0,Deadman's Landin,FAC,31,47
mdp.39015000537137,29,35,0,Headeye,PERSON,0,7
mdp.39015000537137,29,38,0,Headeye,PERSON,0,7
mdp.39015000537137,29,41,0,coupla hours,TIME,44,56
mdp.39015000537137,29,43,0,Headeye,PERSON,0,7
mdp.39015000537137,29,43,1,5,CARDINAL,24,25
mdp.39015000537137,30,9,0,Headeye,PERSON,0,7
mdp.39015000537137,30,12,0,Headeye,PERSON,16,23
mdp.39015000537137,30,15,0,Headeye,PERSON,7,14
mdp.39015000537137,30,15,1,Bible,WORK_OF_ART,77,82
mdp.39015000537137,30,16,0,Headeye,PERSON,0,7
mdp.39015000537137,30,24,0,Ark,FAC,5,8
mdp.39015000537137,30,25,0,Ark,WORK_OF_ART,6,9
mdp.39015000537137,30,27,0,1 1,CARDINAL,0,3
mdp.39015000537137,30,28,0,Noah's Ark,WORK_OF_ART,1,11
mdp.39015000537137,30,34,0,Headeye,PERSON,13,20
mdp.39015000537137,30,36,0,Jenkins,PERSON,42,49
mdp.39015000537137,30,39,0,Headeye,PERSON,0,7
mdp.39015000537137,30,41,0,Headeye,PERSON,4,11
mdp.39015000537137,30,42,0,Headeye,PERSON,34,41
mdp.39015000537137,30,42,1,6,CARDINAL,64,65
mdp.39015000537137,31,1,0,Headeye,PERSON,86,93
mdp.39015000537137,31,3,0,Deadman's Landin,FAC,62,78
mdp.39015000537137,31,4,0,Headeye,PERSON,89,96
mdp.39015000537137,31,8,0,Headeye,PERSON,12,19
mdp.39015000537137,31,13,0,Mississippi,LOC,57,68
mdp.39015000537137,31,15,0,Headeye,PERSON,0,7
mdp.39015000537137,31,15,1,Sippi,LOC,40,45
mdp.39015000537137,31,18,0,Headeye,PERSON,0,7
mdp.39015000537137,31,21,0,Sippi,LOC,60,65
mdp.39015000537137,31,25,0,Headeye,PERSON,31,38
mdp.39015000537137,31,29,0,Headeye,PERSON,17,24
mdp.39015000537137,31,30,0,the next two weeks,DATE,28,46
mdp.39015000537137,31,36,0,7,CARDINAL,40,41
mdp.39015000537137,32,2,0,Headeye,PERSON,20,27
mdp.39015000537137,32,4,0,Headeye,PERSON,0,7
mdp.39015000537137,32,5,0,Deadman's Landin,FAC,68,84
mdp.39015000537137,32,10,0,Headeye,PERSON,0,7
mdp.39015000537137,32,17,0,Headeye,PERSON,0,7
mdp.39015000537137,32,34,0,Headeye,PERSON,0,7
mdp.39015000537137,32,36,0,Headeye,PERSON,0,7
mdp.39015000537137,32,39,0,Fish,PERSON,10,14
mdp.39015000537137,33,0,0,the Glory Boat,PRODUCT,58,72
mdp.39015000537137,33,3,0,First,ORDINAL,0,5
mdp.39015000537137,33,3,1,Headeye,PERSON,43,50
mdp.39015000537137,33,4,0,Two,CARDINAL,0,3
mdp.39015000537137,33,5,0,Jesus,PERSON,109,114
mdp.39015000537137,33,7,0,Headeye,PERSON,0,7
mdp.39015000537137,33,9,0,two,CARDINAL,4,7
mdp.39015000537137,33,9,1,Headeye,PERSON,88,95
mdp.39015000537137,33,14,0,Headeye,PERSON,8,15
mdp.39015000537137,33,14,1,Noah's Ark,FAC,26,36
mdp.39015000537137,33,18,0,Headeye,PERSON,5,12
mdp.39015000537137,33,19,0,two,CARDINAL,4,7
mdp.39015000537137,33,21,0,first,ORDINAL,36,41
mdp.39015000537137,33,21,1,1608,CARDINAL,87,91
mdp.39015000537137,33,21,2,1944,DATE,172,176
mdp.39015000537137,33,23,0,Headeye,PERSON,17,24
mdp.39015000537137,33,23,1,1977,DATE,54,58
mdp.39015000537137,33,24,0,Noah,PERSON,16,20
mdp.39015000537137,33,27,0,half,CARDINAL,44,48
mdp.39015000537137,33,27,1,9,CARDINAL,66,67
mdp.39015000537137,34,4,0,Headeye,PERSON,17,24
mdp.39015000537137,34,5,0,Headeye,PERSON,54,61
mdp.39015000537137,34,7,0,Headeye,PERSON,79,86
mdp.39015000537137,34,8,0,Noah,PERSON,23,27
mdp.39015000537137,34,8,1,Noah,PERSON,53,57
mdp.39015000537137,34,8,2,Sunday,DATE,73,79
mdp.39015000537137,34,10,0,Headeye,PERSON,62,69
mdp.39015000537137,34,11,0,Noah,PERSON,17,21
mdp.39015000537137,34,12,0,Shem,PERSON,47,51
mdp.39015000537137,34,12,1,Ham,PERSON,53,56
mdp.39015000537137,34,12,2,Japheh,PERSON,61,67
mdp.39015000537137,34,15,0,Headeye,PERSON,12,19
mdp.39015000537137,34,16,0,one,CARDINAL,29,32
mdp.39015000537137,34,17,0,Headeye,PERSON,63,70
mdp.39015000537137,34,18,0,Headeye,PERSON,0,7
mdp.39015000537137,34,43,0,Headeye,PERSON,39,46
mdp.39015000537137,35,8,0,Headeye,PERSON,13,20
mdp.39015000537137,35,10,0,Headeye,PERSON,0,7
mdp.39015000537137,35,23,0,Headeye,PERSON,57,64
mdp.39015000537137,35,31,0,two,CARDINAL,18,21
mdp.39015000537137,35,31,1,three,CARDINAL,25,30
mdp.39015000537137,35,32,0,a million,CARDINAL,26,35
mdp.39015000537137,36,7,0,Headeye,PERSON,0,7
mdp.39015000537137,36,12,0,Aba aba,PERSON,0,7
mdp.39015000537137,36,12,1,al ham dilaba aba aba,PERSON,9,30
mdp.39015000537137,36,12,2,mtu brotha aba aba,PERSON,32,50
mdp.39015000537137,36,12,3,al ham dilaba aba aba,PERSON,52,73
mdp.39015000537137,36,12,4,bretha brotha aba aba,PERSON,75,96
mdp.39015000537137,36,12,5,djuka brotha aba aba,PERSON,98,118
mdp.39015000537137,36,12,6,al ham dilaba,PERSON,120,133
mdp.39015000537137,36,14,0,Nineteen hundred and twenty three,CARDINAL,152,185
mdp.39015000537137,36,15,0,Headeye,PERSON,66,73
mdp.39015000537137,36,16,0,about four,CARDINAL,48,58
mdp.39015000537137,36,24,0,Ezekiel,PERSON,47,54
mdp.39015000537137,36,24,1,12,CARDINAL,69,71
mdp.39015000537137,37,5,0,Headeye,PERSON,0,7
mdp.39015000537137,37,9,0,African,NORP,6,13
mdp.39015000537137,37,9,1,America,GPE,27,34
mdp.39015000537137,37,11,0,Headeye,PERSON,26,33
mdp.39015000537137,37,14,0,Headeye,PERSON,0,7
mdp.39015000537137,37,16,0,Headeye,PERSON,78,85
mdp.39015000537137,37,17,0,Headeye,PERSON,19,26
mdp.39015000537137,37,18,0,Aba,PERSON,0,3
mdp.39015000537137,37,24,0,Aba,PERSON,0,3
mdp.39015000537137,37,27,0,Headeye,PERSON,33,40
mdp.39015000537137,37,28,0,Headeye,PERSON,0,7
mdp.39015000537137,37,31,0,Headeye,PERSON,0,7
mdp.39015000537137,37,32,0,Fish-hound,PERSON,18,28
mdp.39015000537137,37,34,0,Fish-hound,PERSON,31,41
mdp.39015000537137,37,38,0,Headeye,PERSON,0,7
mdp.39015000537137,37,38,1,one,CARDINAL,25,28
mdp.39015000537137,37,40,0,13,CARDINAL,27,29
mdp.39015000537137,38,3,0,Headeye,PERSON,33,40
mdp.39015000537137,38,7,0,several days later,DATE,7,25
mdp.39015000537137,38,8,0,that night,TIME,12,22
mdp.39015000537137,38,10,0,Headeye,PERSON,35,42
mdp.39015000537137,38,13,0,Headeye,PERSON,105,112
mdp.39015000537137,38,20,0,Headeye,PERSON,0,7
mdp.39015000537137,38,23,0,Headeye,PERSON,0,7
mdp.39015000537137,38,24,0,Heyboy,PRODUCT,36,42
mdp.39015000537137,38,24,1,Headeye,PERSON,53,60
mdp.39015000537137,38,25,0,Heyboy,PERSON,16,22
mdp.39015000537137,38,26,0,about a week,DATE,27,39
mdp.39015000537137,38,28,0,Headeye,PERSON,0,7
mdp.39015000537137,38,29,0,two,CARDINAL,55,58
mdp.39015000537137,38,29,1,Headeye,PERSON,80,87
mdp.39015000537137,38,32,0,Headeye,PERSON,10,17
mdp.39015000537137,38,34,0,Sippi,PERSON,25,30
mdp.39015000537137,38,39,0,14,CARDINAL,23,25
mdp.39015000537137,39,0,0,Headeye,PERSON,0,7
mdp.39015000537137,39,4,0,Headeye,PERSON,19,26
mdp.39015000537137,39,10,0,Ezekiel,PERSON,19,26
mdp.39015000537137,39,12,0,Ark,FAC,26,29
mdp.39015000537137,39,15,0,Headeye,PERSON,47,54
mdp.39015000537137,39,15,1,Headeye,PERSON,122,129
mdp.39015000537137,41,0,0,Echo Tree,PERSON,0,9
mdp.39015000537137,43,0,0,Two,CARDINAL,0,3
mdp.39015000537137,43,1,0,Evening,TIME,0,7
mdp.39015000537137,43,10,0,last year,DATE,22,31
mdp.39015000537137,43,16,0,Leo,PERSON,13,16
mdp.39015000537137,43,22,0,Leo,PERSON,5,8
mdp.39015000537137,43,22,1,New York,GPE,36,44
mdp.39015000537137,43,25,0,Leo,PERSON,14,17
mdp.39015000537137,43,29,0,Leo,PERSON,16,19
mdp.39015000537137,43,30,0,Leo,PERSON,1,4
mdp.39015000537137,43,40,0,99,CARDINAL,0,2
mdp.39015000537137,44,10,0,Leo,PERSON,1,4
mdp.39015000537137,44,19,0,One,CARDINAL,0,3
mdp.39015000537137,44,21,0,first,ORDINAL,26,31
mdp.39015000537137,44,52,0,20,CARDINAL,95,97
mdp.39015000537137,45,27,0,Leo,PERSON,20,23
mdp.39015000537137,45,28,0,Leo,PERSON,1,4
mdp.39015000537137,45,31,0,Iffen I'se,PERSON,0,10
mdp.39015000537137,45,33,0,Oklahoma,GPE,4,12
mdp.39015000537137,45,34,0,Arkansas,GPE,19,27
mdp.39015000537137,45,38,0,21,CARDINAL,0,2
mdp.39015000537137,46,55,0,Leo 22,PERSON,39,45
mdp.39015000537137,47,10,0,Leo,PERSON,36,39
mdp.39015000537137,47,22,0,Leo,PERSON,53,56
mdp.39015000537137,47,29,0,Leo,PERSON,22,25
mdp.39015000537137,47,32,0,Leo,PERSON,1,4
mdp.39015000537137,47,34,0,23,CARDINAL,31,33
mdp.39015000537137,48,5,0,Leo,PERSON,1,4
mdp.39015000537137,48,9,0,Swisher Baba,PERSON,0,12
mdp.39015000537137,48,16,0,Leo,PERSON,0,3
mdp.39015000537137,48,22,0,a few minutes,TIME,11,24
mdp.39015000537137,48,48,0,24,CARDINAL,15,17
mdp.39015000537137,49,4,0,one,CARDINAL,14,17
mdp.39015000537137,49,14,0,Swish-ka aba,NORP,1,13
mdp.39015000537137,49,14,1,Swish-ka,NORP,34,42
mdp.39015000537137,49,14,2,three,CARDINAL,57,62
mdp.39015000537137,49,14,3,Swish-ka aba,NORP,65,77
mdp.39015000537137,49,14,4,Saash-ka Lae,NORP,98,110
mdp.39015000537137,49,20,0,One,CARDINAL,1,4
mdp.39015000537137,49,20,1,Two,CARDINAL,22,25
mdp.39015000537137,49,25,0,Two 'n half,CARDINAL,1,12
mdp.39015000537137,49,31,0,Two,CARDINAL,0,3
mdp.39015000537137,49,33,0,Two,CARDINAL,0,3
mdp.39015000537137,49,35,0,tomorrow,DATE,18,26
mdp.39015000537137,53,0,0,Layton Fields',PERSON,28,42
mdp.39015000537137,53,1,0,Floyd,PERSON,54,59
mdp.39015000537137,53,2,0,one,CARDINAL,12,15
mdp.39015000537137,53,3,0,tomorrow,DATE,25,33
mdp.39015000537137,53,3,1,Floyd,PERSON,45,50
mdp.39015000537137,53,4,0,tomorrow,DATE,41,49
mdp.39015000537137,53,5,0,one,CARDINAL,11,14
mdp.39015000537137,53,5,1,Greenville,GPE,81,91
mdp.39015000537137,53,12,0,niggers,NORP,65,72
mdp.39015000537137,53,14,0,tomorrow,DATE,6,14
mdp.39015000537137,53,14,1,Greenville,GPE,49,59
mdp.39015000537137,53,17,0,Floyd,PERSON,41,46
mdp.39015000537137,53,20,0,Layton,PERSON,5,11
mdp.39015000537137,53,23,0,one,CARDINAL,14,17
mdp.39015000537137,53,24,0,Dumas,PERSON,106,111
mdp.39015000537137,54,1,0,Floyd,PERSON,22,27
mdp.39015000537137,54,2,0,today,DATE,36,41
mdp.39015000537137,54,5,0,two,CARDINAL,45,48
mdp.39015000537137,54,8,0,Floyd Moss,PERSON,12,22
mdp.39015000537137,54,10,0,Floyd,PERSON,0,5
mdp.39015000537137,54,11,0,third,ORDINAL,27,32
mdp.39015000537137,54,12,0,United States,GPE,56,69
mdp.39015000537137,54,15,0,Layton,PERSON,15,21
mdp.39015000537137,54,17,0,the other day,DATE,24,37
mdp.39015000537137,54,18,0,all three,CARDINAL,11,20
mdp.39015000537137,54,18,1,Louisiana,GPE,63,72
mdp.39015000537137,54,18,2,last summer,DATE,73,84
mdp.39015000537137,54,20,0,tomorrow,DATE,32,40
mdp.39015000537137,54,21,0,Floyd Moss,PERSON,28,38
mdp.39015000537137,54,26,0,Stiles,PERSON,17,23
mdp.39015000537137,54,31,0,30,CARDINAL,0,2
mdp.39015000537137,55,1,0,Haxfall County,GPE,61,75
mdp.39015000537137,55,2,0,Layton,PERSON,13,19
mdp.39015000537137,55,8,0,tomorrow,DATE,44,52
mdp.39015000537137,55,12,0,Layton,PERSON,0,6
mdp.39015000537137,55,15,0,two,CARDINAL,4,7
mdp.39015000537137,55,16,0,Layton Fields,PERSON,0,13
mdp.39015000537137,55,16,1,tomorrow,DATE,52,60
mdp.39015000537137,55,16,2,all week,DATE,66,74
mdp.39015000537137,55,18,0,Layton,PERSON,0,6
mdp.39015000537137,55,19,0,tomorrow,DATE,9,17
mdp.39015000537137,55,19,1,their last day,DATE,22,36
mdp.39015000537137,55,20,0,the three dollars,MONEY,21,38
mdp.39015000537137,55,23,0,Layton,PERSON,56,62
mdp.39015000537137,55,23,1,one,CARDINAL,69,72
mdp.39015000537137,55,25,0,Layton Fields,PERSON,16,29
mdp.39015000537137,55,30,0,today,DATE,15,20
mdp.39015000537137,55,31,0,today,DATE,26,31
mdp.39015000537137,55,33,0,95,CARDINAL,0,2
mdp.39015000537137,55,36,0,31,CARDINAL,0,2
mdp.39015000537137,56,1,0,all day,DATE,9,16
mdp.39015000537137,56,1,1,95,CARDINAL,23,25
mdp.39015000537137,56,2,0,noon,TIME,12,16
mdp.39015000537137,56,2,1,60,CARDINAL,26,28
mdp.39015000537137,56,3,0,noon,TIME,24,28
mdp.39015000537137,56,9,0,Hap Kelly,PERSON,0,9
mdp.39015000537137,56,11,0,hundred pounds,QUANTITY,21,35
mdp.39015000537137,56,11,1,50,CARDINAL,46,48
mdp.39015000537137,56,21,0,the United States,GPE,40,57
mdp.39015000537137,56,26,0,Layton,PERSON,0,6
mdp.39015000537137,56,29,0,Layton Fields',PERSON,5,19
mdp.39015000537137,56,30,0,Two,CARDINAL,0,3
mdp.39015000537137,56,31,0,Floyd,PERSON,0,5
mdp.39015000537137,56,37,0,Floyd,PERSON,0,5
mdp.39015000537137,56,39,0,Floyd,PERSON,0,5
mdp.39015000537137,56,40,0,Florence,PERSON,20,28
mdp.39015000537137,56,42,0,Layton,PERSON,0,6
mdp.39015000537137,56,42,1,first,ORDINAL,20,25
mdp.39015000537137,56,43,0,Floyd,PERSON,13,18
mdp.39015000537137,56,44,0,32,CARDINAL,4,6
mdp.39015000537137,57,2,0,Layton,PERSON,0,6
mdp.39015000537137,57,2,1,Floyd,PERSON,33,38
mdp.39015000537137,57,3,0,Layton,PERSON,0,6
mdp.39015000537137,57,4,0,One,CARDINAL,0,3
mdp.39015000537137,57,8,0,Floyd Moss,PERSON,23,33
mdp.39015000537137,57,11,0,Floyd,PERSON,18,23
mdp.39015000537137,57,15,0,Lane,LOC,33,37
mdp.39015000537137,57,15,1,Ryans,PERSON,47,52
mdp.39015000537137,57,17,0,Layton,PERSON,0,6
mdp.39015000537137,57,18,0,tomorrow,DATE,39,47
mdp.39015000537137,57,19,0,New York,GPE,57,65
mdp.39015000537137,57,26,0,Floyd,PERSON,0,5
mdp.39015000537137,57,28,0,Floyd,PERSON,0,5
mdp.39015000537137,57,29,0,tomorrow,DATE,12,20
mdp.39015000537137,57,31,0,Layton Fields,PERSON,0,13
mdp.39015000537137,57,32,0,tomorrow,DATE,12,20
mdp.39015000537137,57,37,0,Layton,PERSON,10,16
mdp.39015000537137,57,39,0,Layton,PERSON,0,6
mdp.39015000537137,57,41,0,Rosemarie Stiles,PERSON,58,74
mdp.39015000537137,57,44,0,the Five Blind Boys,ORG,20,39
mdp.39015000537137,57,48,0,Layton,PERSON,20,26
mdp.39015000537137,58,3,0,Fields,PERSON,5,11
mdp.39015000537137,58,4,0,one,CARDINAL,5,8
mdp.39015000537137,58,6,0,Floyd Moss,PERSON,1,11
mdp.39015000537137,58,11,0,Layton,PERSON,22,28
mdp.39015000537137,58,13,0,the Blue Goose Inn,ORG,30,48
mdp.39015000537137,58,15,0,the Blue Goose,FAC,44,58
mdp.39015000537137,58,16,0,Rosemarie,PERSON,3,12
mdp.39015000537137,58,16,1,Floyd,PERSON,63,68
mdp.39015000537137,58,17,0,Layton,PERSON,4,10
mdp.39015000537137,58,17,1,the Blue Goose,FAC,77,91
mdp.39015000537137,58,18,0,Rosemarie,PERSON,7,16
mdp.39015000537137,58,21,0,Layton,PERSON,17,23
mdp.39015000537137,58,34,0,Layton,PERSON,0,6
mdp.39015000537137,58,43,0,Layton,PERSON,0,6
mdp.39015000537137,58,46,0,34,CARDINAL,0,2
mdp.39015000537137,59,1,0,all day,DATE,34,41
mdp.39015000537137,59,4,0,Layton,PERSON,0,6
mdp.39015000537137,59,7,0,one,CARDINAL,61,64
mdp.39015000537137,59,8,0,English,NORP,39,46
mdp.39015000537137,59,13,0,Layton,PERSON,0,6
mdp.39015000537137,59,13,1,a second,TIME,18,26
mdp.39015000537137,59,16,0,Layton,PERSON,0,6
mdp.39015000537137,59,20,0,the beginning of the week,DATE,41,66
mdp.39015000537137,59,21,0,one,CARDINAL,35,38
mdp.39015000537137,59,23,0,Floyd,PERSON,38,43
mdp.39015000537137,59,24,0,Floyd Moss,PERSON,20,30
mdp.39015000537137,59,24,1,Florence,GPE,42,50
mdp.39015000537137,59,25,0,one,CARDINAL,58,61
mdp.39015000537137,59,29,0,THE UNIVERSITY OF MICHIGAN LIBRARIES,ORG,3,39
mdp.39015000537137,60,0,0,Fields,PERSON,5,11
mdp.39015000537137,60,1,0,Layton,PERSON,0,6
mdp.39015000537137,60,1,1,6,CARDINAL,43,44
mdp.39015000537137,60,3,0,Fields,PERSON,5,11
mdp.39015000537137,60,4,0,Layton,PERSON,18,24
mdp.39015000537137,60,10,0,Lane,LOC,36,40
mdp.39015000537137,60,13,0,Layton,PERSON,0,6
mdp.39015000537137,60,18,0,Layton Fields,PERSON,1,14
mdp.39015000537137,60,23,0,the Five Blind Boys,ORG,13,32
mdp.39015000537137,60,26,0,Layton,PERSON,30,36
mdp.39015000537137,60,28,0,Rosemarie,PERSON,30,39
mdp.39015000537137,60,31,0,Greenville,GPE,22,32
mdp.39015000537137,60,31,1,36,DATE,41,43
mdp.39015000537137,61,0,0,Memphis,GPE,6,13
mdp.39015000537137,61,0,1,no three or four dollars,MONEY,66,90
mdp.39015000537137,61,8,0,the Blue Goose,FAC,35,49
mdp.39015000537137,61,9,0,tomorrow,DATE,25,33
mdp.39015000537137,61,9,1,Monday,DATE,57,63
mdp.39015000537137,61,9,2,the whole week,DATE,89,103
mdp.39015000537137,61,10,0,Friday,DATE,11,17
mdp.39015000537137,61,10,1,tomorrow,DATE,18,26
mdp.39015000537137,61,11,0,Only one day,DATE,0,12
mdp.39015000537137,61,27,0,Layton,PERSON,39,45
mdp.39015000537137,61,31,0,tonight,TIME,18,25
mdp.39015000537137,61,35,0,Layton,PERSON,10,16
mdp.39015000537137,61,38,0,one,CARDINAL,69,72
mdp.39015000537137,61,39,0,37,CARDINAL,0,2
mdp.39015000537137,62,4,0,Layton,PERSON,44,50
mdp.39015000537137,62,9,0,one,CARDINAL,45,48
mdp.39015000537137,62,11,0,Layton,PERSON,0,6
mdp.39015000537137,62,13,0,Layton,PERSON,0,6
mdp.39015000537137,62,15,0,a second,TIME,4,12
mdp.39015000537137,62,15,1,Floyd Moss,PERSON,161,171
mdp.39015000537137,62,17,0,Layton,PERSON,14,20
mdp.39015000537137,62,17,1,Layton,PERSON,25,31
mdp.39015000537137,62,23,0,the morning,TIME,160,171
mdp.39015000537137,62,23,1,the morning,TIME,185,196
mdp.39015000537137,62,25,0,the Blue Goose Inn,ORG,25,43
mdp.39015000537137,62,25,1,tomorrow,DATE,70,78
mdp.39015000537137,62,26,0,Friday,DATE,0,6
mdp.39015000537137,62,30,0,38,CARDINAL,7,9
mdp.39015000537137,63,1,0,months,DATE,23,29
mdp.39015000537137,63,1,1,July,DATE,65,69
mdp.39015000537137,63,1,2,Blue Goose Lake,LOC,73,88
mdp.39015000537137,63,4,0,one,CARDINAL,9,12
mdp.39015000537137,63,12,0,Layton,PERSON,0,6
mdp.39015000537137,63,14,0,the Blue Goose,LOC,28,42
mdp.39015000537137,63,15,0,Rosemarie Stiles,PERSON,65,81
mdp.39015000537137,63,17,0,Floyd,PERSON,20,25
mdp.39015000537137,63,22,0,the Blue Goose,FAC,48,62
mdp.39015000537137,63,26,0,9,MONEY,10,11
mdp.39015000537137,63,26,1,the Blue Goose,FAC,152,166
mdp.39015000537137,63,26,2,French,NORP,201,207
mdp.39015000537137,63,30,0,Layton,PERSON,0,6
mdp.39015000537137,63,32,0,one,CARDINAL,4,7
mdp.39015000537137,64,3,0,three,CARDINAL,12,17
mdp.39015000537137,64,5,0,Fields,PERSON,10,16
mdp.39015000537137,64,6,0,Layton,PERSON,0,6
mdp.39015000537137,64,7,0,Hooper,PERSON,12,18
mdp.39015000537137,64,11,0,Layton,PERSON,0,6
mdp.39015000537137,64,12,0,Sheila Bauden,PERSON,21,34
mdp.39015000537137,64,15,0,Hooper,PERSON,5,11
mdp.39015000537137,64,16,0,Hooper,PERSON,89,95
mdp.39015000537137,64,17,0,Layton,PERSON,0,6
mdp.39015000537137,64,23,0,Tucker,PERSON,9,15
mdp.39015000537137,64,26,0,Fields,PERSON,23,29
mdp.39015000537137,64,29,0,Layton,PERSON,0,6
mdp.39015000537137,64,33,0,Layton,PERSON,0,6
mdp.39015000537137,64,35,0,Rosemarie Stiles,PERSON,87,103
mdp.39015000537137,64,41,0,Hooper,PERSON,24,30
mdp.39015000537137,64,42,0,Layton,PERSON,0,6
mdp.39015000537137,64,42,1,Sheila,PERSON,38,44
mdp.39015000537137,64,44,0,40,CARDINAL,0,2
mdp.39015000537137,65,0,0,half an hour,TIME,16,28
mdp.39015000537137,65,1,0,Layton,PERSON,0,6
mdp.39015000537137,65,2,0,Hooper,PERSON,39,45
mdp.39015000537137,65,3,0,Hooper,PERSON,5,11
mdp.39015000537137,65,3,1,Layton,PERSON,52,58
mdp.39015000537137,65,4,0,Layton,PERSON,0,6
mdp.39015000537137,65,20,0,Sunday,DATE,82,88
mdp.39015000537137,65,20,1,evening,TIME,89,96
mdp.39015000537137,65,21,0,Sheila,PERSON,9,15
mdp.39015000537137,65,24,0,Layton,PERSON,0,6
mdp.39015000537137,65,27,0,Sheila,PERSON,0,6
mdp.39015000537137,65,27,1,Layton,PERSON,17,23
mdp.39015000537137,65,28,0,Layton,PERSON,0,6
mdp.39015000537137,65,32,0,tomorrow,DATE,10,18
mdp.39015000537137,65,33,0,Hap Kelly's,PERSON,29,40
mdp.39015000537137,65,34,0,Tomorrow,DATE,1,9
mdp.39015000537137,65,36,0,tomorrow,DATE,36,44
mdp.39015000537137,65,39,0,Rosemarie,PERSON,1,10
mdp.39015000537137,65,42,0,Layton,PERSON,0,6
mdp.39015000537137,66,0,0,Hooper,PERSON,5,11
mdp.39015000537137,66,0,1,night,TIME,50,55
mdp.39015000537137,66,2,0,Hooper,PERSON,5,11
mdp.39015000537137,66,2,1,Sheila B.,PERSON,16,25
mdp.39015000537137,66,5,0,Hooper,PERSON,21,27
mdp.39015000537137,66,6,0,Hooper,PERSON,19,25
mdp.39015000537137,66,7,0,Layton Fields,GPE,0,13
mdp.39015000537137,66,20,0,the Blue Goose,PRODUCT,34,48
mdp.39015000537137,66,22,0,one,CARDINAL,17,20
mdp.39015000537137,66,22,1,night,TIME,211,216
mdp.39015000537137,66,24,0,Layton,PERSON,27,33
mdp.39015000537137,66,33,0,the night,TIME,28,37
mdp.39015000537137,67,8,0,Layton,PERSON,0,6
mdp.39015000537137,67,12,0,all night,TIME,26,35
mdp.39015000537137,67,15,0,all night,TIME,85,94
mdp.39015000537137,67,15,1,the morning,TIME,108,119
mdp.39015000537137,67,16,0,Layton,PERSON,0,6
mdp.39015000537137,67,16,1,today,DATE,43,48
mdp.39015000537137,67,19,0,Layton,PERSON,0,6
mdp.39015000537137,67,23,0,all day,DATE,58,65
mdp.39015000537137,67,24,0,Layton,PERSON,0,6
mdp.39015000537137,67,27,0,his last day,DATE,25,37
mdp.39015000537137,68,2,0,the morning,TIME,21,32
mdp.39015000537137,68,2,1,this morning,TIME,45,57
mdp.39015000537137,68,13,0,Hap Kelly,PERSON,6,15
mdp.39015000537137,68,13,1,today,DATE,24,29
mdp.39015000537137,68,14,0,Floyd,PERSON,19,24
mdp.39015000537137,68,15,0,the Blue Goose,FAC,43,57
mdp.39015000537137,68,17,0,about a half mile,QUANTITY,72,89
mdp.39015000537137,68,17,1,Bottomsuck,LOC,106,116
mdp.39015000537137,68,19,0,Layton,PERSON,0,6
mdp.39015000537137,68,19,1,the next day,DATE,148,160
mdp.39015000537137,68,20,0,the next day,DATE,101,113
mdp.39015000537137,68,21,0,Negroes,NORP,56,63
mdp.39015000537137,68,22,0,today,DATE,75,80
mdp.39015000537137,68,23,0,seven,CARDINAL,11,16
mdp.39015000537137,68,23,1,eight,CARDINAL,20,25
mdp.39015000537137,68,24,0,Hap Kelly,PERSON,0,9
mdp.39015000537137,68,25,0,Layton,PERSON,7,13
mdp.39015000537137,68,29,0,Layton,PERSON,0,6
mdp.39015000537137,68,32,0,Old Ε C 44,PRODUCT,48,58
mdp.39015000537137,69,2,0,Layton,PERSON,0,6
mdp.39015000537137,69,3,0,Rusmaker,PERSON,9,17
mdp.39015000537137,69,5,0,all day,DATE,15,22
mdp.39015000537137,69,9,0,Floyd,PERSON,0,5
mdp.39015000537137,69,10,0,Layton,PERSON,53,59
mdp.39015000537137,69,11,0,Jackson,PERSON,47,54
mdp.39015000537137,69,20,0,Jesse,PERSON,36,41
mdp.39015000537137,69,23,0,Jesse,PERSON,8,13
mdp.39015000537137,69,23,1,Layton,PERSON,32,38
mdp.39015000537137,69,24,0,Jesse,PERSON,13,18
mdp.39015000537137,69,26,0,Leah,PERSON,23,27
mdp.39015000537137,69,28,0,Years,DATE,0,5
mdp.39015000537137,69,32,0,Two,CARDINAL,0,3
mdp.39015000537137,69,32,1,Parker,PERSON,11,17
mdp.39015000537137,69,32,2,Leah,PERSON,56,60
mdp.39015000537137,69,33,0,two,CARDINAL,10,13
mdp.39015000537137,69,33,1,no more than II years old,DATE,20,45
mdp.39015000537137,69,34,0,Layton,PERSON,0,6
mdp.39015000537137,69,37,0,Layton,PERSON,0,6
mdp.39015000537137,69,41,0,Gladys Fisher,PERSON,20,33
mdp.39015000537137,69,43,0,Florence,PERSON,37,45
mdp.39015000537137,69,44,0,two,CARDINAL,5,8
mdp.39015000537137,69,44,1,all day,DATE,33,40
mdp.39015000537137,69,46,0,Floyd,PERSON,13,18
mdp.39015000537137,69,46,1,Hattie Jones,PERSON,45,57
mdp.39015000537137,69,46,2,Omelia Diggs,PERSON,62,74
mdp.39015000537137,69,47,0,Layton,PERSON,0,6
mdp.39015000537137,69,47,1,Jackson,PERSON,40,47
mdp.39015000537137,69,49,0,Layton,PERSON,0,6
mdp.39015000537137,69,50,0,45,CARDINAL,28,30
mdp.39015000537137,70,2,0,Floyd,PERSON,30,35
mdp.39015000537137,70,2,1,Floyd,PERSON,67,72
mdp.39015000537137,70,3,0,Floyd,PERSON,0,5
mdp.39015000537137,70,12,0,Parker,PERSON,9,15
mdp.39015000537137,70,14,0,Layton,PERSON,0,6
mdp.39015000537137,70,14,1,Floyd,PERSON,22,27
mdp.39015000537137,70,14,2,two,CARDINAL,62,65
mdp.39015000537137,70,15,0,Layton,PERSON,0,6
mdp.39015000537137,70,15,1,Rusmaker,PERSON,36,44
mdp.39015000537137,70,17,0,Floyd,PERSON,34,39
mdp.39015000537137,70,22,0,Hooper,PERSON,61,67
mdp.39015000537137,70,22,1,Jackson,PERSON,81,88
mdp.39015000537137,70,23,0,one,CARDINAL,46,49
mdp.39015000537137,70,25,0,last night,TIME,35,45
mdp.39015000537137,70,28,0,Jackson,PERSON,5,12
mdp.39015000537137,70,30,0,Layton,PERSON,0,6
mdp.39015000537137,70,30,1,Hooper,PERSON,106,112
mdp.39015000537137,71,3,0,Rusmaker,PERSON,9,17
mdp.39015000537137,71,3,1,Layton,PERSON,39,45
mdp.39015000537137,71,4,0,Clara,PERSON,13,18
mdp.39015000537137,71,5,0,Jackson,PERSON,5,12
mdp.39015000537137,71,5,1,Layton,PERSON,44,50
mdp.39015000537137,71,10,0,Rusmaker,PERSON,37,45
mdp.39015000537137,71,11,0,Layton,PERSON,0,6
mdp.39015000537137,71,12,0,one,CARDINAL,94,97
mdp.39015000537137,71,16,0,Layton,PERSON,0,6
mdp.39015000537137,71,18,0,first,ORDINAL,20,25
mdp.39015000537137,71,19,0,two,CARDINAL,22,25
mdp.39015000537137,71,19,1,Hap Kelly's,PERSON,59,70
mdp.39015000537137,71,24,0,Hap Kelly,PERSON,18,27
mdp.39015000537137,71,25,0,Fane,PERSON,59,63
mdp.39015000537137,71,26,0,Indian,NORP,41,47
mdp.39015000537137,71,26,1,Negro,NORP,53,58
mdp.39015000537137,71,27,0,Layton,PERSON,0,6
mdp.39015000537137,71,30,0,next week,DATE,44,53
mdp.39015000537137,71,31,0,Fane,PERSON,14,18
mdp.39015000537137,71,32,0,Layton,PERSON,0,6
mdp.39015000537137,71,33,0,Hap Kelly,PERSON,11,20
mdp.39015000537137,71,34,0,Hap Kelly,PERSON,4,13
mdp.39015000537137,71,34,1,Florence Meadows,GPE,37,53
mdp.39015000537137,71,35,0,Floyd,PERSON,0,5
mdp.39015000537137,71,37,0,47,CARDINAL,0,2
mdp.39015000537137,72,0,0,Layton,PERSON,17,23
mdp.39015000537137,72,1,0,Layton,PERSON,0,6
mdp.39015000537137,72,2,0,two,CARDINAL,4,7
mdp.39015000537137,72,4,0,Floyd,PERSON,23,28
mdp.39015000537137,72,4,1,Layton,PERSON,42,48
mdp.39015000537137,72,6,0,Layton the Claytoe,PERSON,0,18
mdp.39015000537137,72,8,0,Florence,GPE,45,53
mdp.39015000537137,72,12,0,Layton,PERSON,20,26
mdp.39015000537137,72,13,0,Layton,PERSON,0,6
mdp.39015000537137,72,13,1,Floyd,PERSON,31,36
mdp.39015000537137,72,19,0,Hooper,PERSON,26,32
mdp.39015000537137,72,19,1,Lane,FAC,51,55
mdp.39015000537137,72,19,2,last night,TIME,56,66
mdp.39015000537137,72,20,0,Layton,PERSON,0,6
mdp.39015000537137,72,22,0,Floyd,PERSON,37,42
mdp.39015000537137,72,25,0,Layton,PERSON,0,6
mdp.39015000537137,72,28,0,yesterday,DATE,11,20
mdp.39015000537137,72,28,1,today,DATE,33,38
mdp.39015000537137,72,32,0,Floyd,PERSON,7,12
mdp.39015000537137,72,33,0,two,CARDINAL,27,30
mdp.39015000537137,72,33,1,Florence,PERSON,38,46
mdp.39015000537137,72,33,2,Gladys,PERSON,51,57
mdp.39015000537137,72,34,0,Parker,PERSON,4,10
mdp.39015000537137,72,35,0,Layton,PERSON,19,25
mdp.39015000537137,72,38,0,Fane,PERSON,0,4
mdp.39015000537137,72,39,0,day,DATE,4,7
mdp.39015000537137,72,40,0,Fane,PERSON,27,31
mdp.39015000537137,72,41,0,Jackson,PERSON,5,12
mdp.39015000537137,72,41,1,Jesse,PERSON,111,116
mdp.39015000537137,72,42,0,Fane,PERSON,0,4
mdp.39015000537137,72,43,0,Layton,PERSON,0,6
mdp.39015000537137,72,44,0,Layton,PERSON,23,29
mdp.39015000537137,72,48,0,48,CARDINAL,8,10
mdp.39015000537137,73,3,0,Layton,PERSON,0,6
mdp.39015000537137,73,4,0,first,ORDINAL,4,9
mdp.39015000537137,73,7,0,Jackson,PERSON,67,74
mdp.39015000537137,73,10,0,Layton,PERSON,37,43
mdp.39015000537137,73,18,0,Floyd,PERSON,6,11
mdp.39015000537137,73,19,0,today,DATE,24,29
mdp.39015000537137,73,31,0,Floyd,PERSON,35,40
mdp.39015000537137,73,32,0,Florence,PERSON,33,41
mdp.39015000537137,73,34,0,Jackson,PERSON,31,38
mdp.39015000537137,73,35,0,first,ORDINAL,65,70
mdp.39015000537137,73,35,1,one,CARDINAL,71,74
mdp.39015000537137,73,39,0,Layton,PERSON,0,6
mdp.39015000537137,73,40,0,Jesse,PERSON,8,13
mdp.39015000537137,73,41,0,Parkers,PERSON,26,33
mdp.39015000537137,73,43,0,One,CARDINAL,0,3
mdp.39015000537137,73,43,1,Parker,PERSON,11,17
mdp.39015000537137,73,44,0,two,CARDINAL,12,15
mdp.39015000537137,73,44,1,over a hundred pounds,QUANTITY,40,61
mdp.39015000537137,73,44,2,Parker,PERSON,119,125
mdp.39015000537137,73,45,0,49,CARDINAL,5,7
mdp.39015000537137,74,3,0,The morning,TIME,0,11
mdp.39015000537137,74,6,0,Jesse,PERSON,8,13
mdp.39015000537137,74,7,0,Layton,PERSON,0,6
mdp.39015000537137,74,7,1,Gladys,PERSON,28,34
mdp.39015000537137,74,7,2,Floyd,PERSON,44,49
mdp.39015000537137,74,8,0,Parker,PERSON,5,11
mdp.39015000537137,74,8,1,Rusmaker,PERSON,39,47
mdp.39015000537137,74,9,0,Layton,GPE,69,75
mdp.39015000537137,74,18,0,Layton,PERSON,0,6
mdp.39015000537137,74,20,0,noontime,TIME,7,15
mdp.39015000537137,74,24,0,Layton,PERSON,0,6
mdp.39015000537137,74,29,0,Jackson,PERSON,12,19
mdp.39015000537137,74,31,0,Layton,PERSON,0,6
mdp.39015000537137,74,39,0,Jackson,PERSON,5,12
mdp.39015000537137,74,39,1,three dollars,MONEY,91,104
mdp.39015000537137,74,44,0,Rosemarie Stiles,PERSON,7,23
mdp.39015000537137,74,45,0,Sheila,PERSON,51,57
mdp.39015000537137,74,50,0,Layton,PERSON,0,6
mdp.39015000537137,74,50,1,50,CARDINAL,7,9
mdp.39015000537137,75,2,0,Layton,PERSON,0,6
mdp.39015000537137,75,8,0,Layton,PERSON,0,6
mdp.39015000537137,75,12,0,Rosemarie Stiles,PERSON,0,16
mdp.39015000537137,75,13,0,Layton,PERSON,5,11
mdp.39015000537137,75,13,1,Sheila,PERSON,23,29
mdp.39015000537137,75,14,0,Layton,PERSON,0,6
mdp.39015000537137,75,16,0,Sheila,PERSON,0,6
mdp.39015000537137,75,17,0,Rosemarie,PERSON,160,169
mdp.39015000537137,75,18,0,Sheila,PERSON,0,6
mdp.39015000537137,75,18,1,Layton,PERSON,34,40
mdp.39015000537137,75,20,0,Rosemarie,PERSON,23,32
mdp.39015000537137,75,22,0,Sheila,PERSON,13,19
mdp.39015000537137,75,24,0,Layton,PERSON,3,9
mdp.39015000537137,75,30,0,Hooper,PERSON,5,11
mdp.39015000537137,75,31,0,Rosemarie,PERSON,18,27
mdp.39015000537137,75,32,0,Layton,PERSON,0,6
mdp.39015000537137,75,34,0,Hooper,PERSON,6,12
mdp.39015000537137,75,35,0,Sheila,PERSON,57,63
mdp.39015000537137,75,35,1,Rosemarie,PERSON,68,77
mdp.39015000537137,75,36,0,Hooper,PERSON,6,12
mdp.39015000537137,75,37,0,niggers,NORP,52,59
mdp.39015000537137,75,37,1,Layton,PERSON,62,68
mdp.39015000537137,75,38,0,51,CARDINAL,0,2
mdp.39015000537137,76,1,0,Layton Fields,PERSON,13,26
mdp.39015000537137,76,2,0,the night,TIME,86,95
mdp.39015000537137,76,11,0,Rusmaker,PERSON,81,89
mdp.39015000537137,76,16,0,Layton,PERSON,0,6
mdp.39015000537137,76,21,0,Layton,PERSON,0,6
mdp.39015000537137,76,21,1,Rusmaker,PERSON,39,47
mdp.39015000537137,76,22,0,first,ORDINAL,117,122
mdp.39015000537137,76,23,0,Floyd Moss,PERSON,0,10
mdp.39015000537137,76,24,0,Floyd,PERSON,9,14
mdp.39015000537137,76,27,0,today,DATE,41,46
mdp.39015000537137,76,34,0,Florence,PERSON,23,31
mdp.39015000537137,76,35,0,52,CARDINAL,86,88
mdp.39015000537137,77,5,0,the other night,TIME,41,56
mdp.39015000537137,77,16,0,Florence,PERSON,11,19
mdp.39015000537137,77,17,0,Parker,PERSON,11,17
mdp.39015000537137,77,17,1,Layton,PERSON,98,104
mdp.39015000537137,77,17,2,53,CARDINAL,176,178
mdp.39015000537137,79,0,0,The Crossing,PERSON,0,12
mdp.39015000537137,81,2,0,Two,CARDINAL,0,3
mdp.39015000537137,81,6,0,Sunday,DATE,68,74
mdp.39015000537137,81,7,0,all three,CARDINAL,40,49
mdp.39015000537137,81,10,0,Bubba,PERSON,6,11
mdp.39015000537137,81,15,0,Bubba,PERSON,14,19
mdp.39015000537137,81,27,0,Essie,PERSON,13,18
mdp.39015000537137,81,27,1,57,CARDINAL,34,36
mdp.39015000537137,82,5,0,Jimmy Croon,PERSON,27,38
mdp.39015000537137,82,8,0,the Louisiana,DATE,12,25
mdp.39015000537137,82,8,1,summer,DATE,26,32
mdp.39015000537137,82,9,0,Jimmy,PERSON,26,31
mdp.39015000537137,82,12,0,Jimmy Croon,PERSON,21,32
mdp.39015000537137,82,15,0,Emmett Till,PERSON,30,41
mdp.39015000537137,82,17,0,Emmett Till,PERSON,1,12
mdp.39015000537137,82,35,0,a thousand,CARDINAL,27,37
mdp.39015000537137,83,1,0,New York,GPE,64,72
mdp.39015000537137,83,6,0,three days,DATE,75,85
mdp.39015000537137,83,9,0,Essie,PERSON,0,5
mdp.39015000537137,83,10,0,Jimmy,PERSON,16,21
mdp.39015000537137,83,14,0,Essie,PERSON,6,11
mdp.39015000537137,83,22,0,Essie,PERSON,6,11
mdp.39015000537137,83,22,1,Jimmy,PERSON,14,19
mdp.39015000537137,83,23,0,Emmett Till,PERSON,81,92
mdp.39015000537137,83,24,0,Bubba,PERSON,0,5
mdp.39015000537137,83,25,0,Essie,PERSON,23,28
mdp.39015000537137,83,26,0,Bubba,PERSON,14,19
mdp.39015000537137,83,26,1,Jimmy,PERSON,72,77
mdp.39015000537137,83,28,0,Jimmy,PERSON,12,17
mdp.39015000537137,83,28,1,Bubba,PERSON,59,64
mdp.39015000537137,83,29,0,Essie,PERSON,46,51
mdp.39015000537137,83,30,0,Bubba,PERSON,0,5
mdp.39015000537137,83,31,0,Jimmy,PERSON,0,5
mdp.39015000537137,83,31,1,Bubba,PERSON,28,33
mdp.39015000537137,83,33,0,Jimmy,PERSON,0,5
mdp.39015000537137,83,33,1,59,CARDINAL,32,34
mdp.39015000537137,84,1,0,Bubba,PERSON,69,74
mdp.39015000537137,84,2,0,Essie,PERSON,21,26
mdp.39015000537137,84,3,0,Jimmy,PERSON,0,5
mdp.39015000537137,84,4,0,Essie,PERSON,0,5
mdp.39015000537137,84,5,0,a few feet,QUANTITY,11,21
mdp.39015000537137,84,6,0,noon,TIME,9,13
mdp.39015000537137,84,9,0,Essie,PERSON,0,5
mdp.39015000537137,84,10,0,Jimmy,PERSON,12,17
mdp.39015000537137,84,13,0,Jimmy,PERSON,0,5
mdp.39015000537137,84,13,1,Essie,PERSON,67,72
mdp.39015000537137,84,14,0,Bubba,PERSON,0,5
mdp.39015000537137,84,14,1,Jimmy,PERSON,18,23
mdp.39015000537137,84,15,0,Jimmy Croon,PERSON,17,28
mdp.39015000537137,84,16,0,Jimmy,PERSON,31,36
mdp.39015000537137,84,23,0,Emmett Till,PERSON,24,35
mdp.39015000537137,84,30,0,Essie,PERSON,56,61
mdp.39015000537137,84,32,0,Bubba,PERSON,11,16
mdp.39015000537137,84,34,0,Essie,PERSON,0,5
mdp.39015000537137,84,36,0,Sunday,DATE,38,44
mdp.39015000537137,84,37,0,Bubba,PERSON,1,6
mdp.39015000537137,84,38,0,Jimmy,PERSON,41,46
mdp.39015000537137,84,39,0,60,CARDINAL,0,2
mdp.39015000537137,85,1,0,Jimmy,PERSON,0,5
mdp.39015000537137,85,1,1,Bubba,PERSON,23,28
mdp.39015000537137,85,2,0,Essie Till,PERSON,25,35
mdp.39015000537137,85,4,0,Bubba,PERSON,21,26
mdp.39015000537137,85,8,0,Jimmy,PERSON,38,43
mdp.39015000537137,85,9,0,Jimmy,PERSON,9,14
mdp.39015000537137,85,12,0,Bubba,PERSON,0,5
mdp.39015000537137,85,12,1,half,CARDINAL,17,21
mdp.39015000537137,85,13,0,Essie,PERSON,0,5
mdp.39015000537137,85,14,0,Bubba,PERSON,20,25
mdp.39015000537137,85,14,1,Jimmy,PERSON,41,46
mdp.39015000537137,85,15,0,Jimmy,PERSON,16,21
mdp.39015000537137,85,17,0,Essie,PERSON,0,5
mdp.39015000537137,85,19,0,Essie,PERSON,0,5
mdp.39015000537137,85,21,0,Bubba,PERSON,15,20
mdp.39015000537137,85,23,0,Jimmy,PERSON,4,9
mdp.39015000537137,85,24,0,Emmett,PERSON,1,7
mdp.39015000537137,85,25,0,Bubba,PERSON,0,5
mdp.39015000537137,85,28,0,Bubba,PERSON,12,17
mdp.39015000537137,85,29,0,Essie,PERSON,0,5
mdp.39015000537137,85,35,0,Jimmy,PERSON,0,5
mdp.39015000537137,85,35,1,half,CARDINAL,52,56
mdp.39015000537137,85,37,0,Jimmy,PERSON,31,36
mdp.39015000537137,85,39,0,Jimmy,PERSON,12,17
mdp.39015000537137,85,41,0,Essie,PERSON,12,17
mdp.39015000537137,85,42,0,Bubba,PERSON,0,5
mdp.39015000537137,85,44,0,61,CARDINAL,0,2
mdp.39015000537137,86,10,0,Jimmy,PERSON,35,40
mdp.39015000537137,86,12,0,night,TIME,15,20
mdp.39015000537137,86,18,0,a thousand,CARDINAL,31,41
mdp.39015000537137,86,19,0,Willy,PERSON,7,12
mdp.39015000537137,86,29,0,Essie,PERSON,67,72
mdp.39015000537137,86,39,0,a thousand,CARDINAL,120,130
mdp.39015000537137,87,11,0,Essie,PERSON,14,19
mdp.39015000537137,87,12,0,Essie Till,PERSON,11,21
mdp.39015000537137,87,14,0,Bubba,PERSON,23,28
mdp.39015000537137,87,15,0,Emmett Till,PERSON,42,53
mdp.39015000537137,87,16,0,Jimmy,PERSON,0,5
mdp.39015000537137,87,19,0,Essie,PERSON,0,5
mdp.39015000537137,87,19,1,no Emmett Till,PERSON,15,29
mdp.39015000537137,87,21,0,Jimmy,PERSON,33,38
mdp.39015000537137,87,22,0,Jimmy the Coon,PERSON,1,15
mdp.39015000537137,87,22,1,Bubba,PERSON,26,31
mdp.39015000537137,87,25,0,Three,CARDINAL,0,5
mdp.39015000537137,87,26,0,summer,DATE,67,73
mdp.39015000537137,87,27,0,Essie,PERSON,0,5
mdp.39015000537137,87,27,1,Ole Jimmy Croono,PERSON,49,65
mdp.39015000537137,87,31,0,Bubba,PERSON,79,84
mdp.39015000537137,87,31,1,Essie,PERSON,102,107
mdp.39015000537137,87,33,0,Jimmy,PERSON,0,5
mdp.39015000537137,87,35,0,Bubba,PERSON,0,5
mdp.39015000537137,87,37,0,63,CARDINAL,78,80
mdp.39015000537137,88,6,0,Jimmy,PERSON,19,24
mdp.39015000537137,88,7,0,Essie,PERSON,36,41
mdp.39015000537137,88,8,0,Essie,PERSON,44,49
mdp.39015000537137,88,9,0,Bubba,PERSON,35,40
mdp.39015000537137,88,15,0,all three,CARDINAL,35,44
mdp.39015000537137,88,19,0,Jimmy Croon,PERSON,51,62
mdp.39015000537137,88,20,0,Jimmy,PERSON,32,37
mdp.39015000537137,88,20,1,Bubbahead,PERSON,57,66
mdp.39015000537137,88,23,0,Essie,PERSON,23,28
mdp.39015000537137,88,27,0,Bubba,PERSON,19,24
mdp.39015000537137,88,28,0,Sunday,DATE,16,22
mdp.39015000537137,88,29,0,Jimmy,PERSON,6,11
mdp.39015000537137,88,35,0,Jimmy,PERSON,43,48
mdp.39015000537137,88,40,0,Essie,PERSON,0,5
mdp.39015000537137,88,41,0,64,CARDINAL,8,10
mdp.39015000537137,89,0,0,Essie,PERSON,5,10
mdp.39015000537137,89,0,1,Jimmy,PERSON,13,18
mdp.39015000537137,89,2,0,Bubba,PERSON,21,26
mdp.39015000537137,89,4,0,Jimmy,PERSON,0,5
mdp.39015000537137,89,5,0,Essie,PERSON,0,5
mdp.39015000537137,89,5,1,Jimmy,PERSON,16,21
mdp.39015000537137,89,5,2,Bubba,PERSON,31,36
mdp.39015000537137,89,6,0,Bubba,PERSON,62,67
mdp.39015000537137,89,7,0,Bubba,PERSON,0,5
mdp.39015000537137,89,13,0,Bubba,PERSON,0,5
mdp.39015000537137,89,20,0,Bubba,PERSON,13,18
mdp.39015000537137,92,0,0,dn,PERSON,0,2
mdp.39015000537137,92,0,1,Sav,PERSON,9,12
mdp.39015000537137,93,0,0,Grease,PERSON,14,20
mdp.39015000537137,93,3,0,Grease,PERSON,14,20
mdp.39015000537137,93,5,0,New Hope,GPE,24,32
mdp.39015000537137,93,5,1,Grease,PERSON,34,40
mdp.39015000537137,93,5,2,Blue,PERSON,42,46
mdp.39015000537137,93,5,3,Fish,PERSON,48,52
mdp.39015000537137,93,7,0,four dollars,MONEY,42,54
mdp.39015000537137,93,11,0,Blue,PERSON,19,23
mdp.39015000537137,93,11,1,Grease,PERSON,32,38
mdp.39015000537137,93,13,0,Blue,PERSON,0,4
mdp.39015000537137,93,16,0,Grease,PERSON,0,6
mdp.39015000537137,93,20,0,Grease,PERSON,14,20
mdp.39015000537137,93,20,1,Blue,PERSON,54,58
mdp.39015000537137,93,22,0,Blue,PERSON,12,16
mdp.39015000537137,93,24,0,Grease,PERSON,4,10
mdp.39015000537137,93,24,1,half,CARDINAL,15,19
mdp.39015000537137,93,26,0,two,CARDINAL,39,42
mdp.39015000537137,93,28,0,Grease,PERSON,19,25
mdp.39015000537137,93,33,0,69,CARDINAL,0,2
mdp.39015000537137,94,2,0,Fish,PERSON,28,32
mdp.39015000537137,94,4,0,Blue,PERSON,24,28
mdp.39015000537137,94,4,1,Rock Hill,LOC,40,49
mdp.39015000537137,94,5,0,Grease,PERSON,0,6
mdp.39015000537137,94,6,0,Fish,PERSON,12,16
mdp.39015000537137,94,7,0,Creek,LOC,44,49
mdp.39015000537137,94,8,0,Grease,PERSON,26,32
mdp.39015000537137,94,10,0,Tate,PERSON,15,19
mdp.39015000537137,94,12,0,one,CARDINAL,15,18
mdp.39015000537137,94,13,0,Blue,PERSON,17,21
mdp.39015000537137,94,14,0,one,CARDINAL,17,20
mdp.39015000537137,94,16,0,Grease,PERSON,28,34
mdp.39015000537137,94,17,0,Lucille,PERSON,59,66
mdp.39015000537137,94,17,1,Rock Hill,GPE,88,97
mdp.39015000537137,94,18,0,Blue,PERSON,13,17
mdp.39015000537137,94,18,1,tomorrow,DATE,64,72
mdp.39015000537137,94,19,0,Rock Hill,LOC,31,40
mdp.39015000537137,94,21,0,Fish,PERSON,12,16
mdp.39015000537137,94,28,0,Fish,PERSON,16,20
mdp.39015000537137,94,29,0,Blue,PERSON,0,4
mdp.39015000537137,94,29,1,Fish,PERSON,27,31
mdp.39015000537137,94,30,0,Greasemouth,LOC,13,24
mdp.39015000537137,94,32,0,Grease,PERSON,17,23
mdp.39015000537137,94,32,1,hardly that whole year,DATE,44,66
mdp.39015000537137,94,35,0,five miles,QUANTITY,38,48
mdp.39015000537137,94,36,0,Blue,PERSON,23,27
mdp.39015000537137,95,0,0,Grease,PERSON,32,38
mdp.39015000537137,95,3,0,Blue,PERSON,39,43
mdp.39015000537137,95,4,0,One,CARDINAL,1,4
mdp.39015000537137,95,5,0,Fish,PERSON,37,41
mdp.39015000537137,95,7,0,Grease,PERSON,23,29
mdp.39015000537137,95,8,0,Grease,PERSON,14,20
mdp.39015000537137,95,13,0,Grease,PERSON,12,18
mdp.39015000537137,95,13,1,Fish,PERSON,29,33
mdp.39015000537137,95,18,0,Blue,PERSON,42,46
mdp.39015000537137,95,20,0,Fish,PERSON,47,51
mdp.39015000537137,95,22,0,Tate,PERSON,15,19
mdp.39015000537137,95,26,0,Blue,PERSON,53,57
mdp.39015000537137,95,27,0,first,ORDINAL,43,48
mdp.39015000537137,95,30,0,three,CARDINAL,80,85
mdp.39015000537137,95,31,0,first,ORDINAL,13,18
mdp.39015000537137,95,31,1,Fish,PERSON,44,48
mdp.39015000537137,95,32,0,71,CARDINAL,0,2
mdp.39015000537137,96,1,0,Fish,PERSON,38,42
mdp.39015000537137,96,1,1,Grease,PERSON,51,57
mdp.39015000537137,96,6,0,Blue,PERSON,18,22
mdp.39015000537137,96,6,1,Grease,PERSON,81,87
mdp.39015000537137,96,7,0,Blue,PERSON,4,8
mdp.39015000537137,96,11,0,Blue,PERSON,0,4
mdp.39015000537137,96,11,1,Grease,PERSON,56,62
mdp.39015000537137,96,14,0,Grease,PERSON,0,6
mdp.39015000537137,96,16,0,Grease,PERSON,0,6
mdp.39015000537137,96,20,0,Blue,PERSON,21,25
mdp.39015000537137,96,22,0,Grease,PERSON,34,40
mdp.39015000537137,96,24,0,About half an acre,QUANTITY,0,18
mdp.39015000537137,96,26,0,Grease,PERSON,9,15
mdp.39015000537137,96,26,1,Fish,PERSON,27,31
mdp.39015000537137,96,27,0,Blue,PERSON,56,60
mdp.39015000537137,96,28,0,four,CARDINAL,53,57
mdp.39015000537137,96,29,0,Grease,PERSON,24,30
mdp.39015000537137,96,30,0,Fish,PERSON,19,23
mdp.39015000537137,96,34,0,Blue,PERSON,30,34
mdp.39015000537137,96,36,0,72,CARDINAL,0,2
mdp.39015000537137,97,6,0,Blue,PERSON,36,40
mdp.39015000537137,97,15,0,Blue,PERSON,7,11
mdp.39015000537137,97,16,0,Grease,PERSON,0,6
mdp.39015000537137,97,19,0,Greasemouth,PERSON,34,45
mdp.39015000537137,97,20,0,Grease,PERSON,18,24
mdp.39015000537137,97,23,0,Fish,PERSON,0,4
mdp.39015000537137,97,25,0,Blue,PERSON,16,20
mdp.39015000537137,97,28,0,One,CARDINAL,0,3
mdp.39015000537137,97,29,0,Blue,PERSON,30,34
mdp.39015000537137,97,32,0,Grease,PERSON,48,54
mdp.39015000537137,97,37,0,Grease,PERSON,24,30
mdp.39015000537137,97,43,0,Grease,PERSON,16,22
mdp.39015000537137,97,45,0,Blue,PERSON,0,4
mdp.39015000537137,97,48,0,Blue,PERSON,0,4
mdp.39015000537137,97,49,0,Grease,PERSON,0,6
mdp.39015000537137,97,49,1,73,CARDINAL,63,65
mdp.39015000537137,98,7,0,Grease,PERSON,0,6
mdp.39015000537137,98,10,0,Grease,PERSON,17,23
mdp.39015000537137,98,11,0,Blue,PERSON,0,4
mdp.39015000537137,98,14,0,Fish,PERSON,19,23
mdp.39015000537137,98,17,0,Fish,PERSON,11,15
mdp.39015000537137,98,17,1,Grease,PERSON,18,24
mdp.39015000537137,98,20,0,last year,DATE,17,26
mdp.39015000537137,98,20,1,Tulsom Lumber,ORG,49,62
mdp.39015000537137,98,24,0,Grease,PERSON,46,52
mdp.39015000537137,98,24,1,Tatehead,PERSON,69,77
mdp.39015000537137,98,28,0,Blue,PERSON,5,9
mdp.39015000537137,98,30,0,Fish,PERSON,24,28
mdp.39015000537137,98,31,0,Fish,PERSON,0,4
mdp.39015000537137,98,32,0,Grease,PERSON,25,31
mdp.39015000537137,98,35,0,Fish,PERSON,17,21
mdp.39015000537137,98,36,0,Fish,PERSON,33,37
mdp.39015000537137,98,38,0,Grease,PERSON,0,6
mdp.39015000537137,98,41,0,Blue,PERSON,21,25
mdp.39015000537137,98,42,0,night,TIME,8,13
mdp.39015000537137,98,50,0,74,DATE,17,19
mdp.39015000537137,99,7,0,Fish,PERSON,0,4
mdp.39015000537137,99,7,1,Grease,PERSON,33,39
mdp.39015000537137,99,8,0,Fish,PERSON,87,91
mdp.39015000537137,99,10,0,Blue,PERSON,0,4
mdp.39015000537137,99,14,0,Tate,PERSON,10,14
mdp.39015000537137,99,14,1,Fish,PERSON,17,21
mdp.39015000537137,99,17,0,Grease,PERSON,25,31
mdp.39015000537137,99,19,0,Blue,PERSON,15,19
mdp.39015000537137,99,20,0,Blue,PERSON,6,10
mdp.39015000537137,99,20,1,Grease,PERSON,45,51
mdp.39015000537137,99,24,0,Grease,PERSON,82,88
mdp.39015000537137,99,27,0,Tate,PERSON,36,40
mdp.39015000537137,99,29,0,half,CARDINAL,16,20
mdp.39015000537137,99,30,0,Blue,PERSON,15,19
mdp.39015000537137,99,31,0,75,CARDINAL,0,2
mdp.39015000537137,100,3,0,one,CARDINAL,10,13
mdp.39015000537137,100,4,0,Fish,PERSON,24,28
mdp.39015000537137,100,10,0,Grease,PERSON,13,19
mdp.39015000537137,100,12,0,over a mile,QUANTITY,7,18
mdp.39015000537137,100,19,0,Grease,PERSON,1,7
mdp.39015000537137,100,19,1,Fish,PERSON,58,62
mdp.39015000537137,100,26,0,Blue,PERSON,33,37
mdp.39015000537137,100,26,1,Grease,PERSON,42,48
mdp.39015000537137,100,28,0,Grease,PERSON,17,23
mdp.39015000537137,100,31,0,two days,DATE,9,17
mdp.39015000537137,100,31,1,Rock Hill,LOC,37,46
mdp.39015000537137,100,31,2,Grease,PERSON,54,60
mdp.39015000537137,100,32,0,Nesbit,PERSON,35,41
mdp.39015000537137,100,33,0,Bainesville,GPE,59,70
mdp.39015000537137,100,35,0,Blue,PERSON,17,21
mdp.39015000537137,100,36,0,Fish,PERSON,18,22
mdp.39015000537137,100,36,1,76,DATE,43,45
mdp.39015000537137,101,3,0,Grease,PERSON,20,26
mdp.39015000537137,101,4,0,the Memphis Highway,FAC,29,48
mdp.39015000537137,101,4,1,Rock Hill,GPE,82,91
mdp.39015000537137,101,5,0,Rock Hill,GPE,45,54
mdp.39015000537137,101,17,0,Grease,PERSON,41,47
mdp.39015000537137,101,24,0,Grease,PERSON,99,105
mdp.39015000537137,101,32,0,Grease,PERSON,20,26
mdp.39015000537137,101,33,0,Grease,PERSON,20,26
mdp.39015000537137,101,35,0,Grease,PERSON,39,45
mdp.39015000537137,102,4,0,Tate,PERSON,0,4
mdp.39015000537137,102,5,0,Grease,PERSON,0,6
mdp.39015000537137,102,8,0,three,CARDINAL,25,30
mdp.39015000537137,102,12,0,Greasemouth,PERSON,39,50
mdp.39015000537137,102,14,0,Grease,PERSON,0,6
mdp.39015000537137,102,14,1,Greasemouth,PERSON,116,127
mdp.39015000537137,102,20,0,Fish,PERSON,5,9
mdp.39015000537137,102,28,0,four,CARDINAL,200,204
mdp.39015000537137,102,29,0,Fish,PERSON,20,24
mdp.39015000537137,102,31,0,Grease,PERSON,25,31
mdp.39015000537137,102,33,0,peckerwood,GPE,40,50
mdp.39015000537137,102,35,0,first,ORDINAL,54,59
mdp.39015000537137,102,36,0,Greasemouth,PERSON,0,11
mdp.39015000537137,102,38,0,Grease,PERSON,68,74
mdp.39015000537137,102,41,0,78,CARDINAL,0,2
mdp.39015000537137,103,0,0,Grease,PERSON,9,15
mdp.39015000537137,103,1,0,one,CARDINAL,44,47
mdp.39015000537137,103,3,0,Fish,PERSON,43,47
mdp.39015000537137,103,4,0,Blue,PERSON,7,11
mdp.39015000537137,103,4,1,one,CARDINAL,17,20
mdp.39015000537137,103,5,0,Grease,PERSON,0,6
mdp.39015000537137,103,5,1,Fish,PERSON,36,40
mdp.39015000537137,103,6,0,Christian,NORP,12,21
mdp.39015000537137,103,8,0,Blue,PERSON,23,27
mdp.39015000537137,103,9,0,Greasy,PERSON,28,34
mdp.39015000537137,103,13,0,Blue,PERSON,42,46
mdp.39015000537137,103,16,0,Blue,PERSON,19,23
mdp.39015000537137,103,18,0,Blue,PERSON,33,37
mdp.39015000537137,103,19,0,Grease,PERSON,0,6
mdp.39015000537137,103,22,0,Grease,PERSON,26,32
mdp.39015000537137,103,29,0,God Almighty,PERSON,9,21
mdp.39015000537137,103,31,0,Weams,PERSON,21,26
mdp.39015000537137,103,39,0,Fish,PERSON,27,31
mdp.39015000537137,103,42,0,Blue,PERSON,14,18
mdp.39015000537137,103,43,0,79,CARDINAL,20,22
mdp.39015000537137,105,0,0,A Harlem Game *,WORK_OF_ART,0,15
mdp.39015000537137,107,0,0,Mack,PERSON,0,4
mdp.39015000537137,107,0,1,Jayjay,PERSON,9,15
mdp.39015000537137,107,0,2,Jayjay,PERSON,47,53
mdp.39015000537137,107,0,3,Mack,PERSON,98,102
mdp.39015000537137,107,2,0,Mack,PERSON,0,4
mdp.39015000537137,107,3,0,Jay,PERSON,23,26
mdp.39015000537137,107,7,0,Jayjay,PERSON,18,24
mdp.39015000537137,107,10,0,half,CARDINAL,36,40
mdp.39015000537137,107,11,0,fifty cents,MONEY,25,36
mdp.39015000537137,107,15,0,Jayjay,PERSON,11,17
mdp.39015000537137,107,16,0,Jayjay,PERSON,60,66
mdp.39015000537137,107,19,0,Jayjay,PERSON,21,27
mdp.39015000537137,107,20,0,Frisky,PERSON,37,43
mdp.39015000537137,107,21,0,Mack,PERSON,79,83
mdp.39015000537137,107,22,0,two minutes,TIME,11,22
mdp.39015000537137,107,27,0,a minute,TIME,17,25
mdp.39015000537137,108,5,0,Mack,PERSON,22,26
mdp.39015000537137,108,6,0,Lola,PERSON,33,37
mdp.39015000537137,108,7,0,Mack,PERSON,0,4
mdp.39015000537137,108,9,0,Lola,PERSON,0,4
mdp.39015000537137,108,9,1,Jim Davis,PERSON,18,27
mdp.39015000537137,108,10,0,Mack,PERSON,0,4
mdp.39015000537137,108,11,0,Jim Davis,PERSON,19,28
mdp.39015000537137,108,12,0,Mack,PERSON,0,4
mdp.39015000537137,108,18,0,Jim Davis,PERSON,34,43
mdp.39015000537137,108,18,1,Lola,PERSON,48,52
mdp.39015000537137,108,21,0,Jim Davis,PERSON,0,9
mdp.39015000537137,108,22,0,Mack,PERSON,0,4
mdp.39015000537137,108,24,0,Mack,PERSON,19,23
mdp.39015000537137,108,24,1,all day,DATE,41,48
mdp.39015000537137,108,26,0,Mack,PERSON,0,4
mdp.39015000537137,108,30,0,Mack,PERSON,13,17
mdp.39015000537137,108,35,0,Jim Davis,PERSON,0,9
mdp.39015000537137,108,35,1,Mack,PERSON,51,55
mdp.39015000537137,108,39,0,Mack,PERSON,15,19
mdp.39015000537137,108,39,1,Mack,PERSON,25,29
mdp.39015000537137,108,41,0,Mackie,PERSON,30,36
mdp.39015000537137,109,2,0,Jay,PERSON,1,4
mdp.39015000537137,109,6,0,Lola,PERSON,28,32
mdp.39015000537137,109,6,1,Jim Davis,PERSON,41,50
mdp.39015000537137,109,7,0,Mack,PERSON,0,4
mdp.39015000537137,109,9,0,two,CARDINAL,17,20
mdp.39015000537137,109,9,1,Mack,PERSON,65,69
mdp.39015000537137,109,13,0,Mack,PERSON,0,4
mdp.39015000537137,109,15,0,Mack,PERSON,0,4
mdp.39015000537137,109,18,0,Lola,PERSON,0,4
mdp.39015000537137,109,18,1,Jim Davis,PERSON,21,30
mdp.39015000537137,109,21,0,Jim Davis,PERSON,0,9
mdp.39015000537137,109,23,0,Mack,PERSON,0,4
mdp.39015000537137,109,24,0,Punk,PERSON,26,30
mdp.39015000537137,109,25,0,Mack,PERSON,0,4
mdp.39015000537137,109,27,0,Jayjerk,PERSON,27,34
mdp.39015000537137,109,30,0,Mack,PERSON,56,60
mdp.39015000537137,109,30,1,four,CARDINAL,81,85
mdp.39015000537137,109,31,0,Mack,PERSON,0,4
mdp.39015000537137,109,34,0,Mack,PERSON,0,4
mdp.39015000537137,109,40,0,85,CARDINAL,9,11
mdp.39015000537137,110,3,0,Mack,PERSON,43,47
mdp.39015000537137,110,4,0,Mack,PERSON,22,26
mdp.39015000537137,110,4,1,two,CARDINAL,71,74
mdp.39015000537137,110,6,0,Lola,PERSON,13,17
mdp.39015000537137,110,8,0,Mack,PERSON,5,9
mdp.39015000537137,110,8,1,two,CARDINAL,15,18
mdp.39015000537137,110,9,0,Lola,PERSON,0,4
mdp.39015000537137,110,12,0,Mack,PERSON,4,8
mdp.39015000537137,110,12,1,two,CARDINAL,63,66
mdp.39015000537137,110,14,0,Mack,PERSON,29,33
mdp.39015000537137,110,16,0,Mack,PERSON,0,4
mdp.39015000537137,110,18,0,Mack,PERSON,11,15
mdp.39015000537137,110,19,0,Mack,PERSON,26,30
mdp.39015000537137,110,20,0,Mack,PERSON,0,4
mdp.39015000537137,110,22,0,Mack,PERSON,0,4
mdp.39015000537137,110,24,0,Mack,PERSON,0,4
mdp.39015000537137,110,26,0,Mack,PERSON,0,4
mdp.39015000537137,111,0,0,Jim Davis,PERSON,0,9
mdp.39015000537137,111,1,0,Mack,PERSON,0,4
mdp.39015000537137,111,5,0,Mack,PERSON,0,4
mdp.39015000537137,111,8,0,three,CARDINAL,88,93
mdp.39015000537137,111,8,1,four,CARDINAL,101,105
mdp.39015000537137,111,13,0,two,CARDINAL,22,25
mdp.39015000537137,111,14,0,Mack,PERSON,0,4
mdp.39015000537137,111,15,0,quarter,CARDINAL,17,24
mdp.39015000537137,111,16,0,Lola,PERSON,13,17
mdp.39015000537137,111,17,0,Jim Davis,PERSON,0,9
mdp.39015000537137,111,17,1,Mack,PERSON,35,39
mdp.39015000537137,111,24,0,Lola,PERSON,0,4
mdp.39015000537137,111,26,0,Mack,PERSON,11,15
mdp.39015000537137,111,26,1,quarter,CARDINAL,42,49
mdp.39015000537137,111,27,0,Mack,PERSON,0,4
mdp.39015000537137,111,30,0,Mack,PERSON,0,4
mdp.39015000537137,111,33,0,Mack,PERSON,33,37
mdp.39015000537137,111,34,0,two,CARDINAL,29,32
mdp.39015000537137,111,35,0,Mack,PERSON,0,4
mdp.39015000537137,111,37,0,dollar,MONEY,26,32
mdp.39015000537137,111,38,0,Mack,PERSON,0,4
mdp.39015000537137,111,41,0,Mack,PERSON,0,4
mdp.39015000537137,111,41,1,Jim Davis,PERSON,15,24
mdp.39015000537137,111,42,0,Jim,PERSON,0,3
mdp.39015000537137,112,2,0,Lola,PERSON,0,4
mdp.39015000537137,112,2,1,Mack,PERSON,9,13
mdp.39015000537137,112,14,0,Mack,PERSON,29,33
mdp.39015000537137,112,15,0,Buck and a quarter,MONEY,1,19
mdp.39015000537137,112,24,0,Mack,PERSON,0,4
mdp.39015000537137,112,26,0,Jayjay,PERSON,15,21
mdp.39015000537137,112,35,0,888,CARDINAL,37,40
mdp.39015000537137,115,0,0,Probe,PERSON,39,44
mdp.39015000537137,115,2,0,Probe,PERSON,4,9
mdp.39015000537137,115,4,0,Probe,PERSON,0,5
mdp.39015000537137,115,4,1,six,CARDINAL,98,101
mdp.39015000537137,115,5,0,first,ORDINAL,31,36
mdp.39015000537137,115,8,0,Magwa,PERSON,0,5
mdp.39015000537137,115,9,0,Haig,PERSON,31,35
mdp.39015000537137,115,9,1,Billy,PERSON,71,76
mdp.39015000537137,115,9,2,Stace,PERSON,115,120
mdp.39015000537137,115,9,3,Mojohn,PERSON,224,230
mdp.39015000537137,115,10,0,Probe,ORG,27,32
mdp.39015000537137,115,11,0,the Sound Barrier Club,ORG,8,30
mdp.39015000537137,115,11,1,three,CARDINAL,31,36
mdp.39015000537137,115,12,0,Jan,PERSON,0,3
mdp.39015000537137,115,13,0,Probe,PERSON,18,23
mdp.39015000537137,115,13,1,six years ago,DATE,24,37
mdp.39015000537137,115,13,2,the West Coast,LOC,41,55
mdp.39015000537137,115,15,0,Probe,PERSON,17,22
mdp.39015000537137,115,16,0,Negro,NORP,18,23
mdp.39015000537137,115,18,0,Ron,PERSON,16,19
mdp.39015000537137,115,18,1,Tasha,PERSON,24,29
mdp.39015000537137,115,19,0,91,CARDINAL,0,2
mdp.39015000537137,116,0,0,two,CARDINAL,10,13
mdp.39015000537137,116,0,1,the Sound Club,ORG,85,99
mdp.39015000537137,116,1,0,Ron,PERSON,0,3
mdp.39015000537137,116,3,0,Club,ORG,26,30
mdp.39015000537137,116,5,0,one,CARDINAL,32,35
mdp.39015000537137,116,6,0,Harlem,GPE,70,76
mdp.39015000537137,116,7,0,Ron,PERSON,0,3
mdp.39015000537137,116,7,1,Probe Adams,ORG,80,91
mdp.39015000537137,116,8,0,Yale,ORG,26,30
mdp.39015000537137,116,8,1,Ron,PERSON,32,35
mdp.39015000537137,116,10,0,Mississippi,GPE,41,52
mdp.39015000537137,116,10,1,John,PERSON,53,57
mdp.39015000537137,116,10,2,Muddy Waters,PERSON,61,73
mdp.39015000537137,116,10,3,one,CARDINAL,75,78
mdp.39015000537137,116,10,4,two,CARDINAL,86,89
mdp.39015000537137,116,10,5,Alabama,GPE,122,129
mdp.39015000537137,116,12,0,Muddy,PERSON,0,5
mdp.39015000537137,116,12,1,Ron,PERSON,42,45
mdp.39015000537137,116,13,0,Ron,PERSON,0,3
mdp.39015000537137,116,17,0,Tasha,PERSON,8,13
mdp.39015000537137,116,18,0,Tasha,PERSON,0,5
mdp.39015000537137,116,20,0,Vassar,NORP,10,16
mdp.39015000537137,116,20,1,Oliver Fullerton,PERSON,56,72
mdp.39015000537137,116,21,0,Down Beat,ORG,31,40
mdp.39015000537137,116,21,1,Fullerton,PERSON,95,104
mdp.39015000537137,116,22,0,Fullerton,PERSON,0,9
mdp.39015000537137,116,22,1,Tasha,PERSON,88,93
mdp.39015000537137,116,24,0,Tasha,PERSON,10,15
mdp.39015000537137,116,25,0,Oliver,PERSON,35,41
mdp.39015000537137,116,27,0,Oliver,PERSON,44,50
mdp.39015000537137,116,31,0,Oliver,PERSON,122,128
mdp.39015000537137,116,34,0,92,CARDINAL,0,2
mdp.39015000537137,117,1,0,Brothers and Sisters,ORG,14,34
mdp.39015000537137,117,3,0,Jan,PERSON,0,3
mdp.39015000537137,117,7,0,Probe,ORG,18,23
mdp.39015000537137,117,9,0,two,CARDINAL,8,11
mdp.39015000537137,117,11,0,Probe,ORG,41,46
mdp.39015000537137,117,12,0,one,CARDINAL,21,24
mdp.39015000537137,117,14,0,three,CARDINAL,19,24
mdp.39015000537137,117,16,0,three,CARDINAL,61,66
mdp.39015000537137,117,18,0,Jan,PERSON,35,38
mdp.39015000537137,117,19,0,Brothers,ORG,18,26
mdp.39015000537137,117,21,0,Probe,ORG,18,23
mdp.39015000537137,117,22,0,three,CARDINAL,4,9
mdp.39015000537137,117,23,0,Carl,PERSON,0,4
mdp.39015000537137,117,24,0,Kent,PERSON,36,40
mdp.39015000537137,117,24,1,Rafael,PERSON,45,51
mdp.39015000537137,117,24,2,Probe,ORG,91,96
mdp.39015000537137,117,26,0,Jan,PERSON,0,3
mdp.39015000537137,117,28,0,Carl,PERSON,0,4
mdp.39015000537137,117,31,0,Jan,PERSON,0,3
mdp.39015000537137,117,31,1,Ron,PERSON,43,46
mdp.39015000537137,117,31,2,Tasha,PERSON,51,56
mdp.39015000537137,117,32,0,the West Coast,LOC,58,72
mdp.39015000537137,117,34,0,Carl,PERSON,0,4
mdp.39015000537137,117,34,1,Irishman,NORP,68,76
mdp.39015000537137,117,37,0,Kent,PERSON,0,4
mdp.39015000537137,117,37,1,Rafael,PERSON,9,15
mdp.39015000537137,117,37,2,Carl,PERSON,24,28
mdp.39015000537137,117,37,3,93,CARDINAL,71,73
mdp.39015000537137,118,2,0,Carl,PERSON,0,4
mdp.39015000537137,118,5,0,Irish,NORP,4,9
mdp.39015000537137,118,5,1,three,CARDINAL,136,141
mdp.39015000537137,118,7,0,Harlem,GPE,13,19
mdp.39015000537137,118,7,1,Harlem,GPE,129,135
mdp.39015000537137,118,10,0,Rafael,PERSON,28,34
mdp.39015000537137,118,11,0,three,CARDINAL,47,52
mdp.39015000537137,118,14,0,Jan,PERSON,12,15
mdp.39015000537137,118,16,0,Probe,PERSON,0,5
mdp.39015000537137,118,17,0,Probe,PERSON,76,81
mdp.39015000537137,118,18,0,Probe,PERSON,0,5
mdp.39015000537137,118,21,0,Three,CARDINAL,0,5
mdp.39015000537137,118,27,0,Samson,GPE,120,126
mdp.39015000537137,118,31,0,Probe,PERSON,0,5
mdp.39015000537137,118,34,0,only three,CARDINAL,10,20
mdp.39015000537137,118,35,0,Africa,LOC,49,55
mdp.39015000537137,118,35,1,South America,LOC,60,73
mdp.39015000537137,119,0,0,Egyptians,NORP,8,17
mdp.39015000537137,119,1,0,One,CARDINAL,0,3
mdp.39015000537137,119,1,1,European,NORP,4,12
mdp.39015000537137,119,2,0,the West Coast,LOC,41,55
mdp.39015000537137,119,2,1,Mexico,GPE,59,65
mdp.39015000537137,119,2,2,Indians,NORP,84,91
mdp.39015000537137,119,3,0,Probe,PERSON,0,5
mdp.39015000537137,119,3,1,a thousand miles,QUANTITY,70,86
mdp.39015000537137,119,4,0,that day,DATE,5,13
mdp.39015000537137,119,4,1,Probe,PERSON,18,23
mdp.39015000537137,119,9,0,Magwa,PERSON,0,5
mdp.39015000537137,119,13,0,Jan,PERSON,25,28
mdp.39015000537137,119,13,1,Probe,ORG,86,91
mdp.39015000537137,119,13,2,first,ORDINAL,94,99
mdp.39015000537137,119,15,0,Ron,PERSON,16,19
mdp.39015000537137,119,16,0,Tasha,PERSON,11,16
mdp.39015000537137,119,16,1,Ron,PERSON,51,54
mdp.39015000537137,119,18,0,Jan,PERSON,28,31
mdp.39015000537137,119,21,0,Ron,PERSON,0,3
mdp.39015000537137,119,24,0,Probe,PRODUCT,13,18
mdp.39015000537137,119,25,0,Irishman,NORP,207,215
mdp.39015000537137,119,25,1,one,CARDINAL,291,294
mdp.39015000537137,119,25,2,Probe,PERSON,306,311
mdp.39015000537137,119,28,0,95,CARDINAL,20,22
mdp.39015000537137,120,7,0,96,CARDINAL,16,18
mdp.39015000537137,123,3,0,Big Skin,PERSON,7,15
mdp.39015000537137,123,9,0,VC,ORG,12,14
mdp.39015000537137,123,9,1,the Viet Cong,ORG,16,29
mdp.39015000537137,123,11,0,Big Skin,PERSON,7,15
mdp.39015000537137,123,11,1,the next day,DATE,39,51
mdp.39015000537137,123,12,0,Big Skin,PERSON,0,8
mdp.39015000537137,123,15,0,Mowhites,NORP,12,20
mdp.39015000537137,123,18,0,Bone,PERSON,14,18
mdp.39015000537137,123,19,0,Bone,PERSON,0,4
mdp.39015000537137,123,20,0,Mowhite,ORG,0,7
mdp.39015000537137,123,22,0,half,CARDINAL,22,26
mdp.39015000537137,123,22,1,Mowhite,PERSON,40,47
mdp.39015000537137,123,22,2,a week,DATE,77,83
mdp.39015000537137,123,23,0,National Guard,ORG,33,47
mdp.39015000537137,123,23,1,Guard,ORG,57,62
mdp.39015000537137,123,23,2,yesterday,DATE,68,77
mdp.39015000537137,123,27,0,Big Skin,PERSON,23,31
mdp.39015000537137,123,30,0,Sammy,PERSON,9,14
mdp.39015000537137,123,30,1,Momo,PERSON,16,20
mdp.39015000537137,123,30,2,Walter,PERSON,22,28
mdp.39015000537137,123,30,3,Doris,PERSON,49,54
mdp.39015000537137,123,30,4,Edie,PERSON,56,60
mdp.39015000537137,123,30,5,Tomkins,PERSON,84,91
mdp.39015000537137,123,34,0,Big Skin,PERSON,7,15
mdp.39015000537137,123,34,1,Bone,PERSON,27,31
mdp.39015000537137,123,39,0,Big Skin,PERSON,0,8
mdp.39015000537137,123,39,1,half,CARDINAL,14,18
mdp.39015000537137,123,45,0,Duke,PERSON,11,15
mdp.39015000537137,123,47,0,Brooklyn,GPE,20,28
mdp.39015000537137,123,47,1,Chicago,GPE,30,37
mdp.39015000537137,123,48,0,Birmingham,GPE,0,10
mdp.39015000537137,123,48,1,Cleveland,GPE,15,24
mdp.39015000537137,123,49,0,Oakland,GPE,20,27
mdp.39015000537137,123,49,1,99,CARDINAL,30,32
mdp.39015000537137,124,0,0,Mace,PERSON,12,16
mdp.39015000537137,124,1,0,Mace,PERSON,0,4
mdp.39015000537137,124,1,1,Army,ORG,22,26
mdp.39015000537137,124,8,0,Mace,PERSON,0,4
mdp.39015000537137,124,8,1,two,CARDINAL,26,29
mdp.39015000537137,124,13,0,one,CARDINAL,50,53
mdp.39015000537137,124,14,0,Big Skin,PERSON,7,15
mdp.39015000537137,124,15,0,Big Skin,PERSON,0,8
mdp.39015000537137,124,21,0,Duke,PERSON,4,8
mdp.39015000537137,124,26,0,one,CARDINAL,67,70
mdp.39015000537137,124,26,1,next week,DATE,85,94
mdp.39015000537137,124,28,0,Charley,PERSON,31,38
mdp.39015000537137,124,33,0,Mace,PERSON,0,4
mdp.39015000537137,124,37,0,Gestapo,ORG,0,7
mdp.39015000537137,124,38,0,Hitler,PERSON,23,29
mdp.39015000537137,124,40,0,Harlem,GPE,27,33
mdp.39015000537137,124,40,1,Muslims,NORP,71,78
mdp.39015000537137,124,40,2,Martin Luther King,PERSON,83,101
mdp.39015000537137,124,47,0,Harlem,GPE,19,25
mdp.39015000537137,124,48,0,Duke,PERSON,0,4
mdp.39015000537137,124,51,0,first,ORDINAL,25,30
mdp.39015000537137,124,52,0,some Chalk Whitey,PERSON,22,39
mdp.39015000537137,124,52,1,100,CARDINAL,77,80
mdp.39015000537137,125,4,0,Duke,PERSON,0,4
mdp.39015000537137,125,9,0,33rd Street,FAC,22,33
mdp.39015000537137,125,11,0,Duke,PERSON,0,4
mdp.39015000537137,125,12,0,Tyro,PERSON,14,18
mdp.39015000537137,125,15,0,Tyro,PERSON,0,4
mdp.39015000537137,125,15,1,Viet Nam,GPE,26,34
mdp.39015000537137,125,17,0,one,CARDINAL,19,22
mdp.39015000537137,125,20,0,Duke,PERSON,0,4
mdp.39015000537137,125,20,1,Tyro's,ORG,24,30
mdp.39015000537137,125,31,0,one hour,TIME,17,25
mdp.39015000537137,125,34,0,three,CARDINAL,9,14
mdp.39015000537137,125,38,0,One,CARDINAL,0,3
mdp.39015000537137,125,47,0,Duke,PERSON,0,4
mdp.39015000537137,125,47,1,Big Skin,PERSON,9,17
mdp.39015000537137,125,52,0,About fifty,CARDINAL,0,11
mdp.39015000537137,125,54,0,33rd,FAC,15,19
mdp.39015000537137,125,56,0,One,CARDINAL,0,3
mdp.39015000537137,126,0,0,Tyro,PERSON,0,4
mdp.39015000537137,126,0,1,30th Street,FAC,8,19
mdp.39015000537137,126,2,0,Three,CARDINAL,0,5
mdp.39015000537137,126,11,0,Tyro,PERSON,0,4
mdp.39015000537137,126,16,0,Tyro,PERSON,16,20
mdp.39015000537137,126,20,0,Tina,PERSON,5,9
mdp.39015000537137,126,23,0,Tyro,PERSON,16,20
mdp.39015000537137,126,27,0,six,CARDINAL,11,14
mdp.39015000537137,126,28,0,Six,CARDINAL,0,3
mdp.39015000537137,126,31,0,Tyro,PERSON,15,19
mdp.39015000537137,126,32,0,years,DATE,26,31
mdp.39015000537137,126,33,0,Unicorns,ORG,42,50
mdp.39015000537137,126,35,0,Tyro,PERSON,10,14
mdp.39015000537137,126,38,0,Fidel Castro,PERSON,24,36
mdp.39015000537137,126,39,0,Tyro,PERSON,26,30
mdp.39015000537137,126,40,0,66,CARDINAL,0,2
mdp.39015000537137,126,40,1,Cong,ORG,9,13
mdp.39015000537137,126,44,0,sixty,CARDINAL,7,12
mdp.39015000537137,126,53,0,one,CARDINAL,7,10
mdp.39015000537137,126,56,0,one day,DATE,26,33
mdp.39015000537137,126,57,0,America,GPE,0,7
mdp.39015000537137,126,59,0,102,CARDINAL,28,31
mdp.39015000537137,127,22,0,Tyro,PERSON,5,9
mdp.39015000537137,127,53,0,33rd Street,FAC,0,11
mdp.39015000537137,127,62,0,103,CARDINAL,0,3
mdp.39015000537137,129,0,0,Fon,PERSON,0,3
mdp.39015000537137,131,4,0,Nillmon,PERSON,0,7
mdp.39015000537137,131,7,0,evening,TIME,51,58
mdp.39015000537137,131,10,0,Uncle Sam,PERSON,72,81
mdp.39015000537137,131,10,1,Nillmon,PERSON,176,183
mdp.39015000537137,131,12,0,half,CARDINAL,120,124
mdp.39015000537137,131,12,1,four,CARDINAL,200,204
mdp.39015000537137,131,28,0,three,CARDINAL,38,43
mdp.39015000537137,131,28,1,107,CARDINAL,87,90
mdp.39015000537137,132,0,0,Mississippi,LOC,84,95
mdp.39015000537137,132,1,0,one,CARDINAL,77,80
mdp.39015000537137,132,2,0,Nillmon,PERSON,0,7
mdp.39015000537137,132,3,0,third,ORDINAL,77,82
mdp.39015000537137,132,5,0,Nillmon,PERSON,55,62
mdp.39015000537137,132,9,0,second,ORDINAL,50,56
mdp.39015000537137,132,21,0,Nillmon,PERSON,0,7
mdp.39015000537137,132,22,0,Nigger,PERSON,1,7
mdp.39015000537137,132,29,0,Nillmon,PERSON,0,7
mdp.39015000537137,132,30,0,one,CARDINAL,53,56
mdp.39015000537137,132,31,0,Nillmon,PERSON,0,7
mdp.39015000537137,132,31,1,108,CARDINAL,34,37
mdp.39015000537137,133,2,0,Nillmon,PERSON,0,7
mdp.39015000537137,133,8,0,Nillmon,PERSON,0,7
mdp.39015000537137,133,10,0,Nigger,PERSON,1,7
mdp.39015000537137,133,11,0,Nillmon,PERSON,8,15
mdp.39015000537137,133,18,0,Nillmon,PERSON,0,7
mdp.39015000537137,133,22,0,Fon,PERSON,19,22
mdp.39015000537137,133,26,0,Alfonso,PERSON,1,8
mdp.39015000537137,133,27,0,Nillmon,PERSON,0,7
mdp.39015000537137,133,29,0,Nillmon,PERSON,0,7
mdp.39015000537137,133,32,0,Gus,PERSON,6,9
mdp.39015000537137,133,32,1,Ed,PERSON,14,16
mdp.39015000537137,133,34,0,109,CARDINAL,0,3
mdp.39015000537137,134,5,0,Fon,ORG,16,19
mdp.39015000537137,134,6,0,Fon,ORG,38,41
mdp.39015000537137,134,7,0,Fon,PERSON,32,35
mdp.39015000537137,134,8,0,Fon,PERSON,37,40
mdp.39015000537137,134,9,0,Nillmon,PERSON,0,7
mdp.39015000537137,134,12,0,Fon,ORG,5,8
mdp.39015000537137,134,14,0,Nillmon,PERSON,0,7
mdp.39015000537137,134,14,1,Fon,PERSON,51,54
mdp.39015000537137,134,16,0,Fon,PERSON,0,3
mdp.39015000537137,134,17,0,Nillmon,PERSON,0,7
mdp.39015000537137,134,19,0,Nillmon,PERSON,0,7
mdp.39015000537137,134,22,0,Fon,PERSON,0,3
mdp.39015000537137,134,23,0,Nillmon,PERSON,0,7
mdp.39015000537137,134,28,0,Nillmon,PERSON,0,7
mdp.39015000537137,134,28,1,Fon,PERSON,37,40
mdp.39015000537137,134,28,2,Huntsville,GPE,154,164
mdp.39015000537137,134,28,3,last year,DATE,181,190
mdp.39015000537137,134,30,0,Huntsville,GPE,83,93
mdp.39015000537137,134,31,0,Gus,PERSON,53,56
mdp.39015000537137,134,33,0,Columbia County,GPE,35,50
mdp.39015000537137,135,0,0,Fon,PERSON,0,3
mdp.39015000537137,135,2,0,about twelve,DATE,21,33
mdp.39015000537137,135,6,0,Nillmon,PERSON,0,7
mdp.39015000537137,135,9,0,Nillmon,PERSON,0,7
mdp.39015000537137,135,14,0,Nillmon,PERSON,0,7
mdp.39015000537137,135,18,0,Fon,PERSON,10,13
mdp.39015000537137,135,19,0,Nillmon,PERSON,0,7
mdp.39015000537137,135,19,1,niggers,NORP,172,179
mdp.39015000537137,135,26,0,about three miles,QUANTITY,6,23
mdp.39015000537137,136,2,0,Nillmon,PERSON,0,7
mdp.39015000537137,136,3,0,one,CARDINAL,16,19
mdp.39015000537137,136,4,0,last two weeks,DATE,24,38
mdp.39015000537137,136,6,0,Nillmon,PERSON,0,7
mdp.39015000537137,136,8,0,Gus,PERSON,9,12
mdp.39015000537137,136,8,1,Pop,PERSON,14,17
mdp.39015000537137,136,11,0,Pop,PERSON,0,3
mdp.39015000537137,136,13,0,Nillmon,PERSON,0,7
mdp.39015000537137,136,13,1,Gus,PERSON,56,59
mdp.39015000537137,136,15,0,Nillmon,PERSON,7,14
mdp.39015000537137,136,17,0,Gus,PERSON,10,13
mdp.39015000537137,136,18,0,Nillmon,PERSON,0,7
mdp.39015000537137,136,24,0,Nillmon,PERSON,6,13
mdp.39015000537137,136,24,1,Gus,PERSON,60,63
mdp.39015000537137,136,24,2,about thirty years,DATE,85,103
mdp.39015000537137,136,26,0,Nillmon,PERSON,0,7
mdp.39015000537137,136,27,0,Vacy,PERSON,14,18
mdp.39015000537137,136,29,0,Gus,PERSON,0,3
mdp.39015000537137,136,31,0,Canebrake,GPE,8,17
mdp.39015000537137,136,32,0,Alfonso,PERSON,15,22
mdp.39015000537137,136,36,0,Vacy,PERSON,15,19
mdp.39015000537137,136,37,0,Gus,PERSON,1,4
mdp.39015000537137,136,37,1,Vacy,PERSON,17,21
mdp.39015000537137,136,38,0,Nillmon,PERSON,8,15
mdp.39015000537137,136,38,1,Ed Fricker,PERSON,55,65
mdp.39015000537137,136,39,0,Gus,PERSON,0,3
mdp.39015000537137,136,39,1,Nillmon,PERSON,13,20
mdp.39015000537137,136,43,0,Canebrake,PERSON,1,10
mdp.39015000537137,136,43,1,Alfonso,PERSON,26,33
mdp.39015000537137,137,0,0,Canebrake,ORG,1,10
mdp.39015000537137,137,3,0,Gus,PERSON,0,3
mdp.39015000537137,137,4,0,Nillmon,PERSON,15,22
mdp.39015000537137,137,5,0,one,CARDINAL,36,39
mdp.39015000537137,137,6,0,Canebrake,GPE,6,15
mdp.39015000537137,137,8,0,Gus,PERSON,13,16
mdp.39015000537137,137,9,0,Vacy,PERSON,59,63
mdp.39015000537137,137,10,0,Pop,PERSON,9,12
mdp.39015000537137,137,12,0,Nillmon,PERSON,0,7
mdp.39015000537137,137,13,0,Nillmon,PERSON,42,49
mdp.39015000537137,137,14,0,Ed Frickerson,PERSON,13,26
mdp.39015000537137,137,14,1,about ten miles,QUANTITY,27,42
mdp.39015000537137,137,15,0,two,CARDINAL,55,58
mdp.39015000537137,137,16,0,Nillmon,PERSON,5,12
mdp.39015000537137,137,18,0,Vacy,ORG,1,5
mdp.39015000537137,137,18,1,Huntsville,GPE,16,26
mdp.39015000537137,137,18,2,Ed Frickerson,PERSON,34,47
mdp.39015000537137,137,20,0,Gus,PERSON,33,36
mdp.39015000537137,137,20,1,Nillmon,PERSON,44,51
mdp.39015000537137,137,21,0,Gus,PERSON,70,73
mdp.39015000537137,137,23,0,Gus,PERSON,1,4
mdp.39015000537137,137,26,0,Nillmon,PERSON,0,7
mdp.39015000537137,137,26,1,Huntsville,GPE,48,58
mdp.39015000537137,137,27,0,Nillmon,PERSON,96,103
mdp.39015000537137,137,29,0,Gus,PERSON,11,14
mdp.39015000537137,137,30,0,Nillmon,PERSON,0,7
mdp.39015000537137,137,30,1,a few feet,QUANTITY,30,40
mdp.39015000537137,137,30,2,first,ORDINAL,48,53
mdp.39015000537137,137,32,0,Alfonso,PERSON,1,8
mdp.39015000537137,137,32,1,Nillmon,PERSON,11,18
mdp.39015000537137,137,33,0,the whole night,TIME,24,39
mdp.39015000537137,137,34,0,113,CARDINAL,0,3
mdp.39015000537137,138,1,0,Gus,PERSON,0,3
mdp.39015000537137,138,5,0,second,ORDINAL,7,13
mdp.39015000537137,138,6,0,Nillmon,PERSON,0,7
mdp.39015000537137,138,7,0,two,CARDINAL,4,7
mdp.39015000537137,138,8,0,Gus,PERSON,49,52
mdp.39015000537137,138,11,0,Nillmon,PERSON,0,7
mdp.39015000537137,138,14,0,Ed Frickerson,PERSON,29,42
mdp.39015000537137,138,15,0,about five or six,CARDINAL,47,64
mdp.39015000537137,138,20,0,third,ORDINAL,15,20
mdp.39015000537137,138,21,0,second,ORDINAL,19,25
mdp.39015000537137,138,21,1,a quartermile,QUANTITY,32,45
mdp.39015000537137,138,22,0,Ed Frickerson,PERSON,74,87
mdp.39015000537137,138,23,0,Nillmon,PERSON,0,7
mdp.39015000537137,138,24,0,third,ORDINAL,52,57
mdp.39015000537137,138,26,0,Fon,PERSON,6,9
mdp.39015000537137,138,27,0,Nillmon,PERSON,25,32
mdp.39015000537137,138,29,0,Gus,PERSON,0,3
mdp.39015000537137,138,29,1,Fon,PERSON,40,43
mdp.39015000537137,138,31,0,Fon,PERSON,0,3
mdp.39015000537137,138,31,1,Gus,PERSON,31,34
mdp.39015000537137,138,31,2,Nillmon,PERSON,71,78
mdp.39015000537137,138,33,0,Fon,PERSON,23,26
mdp.39015000537137,138,35,0,Nillmon,PERSON,22,29
mdp.39015000537137,138,36,0,Gus,PERSON,0,3
mdp.39015000537137,138,36,1,Fon,PERSON,23,26
mdp.39015000537137,138,37,0,Fon,PERSON,11,14
mdp.39015000537137,138,37,1,two,CARDINAL,41,44
mdp.39015000537137,138,38,0,Gus,PERSON,0,3
mdp.39015000537137,138,39,0,Ed Frickerson,PERSON,0,13
mdp.39015000537137,138,39,1,Nillmon,PERSON,37,44
mdp.39015000537137,138,39,2,Fon,PERSON,114,117
mdp.39015000537137,139,2,0,Nillmon,PERSON,0,7
mdp.39015000537137,139,4,0,Ed Frickerson,PERSON,0,13
mdp.39015000537137,139,4,1,Fon,PERSON,19,22
mdp.39015000537137,139,5,0,Fon,PERSON,30,33
mdp.39015000537137,139,6,0,Nillmon,PERSON,28,35
mdp.39015000537137,139,8,0,Gus,PERSON,0,3
mdp.39015000537137,139,8,1,Fon,PERSON,26,29
mdp.39015000537137,139,8,2,Fon,PERSON,101,104
mdp.39015000537137,139,10,0,Fon,PERSON,27,30
mdp.39015000537137,139,10,1,Fon,PERSON,68,71
mdp.39015000537137,139,11,0,Nillmon,PERSON,0,7
mdp.39015000537137,139,13,0,Gus,PERSON,20,23
mdp.39015000537137,139,14,0,Fon,PERSON,18,21
mdp.39015000537137,139,17,0,Gus,PERSON,19,22
mdp.39015000537137,139,21,0,Fon,PERSON,11,14
mdp.39015000537137,139,25,0,Gus,PERSON,0,3
mdp.39015000537137,139,29,0,Nillmon,PERSON,5,12
mdp.39015000537137,139,30,0,Fon,PERSON,0,3
mdp.39015000537137,139,34,0,Ed Frickerson,PERSON,71,84
mdp.39015000537137,139,35,0,115,CARDINAL,0,3
mdp.39015000537137,140,0,0,Fon,PERSON,29,32
mdp.39015000537137,140,1,0,Ed Frickerson,PERSON,0,13
mdp.39015000537137,140,1,1,Fon,PERSON,37,40
mdp.39015000537137,140,2,0,Gus,PERSON,0,3
mdp.39015000537137,140,3,0,Nillmon,PERSON,0,7
mdp.39015000537137,140,4,0,Fon,PERSON,8,11
mdp.39015000537137,140,8,0,Fon,PERSON,43,46
mdp.39015000537137,140,9,0,Fon,PERSON,23,26
mdp.39015000537137,140,11,0,Fon,PERSON,0,3
mdp.39015000537137,140,15,0,Gus,PERSON,0,3
mdp.39015000537137,140,15,1,Fon,PERSON,10,13
mdp.39015000537137,140,16,0,One,CARDINAL,0,3
mdp.39015000537137,140,19,0,One,CARDINAL,0,3
mdp.39015000537137,140,19,1,Nillmon,PERSON,30,37
mdp.39015000537137,140,19,2,Fon,PERSON,56,59
mdp.39015000537137,140,21,0,Nillmon,PERSON,0,7
mdp.39015000537137,140,21,1,Gus,PERSON,21,24
mdp.39015000537137,140,23,0,Nillmon,PERSON,0,7
mdp.39015000537137,140,26,0,Fon,PERSON,32,35
mdp.39015000537137,140,31,0,Four centuries,DATE,0,14
mdp.39015000537137,140,31,1,four,CARDINAL,42,46
mdp.39015000537137,140,38,0,One,CARDINAL,0,3
mdp.39015000537137,140,41,0,116,CARDINAL,4,7
mdp.39015000537137,142,0,0,1,CARDINAL,0,1
mdp.39015000537137,143,0,0,"Clarke & Way, Inc.",ORG,12,30
mdp.39015000537137,143,0,1,the Press of A. Colish,ORG,46,68
mdp.39015000537137,143,0,2,Mount Vernon,GPE,72,84
mdp.39015000537137,143,0,3,New York,GPE,86,94
mdp.39015000537137,143,1,0,Bert Clarke,PERSON,12,23
mdp.39015000537137,145,0,0,1,CARDINAL,0,1
mdp.39015000537137,150,0,0,MAR 24 1976,DATE,57,68
mdp.39015000537137,150,0,1,Dec 13,DATE,80,86
mdp.39015000537137,150,0,2,2004 June 201906,DATE,112,128
mdp.39015000537137,150,0,3,JUN 2 7 1996,DATE,129,141
