vol_id,page,sentence_id,ent_id,entity,entity_type,start_char,end_char
mdp.39015002169384,7,0,0,Nathan Heard,PERSON,23,35
mdp.39015002169384,7,0,1,SIMON,PERSON,36,41
mdp.39015002169384,7,0,2,SCHUSTER,PERSON,46,54
mdp.39015002169384,7,0,3,NEW YORK,GPE,57,65
mdp.39015002169384,8,0,0,1974,DATE,20,24
mdp.39015002169384,8,0,1,Nathan C. Heard,PERSON,28,43
mdp.39015002169384,8,1,0,Simon and Schuster,ORG,101,119
mdp.39015002169384,8,1,1,Rockefeller Center,ORG,120,138
mdp.39015002169384,8,1,2,New York,GPE,157,165
mdp.39015002169384,8,1,3,New York,GPE,167,175
mdp.39015002169384,8,1,4,671-27120-2,CARDINAL,186,197
mdp.39015002169384,8,1,5,Library of Congress,ORG,198,217
mdp.39015002169384,8,1,6,Irving Perkins,PERSON,260,274
mdp.39015002169384,8,1,7,the United States of America,GPE,291,319
mdp.39015002169384,9,0,0,1168035-298,CARDINAL,0,11
mdp.39015002169384,9,1,0,two,CARDINAL,36,39
mdp.39015002169384,9,1,1,today,DATE,82,87
mdp.39015002169384,9,1,2,A Cold Fire Burning,WORK_OF_ART,144,163
mdp.39015002169384,9,1,3,Nathan C. Heard,PERSON,173,188
mdp.39015002169384,9,2,0,Heard,PERSON,0,5
mdp.39015002169384,9,4,0,first,ORDINAL,73,78
mdp.39015002169384,9,5,0,Howard Street,FAC,3,16
mdp.39015002169384,9,5,1,Richard Wright,PERSON,157,171
mdp.39015002169384,9,5,2,William Faulkner,PERSON,190,206
mdp.39015002169384,9,5,3,American,NORP,214,222
mdp.39015002169384,9,7,0,Heard,PERSON,18,23
mdp.39015002169384,10,2,0,A Cold Fire Burning,WORK_OF_ART,3,22
mdp.39015002169384,10,3,0,Heard,PERSON,122,127
mdp.39015002169384,10,4,0,Chinese,NORP,100,107
mdp.39015002169384,10,5,0,Heard,PERSON,0,5
mdp.39015002169384,10,6,0,only one,CARDINAL,96,104
mdp.39015002169384,10,6,1,Heard,PERSON,146,151
mdp.39015002169384,10,8,0,Nathan Heard,PERSON,43,55
mdp.39015002169384,10,10,0,present-day,DATE,61,72
mdp.39015002169384,10,13,0,Heard,PERSON,0,5
mdp.39015002169384,10,13,1,one,CARDINAL,205,208
mdp.39015002169384,10,13,2,American,NORP,294,302
mdp.39015002169384,10,13,3,Nathan Heard,PERSON,386,398
mdp.39015002169384,10,13,4,American,NORP,485,493
mdp.39015002169384,10,14,0,Heard,PERSON,0,5
mdp.39015002169384,10,14,1,first,ORDINAL,59,64
mdp.39015002169384,11,3,0,A Cold Fire Burning,WORK_OF_ART,22,41
mdp.39015002169384,11,5,0,Heard,PERSON,0,5
mdp.39015002169384,11,6,0,weeks,DATE,91,96
mdp.39015002169384,11,7,0,Nathan Heard's,PERSON,37,51
mdp.39015002169384,11,9,0,A Cold Fire Burning,WORK_OF_ART,0,19
mdp.39015002169384,11,9,1,Heard,PERSON,72,77
mdp.39015002169384,11,10,0,America,GPE,49,56
mdp.39015002169384,11,10,1,Herzog,PERSON,66,72
mdp.39015002169384,11,10,2,Notes of a Native Son,WORK_OF_ART,86,107
mdp.39015002169384,11,10,3,Native Son,WORK_OF_ART,125,135
mdp.39015002169384,11,11,0,A Cold Fire Burning,WORK_OF_ART,0,19
mdp.39015002169384,11,11,1,Americans,NORP,31,40
mdp.39015002169384,11,11,2,Nathan C. Heard,PERSON,79,94
mdp.39015002169384,11,12,0,CLAUDE BROWN,PERSON,0,12
mdp.39015002169384,11,12,1,Manchild in the Promised Land,WORK_OF_ART,24,53
mdp.39015002169384,13,0,0,Terri,PERSON,76,81
mdp.39015002169384,13,1,0,Terri,PERSON,35,40
mdp.39015002169384,13,2,0,Terri,PERSON,9,14
mdp.39015002169384,14,2,0,two,CARDINAL,22,25
mdp.39015002169384,14,4,0,Terri,PERSON,0,5
mdp.39015002169384,14,9,0,Newark,GPE,80,86
mdp.39015002169384,15,2,0,six in the eveningand,TIME,14,35
mdp.39015002169384,15,4,0,Terri,PERSON,82,87
mdp.39015002169384,15,6,0,the United Nations,ORG,16,34
mdp.39015002169384,15,10,0,Cootie,PERSON,9,15
mdp.39015002169384,15,14,0,the Black Panther Party,ORG,24,47
mdp.39015002169384,15,14,1,the Committee for a Unified New Ark,ORG,57,92
mdp.39015002169384,15,15,0,Establishment,ORG,92,105
mdp.39015002169384,15,21,0,Mojo,PERSON,0,4
mdp.39015002169384,15,26,0,Mojo,PERSON,0,4
mdp.39015002169384,15,26,1,Cootie,PERSON,29,35
mdp.39015002169384,16,1,0,two,CARDINAL,16,19
mdp.39015002169384,16,1,1,Sam,PERSON,21,24
mdp.39015002169384,16,1,2,Ahmad,PERSON,29,34
mdp.39015002169384,16,1,3,Terri,PERSON,41,46
mdp.39015002169384,16,5,0,Terri,PERSON,21,26
mdp.39015002169384,16,7,0,Joan Baez,PERSON,59,68
mdp.39015002169384,16,7,1,We Shall Overcome,WORK_OF_ART,132,149
mdp.39015002169384,16,8,0,Mojo,PERSON,1,5
mdp.39015002169384,16,10,0,Mojo,PERSON,0,4
mdp.39015002169384,16,11,0,Eldridge Cleaver,PERSON,8,24
mdp.39015002169384,16,11,1,Soul on Ice,WORK_OF_ART,42,53
mdp.39015002169384,16,12,0,Mojo,PERSON,32,36
mdp.39015002169384,16,13,0,Cootie,PERSON,6,12
mdp.39015002169384,16,18,0,Mojo,PERSON,8,12
mdp.39015002169384,16,23,0,at least two,CARDINAL,152,164
mdp.39015002169384,17,1,0,Sam,PERSON,9,12
mdp.39015002169384,17,1,1,Ahmad,PERSON,17,22
mdp.39015002169384,17,2,0,ten dollars,MONEY,83,94
mdp.39015002169384,17,3,0,Springfield Avenue,FAC,31,49
mdp.39015002169384,17,3,1,Terri,PERSON,55,60
mdp.39015002169384,17,9,0,a year,DATE,35,41
mdp.39015002169384,17,9,1,first,ORDINAL,57,62
mdp.39015002169384,17,26,0,Sandy Dennis,PERSON,27,39
mdp.39015002169384,17,27,0,about a block,TIME,84,97
mdp.39015002169384,17,28,0,13,CARDINAL,0,2
mdp.39015002169384,18,8,0,two blocks,QUANTITY,12,22
mdp.39015002169384,18,18,0,US Steel,ORG,54,62
mdp.39015002169384,18,18,1,Rutgers Law School,ORG,88,106
mdp.39015002169384,18,20,0,one,CARDINAL,40,43
mdp.39015002169384,19,13,0,Boone's Farm,ORG,15,27
mdp.39015002169384,19,13,1,two,CARDINAL,64,67
mdp.39015002169384,20,5,0,Bach,PERSON,137,141
mdp.39015002169384,20,5,1,Dylan,PERSON,145,150
mdp.39015002169384,20,6,0,James Brown,PERSON,8,19
mdp.39015002169384,20,10,0,first,ORDINAL,26,31
mdp.39015002169384,20,10,1,five,CARDINAL,45,49
mdp.39015002169384,20,21,0,only one,CARDINAL,152,160
mdp.39015002169384,20,26,0,16,CARDINAL,23,25
mdp.39015002169384,21,7,0,Playboy,ORG,11,18
mdp.39015002169384,21,8,0,Raquel Welch,PERSON,13,25
mdp.39015002169384,21,8,1,Ali MacGraw,PERSON,27,38
mdp.39015002169384,21,11,0,Terri,PERSON,11,16
mdp.39015002169384,21,19,0,Terri,PERSON,50,55
mdp.39015002169384,21,29,0,Jesus,PERSON,155,160
mdp.39015002169384,22,4,0,Shadow,PERSON,5,11
mdp.39015002169384,22,8,0,Terri,PERSON,1,6
mdp.39015002169384,22,9,0,Terri,PERSON,1,6
mdp.39015002169384,22,9,1,Terri,PERSON,8,13
mdp.39015002169384,23,6,0,first,ORDINAL,16,21
mdp.39015002169384,23,14,0,Terri,PERSON,0,5
mdp.39015002169384,23,15,0,Moments later,TIME,0,13
mdp.39015002169384,23,20,0,eight inches,QUANTITY,143,155
mdp.39015002169384,23,24,0,Terri,PERSON,0,5
mdp.39015002169384,24,6,0,Cootie,PERSON,17,23
mdp.39015002169384,24,6,1,Ahmad,PERSON,25,30
mdp.39015002169384,24,6,2,Mojo,PERSON,32,36
mdp.39015002169384,24,6,3,Sam,PERSON,41,44
mdp.39015002169384,24,11,0,Mojo,PERSON,8,12
mdp.39015002169384,24,12,0,Terri,PERSON,40,45
mdp.39015002169384,24,18,0,Ahmad,PERSON,24,29
mdp.39015002169384,24,21,0,Terri,PERSON,0,5
mdp.39015002169384,24,24,0,20,CARDINAL,86,88
mdp.39015002169384,25,7,0,five,CARDINAL,23,27
mdp.39015002169384,25,20,0,Terri,PERSON,34,39
mdp.39015002169384,25,22,0,moments ago,TIME,30,41
mdp.39015002169384,25,25,0,21,CARDINAL,41,43
mdp.39015002169384,26,9,0,about three in the morning,TIME,29,55
mdp.39015002169384,26,15,0,Johnnie Mae,PERSON,31,42
mdp.39015002169384,26,21,0,Terri,PERSON,4,9
mdp.39015002169384,26,25,0,Cootie,PERSON,27,33
mdp.39015002169384,26,25,1,Ahmad,PERSON,37,42
mdp.39015002169384,26,26,0,the next day,DATE,32,44
mdp.39015002169384,26,28,0,night,TIME,57,62
mdp.39015002169384,27,0,0,the following day,DATE,63,80
mdp.39015002169384,27,4,0,all day long,DATE,45,57
mdp.39015002169384,27,7,0,last night,TIME,112,122
mdp.39015002169384,27,9,0,23,CARDINAL,21,23
mdp.39015002169384,28,9,0,Jump-Off House,ORG,48,62
mdp.39015002169384,28,17,0,All-,ORG,18,22
mdp.39015002169384,28,20,0,All-,ORG,0,4
mdp.39015002169384,28,20,1,Pro,ORG,4,7
mdp.39015002169384,28,21,0,last night,TIME,31,41
mdp.39015002169384,28,25,0,last night,TIME,12,22
mdp.39015002169384,29,4,0,Shadow,PERSON,18,24
mdp.39015002169384,29,19,0,one,CARDINAL,48,51
mdp.39015002169384,29,24,0,Terri,PERSON,34,39
mdp.39015002169384,30,2,0,two,CARDINAL,7,10
mdp.39015002169384,30,2,1,Jackson's Lounge,ORG,44,60
mdp.39015002169384,30,2,2,Boone's Farm,ORG,77,89
mdp.39015002169384,30,2,3,six,CARDINAL,96,99
mdp.39015002169384,30,2,4,Bud,PRODUCT,108,111
mdp.39015002169384,30,3,0,Bud,PRODUCT,12,15
mdp.39015002169384,30,3,1,Frank Sinatra,PERSON,36,49
mdp.39015002169384,30,3,2,Sinatra,PERSON,100,107
mdp.39015002169384,30,3,3,"Sammy Davis, Jr.",PERSON,123,139
mdp.39015002169384,30,4,0,Terri,PERSON,0,5
mdp.39015002169384,30,4,1,Mojo,PERSON,55,59
mdp.39015002169384,30,4,2,Sam,PERSON,61,64
mdp.39015002169384,30,4,3,Ahmad,PERSON,66,71
mdp.39015002169384,30,4,4,Cootie,PERSON,76,82
mdp.39015002169384,30,6,0,Terri,PERSON,11,16
mdp.39015002169384,30,7,0,Mojo,PERSON,37,41
mdp.39015002169384,30,9,0,Ahmad,PERSON,0,5
mdp.39015002169384,30,10,0,two,CARDINAL,15,18
mdp.39015002169384,30,10,1,Sam,PERSON,38,41
mdp.39015002169384,30,15,0,Terri,PERSON,85,90
mdp.39015002169384,30,16,0,Mojo,PERSON,34,38
mdp.39015002169384,30,17,0,Terri,PERSON,42,47
mdp.39015002169384,30,19,0,Terri,PERSON,36,41
mdp.39015002169384,30,22,0,Ahmad,PERSON,39,44
mdp.39015002169384,30,23,0,26,CARDINAL,0,2
mdp.39015002169384,31,4,0,Mojo,PERSON,0,4
mdp.39015002169384,31,6,0,Mojo,PERSON,38,42
mdp.39015002169384,31,11,0,Sam,PERSON,0,3
mdp.39015002169384,31,14,0,Ahmad,PERSON,0,5
mdp.39015002169384,31,15,0,a few hundred,CARDINAL,33,46
mdp.39015002169384,31,20,0,Cootie,PERSON,26,32
mdp.39015002169384,31,25,0,City Hall,ORG,45,54
mdp.39015002169384,31,25,1,the White House,ORG,58,73
mdp.39015002169384,31,26,0,Sam,PERSON,44,47
mdp.39015002169384,31,28,0,Mojo,PERSON,0,4
mdp.39015002169384,31,33,0,Ahmad,PERSON,0,5
mdp.39015002169384,32,11,0,Sam,PERSON,26,29
mdp.39015002169384,32,18,0,Mojo,PERSON,38,42
mdp.39015002169384,32,18,1,Sam,PERSON,64,67
mdp.39015002169384,32,19,0,years,DATE,24,29
mdp.39015002169384,32,21,0,one,CARDINAL,27,30
mdp.39015002169384,32,28,0,the Passaic River,LOC,86,103
mdp.39015002169384,32,29,0,28,CARDINAL,0,2
mdp.39015002169384,33,11,0,Mojo,PERSON,22,26
mdp.39015002169384,33,11,1,Americans,NORP,112,121
mdp.39015002169384,33,12,0,Terri,PERSON,37,42
mdp.39015002169384,33,13,0,twenty-four hours,TIME,3,20
mdp.39015002169384,33,15,0,Mojo,PERSON,9,13
mdp.39015002169384,33,15,1,Cootie,PERSON,15,21
mdp.39015002169384,33,15,2,Ahmad,PERSON,23,28
mdp.39015002169384,33,15,3,Sam,PERSON,33,36
mdp.39015002169384,33,18,0,Terri,PERSON,0,5
mdp.39015002169384,33,20,0,Shadow,PERSON,144,150
mdp.39015002169384,33,21,0,Orthodox,NORP,27,35
mdp.39015002169384,33,21,1,Muslim,NORP,36,42
mdp.39015002169384,33,21,2,tomorrow,DATE,43,51
mdp.39015002169384,33,26,0,29,CARDINAL,55,57
mdp.39015002169384,34,3,0,Prospect Street,FAC,16,31
mdp.39015002169384,34,26,0,Terri,PERSON,9,14
mdp.39015002169384,34,26,1,30,CARDINAL,78,80
mdp.39015002169384,35,4,0,Terri,PERSON,59,64
mdp.39015002169384,35,5,0,one,CARDINAL,86,89
mdp.39015002169384,35,23,0,31,CARDINAL,62,64
mdp.39015002169384,36,6,0,Terri,PERSON,0,5
mdp.39015002169384,36,6,1,God,PERSON,7,10
mdp.39015002169384,36,7,0,a million,CARDINAL,112,121
mdp.39015002169384,36,10,0,Terri,PERSON,5,10
mdp.39015002169384,36,12,0,Terri,PERSON,51,56
mdp.39015002169384,36,25,0,the year,DATE,74,82
mdp.39015002169384,36,26,0,Mojos,PERSON,23,28
mdp.39015002169384,36,26,1,Cooties,PERSON,33,40
mdp.39015002169384,36,26,2,Ahmads,PERSON,45,51
mdp.39015002169384,36,26,3,each day,DATE,92,100
mdp.39015002169384,37,0,0,first,ORDINAL,12,17
mdp.39015002169384,37,8,0,less than,TIME,92,101
mdp.39015002169384,38,0,0,one,CARDINAL,157,160
mdp.39015002169384,38,0,1,the weeks,DATE,181,190
mdp.39015002169384,38,0,2,Terri,PERSON,196,201
mdp.39015002169384,38,3,0,Terri,PERSON,4,9
mdp.39015002169384,38,5,0,New York City,GPE,38,51
mdp.39015002169384,38,5,1,Coney Island,GPE,111,123
mdp.39015002169384,38,6,0,the Empire State Building,FAC,43,68
mdp.39015002169384,38,6,1,Newark,GPE,104,110
mdp.39015002169384,39,3,0,Broadway,FAC,24,32
mdp.39015002169384,39,5,0,Terri,PERSON,5,10
mdp.39015002169384,39,6,0,Terri,PERSON,0,5
mdp.39015002169384,39,10,0,Mojo,PERSON,110,114
mdp.39015002169384,39,10,1,Terri,PERSON,195,200
mdp.39015002169384,39,11,0,one,CARDINAL,20,23
mdp.39015002169384,39,12,0,Black Domain,WORK_OF_ART,50,62
mdp.39015002169384,39,12,1,one,CARDINAL,75,78
mdp.39015002169384,39,13,0,Ford Foundation,ORG,56,71
mdp.39015002169384,39,14,0,Newark,GPE,44,50
mdp.39015002169384,39,14,1,Terri,PERSON,56,61
mdp.39015002169384,39,14,2,Shadow,PERSON,119,125
mdp.39015002169384,39,15,0,Mojo,PERSON,95,99
mdp.39015002169384,39,15,1,Cootie,PERSON,101,107
mdp.39015002169384,39,15,2,Ahmad,PERSON,109,114
mdp.39015002169384,39,15,3,Sam,PERSON,119,122
mdp.39015002169384,39,20,0,35,CARDINAL,0,2
mdp.39015002169384,40,5,0,Terri,PERSON,0,5
mdp.39015002169384,40,8,0,Shadow,PERSON,1,7
mdp.39015002169384,40,14,0,the Virgin Islands,GPE,101,119
mdp.39015002169384,40,15,0,Terri,PERSON,21,26
mdp.39015002169384,40,17,0,America,GPE,66,73
mdp.39015002169384,40,17,1,America,GPE,97,104
mdp.39015002169384,40,26,0,36,CARDINAL,48,50
mdp.39015002169384,41,0,0,4,CARDINAL,0,1
mdp.39015002169384,41,0,1,Cadillacs,PRODUCT,18,27
mdp.39015002169384,41,1,0,Terri,PERSON,28,33
mdp.39015002169384,41,3,0,Tom,PERSON,72,75
mdp.39015002169384,41,9,0,Newark,GPE,84,90
mdp.39015002169384,41,9,1,Penn Station,FAC,93,105
mdp.39015002169384,41,14,0,tonight,TIME,25,32
mdp.39015002169384,41,22,0,an Uncle Tom,PERSON,30,42
mdp.39015002169384,41,24,0,tomorrow,DATE,34,42
mdp.39015002169384,41,25,0,37,CARDINAL,0,2
mdp.39015002169384,42,9,0,Raymond Boulevard,FAC,27,44
mdp.39015002169384,42,17,0,Market Street,FAC,53,66
mdp.39015002169384,42,23,0,Terri,PERSON,0,5
mdp.39015002169384,42,26,0,Market Street,FAC,18,31
mdp.39015002169384,42,27,0,38,CARDINAL,60,62
mdp.39015002169384,43,2,0,Army Surplus,ORG,54,66
mdp.39015002169384,43,3,0,Newark,GPE,121,127
mdp.39015002169384,43,3,1,night,TIME,191,196
mdp.39015002169384,43,4,0,four to,TIME,5,12
mdp.39015002169384,43,4,1,six in the evening,TIME,13,31
mdp.39015002169384,43,4,2,Market Street,FAC,64,77
mdp.39015002169384,43,8,0,tonight,TIME,185,192
mdp.39015002169384,43,15,0,Birdface,PERSON,25,33
mdp.39015002169384,43,17,0,about two feet,QUANTITY,35,49
mdp.39015002169384,43,21,0,social security,ORG,39,54
mdp.39015002169384,43,22,0,39,CARDINAL,50,52
mdp.39015002169384,44,9,0,Birdface,PERSON,0,8
mdp.39015002169384,44,10,0,Pete,PERSON,24,28
mdp.39015002169384,44,11,0,Peter,PERSON,22,27
mdp.39015002169384,44,14,0,Birdface,PERSON,0,8
mdp.39015002169384,44,18,0,tonight,TIME,33,40
mdp.39015002169384,44,20,0,Birdface,PERSON,0,8
mdp.39015002169384,44,23,0,Birdface,PERSON,15,23
mdp.39015002169384,44,29,0,Pete,PERSON,29,33
mdp.39015002169384,44,29,1,Birdface,PERSON,36,44
mdp.39015002169384,44,30,0,Peter,PERSON,0,5
mdp.39015002169384,44,39,0,40,CARDINAL,28,30
mdp.39015002169384,45,3,0,Pete,PERSON,0,4
mdp.39015002169384,45,3,1,Birdface,PERSON,30,38
mdp.39015002169384,45,14,0,Birdface,PERSON,18,26
mdp.39015002169384,45,16,0,Pete,PERSON,20,24
mdp.39015002169384,45,16,1,Birdface,PERSON,27,35
mdp.39015002169384,45,17,0,Pete,PERSON,24,28
mdp.39015002169384,45,23,0,Pete,PERSON,72,76
mdp.39015002169384,46,2,0,Birdface,PERSON,27,35
mdp.39015002169384,46,9,0,Birdface,PERSON,0,8
mdp.39015002169384,46,11,0,Pete,PERSON,42,46
mdp.39015002169384,46,12,0,Birdface,PERSON,0,8
mdp.39015002169384,46,18,0,Pete,PERSON,45,49
mdp.39015002169384,46,26,0,Terri,PERSON,78,83
mdp.39015002169384,47,2,0,Terri,PERSON,29,34
mdp.39015002169384,47,6,0,Terri,PERSON,0,5
mdp.39015002169384,47,11,0,these days,DATE,51,61
mdp.39015002169384,47,20,0,American,NORP,18,26
mdp.39015002169384,47,20,1,Tom,NORP,47,50
mdp.39015002169384,48,3,0,11:30 P.M.,TIME,7,17
mdp.39015002169384,48,3,1,Spoon's,ORG,76,83
mdp.39015002169384,48,4,0,Spoon's,ORG,0,7
mdp.39015002169384,48,4,1,twenty or so,CARDINAL,110,122
mdp.39015002169384,48,7,0,Five,CARDINAL,0,4
mdp.39015002169384,48,8,0,Half,CARDINAL,0,4
mdp.39015002169384,48,10,0,four,CARDINAL,22,26
mdp.39015002169384,48,11,0,Spoon,ORG,0,5
mdp.39015002169384,48,14,0,Spoon,PERSON,24,29
mdp.39015002169384,48,15,0,Jack,PERSON,32,36
mdp.39015002169384,48,19,0,Bud,PRODUCT,33,36
mdp.39015002169384,48,22,0,Muslims,NORP,38,45
mdp.39015002169384,48,30,0,first,ORDINAL,11,16
mdp.39015002169384,48,31,0,Ali,PERSON,43,46
mdp.39015002169384,49,0,0,twenty-five dollars,MONEY,54,73
mdp.39015002169384,49,18,0,Terri,PERSON,45,50
mdp.39015002169384,49,21,0,Terri,PERSON,20,25
mdp.39015002169384,49,24,0,Terri,PERSON,121,126
mdp.39015002169384,49,24,1,Spoon's,ORG,170,177
mdp.39015002169384,49,26,0,Ahmad,PERSON,34,39
mdp.39015002169384,49,26,1,fifth,ORDINAL,110,115
mdp.39015002169384,49,26,2,Gordon's,ORG,119,127
mdp.39015002169384,49,28,0,Shadow,PERSON,6,12
mdp.39015002169384,49,32,0,Ahmad,PERSON,0,5
mdp.39015002169384,49,32,1,Afro,PRODUCT,28,32
mdp.39015002169384,50,5,0,Tarzan,PERSON,42,48
mdp.39015002169384,50,9,0,African,NORP,8,15
mdp.39015002169384,50,10,0,African,NORP,44,51
mdp.39015002169384,50,14,0,African,NORP,23,30
mdp.39015002169384,50,15,0,Robert Hall,PERSON,14,25
mdp.39015002169384,50,15,1,American,NORP,44,52
mdp.39015002169384,50,19,0,Terri,PERSON,49,54
mdp.39015002169384,50,20,0,Ahmad,PERSON,69,74
mdp.39015002169384,50,20,1,one,CARDINAL,80,83
mdp.39015002169384,50,24,0,Mojo,PERSON,14,18
mdp.39015002169384,50,24,1,Cootie,PERSON,20,26
mdp.39015002169384,50,24,2,Sam,PERSON,31,34
mdp.39015002169384,50,26,0,46,CARDINAL,0,2
mdp.39015002169384,51,0,0,almost a week,DATE,15,28
mdp.39015002169384,51,5,0,five,CARDINAL,65,69
mdp.39015002169384,51,6,0,Thursday,DATE,7,15
mdp.39015002169384,51,6,1,morning,TIME,16,23
mdp.39015002169384,52,4,0,Seagrams,PRODUCT,31,39
mdp.39015002169384,52,6,0,morning,TIME,25,32
mdp.39015002169384,52,8,0,around nine in the morning,TIME,90,116
mdp.39015002169384,52,9,0,Broadway,FAC,0,8
mdp.39015002169384,52,10,0,winter,DATE,4,10
mdp.39015002169384,52,10,1,Hawk,PRODUCT,11,15
mdp.39015002169384,52,11,0,Prince Street,FAC,17,30
mdp.39015002169384,52,12,0,one,CARDINAL,146,149
mdp.39015002169384,52,16,0,Broadway,FAC,0,8
mdp.39015002169384,52,17,0,eight,CARDINAL,62,67
mdp.39015002169384,52,17,1,five,CARDINAL,104,108
mdp.39015002169384,52,18,0,over an hour,TIME,4,16
mdp.39015002169384,52,18,1,Broadway,FAC,17,25
mdp.39015002169384,52,18,2,48,CARDINAL,58,60
mdp.39015002169384,53,5,0,Broadway,FAC,0,8
mdp.39015002169384,53,6,0,Broadway,ORG,44,52
mdp.39015002169384,53,7,0,Johnny Frank,PERSON,73,85
mdp.39015002169384,53,9,0,Terri,PERSON,46,51
mdp.39015002169384,53,12,0,Johnny Frank,PERSON,0,12
mdp.39015002169384,53,12,1,fifth,ORDINAL,27,32
mdp.39015002169384,53,12,2,Seagrams,ORG,36,44
mdp.39015002169384,53,12,3,Buick,PRODUCT,95,100
mdp.39015002169384,53,13,0,Terri,PERSON,81,86
mdp.39015002169384,54,0,0,Spoze,PERSON,1,6
mdp.39015002169384,54,17,0,Broadway,FAC,14,22
mdp.39015002169384,54,18,0,Johnny Frank's,PERSON,24,38
mdp.39015002169384,54,29,0,Johnny Frank,PERSON,0,12
mdp.39015002169384,54,32,0,50,CARDINAL,8,10
mdp.39015002169384,55,12,0,Johnny Frank,PERSON,0,12
mdp.39015002169384,55,13,0,Terri,PERSON,88,93
mdp.39015002169384,55,20,0,first,ORDINAL,67,72
mdp.39015002169384,55,22,0,Buick,ORG,107,112
mdp.39015002169384,55,23,0,Johnny Frank,PERSON,0,12
mdp.39015002169384,55,24,0,51,CARDINAL,0,2
mdp.39015002169384,56,1,0,one,CARDINAL,19,22
mdp.39015002169384,56,7,0,only a little after twelve noon,TIME,7,38
mdp.39015002169384,56,7,1,Terri,PERSON,85,90
mdp.39015002169384,56,7,2,Springfield Avenue,FAC,146,164
mdp.39015002169384,56,8,0,Jump-Off House,FAC,58,72
mdp.39015002169384,56,9,0,Johnny Frank,PERSON,161,173
mdp.39015002169384,56,10,0,Johnny Frank,PERSON,0,12
mdp.39015002169384,56,14,0,Springfield Avenue,FAC,26,44
mdp.39015002169384,56,14,1,Terri,PERSON,88,93
mdp.39015002169384,56,15,0,The day,DATE,0,7
mdp.39015002169384,56,15,1,second,ORDINAL,70,76
mdp.39015002169384,56,17,0,Jump-Off House,FAC,20,34
mdp.39015002169384,56,20,0,a few minutes ago,TIME,82,99
mdp.39015002169384,56,21,0,Terri,PERSON,39,44
mdp.39015002169384,56,21,1,52,CARDINAL,55,57
mdp.39015002169384,57,2,0,Springfield Avenue,FAC,31,49
mdp.39015002169384,57,6,0,Three,CARDINAL,0,5
mdp.39015002169384,57,7,0,Terri,PERSON,0,5
mdp.39015002169384,57,9,0,Newark,GPE,28,34
mdp.39015002169384,57,11,0,Terri,PERSON,56,61
mdp.39015002169384,57,17,0,five,CARDINAL,6,10
mdp.39015002169384,57,18,0,one,CARDINAL,8,11
mdp.39015002169384,57,21,0,African,NORP,44,51
mdp.39015002169384,58,3,0,Alexander,PERSON,22,31
mdp.39015002169384,58,5,0,today,DATE,14,19
mdp.39015002169384,58,29,0,Public Service,ORG,19,33
mdp.39015002169384,58,29,1,Terri,PERSON,56,61
mdp.39015002169384,58,30,0,54,CARDINAL,0,2
mdp.39015002169384,59,0,0,Prospect Street,FAC,13,28
mdp.39015002169384,60,2,0,Terri,PERSON,51,56
mdp.39015002169384,60,3,0,Terri,PERSON,0,5
mdp.39015002169384,60,3,1,twentieth,ORDINAL,19,28
mdp.39015002169384,60,11,0,Terri,PERSON,51,56
mdp.39015002169384,60,17,0,Terri,PERSON,4,9
mdp.39015002169384,60,19,0,Shadow,PERSON,13,19
mdp.39015002169384,60,31,0,56,CARDINAL,0,2
mdp.39015002169384,61,5,0,Gina,PERSON,5,9
mdp.39015002169384,61,10,0,two,CARDINAL,75,78
mdp.39015002169384,61,13,0,Terri,PERSON,27,32
mdp.39015002169384,61,15,0,Terri,PERSON,70,75
mdp.39015002169384,61,16,0,Gina,PERSON,0,4
mdp.39015002169384,61,18,0,Terri,PERSON,35,40
mdp.39015002169384,62,3,0,Gina,PERSON,0,4
mdp.39015002169384,62,4,0,Terri,PERSON,1,6
mdp.39015002169384,62,13,0,two,CARDINAL,18,21
mdp.39015002169384,62,15,0,sixteen,DATE,6,13
mdp.39015002169384,62,26,0,Terri,PERSON,22,27
mdp.39015002169384,62,31,0,58,CARDINAL,9,11
mdp.39015002169384,63,4,0,Gina,PERSON,0,4
mdp.39015002169384,63,17,0,first,ORDINAL,39,44
mdp.39015002169384,64,3,0,only moments,TIME,26,38
mdp.39015002169384,64,15,0,Gibraltar,GPE,60,69
mdp.39015002169384,64,22,0,two,CARDINAL,66,69
mdp.39015002169384,64,22,1,three,CARDINAL,74,79
mdp.39015002169384,64,22,2,twenty,CARDINAL,94,100
mdp.39015002169384,64,25,0,Terri,PERSON,85,90
mdp.39015002169384,65,1,0,one,CARDINAL,55,58
mdp.39015002169384,65,3,0,first,ORDINAL,17,22
mdp.39015002169384,65,5,0,Terri,PERSON,9,14
mdp.39015002169384,65,7,0,Gina,PERSON,0,4
mdp.39015002169384,65,8,0,Terri,PERSON,23,28
mdp.39015002169384,66,4,0,Terri,PERSON,26,31
mdp.39015002169384,67,6,0,Terri,PERSON,57,62
mdp.39015002169384,67,7,0,Gina,PERSON,26,30
mdp.39015002169384,67,8,0,Terri,PERSON,56,61
mdp.39015002169384,67,9,0,Four,CARDINAL,0,4
mdp.39015002169384,67,9,1,Terri,PERSON,100,105
mdp.39015002169384,67,11,0,Terri,PERSON,1,6
mdp.39015002169384,67,18,0,Terri,PERSON,19,24
mdp.39015002169384,67,20,0,today,DATE,40,45
mdp.39015002169384,67,29,0,all week long,DATE,35,48
mdp.39015002169384,68,18,0,Terri,PERSON,79,84
mdp.39015002169384,68,23,0,about an hour,TIME,16,29
mdp.39015002169384,68,28,0,a little over an hour,TIME,29,50
mdp.39015002169384,68,29,0,64,CARDINAL,5,7
mdp.39015002169384,69,31,0,65,DATE,38,40
mdp.39015002169384,71,19,0,Ahmad,PERSON,116,121
mdp.39015002169384,72,14,0,one,CARDINAL,4,7
mdp.39015002169384,72,14,1,just one heavenly moment,TIME,9,33
mdp.39015002169384,72,23,0,Terri,PERSON,0,5
mdp.39015002169384,73,3,0,Terri,PERSON,60,65
mdp.39015002169384,74,9,0,Terri,PERSON,0,5
mdp.39015002169384,74,13,0,Niagara Falls,LOC,50,63
mdp.39015002169384,75,5,0,Gibraltar,LOC,24,33
mdp.39015002169384,75,6,0,Terri,PERSON,0,5
mdp.39015002169384,77,10,0,Terri,PERSON,14,19
mdp.39015002169384,77,13,0,Jump-Off House,ORG,39,53
mdp.39015002169384,77,15,0,Terri,PERSON,41,46
mdp.39015002169384,77,16,0,Terri,PERSON,25,30
mdp.39015002169384,77,20,0,Terri,PERSON,45,50
mdp.39015002169384,77,24,0,Terri,PERSON,42,47
mdp.39015002169384,78,23,0,Terri,PERSON,26,31
mdp.39015002169384,78,30,0,all night,TIME,20,29
mdp.39015002169384,79,11,0,two,CARDINAL,55,58
mdp.39015002169384,80,0,0,johnson,PERSON,10,17
mdp.39015002169384,80,3,0,New York,GPE,116,124
mdp.39015002169384,80,9,0,moments,TIME,4,11
mdp.39015002169384,80,26,0,half,CARDINAL,10,14
mdp.39015002169384,80,28,0,76,CARDINAL,0,2
mdp.39015002169384,81,11,0,Terri,PERSON,0,5
mdp.39015002169384,81,21,0,one million years,DATE,7,24
mdp.39015002169384,82,26,0,an hour ago,TIME,13,24
mdp.39015002169384,82,30,0,78,CARDINAL,55,57
mdp.39015002169384,83,4,0,Terri,PERSON,30,35
mdp.39015002169384,83,16,0,Ahmad,PERSON,6,11
mdp.39015002169384,84,0,0,only one,CARDINAL,70,78
mdp.39015002169384,84,1,0,the very next day,DATE,58,75
mdp.39015002169384,84,1,1,the Nyumba Ya Ujamaa African Shop,ORG,89,122
mdp.39015002169384,84,1,2,three,CARDINAL,141,146
mdp.39015002169384,84,1,3,The Autobiography of Malcolm X.,WORK_OF_ART,204,235
mdp.39015002169384,84,2,0,How to Be Black in One Easy Lesson,WORK_OF_ART,35,69
mdp.39015002169384,84,2,1,Terri,PERSON,110,115
mdp.39015002169384,84,3,0,recent years,DATE,70,82
mdp.39015002169384,84,4,0,80,DATE,157,159
mdp.39015002169384,85,0,0,African,NORP,21,28
mdp.39015002169384,85,2,0,Swahili,LANGUAGE,30,37
mdp.39015002169384,85,2,1,one,CARDINAL,80,83
mdp.39015002169384,85,7,0,weeks,DATE,7,12
mdp.39015002169384,85,7,1,Terri,PERSON,38,43
mdp.39015002169384,85,8,0,first,ORDINAL,42,47
mdp.39015002169384,85,12,0,Queens,NORP,68,74
mdp.39015002169384,85,13,0,One,CARDINAL,0,3
mdp.39015002169384,85,13,1,Sylvia,PERSON,16,22
mdp.39015002169384,85,13,2,Doris Day,PERSON,54,63
mdp.39015002169384,85,13,3,Barbara,PERSON,80,87
mdp.39015002169384,85,13,4,one,CARDINAL,145,148
mdp.39015002169384,85,13,5,Gabor,PERSON,156,161
mdp.39015002169384,85,15,0,Jesus,PERSON,27,32
mdp.39015002169384,85,15,1,a Puerto Rican,NORP,51,65
mdp.39015002169384,85,16,0,twothousand years,DATE,11,28
mdp.39015002169384,85,18,0,81,CARDINAL,64,66
mdp.39015002169384,86,1,0,ten,CARDINAL,120,123
mdp.39015002169384,86,2,0,Jesus,PERSON,71,76
mdp.39015002169384,86,5,0,Jesus,PERSON,19,24
mdp.39015002169384,86,10,0,first,ORDINAL,14,19
mdp.39015002169384,86,16,0,Terri,PERSON,84,89
mdp.39015002169384,86,18,0,Terri,PERSON,61,66
mdp.39015002169384,86,18,1,Terri,PERSON,164,169
mdp.39015002169384,86,20,0,Mojo,PERSON,42,46
mdp.39015002169384,86,20,1,Ahmad,PERSON,48,53
mdp.39015002169384,86,20,2,Cootie,PERSON,55,61
mdp.39015002169384,86,20,3,Sam,PERSON,66,69
mdp.39015002169384,86,24,0,82,CARDINAL,0,2
mdp.39015002169384,87,0,0,Spoon's Bar,FAC,62,73
mdp.39015002169384,87,0,1,11:00 P.M.,TIME,80,90
mdp.39015002169384,87,1,0,first,ORDINAL,37,42
mdp.39015002169384,87,2,0,one,CARDINAL,50,53
mdp.39015002169384,87,7,0,one Friday,TIME,6,16
mdp.39015002169384,87,7,1,Spoon's,ORG,26,33
mdp.39015002169384,87,7,2,Sam,PERSON,39,42
mdp.39015002169384,87,14,0,Spoon,PERSON,0,5
mdp.39015002169384,87,14,1,Sam,PERSON,48,51
mdp.39015002169384,87,16,0,A.B.C.,ORG,4,10
mdp.39015002169384,87,17,0,Sam,PERSON,0,3
mdp.39015002169384,87,21,0,Cootie,PERSON,0,6
mdp.39015002169384,87,23,0,Mojo,PERSON,18,22
mdp.39015002169384,87,24,0,Mojo,PERSON,16,20
mdp.39015002169384,87,27,0,the night,TIME,45,54
mdp.39015002169384,87,28,0,one,CARDINAL,14,17
mdp.39015002169384,88,9,0,Afro,PRODUCT,28,32
mdp.39015002169384,88,10,0,Sam,PERSON,31,34
mdp.39015002169384,88,11,0,Sam,PERSON,37,40
mdp.39015002169384,88,15,0,brotha,PERSON,10,16
mdp.39015002169384,88,20,0,four,CARDINAL,15,19
mdp.39015002169384,88,20,1,Nam,GPE,171,174
mdp.39015002169384,88,20,2,a million,CARDINAL,180,189
mdp.39015002169384,88,20,3,Vietnamese,NORP,190,200
mdp.39015002169384,89,0,0,Sam,PERSON,17,20
mdp.39015002169384,89,3,0,Lester Maddox,PERSON,7,20
mdp.39015002169384,89,3,1,Bull Conners,PERSON,48,60
mdp.39015002169384,89,3,2,William Buckley,PERSON,82,97
mdp.39015002169384,89,8,0,Sam,PERSON,115,118
mdp.39015002169384,89,16,0,Sam,PERSON,9,12
mdp.39015002169384,89,22,0,Sam,PERSON,112,115
mdp.39015002169384,89,27,0,One,CARDINAL,0,3
mdp.39015002169384,89,27,1,Spoon's,ORG,32,39
mdp.39015002169384,89,28,0,85,CARDINAL,0,2
mdp.39015002169384,90,1,0,Charles Earland,PERSON,36,51
mdp.39015002169384,90,7,0,Spoon,PERSON,30,35
mdp.39015002169384,90,7,1,Seagrams,PRODUCT,100,108
mdp.39015002169384,90,8,0,Mojo,PERSON,31,35
mdp.39015002169384,90,8,1,Cootie,PERSON,37,43
mdp.39015002169384,90,8,2,Ahmad,PERSON,45,50
mdp.39015002169384,90,8,3,Sam,PERSON,69,72
mdp.39015002169384,90,10,0,Sam,PERSON,44,47
mdp.39015002169384,90,11,0,86,CARDINAL,0,2
mdp.39015002169384,91,0,0,that first night,TIME,41,57
mdp.39015002169384,91,0,1,Terri,PERSON,72,77
mdp.39015002169384,91,2,0,morning,TIME,59,66
mdp.39015002169384,91,3,0,Sam,PERSON,46,49
mdp.39015002169384,91,6,0,Mojo,PERSON,95,99
mdp.39015002169384,91,6,1,Ahmad,PERSON,101,106
mdp.39015002169384,91,6,2,Cootie,PERSON,111,117
mdp.39015002169384,91,6,3,Levi's,ORG,160,166
mdp.39015002169384,91,7,0,87,CARDINAL,18,20
mdp.39015002169384,92,0,0,.25,PRODUCT,48,51
mdp.39015002169384,92,2,0,Mojo,PERSON,0,4
mdp.39015002169384,92,11,0,Ahmad,PERSON,0,5
mdp.39015002169384,92,12,0,a quart,QUANTITY,95,102
mdp.39015002169384,92,12,1,Schenley,PERSON,106,114
mdp.39015002169384,92,15,0,Cootie,PERSON,54,60
mdp.39015002169384,92,17,0,Mojo,PERSON,7,11
mdp.39015002169384,92,20,0,Cootie,PERSON,0,6
mdp.39015002169384,92,21,0,Mojo,PERSON,15,19
mdp.39015002169384,92,22,0,last night,TIME,31,41
mdp.39015002169384,92,30,0,Cootie,PERSON,16,22
mdp.39015002169384,92,33,0,Mojo,PERSON,0,4
mdp.39015002169384,92,34,0,88,CARDINAL,29,31
mdp.39015002169384,93,0,0,Cootie,PERSON,64,70
mdp.39015002169384,93,0,1,first,ORDINAL,88,93
mdp.39015002169384,93,0,2,Mojo,PERSON,98,102
mdp.39015002169384,93,0,3,Brotha,PERSON,115,121
mdp.39015002169384,93,0,4,Sam,PERSON,144,147
mdp.39015002169384,93,0,5,last night,TIME,148,158
mdp.39015002169384,93,3,0,brotha Malcolm X,PERSON,29,45
mdp.39015002169384,93,3,1,brotha Eldridge Cleaver,PERSON,50,73
mdp.39015002169384,93,4,0,Sam,PERSON,16,19
mdp.39015002169384,93,7,0,Ahmad,PERSON,0,5
mdp.39015002169384,93,12,0,Terri,PERSON,27,32
mdp.39015002169384,93,19,0,Mojo,PERSON,46,50
mdp.39015002169384,93,26,0,Mojo,PERSON,35,39
mdp.39015002169384,94,0,0,Cootie,PERSON,0,6
mdp.39015002169384,94,4,0,last night,TIME,18,28
mdp.39015002169384,94,7,0,Mojo,PERSON,0,4
mdp.39015002169384,94,16,0,Mojo,PERSON,0,4
mdp.39015002169384,94,19,0,City Hall,ORG,66,75
mdp.39015002169384,94,21,0,Ford Foundationapproved,ORG,88,111
mdp.39015002169384,95,0,0,Mojo,PERSON,0,4
mdp.39015002169384,95,3,0,Cootie,PERSON,7,13
mdp.39015002169384,95,3,1,two years,DATE,71,80
mdp.39015002169384,95,7,0,Cootie,PERSON,0,6
mdp.39015002169384,95,16,0,Jews,NORP,4,8
mdp.39015002169384,95,19,0,Cootie,PERSON,0,6
mdp.39015002169384,96,0,0,Mojo,PERSON,35,39
mdp.39015002169384,96,0,1,Ahmad,PERSON,44,49
mdp.39015002169384,96,0,2,Cootie,PERSON,58,64
mdp.39015002169384,96,3,0,Ahmad,PERSON,14,19
mdp.39015002169384,96,5,0,Mojo,PERSON,0,4
mdp.39015002169384,96,20,0,Cootie,PERSON,49,55
mdp.39015002169384,96,28,0,one,CARDINAL,24,27
mdp.39015002169384,96,28,1,one,CARDINAL,50,53
mdp.39015002169384,97,4,0,Ahmad,PERSON,25,30
mdp.39015002169384,97,5,0,Mojo,PERSON,0,4
mdp.39015002169384,97,8,0,a week,DATE,7,13
mdp.39015002169384,97,9,0,at least a week,DATE,7,22
mdp.39015002169384,97,10,0,two,CARDINAL,4,7
mdp.39015002169384,97,11,0,Cootie,PERSON,0,6
mdp.39015002169384,97,12,0,brotha,PERSON,11,17
mdp.39015002169384,97,12,1,Mojo,PERSON,20,24
mdp.39015002169384,97,14,0,one,CARDINAL,25,28
mdp.39015002169384,97,14,1,one,CARDINAL,32,35
mdp.39015002169384,97,14,2,first,ORDINAL,75,80
mdp.39015002169384,97,18,0,Cootie,PERSON,16,22
mdp.39015002169384,97,18,1,Sam,PERSON,44,47
mdp.39015002169384,98,0,0,one,CARDINAL,10,13
mdp.39015002169384,98,2,0,Terri,PERSON,31,36
mdp.39015002169384,98,5,0,two,CARDINAL,19,22
mdp.39015002169384,98,7,0,Mojo,PERSON,9,13
mdp.39015002169384,98,10,0,Shadow the Terrible,PERSON,0,19
mdp.39015002169384,98,11,0,Terri,PERSON,18,23
mdp.39015002169384,98,12,0,only one,CARDINAL,18,26
mdp.39015002169384,98,15,0,Terri,PERSON,17,22
mdp.39015002169384,99,1,0,no Malcolm X,PERSON,18,30
mdp.39015002169384,99,1,1,Martin Luther King,PERSON,34,52
mdp.39015002169384,99,1,2,Booker T. Washington's,PERSON,131,153
mdp.39015002169384,99,3,0,Spoon's,ORG,29,36
mdp.39015002169384,99,3,1,Newark,GPE,102,108
mdp.39015002169384,99,3,2,thousands,CARDINAL,175,184
mdp.39015002169384,99,3,3,Newarkers,NORP,218,227
mdp.39015002169384,99,3,4,daily,DATE,248,253
mdp.39015002169384,99,5,0,daily,DATE,17,22
mdp.39015002169384,99,6,0,"Broad, Market",FAC,10,23
mdp.39015002169384,99,6,1,West Market,FAC,25,36
mdp.39015002169384,99,6,2,Springfield,GPE,56,67
mdp.39015002169384,99,6,3,South Orange avenues,LOC,72,92
mdp.39015002169384,99,6,4,3:30 P.M.,TIME,121,130
mdp.39015002169384,99,6,5,6:30 P.M.,TIME,134,143
mdp.39015002169384,99,6,6,daily,DATE,244,249
mdp.39015002169384,99,7,0,one,CARDINAL,10,13
mdp.39015002169384,99,8,0,Spoon's,ORG,25,32
mdp.39015002169384,99,8,1,Mojo,PERSON,34,38
mdp.39015002169384,99,8,2,Ahmad,PERSON,40,45
mdp.39015002169384,99,8,3,Cootie,PERSON,50,56
mdp.39015002169384,99,8,4,three,CARDINAL,135,140
mdp.39015002169384,99,8,5,every waking hour,TIME,169,186
mdp.39015002169384,99,10,0,Spoon's,ORG,39,46
mdp.39015002169384,99,11,0,95,DATE,59,61
mdp.39015002169384,100,3,0,Spoon's,ORG,20,27
mdp.39015002169384,100,3,1,Wes,PERSON,127,130
mdp.39015002169384,100,3,2,The Playbill,WORK_OF_ART,133,145
mdp.39015002169384,100,3,3,Sardi's,ORG,201,208
mdp.39015002169384,100,3,4,The Copacabana,ORG,234,248
mdp.39015002169384,100,4,0,Spoon's,ORG,0,7
mdp.39015002169384,100,4,1,Spoon's,ORG,108,115
mdp.39015002169384,100,16,0,Mojo,PERSON,18,22
mdp.39015002169384,100,20,0,Ahmad,PERSON,0,5
mdp.39015002169384,100,22,0,Cootie,PERSON,15,21
mdp.39015002169384,100,24,0,Cootie,PERSON,35,41
mdp.39015002169384,100,25,0,Mojo,PERSON,0,4
mdp.39015002169384,100,28,0,Agnes,PERSON,43,48
mdp.39015002169384,100,28,1,96,DATE,58,60
mdp.39015002169384,101,4,0,Mojo,PERSON,0,4
mdp.39015002169384,101,7,0,Agnes,PERSON,0,5
mdp.39015002169384,101,10,0,Spoon,PERSON,1,6
mdp.39015002169384,101,11,0,Cootie,PERSON,10,16
mdp.39015002169384,101,11,1,Ahmad,PERSON,18,23
mdp.39015002169384,101,11,2,Shadow,PERSON,28,34
mdp.39015002169384,101,12,0,Spoon,PERSON,63,68
mdp.39015002169384,101,12,1,Mojo,PERSON,82,86
mdp.39015002169384,101,13,0,Agnes,PERSON,0,5
mdp.39015002169384,101,14,0,Spoon,PERSON,77,82
mdp.39015002169384,101,15,0,Mojo,PERSON,0,4
mdp.39015002169384,101,17,0,One,CARDINAL,1,4
mdp.39015002169384,101,18,0,Cootie,PERSON,26,32
mdp.39015002169384,101,21,0,one,CARDINAL,23,26
mdp.39015002169384,101,22,0,Spoon,ORG,54,59
mdp.39015002169384,101,29,0,97,CARDINAL,17,19
mdp.39015002169384,102,4,0,98,CARDINAL,0,2
mdp.39015002169384,103,2,0,Cootie,PERSON,25,31
mdp.39015002169384,104,0,0,one,CARDINAL,32,35
mdp.39015002169384,104,0,1,Sam,PERSON,55,58
mdp.39015002169384,104,0,2,Cootie,PERSON,81,87
mdp.39015002169384,104,1,0,a few days'll,DATE,55,68
mdp.39015002169384,104,2,0,Cootie,PERSON,14,20
mdp.39015002169384,104,2,1,Cootie,PERSON,105,111
mdp.39015002169384,104,8,0,Cootie,PERSON,29,35
mdp.39015002169384,104,9,0,a few days,DATE,74,84
mdp.39015002169384,104,10,0,Sam,PERSON,6,9
mdp.39015002169384,104,11,0,Mojo,PERSON,14,18
mdp.39015002169384,104,12,0,another week,DATE,25,37
mdp.39015002169384,104,21,0,Mojo,PERSON,0,4
mdp.39015002169384,104,25,0,tomorrow,DATE,21,29
mdp.39015002169384,104,26,0,Ahmad,PERSON,0,5
mdp.39015002169384,104,29,0,100,CARDINAL,0,3
mdp.39015002169384,105,1,0,Cootie,PERSON,17,23
mdp.39015002169384,105,3,0,The North-Central Pool Hall,FAC,0,27
mdp.39015002169384,105,3,1,Italian,NORP,49,56
mdp.39015002169384,105,3,2,Newark,GPE,73,79
mdp.39015002169384,105,3,3,North Ward,LOC,82,92
mdp.39015002169384,105,4,0,Puerto Ricans,NORP,58,71
mdp.39015002169384,105,6,0,the Revolutionary Vanguard of the People of Newark,WORK_OF_ART,35,85
mdp.39015002169384,105,7,0,tonight,DATE,31,38
mdp.39015002169384,105,7,1,the North-Central Pool Hall,FAC,58,85
mdp.39015002169384,105,8,0,Cootie,PERSON,24,30
mdp.39015002169384,105,11,0,evening,TIME,93,100
mdp.39015002169384,105,14,0,two,CARDINAL,29,32
mdp.39015002169384,105,21,0,John Wayne,PERSON,21,31
mdp.39015002169384,106,6,0,five,CARDINAL,38,42
mdp.39015002169384,106,7,0,the OK Pool Parlor,FAC,11,29
mdp.39015002169384,106,12,0,two,CARDINAL,4,7
mdp.39015002169384,106,13,0,Chicago,GPE,12,19
mdp.39015002169384,106,13,1,first,ORDINAL,148,153
mdp.39015002169384,106,14,0,Chicago,GPE,21,28
mdp.39015002169384,106,17,0,six,CARDINAL,122,125
mdp.39015002169384,107,4,0,Vito Morese,PERSON,0,11
mdp.39015002169384,107,4,1,Italian,NORP,94,101
mdp.39015002169384,107,6,0,Vito,PERSON,11,15
mdp.39015002169384,107,10,0,Vito,PERSON,0,4
mdp.39015002169384,107,12,0,twenty bucks,MONEY,7,19
mdp.39015002169384,107,13,0,Joey,PERSON,8,12
mdp.39015002169384,107,13,1,Vito,PERSON,15,19
mdp.39015002169384,107,17,0,Joey,PERSON,15,19
mdp.39015002169384,107,19,0,Vito,PERSON,0,4
mdp.39015002169384,107,19,1,about a hundred dollars,MONEY,16,39
mdp.39015002169384,107,23,0,Vito,PERSON,0,4
mdp.39015002169384,107,25,0,Vito,PERSON,5,9
mdp.39015002169384,107,27,0,Joey,PERSON,5,9
mdp.39015002169384,107,32,0,Mojo,PERSON,12,16
mdp.39015002169384,107,34,0,twenty-five dollars,MONEY,18,37
mdp.39015002169384,107,35,0,Vito,PERSON,16,20
mdp.39015002169384,108,7,0,Vito,PERSON,37,41
mdp.39015002169384,108,7,1,Italian,NORP,44,51
mdp.39015002169384,108,13,0,Vito,PERSON,0,4
mdp.39015002169384,108,17,0,Vito,PERSON,0,4
mdp.39015002169384,108,23,0,Ten dollars,MONEY,1,12
mdp.39015002169384,108,27,0,ten dollars,MONEY,12,23
mdp.39015002169384,108,29,0,Vito,PERSON,5,9
mdp.39015002169384,108,29,1,only one,CARDINAL,34,42
mdp.39015002169384,108,29,2,second,ORDINAL,64,70
mdp.39015002169384,108,30,0,six,CARDINAL,10,13
mdp.39015002169384,109,3,0,Vito,PERSON,0,4
mdp.39015002169384,109,4,0,eight,CARDINAL,17,22
mdp.39015002169384,109,5,0,Vito,PERSON,53,57
mdp.39015002169384,109,7,0,second,ORDINAL,4,10
mdp.39015002169384,109,7,1,first,ORDINAL,33,38
mdp.39015002169384,109,8,0,Vito,PERSON,0,4
mdp.39015002169384,109,9,0,Sheila,PERSON,58,64
mdp.39015002169384,109,11,0,Vito,PERSON,44,48
mdp.39015002169384,109,12,0,Vito,PERSON,15,19
mdp.39015002169384,109,20,0,Vito,PERSON,44,48
mdp.39015002169384,109,24,0,twelve,CARDINAL,25,31
mdp.39015002169384,109,25,0,one,CARDINAL,11,14
mdp.39015002169384,109,26,0,Vito,PERSON,30,34
mdp.39015002169384,109,28,0,105,CARDINAL,0,3
mdp.39015002169384,110,0,0,Vito,PERSON,104,108
mdp.39015002169384,110,1,0,Sheila,PERSON,103,109
mdp.39015002169384,110,2,0,Vito,PERSON,0,4
mdp.39015002169384,110,5,0,Sheila,PERSON,52,58
mdp.39015002169384,110,6,0,Vito,PERSON,14,18
mdp.39015002169384,110,7,0,half,CARDINAL,99,103
mdp.39015002169384,110,9,0,Vito,PERSON,72,76
mdp.39015002169384,110,13,0,eight,CARDINAL,28,33
mdp.39015002169384,110,15,0,Vito,PERSON,75,79
mdp.39015002169384,110,16,0,Vito,PERSON,37,41
mdp.39015002169384,110,17,0,Sheila,PERSON,78,84
mdp.39015002169384,110,22,0,Vito,PERSON,0,4
mdp.39015002169384,110,23,0,106,CARDINAL,46,49
mdp.39015002169384,111,9,0,Vito,PERSON,15,19
mdp.39015002169384,111,9,1,second,ORDINAL,148,154
mdp.39015002169384,111,16,0,Vito,PERSON,13,17
mdp.39015002169384,111,23,0,Italian,NORP,52,59
mdp.39015002169384,111,24,0,107,CARDINAL,0,3
mdp.39015002169384,112,4,0,Vito,PERSON,0,4
mdp.39015002169384,112,9,0,Vito,PERSON,25,29
mdp.39015002169384,112,19,0,Vito,PERSON,68,72
mdp.39015002169384,112,21,0,Vito,PERSON,72,76
mdp.39015002169384,112,23,0,Vito,PERSON,23,27
mdp.39015002169384,112,23,1,Vito,PERSON,145,149
mdp.39015002169384,112,25,0,Vito,PERSON,0,4
mdp.39015002169384,112,28,0,Shadow,PERSON,9,15
mdp.39015002169384,113,9,0,Ahmad,PERSON,0,5
mdp.39015002169384,113,9,1,Mojo,PERSON,10,14
mdp.39015002169384,113,10,0,Cootie,PERSON,0,6
mdp.39015002169384,113,13,0,Vito,PERSON,21,25
mdp.39015002169384,113,21,0,Vito,PERSON,12,16
mdp.39015002169384,113,25,0,109,CARDINAL,59,62
mdp.39015002169384,114,2,0,Mojo,PERSON,21,25
mdp.39015002169384,114,4,0,Ahmad,PERSON,8,13
mdp.39015002169384,114,6,0,Vito,PERSON,44,48
mdp.39015002169384,114,9,0,Vito,PERSON,40,44
mdp.39015002169384,114,10,0,Vito,PERSON,37,41
mdp.39015002169384,114,19,0,tonight,TIME,31,38
mdp.39015002169384,114,20,0,110,CARDINAL,0,3
mdp.39015002169384,115,0,0,Vito,PERSON,118,122
mdp.39015002169384,115,2,0,Italian,NORP,18,25
mdp.39015002169384,115,2,1,Mafia,ORG,44,49
mdp.39015002169384,115,3,0,Meadowland,LOC,59,69
mdp.39015002169384,115,3,1,the Passaic River,LOC,111,128
mdp.39015002169384,115,3,2,Vito,PERSON,159,163
mdp.39015002169384,115,3,3,five,CARDINAL,170,174
mdp.39015002169384,115,3,4,Italian,NORP,184,191
mdp.39015002169384,115,3,5,Mafia,ORG,229,234
mdp.39015002169384,115,6,0,The following afternoon,TIME,0,23
mdp.39015002169384,115,6,1,Sam,PERSON,83,86
mdp.39015002169384,115,8,0,111,CARDINAL,0,3
mdp.39015002169384,116,3,0,Mojo,PERSON,2,6
mdp.39015002169384,116,3,1,One,CARDINAL,18,21
mdp.39015002169384,116,4,0,three,CARDINAL,16,21
mdp.39015002169384,116,8,0,A.45,PRODUCT,1,5
mdp.39015002169384,116,8,1,Cootie,PERSON,8,14
mdp.39015002169384,116,9,0,one night,TIME,26,35
mdp.39015002169384,116,10,0,Ahmad,PERSON,0,5
mdp.39015002169384,116,12,0,Cootie,PERSON,14,20
mdp.39015002169384,116,16,0,tomorrow,DATE,27,35
mdp.39015002169384,116,16,1,tomorrow,DATE,70,78
mdp.39015002169384,116,16,2,night,TIME,79,84
mdp.39015002169384,116,18,0,Mojo,PERSON,14,18
mdp.39015002169384,116,21,0,Cootie,PERSON,18,24
mdp.39015002169384,116,22,0,tomorrow,DATE,14,22
mdp.39015002169384,116,24,0,tomorrow,DATE,41,49
mdp.39015002169384,116,28,0,James Brown,PERSON,54,65
mdp.39015002169384,116,28,1,Terri,PERSON,121,126
mdp.39015002169384,116,36,0,Terri,PERSON,43,48
mdp.39015002169384,116,37,0,112,CARDINAL,34,37
mdp.39015002169384,117,6,0,one minute,TIME,8,18
mdp.39015002169384,117,6,1,Terri,PERSON,272,277
mdp.39015002169384,117,11,0,Terri,PERSON,128,133
mdp.39015002169384,117,14,0,Terri,PERSON,0,5
mdp.39015002169384,117,16,0,two,CARDINAL,39,42
mdp.39015002169384,118,3,0,only one,CARDINAL,10,18
mdp.39015002169384,118,4,0,the morning,TIME,80,91
mdp.39015002169384,118,13,0,Prince Street,FAC,28,41
mdp.39015002169384,118,17,0,dozens,CARDINAL,10,16
mdp.39015002169384,118,17,1,one day,DATE,75,82
mdp.39015002169384,118,21,0,One,CARDINAL,0,3
mdp.39015002169384,119,0,0,day,DATE,0,3
mdp.39015002169384,119,0,1,the next day,DATE,67,79
mdp.39015002169384,119,9,0,daily,DATE,12,17
mdp.39015002169384,119,9,1,Sam,PERSON,27,30
mdp.39015002169384,119,10,0,one,CARDINAL,19,22
mdp.39015002169384,119,10,1,Mojo,PERSON,60,64
mdp.39015002169384,119,11,0,Ahmad,PERSON,22,27
mdp.39015002169384,119,11,1,Sam,PERSON,36,39
mdp.39015002169384,119,11,2,Sam,PERSON,140,143
mdp.39015002169384,119,12,0,Cootie,PERSON,8,14
mdp.39015002169384,119,15,0,Ahmad,PERSON,23,28
mdp.39015002169384,119,18,0,Cootie,PERSON,0,6
mdp.39015002169384,119,20,0,dozens,CARDINAL,19,25
mdp.39015002169384,119,22,0,two,CARDINAL,17,20
mdp.39015002169384,119,25,0,The Prince Liquor Store,ORG,1,24
mdp.39015002169384,119,26,0,Ahmad,PERSON,21,26
mdp.39015002169384,119,27,0,Tonight,TIME,1,8
mdp.39015002169384,119,28,0,Mojo,PERSON,0,4
mdp.39015002169384,119,33,0,115,CARDINAL,0,3
mdp.39015002169384,120,6,0,Cootie,PERSON,0,6
mdp.39015002169384,120,6,1,Mojo,PERSON,14,18
mdp.39015002169384,120,13,0,Japs,ORG,78,82
mdp.39015002169384,120,15,0,one,CARDINAL,59,62
mdp.39015002169384,120,19,0,the weeks,DATE,59,68
mdp.39015002169384,120,24,0,Mojo,PERSON,62,66
mdp.39015002169384,121,4,0,Prince Street,FAC,29,42
mdp.39015002169384,121,6,0,Seagrams,PRODUCT,85,93
mdp.39015002169384,121,9,0,Ahmad,PERSON,0,5
mdp.39015002169384,121,10,0,Mojo,PERSON,21,25
mdp.39015002169384,121,10,1,Cootie,PERSON,30,36
mdp.39015002169384,121,11,0,Mojo,PERSON,32,36
mdp.39015002169384,121,11,1,half a block,QUANTITY,77,89
mdp.39015002169384,121,14,0,Cootie,PERSON,36,42
mdp.39015002169384,121,15,0,Ahmad,PERSON,0,5
mdp.39015002169384,121,23,0,Three,CARDINAL,0,5
mdp.39015002169384,121,24,0,five,CARDINAL,10,14
mdp.39015002169384,122,7,0,day,DATE,106,109
mdp.39015002169384,122,9,0,three,CARDINAL,71,76
mdp.39015002169384,122,9,1,two,CARDINAL,91,94
mdp.39015002169384,122,11,0,Cootie,PERSON,25,31
mdp.39015002169384,122,20,0,one,CARDINAL,28,31
mdp.39015002169384,122,22,0,Mojo,PERSON,24,28
mdp.39015002169384,122,26,0,Cootie,PERSON,0,6
mdp.39015002169384,122,29,0,118,CARDINAL,0,3
mdp.39015002169384,123,27,0,thousand,CARDINAL,88,96
mdp.39015002169384,124,3,0,.45,PRODUCT,84,87
mdp.39015002169384,124,4,0,fifth,ORDINAL,18,23
mdp.39015002169384,124,9,0,60-ounce,QUANTITY,48,56
mdp.39015002169384,124,9,1,Louisville Slugger,PRODUCT,57,75
mdp.39015002169384,124,9,2,a hundred,CARDINAL,115,124
mdp.39015002169384,124,14,0,Ahmad,PERSON,28,33
mdp.39015002169384,124,16,0,Mojo,PERSON,0,4
mdp.39015002169384,124,18,0,Cootie,PERSON,0,6
mdp.39015002169384,124,21,0,120,CARDINAL,0,3
mdp.39015002169384,125,5,0,Cootie,PERSON,101,107
mdp.39015002169384,125,6,0,Three hundred and eighty-seven dollars,MONEY,1,39
mdp.39015002169384,125,7,0,Jack Daniel,PRODUCT,25,36
mdp.39015002169384,125,13,0,Mojo,PERSON,51,55
mdp.39015002169384,125,13,1,the Jack Daniels,PRODUCT,78,94
mdp.39015002169384,125,15,0,Ahmad,PERSON,0,5
mdp.39015002169384,125,16,0,Cootie,PERSON,0,6
mdp.39015002169384,125,17,0,Shaft,WORK_OF_ART,20,25
mdp.39015002169384,125,20,0,121,CARDINAL,0,3
mdp.39015002169384,126,0,0,Terri,PERSON,39,44
mdp.39015002169384,126,3,0,a few days,DATE,3,13
mdp.39015002169384,126,4,0,Sam,PERSON,73,76
mdp.39015002169384,126,5,0,every day,DATE,20,29
mdp.39015002169384,126,5,1,a quart,QUANTITY,52,59
mdp.39015002169384,126,5,2,Seagrams,PRODUCT,63,71
mdp.39015002169384,126,6,0,Terri,PERSON,101,106
mdp.39015002169384,126,7,0,Saturday,DATE,10,18
mdp.39015002169384,126,7,1,afternoon,TIME,19,28
mdp.39015002169384,127,8,0,Terri,PERSON,9,14
mdp.39015002169384,127,10,0,Shadow,PERSON,17,23
mdp.39015002169384,128,1,0,a decibel,QUANTITY,10,19
mdp.39015002169384,128,9,0,one,CARDINAL,56,59
mdp.39015002169384,128,20,0,later on tonight,TIME,23,39
mdp.39015002169384,128,30,0,Terri,PERSON,41,46
mdp.39015002169384,128,31,0,124,CARDINAL,47,50
mdp.39015002169384,129,5,0,Gladys Johnson,PERSON,15,29
mdp.39015002169384,129,6,0,first,ORDINAL,11,16
mdp.39015002169384,129,7,0,the summer,DATE,3,13
mdp.39015002169384,129,9,0,the winter,DATE,7,17
mdp.39015002169384,129,14,0,Johnson,PERSON,13,20
mdp.39015002169384,129,15,0,Medusa,PERSON,29,35
mdp.39015002169384,129,18,0,Johnson,PERSON,9,16
mdp.39015002169384,129,28,0,Johnny Frank,PERSON,14,26
mdp.39015002169384,129,28,1,125,CARDINAL,42,45
mdp.39015002169384,130,0,0,Terri,PERSON,21,26
mdp.39015002169384,130,2,0,Shadow,PERSON,19,25
mdp.39015002169384,130,10,0,Shadow,PERSON,9,15
mdp.39015002169384,130,24,0,Terri,PERSON,40,45
mdp.39015002169384,130,25,0,James Brown,PERSON,25,36
mdp.39015002169384,130,25,1,Krueger Brewery,ORG,180,195
mdp.39015002169384,130,26,0,Terri,PERSON,111,116
mdp.39015002169384,130,29,0,Newark,GPE,77,83
mdp.39015002169384,130,29,1,Himalayas,LOC,102,111
mdp.39015002169384,130,30,0,126,CARDINAL,0,3
mdp.39015002169384,131,13,0,first,ORDINAL,16,21
mdp.39015002169384,131,15,0,today,DATE,19,24
mdp.39015002169384,131,23,0,half,CARDINAL,25,29
mdp.39015002169384,131,23,1,only two,CARDINAL,76,84
mdp.39015002169384,131,36,0,127,CARDINAL,46,49
mdp.39015002169384,132,19,0,Terri,PERSON,26,31
mdp.39015002169384,132,28,0,one,CARDINAL,48,51
mdp.39015002169384,132,32,0,128,CARDINAL,0,3
mdp.39015002169384,133,26,0,Bob Hope,PERSON,15,23
mdp.39015002169384,134,27,0,Terri,PERSON,27,32
mdp.39015002169384,136,4,0,Terri,PERSON,0,5
mdp.39015002169384,136,26,0,132,CARDINAL,91,94
mdp.39015002169384,137,0,0,Terri,PERSON,18,23
mdp.39015002169384,137,0,1,first,ORDINAL,28,33
mdp.39015002169384,137,2,0,Every few minutes,TIME,0,17
mdp.39015002169384,137,7,0,Terri,PERSON,0,5
mdp.39015002169384,137,13,0,Mojo,PERSON,9,13
mdp.39015002169384,137,17,0,Terri,PERSON,47,52
mdp.39015002169384,137,26,0,tomorrow,DATE,20,28
mdp.39015002169384,137,35,0,133,CARDINAL,0,3
mdp.39015002169384,138,0,0,BRUTHA,PERSON,4,10
mdp.39015002169384,138,0,1,MOJO,PERSON,13,17
mdp.39015002169384,138,0,2,Ahmad,PERSON,45,50
mdp.39015002169384,138,3,0,Ahmad,PERSON,13,18
mdp.39015002169384,138,8,0,Cootie,PERSON,30,36
mdp.39015002169384,138,9,0,Ahmad,PERSON,59,64
mdp.39015002169384,138,11,0,Mojo,PERSON,0,4
mdp.39015002169384,138,14,0,next week,DATE,60,69
mdp.39015002169384,138,15,0,134,CARDINAL,0,3
mdp.39015002169384,139,0,0,Ahmad,PERSON,19,24
mdp.39015002169384,139,1,0,Sam,PERSON,1,4
mdp.39015002169384,139,2,0,next week,DATE,67,76
mdp.39015002169384,139,5,0,Mojo,PERSON,0,4
mdp.39015002169384,139,9,0,Terri,PERSON,157,162
mdp.39015002169384,139,11,0,Terri,PERSON,71,76
mdp.39015002169384,139,13,0,Ahmad,PERSON,0,5
mdp.39015002169384,139,13,1,an ex-Black Muslim,NORP,30,48
mdp.39015002169384,139,13,2,the Great Wall of China,FAC,169,192
mdp.39015002169384,139,14,0,Muslim,NORP,4,10
mdp.39015002169384,139,17,0,Terri,PERSON,59,64
mdp.39015002169384,139,17,1,135,CARDINAL,301,304
mdp.39015002169384,140,5,0,Terri,PERSON,54,59
mdp.39015002169384,140,5,1,Cinderella,WORK_OF_ART,136,146
mdp.39015002169384,140,10,0,Cootie,PERSON,25,31
mdp.39015002169384,140,17,0,first,ORDINAL,11,16
mdp.39015002169384,140,17,1,Mojo,PERSON,46,50
mdp.39015002169384,140,18,0,Terri,PERSON,8,13
mdp.39015002169384,140,20,0,Ahmad,PERSON,55,60
mdp.39015002169384,140,27,0,Mojo,PERSON,3,7
mdp.39015002169384,140,28,0,Ahmad,PERSON,0,5
mdp.39015002169384,140,29,0,Ahmad,PERSON,20,25
mdp.39015002169384,140,30,0,136,CARDINAL,0,3
mdp.39015002169384,141,6,0,Mojo,PERSON,0,4
mdp.39015002169384,141,7,0,Brutha,PERSON,0,6
mdp.39015002169384,141,10,0,Mojo,PERSON,8,12
mdp.39015002169384,141,11,0,a million,CARDINAL,17,26
mdp.39015002169384,141,11,1,one hundred percent,PERCENT,50,69
mdp.39015002169384,141,13,0,Ahmad,PERSON,0,5
mdp.39015002169384,141,13,1,Mojo,PERSON,32,36
mdp.39015002169384,141,20,0,Mojo,PERSON,6,10
mdp.39015002169384,141,21,0,Shadow,PERSON,38,44
mdp.39015002169384,141,22,0,Ahmad,PERSON,0,5
mdp.39015002169384,141,26,0,Ahmad,PERSON,0,5
mdp.39015002169384,142,1,0,two,CARDINAL,54,57
mdp.39015002169384,142,1,1,yesterday,DATE,138,147
mdp.39015002169384,142,1,2,tomorrow,DATE,151,159
mdp.39015002169384,142,6,0,Brutha Ahmad,PERSON,1,13
mdp.39015002169384,142,6,1,Mojo,PERSON,16,20
mdp.39015002169384,142,17,0,Ahmad,PERSON,0,5
mdp.39015002169384,142,23,0,Mojo,PERSON,0,4
mdp.39015002169384,142,25,0,Mojo,PERSON,14,18
mdp.39015002169384,142,26,0,Ahmad,PERSON,0,5
mdp.39015002169384,142,31,0,138,CARDINAL,0,3
mdp.39015002169384,143,0,0,Terri,PERSON,8,13
mdp.39015002169384,143,8,0,Ahmad,PERSON,0,5
mdp.39015002169384,143,20,0,Mojo,PERSON,0,4
mdp.39015002169384,143,23,0,Ahmad,PERSON,0,5
mdp.39015002169384,143,30,0,139,CARDINAL,34,37
mdp.39015002169384,144,2,0,Mojo,PERSON,88,92
mdp.39015002169384,144,8,0,everyday,DATE,102,110
mdp.39015002169384,144,10,0,Mojo,PERSON,49,53
mdp.39015002169384,144,10,1,Ahmad,PERSON,74,79
mdp.39015002169384,144,13,0,Ahmad,PERSON,20,25
mdp.39015002169384,144,14,0,Ahmad,PERSON,6,11
mdp.39015002169384,144,15,0,yesterday,DATE,86,95
mdp.39015002169384,144,19,0,brutha,PERSON,10,16
mdp.39015002169384,144,23,0,140,CARDINAL,15,18
mdp.39015002169384,145,5,0,Mojo,PERSON,50,54
mdp.39015002169384,145,7,0,Ahmad,PERSON,5,10
mdp.39015002169384,145,8,0,Ahmad,PERSON,0,5
mdp.39015002169384,145,16,0,Mojo,PERSON,0,4
mdp.39015002169384,145,19,0,Mojo,PERSON,10,14
mdp.39015002169384,145,24,0,Ahmad,PERSON,8,13
mdp.39015002169384,145,25,0,Mojo,PERSON,25,29
mdp.39015002169384,145,35,0,141,CARDINAL,25,28
mdp.39015002169384,146,7,0,Brutha,PERSON,1,7
mdp.39015002169384,146,7,1,yoself,PERSON,65,71
mdp.39015002169384,146,12,0,ten,CARDINAL,124,127
mdp.39015002169384,146,13,0,Mojo,PERSON,0,4
mdp.39015002169384,146,14,0,Terri,PERSON,8,13
mdp.39015002169384,146,15,0,Ahmad,PERSON,20,25
mdp.39015002169384,146,23,0,142,DATE,116,119
mdp.39015002169384,147,11,0,Ahmad,PERSON,0,5
mdp.39015002169384,147,11,1,Mojo,PERSON,38,42
mdp.39015002169384,147,13,0,Ahmad,PERSON,7,12
mdp.39015002169384,147,14,0,Cootie,PERSON,11,17
mdp.39015002169384,147,15,0,Ahmad,PERSON,0,5
mdp.39015002169384,147,18,0,Mojo,PERSON,7,11
mdp.39015002169384,147,20,0,Jamaica,GPE,43,50
mdp.39015002169384,147,24,0,Ahmad,PERSON,23,28
mdp.39015002169384,147,27,0,all day,DATE,14,21
mdp.39015002169384,147,27,1,tomorrow,DATE,22,30
mdp.39015002169384,147,28,0,next day,DATE,14,22
mdp.39015002169384,147,32,0,Terri,PERSON,32,37
mdp.39015002169384,147,34,0,Ahmad,PERSON,5,10
mdp.39015002169384,147,35,0,143,CARDINAL,0,3
mdp.39015002169384,148,5,0,Ahmad,PERSON,26,31
mdp.39015002169384,148,8,0,Terri,PERSON,67,72
mdp.39015002169384,149,0,0,Ahmad,PERSON,30,35
mdp.39015002169384,149,9,0,Ahmad,PERSON,9,14
mdp.39015002169384,149,9,1,millions,CARDINAL,19,27
mdp.39015002169384,149,16,0,first,ORDINAL,70,75
mdp.39015002169384,149,24,0,145,CARDINAL,21,24
mdp.39015002169384,150,2,0,Jesus,PERSON,5,10
mdp.39015002169384,150,5,0,America,GPE,12,19
mdp.39015002169384,150,7,0,Terri,PERSON,12,17
mdp.39015002169384,150,7,1,Ahmad,PERSON,34,39
mdp.39015002169384,150,7,2,the Ku Klux Klan,ORG,61,77
mdp.39015002169384,150,7,3,B’Nai B’Rith,PERSON,82,94
mdp.39015002169384,150,7,4,Mississippi,GPE,106,117
mdp.39015002169384,150,7,5,Viet Nam,GPE,122,130
mdp.39015002169384,150,7,6,Nixon,PERSON,157,162
mdp.39015002169384,150,7,7,Martin Luther King,PERSON,167,185
mdp.39015002169384,150,14,0,Spoon's,ORG,44,51
mdp.39015002169384,150,16,0,the weekend,DATE,66,77
mdp.39015002169384,150,19,0,Wesley's Bar,ORG,33,45
mdp.39015002169384,150,22,0,City Hall,ORG,54,63
mdp.39015002169384,151,0,0,one,CARDINAL,279,282
mdp.39015002169384,151,6,0,Be-bop Betty,PERSON,36,48
mdp.39015002169384,151,8,0,one,CARDINAL,11,14
mdp.39015002169384,151,8,1,Wesley,PERSON,41,47
mdp.39015002169384,151,8,2,Sandora,PERSON,147,154
mdp.39015002169384,151,9,0,Betty,PERSON,10,15
mdp.39015002169384,151,9,1,Wesley,PERSON,124,130
mdp.39015002169384,151,10,0,Wesley,PERSON,46,52
mdp.39015002169384,151,11,0,Wesley,PERSON,95,101
mdp.39015002169384,151,13,0,one,CARDINAL,10,13
mdp.39015002169384,151,13,1,Charlie,PERSON,45,52
mdp.39015002169384,151,13,2,two,CARDINAL,146,149
mdp.39015002169384,152,3,0,Spoon's,ORG,28,35
mdp.39015002169384,152,4,0,Don,PERSON,30,33
mdp.39015002169384,152,4,1,one,CARDINAL,35,38
mdp.39015002169384,152,9,0,Don,PERSON,47,50
mdp.39015002169384,152,9,1,tomorrow,DATE,123,131
mdp.39015002169384,152,9,2,evening,TIME,132,139
mdp.39015002169384,152,12,0,first,ORDINAL,19,24
mdp.39015002169384,152,12,1,Terri,PERSON,56,61
mdp.39015002169384,152,13,0,Spoon's,ORG,42,49
mdp.39015002169384,152,14,0,first,ORDINAL,11,16
mdp.39015002169384,152,16,0,Spoon,PERSON,0,5
mdp.39015002169384,152,18,0,Champeenship,WORK_OF_ART,42,54
mdp.39015002169384,152,19,0,Spoon-o,PERSON,6,13
mdp.39015002169384,152,25,0,Coke,PRODUCT,26,30
mdp.39015002169384,152,29,0,day after tomorrow,DATE,75,93
mdp.39015002169384,152,32,0,Lillian,PERSON,0,7
mdp.39015002169384,152,32,1,Spoon's,ORG,41,48
mdp.39015002169384,153,13,0,the other day,DATE,21,34
mdp.39015002169384,153,21,0,Cootie,PERSON,6,12
mdp.39015002169384,153,23,0,Jesse James,PERSON,37,48
mdp.39015002169384,153,25,0,Cootie,PERSON,50,56
mdp.39015002169384,153,28,0,Spoon,PERSON,0,5
mdp.39015002169384,153,29,0,Spoon,PERSON,5,10
mdp.39015002169384,153,29,1,Lillian,PERSON,13,20
mdp.39015002169384,153,30,0,Cootie,PERSON,8,14
mdp.39015002169384,153,32,0,Bout fifteen minutes,TIME,1,21
mdp.39015002169384,153,32,1,Spoon,PERSON,24,29
mdp.39015002169384,153,38,0,Lillian,PERSON,17,24
mdp.39015002169384,153,39,0,Cootie,PERSON,7,13
mdp.39015002169384,154,0,0,second,ORDINAL,42,48
mdp.39015002169384,154,5,0,Spoon,PERSON,14,19
mdp.39015002169384,154,5,1,Cootie,PERSON,93,99
mdp.39015002169384,154,7,0,Lillian,PERSON,10,17
mdp.39015002169384,154,8,0,Cootie,PERSON,26,32
mdp.39015002169384,154,9,0,Ahmad,PERSON,8,13
mdp.39015002169384,154,9,1,Mojo,PERSON,18,22
mdp.39015002169384,154,11,0,Lillian,PERSON,40,47
mdp.39015002169384,154,17,0,Spoon's,ORG,31,38
mdp.39015002169384,154,20,0,Some Puerto Ricans,NORP,0,18
mdp.39015002169384,154,21,0,One,CARDINAL,0,3
mdp.39015002169384,154,23,0,Springfield Avenue,FAC,31,49
mdp.39015002169384,154,23,1,nearly two miles,QUANTITY,65,81
mdp.39015002169384,154,24,0,Ahmad,PERSON,86,91
mdp.39015002169384,154,25,0,150,CARDINAL,26,29
mdp.39015002169384,155,4,0,Terri,PERSON,37,42
mdp.39015002169384,155,4,1,tomorrow,DATE,43,51
mdp.39015002169384,155,6,0,151,CARDINAL,0,3
mdp.39015002169384,156,0,0,Vito,PERSON,109,113
mdp.39015002169384,156,0,1,Ahmad,PERSON,158,163
mdp.39015002169384,157,22,0,Ahmad,PERSON,11,16
mdp.39015002169384,157,23,0,Terri,PERSON,0,5
mdp.39015002169384,158,2,0,one,CARDINAL,21,24
mdp.39015002169384,158,6,0,Ahmads,NORP,96,102
mdp.39015002169384,158,8,0,every day,DATE,62,71
mdp.39015002169384,158,15,0,Ahmad,PERSON,29,34
mdp.39015002169384,158,20,0,one,CARDINAL,13,16
mdp.39015002169384,158,20,1,one,CARDINAL,59,62
mdp.39015002169384,158,23,0,Terri,PERSON,12,17
mdp.39015002169384,159,28,0,Terri,PERSON,29,34
mdp.39015002169384,159,35,0,the nineteen sixties,DATE,45,65
mdp.39015002169384,159,44,0,155,CARDINAL,0,3
mdp.39015002169384,160,0,0,Terri,PERSON,38,43
mdp.39015002169384,160,12,0,"Ruben ""Hurricane"" Carter",PERSON,76,100
mdp.39015002169384,160,13,0,Ferris Wheel,FAC,81,93
mdp.39015002169384,160,22,0,Carter,PERSON,44,50
mdp.39015002169384,161,2,0,one,CARDINAL,77,80
mdp.39015002169384,161,3,0,157,CARDINAL,0,3
mdp.39015002169384,162,1,0,Terri,PERSON,79,84
mdp.39015002169384,162,11,0,Belmont Avenue,FAC,13,27
mdp.39015002169384,163,4,0,Sunday,DATE,7,13
mdp.39015002169384,163,5,0,Monday,DATE,35,41
mdp.39015002169384,163,9,0,two,CARDINAL,36,39
mdp.39015002169384,163,11,0,Fifteenth Avenue,FAC,12,28
mdp.39015002169384,163,12,0,Bergen Street,FAC,11,24
mdp.39015002169384,163,13,0,Ted Hardy's,PERSON,83,94
mdp.39015002169384,163,14,0,Ted,PERSON,8,11
mdp.39015002169384,163,22,0,Vito,PERSON,13,17
mdp.39015002169384,163,22,1,Mafia,ORG,26,31
mdp.39015002169384,163,28,0,159,CARDINAL,27,30
mdp.39015002169384,164,6,0,About twenty,CARDINAL,0,12
mdp.39015002169384,164,7,0,One,CARDINAL,0,3
mdp.39015002169384,164,14,0,JoAnn Eason,PERSON,12,23
mdp.39015002169384,164,30,0,One,CARDINAL,0,3
mdp.39015002169384,164,32,0,160,CARDINAL,0,3
mdp.39015002169384,165,3,0,Two,CARDINAL,0,3
mdp.39015002169384,165,4,0,Boone's Farm Apple,ORG,52,70
mdp.39015002169384,165,5,0,Eddie,PERSON,107,112
mdp.39015002169384,165,11,0,Jo,PERSON,1,3
mdp.39015002169384,165,15,0,God,PERSON,9,12
mdp.39015002169384,165,18,0,Lawd,PERSON,4,8
mdp.39015002169384,165,22,0,Eddie,PERSON,4,9
mdp.39015002169384,165,26,0,Eddie,PERSON,25,30
mdp.39015002169384,165,26,1,Eddie,PERSON,89,94
mdp.39015002169384,165,27,0,Eddie,PERSON,13,18
mdp.39015002169384,165,27,1,Eddie,PERSON,56,61
mdp.39015002169384,165,27,2,first,ORDINAL,71,76
mdp.39015002169384,165,30,0,JoAnn,PERSON,30,35
mdp.39015002169384,165,31,0,161,CARDINAL,0,3
mdp.39015002169384,166,10,0,only about ten feet,QUANTITY,12,31
mdp.39015002169384,166,28,0,162,CARDINAL,0,3
mdp.39015002169384,167,5,0,One,CARDINAL,1,4
mdp.39015002169384,167,7,0,one,CARDINAL,29,32
mdp.39015002169384,167,9,0,Mistah,PERSON,1,7
mdp.39015002169384,167,20,0,half,CARDINAL,26,30
mdp.39015002169384,167,26,0,African,NORP,160,167
mdp.39015002169384,167,26,1,Chaka,PERSON,175,180
mdp.39015002169384,167,26,2,Terri,PERSON,186,191
mdp.39015002169384,167,26,3,J. A. Rogers,PERSON,218,230
mdp.39015002169384,167,30,0,163,CARDINAL,24,27
mdp.39015002169384,168,23,0,Eddie,PERSON,0,5
mdp.39015002169384,169,6,0,Eddie,PERSON,113,118
mdp.39015002169384,169,7,0,inches,CARDINAL,103,109
mdp.39015002169384,169,19,0,a full minute,TIME,11,24
mdp.39015002169384,169,20,0,Eddie,PERSON,90,95
mdp.39015002169384,169,26,0,165,CARDINAL,0,3
mdp.39015002169384,170,10,0,Eddie-cop,PERSON,8,17
mdp.39015002169384,170,16,0,Springfield Avenue,FAC,61,79
mdp.39015002169384,170,17,0,Eddie-cop,PERSON,35,44
mdp.39015002169384,170,19,0,Eddie-cop's,PERSON,26,37
mdp.39015002169384,170,29,0,166,CARDINAL,0,3
mdp.39015002169384,171,7,0,Belmont Avenue,FAC,24,38
mdp.39015002169384,171,7,1,West Kinney Street,FAC,56,74
mdp.39015002169384,171,10,0,Kinney Street,FAC,64,77
mdp.39015002169384,171,15,0,an hour ago,TIME,38,49
mdp.39015002169384,171,26,0,Terri,PERSON,0,5
mdp.39015002169384,171,31,0,167,CARDINAL,0,3
mdp.39015002169384,172,8,0,168,CARDINAL,0,3
mdp.39015002169384,174,0,0,APR 01,DATE,53,59
