vol_id,page,sentence_id,ent_id,entity,entity_type,start_char,end_char
mdp.39076006285956,5,0,0,Ark of Bones,WORK_OF_ART,0,12
mdp.39076006285956,6,0,0,1,CARDINAL,0,1
mdp.39076006285956,6,0,1,1,CARDINAL,2,3
mdp.39076006285956,7,0,0,Ark of Bones,WORK_OF_ART,0,12
mdp.39076006285956,7,0,1,HENRY DUMAS,PERSON,34,45
mdp.39076006285956,7,0,2,Eugene B. Redmond,PERSON,56,73
mdp.39076006285956,7,0,3,NEW YORK,GPE,90,98
mdp.39076006285956,8,0,0,1974,DATE,29,33
mdp.39076006285956,8,0,1,Loretta Dumas,PERSON,37,50
mdp.39076006285956,8,1,0,International and Pan,LAW,26,47
mdp.39076006285956,8,2,0,the United States,GPE,13,30
mdp.39076006285956,8,2,1,"Random House, Inc.",ORG,34,52
mdp.39076006285956,8,2,2,New York,GPE,54,62
mdp.39076006285956,8,2,3,Canada,GPE,86,92
mdp.39076006285956,8,2,4,Random House of Canada Limited,ORG,96,126
mdp.39076006285956,8,2,5,Toronto,GPE,128,135
mdp.39076006285956,8,3,0,Library of Congress,ORG,0,19
mdp.39076006285956,8,3,1,Dumas,PERSON,51,56
mdp.39076006285956,8,3,2,Henry,PERSON,58,63
mdp.39076006285956,8,3,3,1934-1968,DATE,65,74
mdp.39076006285956,8,8,0,1,CARDINAL,0,1
mdp.39076006285956,8,10,0,0-394-48971-,CARDINAL,48,60
mdp.39076006285956,8,10,1,0-394-70947-,CARDINAL,79,91
mdp.39076006285956,8,11,0,the United States of America,GPE,16,44
mdp.39076006285956,8,12,0,Henry Dumas,PERSON,84,95
mdp.39076006285956,8,13,0,Dumas,PERSON,62,67
mdp.39076006285956,8,14,0,the age of,DATE,17,27
mdp.39076006285956,8,14,1,thirtyfour,DATE,28,38
mdp.39076006285956,8,14,2,Dumas,PERSON,40,45
mdp.39076006285956,8,15,0,Jean Toomer,PERSON,71,82
mdp.39076006285956,8,15,1,Kahil Gibran,PERSON,87,99
mdp.39076006285956,8,16,0,Dumas,PERSON,53,58
mdp.39076006285956,8,16,1,Edward Crosby,PERSON,82,95
mdp.39076006285956,8,16,2,Southern Illinois University,ORG,111,139
mdp.39076006285956,8,16,3,John Rendleman,PERSON,151,165
mdp.39076006285956,8,16,4,first,ORDINAL,222,227
mdp.39076006285956,8,16,5,SIU Press,ORG,236,245
mdp.39076006285956,8,16,6,Hale Chatfield,PERSON,261,275
mdp.39076006285956,8,16,7,Dumas,PERSON,303,308
mdp.39076006285956,8,16,8,first,ORDINAL,350,355
mdp.39076006285956,8,16,9,Imamu Amiri Baraka,PERSON,415,433
mdp.39076006285956,8,16,10,first,ORDINAL,469,474
mdp.39076006285956,8,16,11,Jay Wright,PERSON,503,513
mdp.39076006285956,8,16,12,first,ORDINAL,564,569
mdp.39076006285956,8,16,13,Quincy Troupe,PERSON,630,643
mdp.39076006285956,8,16,14,Loretta Dumas,PERSON,654,667
mdp.39076006285956,8,16,15,David,PERSON,682,687
mdp.39076006285956,8,16,16,Michael,PERSON,692,699
mdp.39076006285956,9,2,0,"December 9, 1967",DATE,0,16
mdp.39076006285956,9,2,1,HENRY DUMAS,PERSON,17,28
mdp.39076006285956,11,0,0,Eugene B. Redmond,PERSON,25,42
mdp.39076006285956,11,0,1,Ark of Bones I Echo Tree,WORK_OF_ART,46,70
mdp.39076006285956,11,0,2,Double Nigger 79 A Harlem Game,WORK_OF_ART,109,139
mdp.39076006285956,11,0,3,Strike and Fade,WORK_OF_ART,176,191
mdp.39076006285956,13,0,0,Eugene B. Redmond,PERSON,16,33
mdp.39076006285956,13,8,0,years,DATE,15,20
mdp.39076006285956,13,10,0,-Henry Dumas,PERSON,0,12
mdp.39076006285956,13,13,0,the Sound of My Horn,WORK_OF_ART,11,31
mdp.39076006285956,14,0,0,Ark of Bones,WORK_OF_ART,2,14
mdp.39076006285956,14,0,1,Other Stories a,WORK_OF_ART,19,34
mdp.39076006285956,14,0,2,Ark of Bones,WORK_OF_ART,108,120
mdp.39076006285956,14,0,3,Other Stories,WORK_OF_ART,126,139
mdp.39076006285956,14,3,0,one,CARDINAL,48,51
mdp.39076006285956,14,4,0,Black Dialogue,WORK_OF_ART,63,77
mdp.39076006285956,14,4,1,north,LOC,220,225
mdp.39076006285956,14,9,0,English,LANGUAGE,14,21
mdp.39076006285956,14,9,1,West,LOC,76,80
mdp.39076006285956,14,9,2,more than one,CARDINAL,114,127
mdp.39076006285956,14,10,0,Professoriat,PERSON,114,126
mdp.39076006285956,14,11,0,centuries,DATE,54,63
mdp.39076006285956,14,14,0,Professoriat,PERSON,85,97
mdp.39076006285956,14,14,1,Phyllis Wheatley,PERSON,129,145
mdp.39076006285956,14,14,2,Paul Lawrence Dunbar,PERSON,150,170
mdp.39076006285956,14,16,0,Addison Gayle,PERSON,3,16
mdp.39076006285956,14,16,1,Negro Digest,ORG,48,60
mdp.39076006285956,15,3,0,Henry Dumas,PERSON,0,11
mdp.39076006285956,15,4,0,Dumas,PERSON,0,5
mdp.39076006285956,15,4,1,George Hudson,PERSON,11,24
mdp.39076006285956,15,4,2,"March 11, 1964",DATE,36,50
mdp.39076006285956,15,4,3,Arkansas,GPE,89,97
mdp.39076006285956,15,8,0,Gospel,WORK_OF_ART,4,10
mdp.39076006285956,15,9,0,Biblical,NORP,83,91
mdp.39076006285956,15,9,1,Noah,PERSON,130,134
mdp.39076006285956,15,9,2,Ezekiel,PERSON,148,155
mdp.39076006285956,15,9,3,Bible,WORK_OF_ART,207,212
mdp.39076006285956,15,9,4,Gospel,WORK_OF_ART,238,244
mdp.39076006285956,15,9,5,A Boll of Roses,WORK_OF_ART,284,299
mdp.39076006285956,15,9,6,Devil,WORK_OF_ART,468,473
mdp.39076006285956,15,11,0,Dumas,PERSON,21,26
mdp.39076006285956,15,12,0,Dumas,PERSON,17,22
mdp.39076006285956,15,12,1,Black Language,WORK_OF_ART,49,63
mdp.39076006285956,16,0,0,Ark of Bones,WORK_OF_ART,4,16
mdp.39076006285956,16,1,0,George Hudson,PERSON,23,36
mdp.39076006285956,16,1,1,Dumas,PERSON,38,43
mdp.39076006285956,16,2,0,1964,DATE,3,7
mdp.39076006285956,16,2,1,thirty-year-old,DATE,13,28
mdp.39076006285956,16,3,0,Greenwich Village,GPE,175,192
mdp.39076006285956,16,3,1,Paris,GPE,197,202
mdp.39076006285956,16,4,0,New York,GPE,91,99
mdp.39076006285956,16,9,0,Dumas,PERSON,0,5
mdp.39076006285956,16,10,0,Hudson,PERSON,117,123
mdp.39076006285956,16,11,0,Dumas,PERSON,22,27
mdp.39076006285956,17,2,0,The Crossing,WORK_OF_ART,116,128
mdp.39076006285956,17,3,0,Nommo,PERSON,0,5
mdp.39076006285956,17,4,0,African,NORP,13,20
mdp.39076006285956,17,4,1,Nommo,PERSON,69,74
mdp.39076006285956,17,5,0,Nommo,PERSON,0,5
mdp.39076006285956,17,5,1,first,ORDINAL,36,41
mdp.39076006285956,17,6,0,Nommo,PERSON,8,13
mdp.39076006285956,17,7,0,Nommo,PERSON,49,54
mdp.39076006285956,17,9,0,African,NORP,59,66
mdp.39076006285956,17,11,0,Dumas,PERSON,33,38
mdp.39076006285956,17,13,0,Dumas,PERSON,6,11
mdp.39076006285956,17,14,0,African,NORP,17,24
mdp.39076006285956,17,14,1,at least two,CARDINAL,40,52
mdp.39076006285956,17,14,2,Echo Tree,WORK_OF_ART,97,106
mdp.39076006285956,17,14,3,Ark of Bones,WORK_OF_ART,136,148
mdp.39076006285956,17,16,0,Dumas,PERSON,55,60
mdp.39076006285956,18,0,0,Ark of Bones and Other Stories,WORK_OF_ART,4,34
mdp.39076006285956,18,0,1,English,LANGUAGE,65,72
mdp.39076006285956,18,0,2,African,NORP,101,108
mdp.39076006285956,18,2,0,Biblical,NORP,86,94
mdp.39076006285956,18,3,0,1,CARDINAL,36,37
mdp.39076006285956,18,3,1,Dumas,PERSON,90,95
mdp.39076006285956,18,3,2,2,CARDINAL,109,110
mdp.39076006285956,18,5,0,Dumas,PERSON,0,5
mdp.39076006285956,18,5,1,first,ORDINAL,24,29
mdp.39076006285956,18,5,2,English,LANGUAGE,115,122
mdp.39076006285956,18,8,0,Dumas,PERSON,0,5
mdp.39076006285956,18,8,1,first,ORDINAL,25,30
mdp.39076006285956,18,9,0,Billy Shakespeare,PERSON,69,86
mdp.39076006285956,18,10,0,Dunbar,PERSON,59,65
mdp.39076006285956,18,11,0,Dumas,PERSON,0,5
mdp.39076006285956,18,12,0,Double Nigger”—his,WORK_OF_ART,81,99
mdp.39076006285956,18,14,0,Sun Ra,PERSON,41,47
mdp.39076006285956,18,14,1,Dumas,PERSON,200,205
mdp.39076006285956,18,15,0,A Boll of Roses,WORK_OF_ART,1,16
mdp.39076006285956,18,15,1,Ark of Bones,WORK_OF_ART,20,32
mdp.39076006285956,18,15,2,Fon,WORK_OF_ART,39,42
mdp.39076006285956,19,0,0,Nillmon,ORG,27,34
mdp.39076006285956,19,0,1,Fon,PERSON,51,54
mdp.39076006285956,19,1,0,Fon,PERSON,0,3
mdp.39076006285956,19,2,0,dreamy-half,CARDINAL,15,26
mdp.39076006285956,19,2,1,half,CARDINAL,34,38
mdp.39076006285956,19,3,0,Fon,PERSON,73,76
mdp.39076006285956,19,4,0,Fon,PERSON,22,25
mdp.39076006285956,19,7,0,Dumas,PERSON,27,32
mdp.39076006285956,19,11,0,Dumas,PERSON,0,5
mdp.39076006285956,19,12,0,one,CARDINAL,4,7
mdp.39076006285956,19,14,0,Headeye,PERSON,0,7
mdp.39076006285956,19,15,0,Headeye,PERSON,51,58
mdp.39076006285956,19,17,0,Greasemouth,LOC,0,11
mdp.39076006285956,19,17,1,Double Nigger,WORK_OF_ART,17,30
mdp.39076006285956,19,20,0,Blue,PERSON,1,5
mdp.39076006285956,19,20,1,Fish,PERSON,9,13
mdp.39076006285956,19,20,2,Tate,PERSON,17,21
mdp.39076006285956,19,20,3,Grease,PERSON,29,35
mdp.39076006285956,19,20,4,Blue,PERSON,120,124
mdp.39076006285956,19,20,5,Fish,PERSON,144,148
mdp.39076006285956,19,20,6,Tate,PERSON,194,198
mdp.39076006285956,20,0,0,Grease,PERSON,81,87
mdp.39076006285956,20,1,0,Dumas,PERSON,112,117
mdp.39076006285956,20,2,0,Headeye,PERSON,5,12
mdp.39076006285956,20,2,1,Greasemouth,LOC,60,71
mdp.39076006285956,20,2,2,Fish,PERSON,101,105
mdp.39076006285956,20,2,3,Blue,PERSON,107,111
mdp.39076006285956,20,2,4,Tate,PERSON,117,121
mdp.39076006285956,20,3,0,Greasemouth,PERSON,0,11
mdp.39076006285956,20,4,0,Grease,PERSON,4,10
mdp.39076006285956,20,7,0,America,GPE,36,43
mdp.39076006285956,20,7,1,second,ORDINAL,51,57
mdp.39076006285956,20,8,0,Will the Circle Be Unbroken,WORK_OF_ART,26,53
mdp.39076006285956,20,9,0,Whites,NORP,0,6
mdp.39076006285956,20,10,0,Probe,PERSON,0,5
mdp.39076006285956,20,11,0,South America,LOC,35,48
mdp.39076006285956,20,11,1,Egypt,GPE,50,55
mdp.39076006285956,20,11,2,Africa,LOC,57,63
mdp.39076006285956,20,11,3,African,NORP,78,85
mdp.39076006285956,20,12,0,Probe,PERSON,0,5
mdp.39076006285956,20,12,1,John Coltrane,PERSON,7,20
mdp.39076006285956,20,12,2,Ornette Coleman,PERSON,22,37
mdp.39076006285956,20,12,3,Pharoah Sanders,PERSON,39,54
mdp.39076006285956,20,12,4,Layton,GPE,110,116
mdp.39076006285956,20,13,0,Ark,WORK_OF_ART,87,90
mdp.39076006285956,20,13,1,Christian,NORP,120,129
mdp.39076006285956,20,13,2,Layton,PERSON,147,153
mdp.39076006285956,20,13,3,A Boll of Roses,WORK_OF_ART,158,173
mdp.39076006285956,20,13,4,Tyro,PERSON,180,184
mdp.39076006285956,20,13,5,Strike and Fade,WORK_OF_ART,238,253
mdp.39076006285956,20,14,0,Will the Circle Be Unbroken,WORK_OF_ART,22,49
mdp.39076006285956,20,15,0,Circle,WORK_OF_ART,27,33
mdp.39076006285956,21,0,0,Strike,WORK_OF_ART,60,66
mdp.39076006285956,21,0,1,VC,ORG,111,113
mdp.39076006285956,21,0,2,Oppression,ORG,130,140
mdp.39076006285956,21,0,3,Gestapo,ORG,144,151
mdp.39076006285956,21,0,4,Hitler,PERSON,155,161
mdp.39076006285956,21,0,5,Bone,PERSON,165,169
mdp.39076006285956,21,0,6,Mace,WORK_OF_ART,173,177
mdp.39076006285956,21,0,7,Green Beret,WORK_OF_ART,185,196
mdp.39076006285956,21,0,8,Tyro,ORG,217,221
mdp.39076006285956,21,0,9,two,CARDINAL,235,238
mdp.39076006285956,21,1,0,Viet Nam,GPE,15,23
mdp.39076006285956,21,1,1,Tyro,ORG,25,29
mdp.39076006285956,21,2,0,Brooklyn,GPE,52,60
mdp.39076006285956,21,2,1,Chicago,GPE,62,69
mdp.39076006285956,21,2,2,Birmingham,GPE,71,81
mdp.39076006285956,21,2,3,Cleveland,GPE,83,92
mdp.39076006285956,21,2,4,Oakland,GPE,98,105
mdp.39076006285956,21,3,0,Martin Luther King,PERSON,135,153
mdp.39076006285956,21,3,1,Muslims,NORP,162,169
mdp.39076006285956,21,4,0,Strike,WORK_OF_ART,17,23
mdp.39076006285956,21,5,0,Claude Brown,PERSON,35,47
mdp.39076006285956,21,5,1,James Baldwin,PERSON,49,62
mdp.39076006285956,21,6,0,Strike,WORK_OF_ART,18,24
mdp.39076006285956,21,8,0,Dumas,PERSON,29,34
mdp.39076006285956,21,9,0,Langston Hughes,PERSON,31,46
mdp.39076006285956,21,10,0,Margaret Walker,PERSON,42,57
mdp.39076006285956,21,11,0,the Cultural Folk Hero,WORK_OF_ART,7,29
mdp.39076006285956,21,11,1,James Brown,PERSON,31,42
mdp.39076006285956,21,11,2,Dumas,PERSON,44,49
mdp.39076006285956,21,12,0,Southern Illinois University's,ORG,20,50
mdp.39076006285956,21,12,1,Experiment in Higher Education,ORG,51,81
mdp.39076006285956,21,12,2,Brown,PERSON,103,108
mdp.39076006285956,21,13,0,Dumas,PERSON,9,14
mdp.39076006285956,21,13,1,Brown,PERSON,53,58
mdp.39076006285956,21,13,2,There Was a Time,WORK_OF_ART,116,132
mdp.39076006285956,21,14,0,Brown,PERSON,25,30
mdp.39076006285956,21,15,0,Boogaloo,PRODUCT,32,40
mdp.39076006285956,22,0,0,Ark of Bones,WORK_OF_ART,6,18
mdp.39076006285956,22,1,0,Dumas,PERSON,4,9
mdp.39076006285956,22,1,1,Brown,PERSON,27,32
mdp.39076006285956,22,2,0,Dumas,PERSON,0,5
mdp.39076006285956,22,2,1,Brown,PERSON,85,90
mdp.39076006285956,22,2,2,hundreds of years,DATE,114,131
mdp.39076006285956,22,2,3,Africans,NORP,155,163
mdp.39076006285956,22,2,4,Africa,LOC,167,173
mdp.39076006285956,22,2,5,Mgwalo,LOC,242,248
mdp.39076006285956,22,3,0,Dumas,PERSON,11,16
mdp.39076006285956,22,3,1,James Brown,PERSON,46,57
mdp.39076006285956,22,3,2,the Black Preacher,PERSON,62,80
mdp.39076006285956,22,7,0,Russia,GPE,167,173
mdp.39076006285956,22,7,1,Brazil,GPE,177,183
mdp.39076006285956,22,9,0,evening,TIME,141,148
mdp.39076006285956,22,10,0,Dumas,PERSON,5,10
mdp.39076006285956,22,12,0,East St. Louis,GPE,0,14
mdp.39076006285956,22,12,1,Illinois,GPE,16,24
mdp.39076006285956,22,12,2,"July, 1969",DATE,25,35
mdp.39076006285956,22,12,3,Sacramento,GPE,36,46
mdp.39076006285956,22,12,4,California,GPE,48,58
mdp.39076006285956,22,12,5,"January 4, 1974",DATE,59,74
mdp.39076006285956,22,13,0,Shed No Tears for Henry Dumas,WORK_OF_ART,8,37
mdp.39076006285956,22,13,1,Eugene B. Redmond,PERSON,43,60
mdp.39076006285956,25,0,0,HEADEYE LEADEYE,PERSON,0,15
mdp.39076006285956,25,3,0,Headeye,PERSON,0,7
mdp.39076006285956,25,9,0,Headeye,PERSON,0,7
mdp.39076006285956,25,11,0,New Providence,GPE,26,40
mdp.39076006285956,25,13,0,Headeye,PERSON,0,7
mdp.39076006285956,25,15,0,New Providence,GPE,22,36
mdp.39076006285956,25,15,1,Headeye,PERSON,49,56
mdp.39076006285956,25,17,0,Headeye,PERSON,0,7
mdp.39076006285956,25,22,0,Head,PERSON,9,13
mdp.39076006285956,25,26,0,Headeye,PERSON,96,103
mdp.39076006285956,25,27,0,Headeye,PERSON,0,7
mdp.39076006285956,26,1,0,Headeye,PERSON,0,7
mdp.39076006285956,26,5,0,Headeye,PERSON,28,35
mdp.39076006285956,26,10,0,Headeye,PERSON,4,11
mdp.39076006285956,26,20,0,half,CARDINAL,85,89
mdp.39076006285956,26,22,0,Headeye,PERSON,37,44
mdp.39076006285956,26,22,1,ten,QUANTITY,70,73
mdp.39076006285956,26,23,0,Headeye,PERSON,1,8
mdp.39076006285956,27,0,0,ARK OF BONES,PERSON,0,12
mdp.39076006285956,27,4,0,Headeye,PERSON,0,7
mdp.39076006285956,27,5,0,a minute,TIME,120,128
mdp.39076006285956,27,9,0,Headeye,PERSON,20,27
mdp.39076006285956,27,17,0,Headeye,PERSON,0,7
mdp.39076006285956,27,19,0,Headeye,PERSON,65,72
mdp.39076006285956,28,1,0,Ezekiel,PERSON,15,22
mdp.39076006285956,28,9,0,Headeye,PERSON,2,9
mdp.39076006285956,28,15,0,Deadman's Landin,FAC,31,47
mdp.39076006285956,28,18,0,Headeye,PERSON,0,7
mdp.39076006285956,28,21,0,Headeye,PERSON,0,7
mdp.39076006285956,28,24,0,coupla hours,TIME,44,56
mdp.39076006285956,28,26,0,Headeye,PERSON,0,7
mdp.39076006285956,29,0,0,ARK OF BONES,PERSON,0,12
mdp.39076006285956,29,6,0,Headeye,PERSON,0,7
mdp.39076006285956,29,9,0,Headeye,PERSON,16,23
mdp.39076006285956,29,12,0,Headeye,PERSON,7,14
mdp.39076006285956,29,12,1,Bible,WORK_OF_ART,77,82
mdp.39076006285956,29,13,0,Headeye,PERSON,0,7
mdp.39076006285956,29,21,0,Ark,FAC,5,8
mdp.39076006285956,29,22,0,Ark,FAC,6,9
mdp.39076006285956,29,23,0,Noah's Ark,WORK_OF_ART,15,25
mdp.39076006285956,29,29,0,Headeye,PERSON,13,20
mdp.39076006285956,29,31,0,Jenkins,PERSON,42,49
mdp.39076006285956,30,1,0,Headeye,PERSON,0,7
mdp.39076006285956,30,3,0,Headeye,PERSON,4,11
mdp.39076006285956,30,4,0,Headeye,PERSON,35,42
mdp.39076006285956,30,5,0,Headeye,PERSON,86,93
mdp.39076006285956,30,7,0,Deadman's Landin,LOC,62,78
mdp.39076006285956,30,8,0,Headeye,PERSON,89,96
mdp.39076006285956,30,12,0,Headeye,PERSON,12,19
mdp.39076006285956,30,17,0,Mississippi,LOC,57,68
mdp.39076006285956,30,19,0,Headeye,PERSON,0,7
mdp.39076006285956,30,19,1,Sippi,LOC,40,45
mdp.39076006285956,30,22,0,Headeye,PERSON,0,7
mdp.39076006285956,30,25,0,Sippi,LOC,60,65
mdp.39076006285956,31,0,0,9,CARDINAL,13,14
mdp.39076006285956,31,1,0,Headeye,PERSON,31,38
mdp.39076006285956,31,5,0,Headeye,PERSON,17,24
mdp.39076006285956,31,6,0,the next two weeks,DATE,28,46
mdp.39076006285956,31,12,0,Headeye,PERSON,21,28
mdp.39076006285956,31,14,0,Headeye,PERSON,0,7
mdp.39076006285956,31,15,0,Deadman's Landin,FAC,68,84
mdp.39076006285956,31,20,0,Headeye,PERSON,0,7
mdp.39076006285956,31,27,0,Headeye,PERSON,0,7
mdp.39076006285956,32,13,0,Headeye,PERSON,0,7
mdp.39076006285956,32,15,0,Headeye,PERSON,0,7
mdp.39076006285956,32,18,0,Fish,PERSON,10,14
mdp.39076006285956,32,21,0,the Glory Boat,PRODUCT,58,72
mdp.39076006285956,32,24,0,First,ORDINAL,0,5
mdp.39076006285956,32,24,1,Headeye,PERSON,43,50
mdp.39076006285956,32,26,0,Two,CARDINAL,0,3
mdp.39076006285956,32,27,0,Jesus,PERSON,109,114
mdp.39076006285956,32,29,0,Headeye,PERSON,0,7
mdp.39076006285956,32,31,0,two,CARDINAL,4,7
mdp.39076006285956,32,31,1,Headeye,PERSON,88,95
mdp.39076006285956,33,4,0,Headeye,PERSON,8,15
mdp.39076006285956,33,4,1,Noah's Ark,FAC,26,36
mdp.39076006285956,33,8,0,Headeye,PERSON,5,12
mdp.39076006285956,33,9,0,two,CARDINAL,4,7
mdp.39076006285956,33,11,0,first,ORDINAL,36,41
mdp.39076006285956,33,11,1,1608,CARDINAL,87,91
mdp.39076006285956,33,11,2,1944,DATE,172,176
mdp.39076006285956,33,13,0,Headeye,PERSON,17,24
mdp.39076006285956,33,13,1,1977,DATE,54,58
mdp.39076006285956,33,14,0,Noah,PERSON,16,20
mdp.39076006285956,33,17,0,half,CARDINAL,44,48
mdp.39076006285956,33,21,0,Headeye,PERSON,17,24
mdp.39076006285956,34,0,0,2,CARDINAL,2,3
mdp.39076006285956,34,1,0,Headeye,PERSON,54,61
mdp.39076006285956,34,3,0,Headeye,PERSON,80,87
mdp.39076006285956,34,4,0,Noah,PERSON,23,27
mdp.39076006285956,34,4,1,Noah,PERSON,53,57
mdp.39076006285956,34,4,2,Sunday,DATE,73,79
mdp.39076006285956,34,6,0,Headeye,PERSON,62,69
mdp.39076006285956,34,7,0,Noah,PERSON,17,21
mdp.39076006285956,34,8,0,Shem,PERSON,47,51
mdp.39076006285956,34,8,1,Ham,PERSON,53,56
mdp.39076006285956,34,8,2,Japheh,PERSON,61,67
mdp.39076006285956,34,11,0,Headeye,PERSON,12,19
mdp.39076006285956,34,12,0,one,CARDINAL,29,32
mdp.39076006285956,34,13,0,Headeye,PERSON,63,70
mdp.39076006285956,34,14,0,Headeye,PERSON,0,7
mdp.39076006285956,35,0,0,ARK OF BONES 13,PERSON,0,15
mdp.39076006285956,35,1,0,Headeye,PERSON,39,46
mdp.39076006285956,35,14,0,Headeye,PERSON,13,20
mdp.39076006285956,35,16,0,Headeye,PERSON,0,7
mdp.39076006285956,35,28,0,Headeye,PERSON,57,64
mdp.39076006285956,36,4,0,two,CARDINAL,18,21
mdp.39076006285956,36,4,1,three,CARDINAL,25,30
mdp.39076006285956,36,5,0,a million,CARDINAL,26,35
mdp.39076006285956,36,20,0,Headeye,PERSON,0,7
mdp.39076006285956,36,22,0,one,CARDINAL,193,196
mdp.39076006285956,37,2,0,vas Ik. ere,PERSON,0,11
mdp.39076006285956,37,2,1,Aba aba,PERSON,15,22
mdp.39076006285956,37,2,2,al ham dilaba aba aba,PERSON,24,45
mdp.39076006285956,37,2,3,mtu brotha aba aba,PERSON,47,65
mdp.39076006285956,37,2,4,al ham dilaba aba aba,PERSON,67,88
mdp.39076006285956,37,2,5,bretha brotha aba aba,PERSON,90,111
mdp.39076006285956,37,2,6,djuka brotha aba,PERSON,113,129
mdp.39076006285956,37,2,7,aba,GPE,131,134
mdp.39076006285956,37,2,8,al ham dilaba nan,PERSON,136,153
mdp.39076006285956,37,3,0,tin vas,PERSON,0,7
mdp.39076006285956,37,5,0,Nineteen hundred and twenty-three,CARDINAL,152,185
mdp.39076006285956,37,6,0,Headeye,PERSON,66,73
mdp.39076006285956,37,7,0,about four,CARDINAL,48,58
mdp.39076006285956,37,15,0,Ezekiel,PERSON,47,54
mdp.39076006285956,37,19,0,Headeye,PERSON,0,7
mdp.39076006285956,37,23,0,African,NORP,6,13
mdp.39076006285956,37,23,1,America,GPE,27,34
mdp.39076006285956,37,25,0,vas yes er,PERSON,3,13
mdp.39076006285956,38,0,0,Ark of Bones and Other Stories,WORK_OF_ART,3,33
mdp.39076006285956,38,1,0,Headeye,PERSON,26,33
mdp.39076006285956,38,4,0,Headeye,PERSON,0,7
mdp.39076006285956,38,6,0,Headeye,PERSON,78,85
mdp.39076006285956,38,7,0,Headeye,PERSON,18,25
mdp.39076006285956,38,8,0,Aba,PERSON,0,3
mdp.39076006285956,38,15,0,Aba,PERSON,0,3
mdp.39076006285956,38,18,0,Headeye,PERSON,33,40
mdp.39076006285956,38,19,0,Headeye,PERSON,0,7
mdp.39076006285956,38,22,0,Headeye,PERSON,0,7
mdp.39076006285956,38,23,0,Fishhound,PERSON,18,27
mdp.39076006285956,38,25,0,Fish-hound,PERSON,31,41
mdp.39076006285956,38,29,0,Headeye,PERSON,0,7
mdp.39076006285956,38,29,1,one,CARDINAL,25,28
mdp.39076006285956,39,0,0,ARK OF BONES 17,WORK_OF_ART,0,15
mdp.39076006285956,39,2,0,Headeye,PERSON,33,40
mdp.39076006285956,39,6,0,several days later,DATE,7,25
mdp.39076006285956,39,7,0,that night,TIME,12,22
mdp.39076006285956,39,9,0,Headeye,PERSON,35,42
mdp.39076006285956,39,12,0,Headeye,PERSON,107,114
mdp.39076006285956,39,19,0,Headeye,PERSON,0,7
mdp.39076006285956,39,22,0,Headeye,PERSON,0,7
mdp.39076006285956,39,23,0,Heyboy,PRODUCT,36,42
mdp.39076006285956,39,23,1,Headeye,PERSON,53,60
mdp.39076006285956,39,24,0,Heyboy,PERSON,16,22
mdp.39076006285956,39,25,0,about a week,DATE,27,39
mdp.39076006285956,39,27,0,Headeye,PERSON,0,7
mdp.39076006285956,39,28,0,two,CARDINAL,55,58
mdp.39076006285956,40,2,0,Headeye,PERSON,65,72
mdp.39076006285956,40,5,0,Sippi,PERSON,25,30
mdp.39076006285956,40,11,0,Headeye,PERSON,0,7
mdp.39076006285956,40,15,0,Headeye,PERSON,19,26
mdp.39076006285956,40,21,0,Ezekiel,PERSON,19,26
mdp.39076006285956,40,23,0,Ark,FAC,26,29
mdp.39076006285956,40,26,0,Headeye,PERSON,44,51
mdp.39076006285956,40,26,1,Headeye,PERSON,119,126
mdp.39076006285956,43,1,0,Evening,TIME,0,7
mdp.39076006285956,43,10,0,9 last year,DATE,22,33
mdp.39076006285956,43,16,0,Leo,PERSON,13,16
mdp.39076006285956,43,22,0,Leo,PERSON,5,8
mdp.39076006285956,43,22,1,New York,GPE,36,44
mdp.39076006285956,43,26,0,Leo,PERSON,1,4
mdp.39076006285956,43,30,0,Leo,PERSON,16,19
mdp.39076006285956,43,31,0,Leo,PERSON,1,4
mdp.39076006285956,44,12,0,Swish,LANGUAGE,0,5
mdp.39076006285956,44,21,0,Leo,PERSON,1,4
mdp.39076006285956,44,30,0,One,CARDINAL,0,3
mdp.39076006285956,44,32,0,first,ORDINAL,26,31
mdp.39076006285956,46,15,0,Leo,PERSON,20,23
mdp.39076006285956,46,15,1,Leo,PERSON,37,40
mdp.39076006285956,46,20,0,Oklahoma,GPE,4,12
mdp.39076006285956,46,21,0,Arkansas,GPE,19,27
mdp.39076006285956,47,0,0,ECHO TREE 25 .,PERSON,0,14
mdp.39076006285956,48,8,0,Leo,PERSON,39,42
mdp.39076006285956,48,18,0,Leo,PERSON,36,39
mdp.39076006285956,48,30,0,Leo,PERSON,53,56
mdp.39076006285956,49,0,0,ECHO TREE,PERSON,0,9
mdp.39076006285956,49,6,0,Leo,PERSON,22,25
mdp.39076006285956,49,9,0,Leo,PERSON,1,4
mdp.39076006285956,49,17,0,Leo,PERSON,1,4
mdp.39076006285956,49,19,0,Swisher Baba,PERSON,49,61
mdp.39076006285956,49,26,0,Leo,PERSON,0,3
mdp.39076006285956,49,32,0,a few minutes,TIME,11,24
mdp.39076006285956,50,27,0,one,CARDINAL,14,17
mdp.39076006285956,51,5,0,Swish-ka,NORP,1,9
mdp.39076006285956,51,5,1,Swish-ka aba,NORP,34,46
mdp.39076006285956,51,5,2,three,CARDINAL,57,62
mdp.39076006285956,51,5,3,Swish-ka aba,NORP,65,77
mdp.39076006285956,51,5,4,Saash-ka Lae,NORP,98,110
mdp.39076006285956,51,10,0,One,CARDINAL,14,17
mdp.39076006285956,51,11,0,Two,CARDINAL,1,4
mdp.39076006285956,51,16,0,Two 'n half,CARDINAL,1,12
mdp.39076006285956,51,19,0,Two,CARDINAL,0,3
mdp.39076006285956,51,21,0,Two,CARDINAL,0,3
mdp.39076006285956,51,23,0,tomorrow,DATE,18,26
mdp.39076006285956,51,24,0,22,CARDINAL,0,2
mdp.39076006285956,55,0,0,Layton Fields',PERSON,28,42
mdp.39076006285956,55,1,0,Floyd,PERSON,54,59
mdp.39076006285956,55,2,0,one,CARDINAL,12,15
mdp.39076006285956,55,3,0,tomorrow,DATE,24,32
mdp.39076006285956,55,3,1,Floyd,PERSON,44,49
mdp.39076006285956,55,4,0,tomorrow,DATE,40,48
mdp.39076006285956,55,5,0,one,CARDINAL,11,14
mdp.39076006285956,55,5,1,two miles,QUANTITY,65,74
mdp.39076006285956,55,5,2,Greenville,GPE,80,90
mdp.39076006285956,55,12,0,niggers,NORP,64,71
mdp.39076006285956,55,14,0,tomorrow,DATE,6,14
mdp.39076006285956,55,14,1,Greenville,GPE,49,59
mdp.39076006285956,55,17,0,one,CARDINAL,14,17
mdp.39076006285956,55,18,0,Dumas,PERSON,106,111
mdp.39076006285956,56,1,0,Floyd,PERSON,41,46
mdp.39076006285956,56,4,0,Layton,PERSON,5,11
mdp.39076006285956,56,7,0,Floyd,PERSON,22,27
mdp.39076006285956,56,8,0,today,DATE,36,41
mdp.39076006285956,56,11,0,two,CARDINAL,45,48
mdp.39076006285956,56,14,0,Floyd Moss,PERSON,12,22
mdp.39076006285956,56,16,0,Floyd,PERSON,0,5
mdp.39076006285956,56,17,0,third,ORDINAL,27,32
mdp.39076006285956,56,18,0,United States,GPE,56,69
mdp.39076006285956,56,21,0,Layton,PERSON,15,21
mdp.39076006285956,56,23,0,the other day,DATE,23,36
mdp.39076006285956,57,0,0,A BOLL OF ROSES 35,PERSON,0,18
mdp.39076006285956,57,2,0,all three,CARDINAL,11,20
mdp.39076006285956,57,2,1,Louisiana,GPE,63,72
mdp.39076006285956,57,2,2,last summer,DATE,73,84
mdp.39076006285956,57,4,0,tomorrow,DATE,32,40
mdp.39076006285956,57,5,0,Floyd Moss,PERSON,29,39
mdp.39076006285956,57,10,0,Stiles,PERSON,17,23
mdp.39076006285956,57,16,0,Haxfall County,GPE,61,75
mdp.39076006285956,57,17,0,Layton,PERSON,13,19
mdp.39076006285956,57,23,0,tomorrow,DATE,44,52
mdp.39076006285956,57,27,0,I Layton,PERSON,0,8
mdp.39076006285956,58,1,0,two,CARDINAL,4,7
mdp.39076006285956,58,2,0,Layton Fields,PERSON,0,13
mdp.39076006285956,58,2,1,tomorrow,DATE,52,60
mdp.39076006285956,58,2,2,all week,DATE,66,74
mdp.39076006285956,58,4,0,Layton,PERSON,0,6
mdp.39076006285956,58,5,0,tomorrow,DATE,9,17
mdp.39076006285956,58,5,1,their last day,DATE,22,36
mdp.39076006285956,58,6,0,the three dollars,MONEY,21,38
mdp.39076006285956,58,9,0,Layton,PERSON,56,62
mdp.39076006285956,58,9,1,one,CARDINAL,69,72
mdp.39076006285956,58,11,0,Layton Fields,PERSON,16,29
mdp.39076006285956,58,16,0,today,DATE,15,20
mdp.39076006285956,58,18,0,today,DATE,26,31
mdp.39076006285956,58,20,0,Ninety-five,CARDINAL,0,11
mdp.39076006285956,58,22,0,all day,DATE,9,16
mdp.39076006285956,58,22,1,ninety-five,CARDINAL,23,34
mdp.39076006285956,58,23,0,noon,TIME,12,16
mdp.39076006285956,58,23,1,sixty,CARDINAL,26,31
mdp.39076006285956,58,24,0,noon,TIME,24,28
mdp.39076006285956,58,30,0,Hap Kelly,PERSON,0,9
mdp.39076006285956,59,1,0,hundred pounds,QUANTITY,21,35
mdp.39076006285956,59,1,1,fifty,CARDINAL,46,51
mdp.39076006285956,59,11,0,the United States,GPE,40,57
mdp.39076006285956,59,16,0,Layton,PERSON,0,6
mdp.39076006285956,59,18,0,the night,TIME,93,102
mdp.39076006285956,59,19,0,Layton Fields',PERSON,5,19
mdp.39076006285956,59,20,0,Two,CARDINAL,0,3
mdp.39076006285956,59,21,0,Floyd,PERSON,0,5
mdp.39076006285956,59,27,0,Floyd,PERSON,0,5
mdp.39076006285956,60,0,0,Ark of Bones and Other Stories,WORK_OF_ART,3,33
mdp.39076006285956,60,1,0,Floyd,PERSON,0,5
mdp.39076006285956,60,2,0,Florence,PERSON,20,28
mdp.39076006285956,60,4,0,Layton,PERSON,0,6
mdp.39076006285956,60,5,0,Floyd,PERSON,13,18
mdp.39076006285956,60,8,0,Layton,PERSON,0,6
mdp.39076006285956,60,8,1,Floyd,PERSON,33,38
mdp.39076006285956,60,9,0,Layton,PERSON,0,6
mdp.39076006285956,60,10,0,One,CARDINAL,0,3
mdp.39076006285956,60,14,0,Floyd Moss,PERSON,23,33
mdp.39076006285956,60,17,0,Floyd,PERSON,18,23
mdp.39076006285956,60,21,0,Lane,LOC,33,37
mdp.39076006285956,60,21,1,Ryans,PERSON,47,52
mdp.39076006285956,60,23,0,Layton,PERSON,0,6
mdp.39076006285956,60,24,0,tomorrow,DATE,39,47
mdp.39076006285956,60,25,0,New York,GPE,57,65
mdp.39076006285956,60,32,0,Floyd,PERSON,0,5
mdp.39076006285956,60,34,0,Floyd,PERSON,0,5
mdp.39076006285956,60,35,0,tomorrow,DATE,11,19
mdp.39076006285956,60,37,0,Layton Fields,PERSON,0,13
mdp.39076006285956,60,38,0,tomorrow,DATE,11,19
mdp.39076006285956,61,3,0,Layton,PERSON,11,17
mdp.39076006285956,61,5,0,Layton,PERSON,0,6
mdp.39076006285956,61,7,0,Rosemarie Stiles,PERSON,58,74
mdp.39076006285956,61,10,0,the Five Blind Boys,ORG,20,39
mdp.39076006285956,61,14,0,Layton,GPE,20,26
mdp.39076006285956,61,17,0,Fields,PERSON,5,11
mdp.39076006285956,61,18,0,one,CARDINAL,5,8
mdp.39076006285956,61,20,0,Floyd Moss,PERSON,1,11
mdp.39076006285956,61,25,0,Layton,GPE,22,28
mdp.39076006285956,61,27,0,the Blue Goose Inn,ORG,30,48
mdp.39076006285956,61,29,0,the Blue Goose,FAC,44,58
mdp.39076006285956,62,1,0,Rosemarie,PERSON,3,12
mdp.39076006285956,62,1,1,Floyd,PERSON,64,69
mdp.39076006285956,62,2,0,Layton,PERSON,4,10
mdp.39076006285956,62,2,1,the Blue Goose,FAC,77,91
mdp.39076006285956,62,3,0,Rosemarie,PERSON,7,16
mdp.39076006285956,62,6,0,Layton,PERSON,17,23
mdp.39076006285956,62,12,0,few pennies,MONEY,18,29
mdp.39076006285956,62,19,0,Layton,PERSON,0,6
mdp.39076006285956,62,27,0,Layton,PERSON,30,36
mdp.39076006285956,62,29,0,all day,DATE,34,41
mdp.39076006285956,63,0,0,A BOLL OF,PERSON,0,9
mdp.39076006285956,63,2,0,Layton,PERSON,0,6
mdp.39076006285956,63,6,0,English,NORP,39,46
mdp.39076006285956,63,6,1,French,NORP,55,61
mdp.39076006285956,63,11,0,Layton,PERSON,0,6
mdp.39076006285956,63,11,1,a second,TIME,18,26
mdp.39076006285956,63,14,0,Layton,PERSON,0,6
mdp.39076006285956,63,18,0,the beginning of the week,DATE,41,66
mdp.39076006285956,63,19,0,one,CARDINAL,35,38
mdp.39076006285956,63,21,0,Floyd,PERSON,38,43
mdp.39076006285956,63,22,0,Floyd Moss,PERSON,20,30
mdp.39076006285956,63,22,1,Florence,GPE,42,50
mdp.39076006285956,63,23,0,one,CARDINAL,58,61
mdp.39076006285956,64,3,0,Fields,PERSON,7,13
mdp.39076006285956,64,4,0,Layton,PERSON,0,6
mdp.39076006285956,64,4,1,six,CARDINAL,43,46
mdp.39076006285956,64,6,0,Fields,PERSON,5,11
mdp.39076006285956,64,7,0,Layton,PERSON,18,24
mdp.39076006285956,64,13,0,Lane,LOC,36,40
mdp.39076006285956,64,16,0,Layton,PERSON,0,6
mdp.39076006285956,65,0,0,A BOLL OF ROSES,PERSON,0,15
mdp.39076006285956,65,1,0,Layton Fields,PERSON,1,14
mdp.39076006285956,65,6,0,the Five Blind Boys,ORG,13,32
mdp.39076006285956,65,9,0,Layton,PERSON,30,36
mdp.39076006285956,65,11,0,Rosemarie,PERSON,30,39
mdp.39076006285956,65,14,0,Greenville,GPE,22,32
mdp.39076006285956,65,14,1,Memphis,GPE,47,54
mdp.39076006285956,65,14,2,three,CARDINAL,110,115
mdp.39076006285956,65,23,0,the Blue Goose,FAC,35,49
mdp.39076006285956,65,24,0,tomorrow,DATE,25,33
mdp.39076006285956,66,1,0,Monday,DATE,8,14
mdp.39076006285956,66,1,1,the whole week,DATE,40,54
mdp.39076006285956,66,2,0,Friday,DATE,11,17
mdp.39076006285956,66,2,1,tomorrow,DATE,18,26
mdp.39076006285956,66,3,0,Only one day,DATE,0,12
mdp.39076006285956,66,19,0,Layton,PERSON,39,45
mdp.39076006285956,66,23,0,tonight,TIME,18,25
mdp.39076006285956,66,27,0,Layton,PERSON,10,16
mdp.39076006285956,66,28,0,first,ORDINAL,57,62
mdp.39076006285956,66,35,0,Layton,PERSON,44,50
mdp.39076006285956,67,0,0,A BOLL OF ROSES 45 a a Lord,PERSON,0,27
mdp.39076006285956,67,6,0,Layton,PERSON,0,6
mdp.39076006285956,67,8,0,Layton,PERSON,0,6
mdp.39076006285956,67,10,0,Floyd Moss,PERSON,161,171
mdp.39076006285956,67,13,0,Layton,PERSON,14,20
mdp.39076006285956,67,13,1,Layton,PERSON,25,31
mdp.39076006285956,67,19,0,the morning,TIME,160,171
mdp.39076006285956,67,19,1,the morning,TIME,185,196
mdp.39076006285956,67,19,2,6,CARDINAL,201,202
mdp.39076006285956,68,2,0,Nobod,PERSON,0,5
mdp.39076006285956,68,5,0,the Blue Goose Inn,ORG,25,43
mdp.39076006285956,68,5,1,tomorrow,DATE,70,78
mdp.39076006285956,68,6,0,Friday,DATE,0,6
mdp.39076006285956,68,10,0,months,DATE,23,29
mdp.39076006285956,68,10,1,July,DATE,65,69
mdp.39076006285956,68,10,2,Blue Goose Lake,LOC,73,88
mdp.39076006285956,68,13,0,one,CARDINAL,9,12
mdp.39076006285956,68,21,0,Layton,PERSON,0,6
mdp.39076006285956,68,24,0,the Blue Goose,LOC,28,42
mdp.39076006285956,68,25,0,Rosemarie Stiles,PERSON,65,81
mdp.39076006285956,68,27,0,Floyd,PERSON,20,25
mdp.39076006285956,68,32,0,the Blue Goose,FAC,48,62
mdp.39076006285956,68,36,0,9,MONEY,10,11
mdp.39076006285956,69,0,0,Storia,PERSON,4,10
mdp.39076006285956,69,5,0,Layton,GPE,56,62
mdp.39076006285956,69,6,0,the Blue Goose,FAC,120,134
mdp.39076006285956,69,6,1,French,NORP,169,175
mdp.39076006285956,69,10,0,Layton,PERSON,0,6
mdp.39076006285956,69,12,0,one,CARDINAL,4,7
mdp.39076006285956,69,14,0,three,CARDINAL,12,17
mdp.39076006285956,69,16,0,Fields,PERSON,5,11
mdp.39076006285956,69,17,0,Layton,PERSON,0,6
mdp.39076006285956,69,18,0,Hooper,PERSON,12,18
mdp.39076006285956,69,22,0,Layton,PERSON,0,6
mdp.39076006285956,69,23,0,Sheila Bauden,PERSON,21,34
mdp.39076006285956,69,26,0,Hooper,PERSON,5,11
mdp.39076006285956,69,27,0,Hooper,PERSON,89,95
mdp.39076006285956,69,28,0,Layton,PERSON,0,6
mdp.39076006285956,70,0,0,"48 Ark of Bones and Other Stories а """,WORK_OF_ART,0,37
mdp.39076006285956,70,2,0,Tucker,PERSON,10,16
mdp.39076006285956,70,5,0,Fields,PERSON,23,29
mdp.39076006285956,70,8,0,Layton,PERSON,0,6
mdp.39076006285956,70,12,0,Layton,PERSON,0,6
mdp.39076006285956,70,14,0,Rosemarie Stiles,PERSON,87,103
mdp.39076006285956,70,20,0,Hooper,PERSON,24,30
mdp.39076006285956,70,21,0,Layton,PERSON,0,6
mdp.39076006285956,70,21,1,Sheila,PERSON,38,44
mdp.39076006285956,70,23,0,half an hour,TIME,16,28
mdp.39076006285956,70,24,0,Layton,PERSON,0,6
mdp.39076006285956,70,25,0,Hooper,PERSON,39,45
mdp.39076006285956,70,26,0,Hooper,PERSON,5,11
mdp.39076006285956,70,26,1,Layton,PERSON,52,58
mdp.39076006285956,70,27,0,Layton,PERSON,0,6
mdp.39076006285956,71,15,0,Sunday,DATE,82,88
mdp.39076006285956,71,15,1,evening,TIME,89,96
mdp.39076006285956,71,16,0,Sheila,PERSON,9,15
mdp.39076006285956,71,19,0,Layton,PERSON,0,6
mdp.39076006285956,71,22,0,Sheila,PERSON,0,6
mdp.39076006285956,71,22,1,Layton,PERSON,17,23
mdp.39076006285956,71,23,0,Layton,PERSON,0,6
mdp.39076006285956,71,27,0,tomorrow,DATE,10,18
mdp.39076006285956,71,28,0,Hap Kelly's,PERSON,29,40
mdp.39076006285956,71,29,0,Tomorrow,DATE,1,9
mdp.39076006285956,71,31,0,tomorrow,DATE,38,46
mdp.39076006285956,71,34,0,Rosemarie,PERSON,1,10
mdp.39076006285956,72,1,0,Layton,PERSON,0,6
mdp.39076006285956,72,1,1,Hooper,PERSON,49,55
mdp.39076006285956,72,1,2,night,TIME,94,99
mdp.39076006285956,72,3,0,Hooper,PERSON,5,11
mdp.39076006285956,72,3,1,Sheila B.,PERSON,16,25
mdp.39076006285956,72,6,0,Hooper,PERSON,21,27
mdp.39076006285956,72,7,0,Hooper,PERSON,19,25
mdp.39076006285956,72,8,0,Layton Fields,PERSON,0,13
mdp.39076006285956,72,21,0,the Blue Goose,LOC,34,48
mdp.39076006285956,72,23,0,one,CARDINAL,17,20
mdp.39076006285956,72,23,1,night,TIME,211,216
mdp.39076006285956,72,24,0,Layton,GPE,24,30
mdp.39076006285956,73,17,0,Layton,PERSON,0,6
mdp.39076006285956,73,21,0,all night,TIME,26,35
mdp.39076006285956,73,24,0,all night,TIME,84,93
mdp.39076006285956,73,24,1,the morning,TIME,107,118
mdp.39076006285956,74,0,0,Ark of Bones and Other Stories,WORK_OF_ART,3,33
mdp.39076006285956,74,1,0,Layton,PERSON,0,6
mdp.39076006285956,74,1,1,today,DATE,43,48
mdp.39076006285956,74,4,0,Layton,PERSON,0,6
mdp.39076006285956,74,8,0,all day,DATE,58,65
mdp.39076006285956,74,9,0,Layton,PERSON,0,6
mdp.39076006285956,74,9,1,his last day,DATE,234,246
mdp.39076006285956,74,14,0,morning,TIME,25,32
mdp.39076006285956,74,14,1,this morning,TIME,45,57
mdp.39076006285956,74,25,0,Hap Kelly,PERSON,6,15
mdp.39076006285956,74,25,1,today,DATE,24,29
mdp.39076006285956,75,0,0,Storia,PERSON,0,6
mdp.39076006285956,75,1,0,Floyd,PERSON,19,24
mdp.39076006285956,75,2,0,the Blue Goose,FAC,43,57
mdp.39076006285956,75,4,0,the night,TIME,7,16
mdp.39076006285956,75,4,1,about a half mile,QUANTITY,72,89
mdp.39076006285956,75,4,2,Bottomsuck,LOC,106,116
mdp.39076006285956,75,6,0,Layton,PERSON,0,6
mdp.39076006285956,75,6,1,the next day,DATE,148,160
mdp.39076006285956,75,7,0,the next day,DATE,101,113
mdp.39076006285956,75,8,0,Negroes,NORP,56,63
mdp.39076006285956,75,9,0,today,DATE,75,80
mdp.39076006285956,75,10,0,seven,CARDINAL,11,16
mdp.39076006285956,75,10,1,eight,CARDINAL,20,25
mdp.39076006285956,75,11,0,Hap Kelly,PERSON,0,9
mdp.39076006285956,75,12,0,Layton,PERSON,7,13
mdp.39076006285956,75,16,0,Layton,PERSON,0,6
mdp.39076006285956,75,20,0,Layton,PERSON,0,6
mdp.39076006285956,75,21,0,Rusmaker,PERSON,9,17
mdp.39076006285956,76,2,0,all day,DATE,15,22
mdp.39076006285956,76,6,0,Floyd,PERSON,0,5
mdp.39076006285956,76,7,0,Layton,PERSON,53,59
mdp.39076006285956,76,8,0,Jackson,PERSON,47,54
mdp.39076006285956,76,17,0,Jesse,PERSON,36,41
mdp.39076006285956,76,20,0,Jesse,PERSON,8,13
mdp.39076006285956,76,20,1,Layton,PERSON,32,38
mdp.39076006285956,76,22,0,Jesse,PERSON,8,13
mdp.39076006285956,76,24,0,Leah,PERSON,23,27
mdp.39076006285956,76,26,0,Years,DATE,0,5
mdp.39076006285956,76,30,0,Two,CARDINAL,0,3
mdp.39076006285956,76,30,1,Parker,PERSON,11,17
mdp.39076006285956,76,30,2,Leah,PERSON,56,60
mdp.39076006285956,76,31,0,two,CARDINAL,10,13
mdp.39076006285956,76,31,1,no more than eleven years old,DATE,20,49
mdp.39076006285956,76,32,0,Layton,PERSON,0,6
mdp.39076006285956,76,35,0,Layton,PERSON,0,6
mdp.39076006285956,76,39,0,Gladys Fisher,PERSON,20,33
mdp.39076006285956,77,2,0,Florence,PERSON,37,45
mdp.39076006285956,77,3,0,two,CARDINAL,5,8
mdp.39076006285956,77,3,1,all day,DATE,33,40
mdp.39076006285956,77,5,0,Floyd,PERSON,13,18
mdp.39076006285956,77,5,1,Hattie Jones,PERSON,45,57
mdp.39076006285956,77,5,2,Omelia Diggs,PERSON,62,74
mdp.39076006285956,77,6,0,Layton,PERSON,0,6
mdp.39076006285956,77,6,1,Jackson,PERSON,40,47
mdp.39076006285956,77,8,0,Layton,PERSON,0,6
mdp.39076006285956,77,10,0,Floyd,PERSON,30,35
mdp.39076006285956,77,10,1,Floyd,PERSON,67,72
mdp.39076006285956,77,11,0,Floyd,PERSON,0,5
mdp.39076006285956,77,19,0,Parker,PERSON,9,15
mdp.39076006285956,77,21,0,Layton,PERSON,0,6
mdp.39076006285956,77,21,1,Floyd,PERSON,22,27
mdp.39076006285956,77,21,2,two,CARDINAL,62,65
mdp.39076006285956,77,22,0,Layton,PERSON,0,6
mdp.39076006285956,77,22,1,Rusmaker,PERSON,36,44
mdp.39076006285956,77,24,0,Floyd,PERSON,34,39
mdp.39076006285956,78,3,0,Hooper,PERSON,60,66
mdp.39076006285956,78,3,1,Jackson,PERSON,80,87
mdp.39076006285956,78,4,0,one,CARDINAL,46,49
mdp.39076006285956,78,6,0,last night,TIME,35,45
mdp.39076006285956,78,9,0,Jackson,PERSON,5,12
mdp.39076006285956,78,11,0,Layton,PERSON,0,6
mdp.39076006285956,78,11,1,Hooper,PERSON,106,112
mdp.39076006285956,78,19,0,Rusmaker,PERSON,9,17
mdp.39076006285956,78,19,1,Layton,PERSON,39,45
mdp.39076006285956,78,20,0,Clara,PERSON,14,19
mdp.39076006285956,78,21,0,Jackson,PERSON,5,12
mdp.39076006285956,78,21,1,Layton,PERSON,44,50
mdp.39076006285956,78,26,0,Rusmaker,PERSON,37,45
mdp.39076006285956,78,27,0,Layton,PERSON,0,6
mdp.39076006285956,79,5,0,Layton,PERSON,0,6
mdp.39076006285956,79,7,0,first,ORDINAL,20,25
mdp.39076006285956,79,8,0,two,CARDINAL,22,25
mdp.39076006285956,79,8,1,Hap Kelly's,PERSON,59,70
mdp.39076006285956,79,13,0,Hap Kelly,PERSON,18,27
mdp.39076006285956,79,14,0,Fane,PERSON,59,63
mdp.39076006285956,79,15,0,Indian,NORP,41,47
mdp.39076006285956,79,15,1,Negro,NORP,53,58
mdp.39076006285956,79,16,0,Layton,PERSON,0,6
mdp.39076006285956,79,19,0,next week,DATE,44,53
mdp.39076006285956,79,20,0,Fane,PERSON,14,18
mdp.39076006285956,79,21,0,Layton,PERSON,0,6
mdp.39076006285956,79,22,0,Hap Kelly,PERSON,11,20
mdp.39076006285956,79,23,0,Hap Kelly,PERSON,4,13
mdp.39076006285956,79,23,1,Florence Meadows,PERSON,37,53
mdp.39076006285956,79,25,0,Floyd,PERSON,0,5
mdp.39076006285956,79,25,1,Layton,GPE,36,42
mdp.39076006285956,79,26,0,Layton,PERSON,0,6
mdp.39076006285956,79,27,0,two,CARDINAL,4,7
mdp.39076006285956,80,1,0,Floyd,PERSON,23,28
mdp.39076006285956,80,1,1,Layton,PERSON,42,48
mdp.39076006285956,80,3,0,Layton the Claytoe,PERSON,0,18
mdp.39076006285956,80,5,0,Florence,GPE,45,53
mdp.39076006285956,80,9,0,Layton,PERSON,20,26
mdp.39076006285956,80,10,0,Layton,PERSON,0,6
mdp.39076006285956,80,10,1,Floyd,PERSON,31,36
mdp.39076006285956,80,16,0,Hooper,PERSON,26,32
mdp.39076006285956,80,16,1,Lane,LOC,51,55
mdp.39076006285956,80,16,2,last night,TIME,56,66
mdp.39076006285956,80,17,0,Layton,PERSON,0,6
mdp.39076006285956,80,19,0,Floyd,PERSON,37,42
mdp.39076006285956,80,22,0,Layton,PERSON,0,6
mdp.39076006285956,80,25,0,yesterday,DATE,11,20
mdp.39076006285956,80,25,1,today,DATE,33,38
mdp.39076006285956,80,29,0,Floyd,PERSON,7,12
mdp.39076006285956,80,30,0,two,CARDINAL,27,30
mdp.39076006285956,80,30,1,Florence,PERSON,38,46
mdp.39076006285956,80,30,2,Gladys,PERSON,51,57
mdp.39076006285956,80,31,0,Parker,PERSON,4,10
mdp.39076006285956,80,32,0,Layton,PERSON,19,25
mdp.39076006285956,80,35,0,Fane,PERSON,0,4
mdp.39076006285956,80,36,0,day,DATE,4,7
mdp.39076006285956,80,37,0,Fane,PERSON,27,31
mdp.39076006285956,80,38,0,Jackson,PERSON,5,12
mdp.39076006285956,80,38,1,Jesse,PERSON,111,116
mdp.39076006285956,80,39,0,Fane,PERSON,0,4
mdp.39076006285956,80,40,0,Layton,PERSON,0,6
mdp.39076006285956,81,0,0,Layton,PERSON,35,41
mdp.39076006285956,81,7,0,Layton,PERSON,0,6
mdp.39076006285956,81,8,0,first,ORDINAL,4,9
mdp.39076006285956,81,11,0,Jackson,PERSON,67,74
mdp.39076006285956,81,14,0,Layton,PERSON,37,43
mdp.39076006285956,81,22,0,Floyd,PERSON,6,11
mdp.39076006285956,81,23,0,today,DATE,24,29
mdp.39076006285956,81,35,0,Floyd,PERSON,35,40
mdp.39076006285956,81,36,0,Florence,GPE,33,41
mdp.39076006285956,82,0,0,60 Ark of Bones and Other Stories,WORK_OF_ART,0,33
mdp.39076006285956,82,1,0,Jackson,PERSON,31,38
mdp.39076006285956,82,2,0,first,ORDINAL,65,70
mdp.39076006285956,82,4,0,first,ORDINAL,4,9
mdp.39076006285956,82,6,0,Layton,PERSON,0,6
mdp.39076006285956,82,7,0,Jesse,PERSON,8,13
mdp.39076006285956,82,8,0,Parkers,PERSON,26,33
mdp.39076006285956,82,10,0,One,CARDINAL,0,3
mdp.39076006285956,82,10,1,Parker,PERSON,11,17
mdp.39076006285956,82,11,0,two,CARDINAL,12,15
mdp.39076006285956,82,11,1,over a hundred pounds,QUANTITY,40,61
mdp.39076006285956,82,11,2,Parker,PERSON,119,125
mdp.39076006285956,82,15,0,morning,TIME,4,11
mdp.39076006285956,82,18,0,Jesse,PERSON,8,13
mdp.39076006285956,82,19,0,Layton,PERSON,0,6
mdp.39076006285956,82,19,1,Gladys,PERSON,28,34
mdp.39076006285956,82,19,2,Floyd,PERSON,44,49
mdp.39076006285956,82,20,0,Parker,PERSON,5,11
mdp.39076006285956,82,20,1,Rusmaker,PERSON,39,47
mdp.39076006285956,82,21,0,Layton,GPE,69,75
mdp.39076006285956,83,0,0,61 70,CARDINAL,16,21
mdp.39076006285956,83,4,0,Layton,PERSON,0,6
mdp.39076006285956,83,6,0,noontime,TIME,7,15
mdp.39076006285956,83,10,0,Layton,PERSON,0,6
mdp.39076006285956,83,15,0,Jackson,PERSON,12,19
mdp.39076006285956,83,17,0,Layton,PERSON,0,6
mdp.39076006285956,83,24,0,Jackson,PERSON,5,12
mdp.39076006285956,83,24,1,three dollars,MONEY,91,104
mdp.39076006285956,83,29,0,Rosemarie Stiles,PERSON,7,23
mdp.39076006285956,83,30,0,Sheila,PERSON,51,57
mdp.39076006285956,83,35,0,Layton,PERSON,0,6
mdp.39076006285956,83,37,0,Layton,PERSON,0,6
mdp.39076006285956,84,6,0,Layton,PERSON,0,6
mdp.39076006285956,84,10,0,Rosemarie Stiles,PERSON,0,16
mdp.39076006285956,84,11,0,Layton,PERSON,5,11
mdp.39076006285956,84,11,1,Sheila,PERSON,23,29
mdp.39076006285956,84,12,0,Layton,PERSON,0,6
mdp.39076006285956,84,14,0,Sheila,PERSON,0,6
mdp.39076006285956,84,15,0,Rosemarie,PERSON,160,169
mdp.39076006285956,84,16,0,Sheila,PERSON,0,6
mdp.39076006285956,84,16,1,Layton,PERSON,34,40
mdp.39076006285956,84,18,0,Rosemarie,PERSON,23,32
mdp.39076006285956,84,20,0,Sheila,PERSON,13,19
mdp.39076006285956,84,22,0,Layton,PERSON,0,6
mdp.39076006285956,84,30,0,Hooper,PERSON,5,11
mdp.39076006285956,84,31,0,Rosemarie,PERSON,18,27
mdp.39076006285956,84,32,0,Layton,PERSON,0,6
mdp.39076006285956,84,34,0,Hooper,PERSON,6,12
mdp.39076006285956,85,1,0,Sheila,PERSON,57,63
mdp.39076006285956,85,1,1,Rosemarie,PERSON,68,77
mdp.39076006285956,85,2,0,Hooper,PERSON,6,12
mdp.39076006285956,85,3,0,Layton,PERSON,61,67
mdp.39076006285956,85,5,0,Layton Fields,PERSON,13,26
mdp.39076006285956,85,6,0,the night before,TIME,86,102
mdp.39076006285956,85,15,0,Rusmaker,PERSON,82,90
mdp.39076006285956,85,20,0,Layton,PERSON,0,6
mdp.39076006285956,86,0,0,Ark of Bones and Other Stories,WORK_OF_ART,3,33
mdp.39076006285956,86,2,0,Layton,PERSON,0,6
mdp.39076006285956,86,3,0,first,ORDINAL,118,123
mdp.39076006285956,86,4,0,Floyd Moss,PERSON,0,10
mdp.39076006285956,86,5,0,Floyd,PERSON,9,14
mdp.39076006285956,86,8,0,today,DATE,41,46
mdp.39076006285956,86,13,0,Negroes,NORP,10,17
mdp.39076006285956,86,15,0,Florence,PERSON,23,31
mdp.39076006285956,86,32,0,Florence,PERSON,11,19
mdp.39076006285956,86,33,0,Parker,PERSON,11,17
mdp.39076006285956,86,33,1,Layton,PERSON,98,104
mdp.39076006285956,89,2,0,Two,CARDINAL,0,3
mdp.39076006285956,89,7,0,Sunday School,ORG,68,81
mdp.39076006285956,89,8,0,all three,CARDINAL,40,49
mdp.39076006285956,89,11,0,Bubba,PERSON,6,11
mdp.39076006285956,89,16,0,Bubba,PERSON,14,19
mdp.39076006285956,90,6,0,Essie,PERSON,13,18
mdp.39076006285956,90,12,0,Jimmy Croon,PERSON,27,38
mdp.39076006285956,90,15,0,the Louisiana,DATE,12,25
mdp.39076006285956,90,15,1,summer,DATE,26,32
mdp.39076006285956,90,16,0,Jimmy,PERSON,26,31
mdp.39076006285956,90,19,0,Jimmy Croon,PERSON,21,32
mdp.39076006285956,90,22,0,Emmett Till,PERSON,30,41
mdp.39076006285956,90,24,0,Emmett Till,PERSON,1,12
mdp.39076006285956,91,0,0,THE CROSSING 69,PERSON,0,15
mdp.39076006285956,91,13,0,a thousand,CARDINAL,27,37
mdp.39076006285956,91,15,0,New York,GPE,63,71
mdp.39076006285956,91,20,0,three days,DATE,75,85
mdp.39076006285956,91,25,0,Essie,PERSON,0,5
mdp.39076006285956,91,26,0,Jimmy,PERSON,16,21
mdp.39076006285956,91,29,0,Essie,PERSON,6,11
mdp.39076006285956,92,3,0,Essie,PERSON,6,11
mdp.39076006285956,92,3,1,Jimmy,PERSON,14,19
mdp.39076006285956,92,4,0,Emmett Till,PERSON,81,92
mdp.39076006285956,92,5,0,Bubba,PERSON,0,5
mdp.39076006285956,92,6,0,Essie,PERSON,23,28
mdp.39076006285956,92,7,0,Bubba,PERSON,14,19
mdp.39076006285956,92,7,1,Jimmy,PERSON,72,77
mdp.39076006285956,92,9,0,Jimmy,PERSON,12,17
mdp.39076006285956,92,9,1,Bubba,PERSON,59,64
mdp.39076006285956,92,9,2,Essie,PERSON,131,136
mdp.39076006285956,92,10,0,Bubba,PERSON,0,5
mdp.39076006285956,92,11,0,Jimmy,PERSON,0,5
mdp.39076006285956,92,11,1,Bubba,PERSON,28,33
mdp.39076006285956,92,13,0,Jimmy,PERSON,0,5
mdp.39076006285956,92,13,1,Bubba,PERSON,112,117
mdp.39076006285956,92,14,0,Essie,PERSON,21,26
mdp.39076006285956,92,15,0,Jimmy,PERSON,0,5
mdp.39076006285956,92,16,0,Essie,PERSON,0,5
mdp.39076006285956,92,17,0,a few feet,QUANTITY,11,21
mdp.39076006285956,92,18,0,noon,TIME,9,13
mdp.39076006285956,92,21,0,Essie,PERSON,0,5
mdp.39076006285956,92,22,0,Jimmy,PERSON,12,17
mdp.39076006285956,93,0,0,THE CROSSING 71,PERSON,0,15
mdp.39076006285956,93,2,0,Jimmy,PERSON,0,5
mdp.39076006285956,93,2,1,Essie,PERSON,67,72
mdp.39076006285956,93,3,0,Bubba,PERSON,0,5
mdp.39076006285956,93,3,1,Jimmy,PERSON,18,23
mdp.39076006285956,93,4,0,Jimmy Croon,PERSON,16,27
mdp.39076006285956,93,5,0,Jimmy,PERSON,32,37
mdp.39076006285956,93,12,0,Emmett Till,PERSON,23,34
mdp.39076006285956,93,19,0,Essie,PERSON,55,60
mdp.39076006285956,93,21,0,Bubba,PERSON,11,16
mdp.39076006285956,93,23,0,Essie,PERSON,0,5
mdp.39076006285956,93,25,0,Sunday,DATE,38,44
mdp.39076006285956,93,26,0,Bubba,PERSON,1,6
mdp.39076006285956,93,27,0,Jimmy,PERSON,41,46
mdp.39076006285956,93,29,0,Jimmy,PERSON,0,5
mdp.39076006285956,93,29,1,Bubba,PERSON,23,28
mdp.39076006285956,93,30,0,Essie Till,PERSON,25,35
mdp.39076006285956,93,31,0,Bubba,PERSON,21,26
mdp.39076006285956,94,2,0,Jimmy,PERSON,38,43
mdp.39076006285956,94,3,0,Jimmy,PERSON,9,14
mdp.39076006285956,94,6,0,Bubba,PERSON,0,5
mdp.39076006285956,94,6,1,half,CARDINAL,17,21
mdp.39076006285956,94,7,0,Essie,PERSON,0,5
mdp.39076006285956,94,8,0,Bubba,PERSON,20,25
mdp.39076006285956,94,8,1,Jimmy,PERSON,41,46
mdp.39076006285956,94,9,0,Jimmy,PERSON,16,21
mdp.39076006285956,94,11,0,Essie,PERSON,0,5
mdp.39076006285956,94,13,0,Essie,PERSON,0,5
mdp.39076006285956,94,15,0,Bubba,PERSON,15,20
mdp.39076006285956,94,17,0,Jimmy,PERSON,4,9
mdp.39076006285956,94,19,0,Emmett,PERSON,1,7
mdp.39076006285956,94,19,1,Bubba,PERSON,13,18
mdp.39076006285956,94,22,0,Bubba,PERSON,12,17
mdp.39076006285956,94,23,0,Essie,PERSON,0,5
mdp.39076006285956,94,29,0,Jimmy,PERSON,0,5
mdp.39076006285956,94,29,1,half,CARDINAL,52,56
mdp.39076006285956,94,31,0,Jimmy,PERSON,31,36
mdp.39076006285956,94,33,0,Jimmy,PERSON,12,17
mdp.39076006285956,95,1,0,Essie,PERSON,12,17
mdp.39076006285956,95,2,0,Bubba,PERSON,0,5
mdp.39076006285956,95,15,0,Jimmy,PERSON,35,40
mdp.39076006285956,95,17,0,night,TIME,15,20
mdp.39076006285956,95,23,0,a thousand,CARDINAL,31,41
mdp.39076006285956,95,24,0,Willy,PERSON,7,12
mdp.39076006285956,96,1,0,Essie,PERSON,62,67
mdp.39076006285956,96,10,0,a thousand,CARDINAL,118,128
mdp.39076006285956,96,21,0,Essie,PERSON,14,19
mdp.39076006285956,96,22,0,Essie Till,PERSON,11,21
mdp.39076006285956,96,24,0,Bubba,PERSON,23,28
mdp.39076006285956,96,25,0,Emmett Till,PERSON,42,53
mdp.39076006285956,96,26,0,Jimmy,PERSON,0,5
mdp.39076006285956,96,29,0,Essie,PERSON,0,5
mdp.39076006285956,96,29,1,no Emmett Till,PERSON,15,29
mdp.39076006285956,96,30,0,Jimmy,PERSON,31,36
mdp.39076006285956,97,0,0,THE CROSSING 75,PERSON,0,15
mdp.39076006285956,97,1,0,Jimmy the Coon,PERSON,1,15
mdp.39076006285956,97,1,1,Bubba,PERSON,26,31
mdp.39076006285956,97,4,0,Three,CARDINAL,0,5
mdp.39076006285956,97,5,0,summer,DATE,67,73
mdp.39076006285956,97,6,0,Essie,PERSON,0,5
mdp.39076006285956,97,6,1,Ole Jimmy Croono,PERSON,49,65
mdp.39076006285956,97,10,0,Bubba,PERSON,79,84
mdp.39076006285956,97,10,1,Essie,PERSON,103,108
mdp.39076006285956,97,12,0,Jimmy,PERSON,0,5
mdp.39076006285956,97,14,0,Bubba,PERSON,0,5
mdp.39076006285956,97,23,0,Jimmy,PERSON,19,24
mdp.39076006285956,97,24,0,Essie,PERSON,35,40
mdp.39076006285956,97,25,0,Essie,PERSON,44,49
mdp.39076006285956,97,26,0,Bubba,PERSON,34,39
mdp.39076006285956,98,2,0,all three,CARDINAL,35,44
mdp.39076006285956,98,6,0,Jimmy Croon,PERSON,51,62
mdp.39076006285956,98,7,0,Jimmy,PERSON,32,37
mdp.39076006285956,98,7,1,Bubbahead,PERSON,58,67
mdp.39076006285956,98,10,0,Essie,PERSON,23,28
mdp.39076006285956,98,15,0,Bubba,PERSON,8,13
mdp.39076006285956,98,16,0,Sunday,DATE,16,22
mdp.39076006285956,98,17,0,Jimmy,PERSON,6,11
mdp.39076006285956,98,22,0,Jimmy,PERSON,42,47
mdp.39076006285956,98,24,0,one,CARDINAL,17,20
mdp.39076006285956,98,27,0,Essie,PERSON,0,5
mdp.39076006285956,98,28,0,Essie,PERSON,5,10
mdp.39076006285956,98,28,1,Jimmy,PERSON,13,18
mdp.39076006285956,98,30,0,Bubba,PERSON,21,26
mdp.39076006285956,98,31,0,Jimmy,PERSON,21,26
mdp.39076006285956,98,32,0,Essie,PERSON,0,5
mdp.39076006285956,98,32,1,Jimmy,PERSON,16,21
mdp.39076006285956,98,32,2,Bubba,PERSON,31,36
mdp.39076006285956,98,33,0,Bubba,PERSON,62,67
mdp.39076006285956,99,1,0,Bubba,PERSON,0,5
mdp.39076006285956,99,6,0,a second,TIME,24,32
mdp.39076006285956,99,7,0,Bubba,PERSON,0,5
mdp.39076006285956,99,14,0,Bubba,PERSON,13,18
mdp.39076006285956,100,0,0,1,CARDINAL,0,1
mdp.39076006285956,103,0,0,Grease,PERSON,19,25
mdp.39076006285956,103,2,0,Grease,PERSON,14,20
mdp.39076006285956,103,4,0,New Hope,GPE,24,32
mdp.39076006285956,103,4,1,Grease,PERSON,34,40
mdp.39076006285956,103,4,2,Blue,PERSON,42,46
mdp.39076006285956,103,4,3,Fish,PERSON,48,52
mdp.39076006285956,103,6,0,four dollars,MONEY,42,54
mdp.39076006285956,103,10,0,Blue,PERSON,19,23
mdp.39076006285956,103,10,1,Grease,PERSON,32,38
mdp.39076006285956,103,13,0,Blue,PERSON,0,4
mdp.39076006285956,103,16,0,Grease,PERSON,0,6
mdp.39076006285956,103,20,0,Grease,PERSON,14,20
mdp.39076006285956,103,20,1,Blue,PERSON,54,58
mdp.39076006285956,103,22,0,Blue,PERSON,12,16
mdp.39076006285956,103,24,0,Grease,PERSON,4,10
mdp.39076006285956,103,24,1,half,CARDINAL,15,19
mdp.39076006285956,104,2,0,two,CARDINAL,39,42
mdp.39076006285956,104,4,0,Grease,PERSON,19,25
mdp.39076006285956,104,11,0,Fish,PERSON,28,32
mdp.39076006285956,104,13,0,Blue,PERSON,24,28
mdp.39076006285956,104,13,1,Rock Hill,GPE,40,49
mdp.39076006285956,104,14,0,Grease,PERSON,0,6
mdp.39076006285956,104,15,0,Fish,PERSON,12,16
mdp.39076006285956,104,16,0,Creek,LOC,44,49
mdp.39076006285956,104,17,0,Grease,PERSON,26,32
mdp.39076006285956,104,19,0,Tate,PERSON,15,19
mdp.39076006285956,104,20,0,one,CARDINAL,15,18
mdp.39076006285956,104,21,0,Blue,PERSON,16,20
mdp.39076006285956,104,22,0,one,CARDINAL,17,20
mdp.39076006285956,104,24,0,Grease,PERSON,28,34
mdp.39076006285956,104,25,0,Lucille,PERSON,59,66
mdp.39076006285956,104,25,1,Rock Hill,GPE,88,97
mdp.39076006285956,105,1,0,Blue,PERSON,13,17
mdp.39076006285956,105,1,1,tomorrow,DATE,64,72
mdp.39076006285956,105,2,0,Rock Hill,LOC,32,41
mdp.39076006285956,105,4,0,Fish,PERSON,12,16
mdp.39076006285956,105,9,0,Fish,PERSON,16,20
mdp.39076006285956,105,10,0,Blue,PERSON,0,4
mdp.39076006285956,105,10,1,Fish,PERSON,27,31
mdp.39076006285956,105,11,0,Greasemouth,LOC,13,24
mdp.39076006285956,105,13,0,Grease,PERSON,16,22
mdp.39076006285956,105,13,1,hardly that whole year,DATE,44,66
mdp.39076006285956,105,16,0,five miles,QUANTITY,38,48
mdp.39076006285956,105,17,0,Creek,LOC,1,6
mdp.39076006285956,105,17,1,Blue,PERSON,23,27
mdp.39076006285956,105,19,0,Grease,PERSON,32,38
mdp.39076006285956,105,22,0,Blue,PERSON,39,43
mdp.39076006285956,105,23,0,One,CARDINAL,1,4
mdp.39076006285956,105,24,0,Fish,PERSON,37,41
mdp.39076006285956,105,27,0,Grease,PERSON,23,29
mdp.39076006285956,105,28,0,Grease,PERSON,14,20
mdp.39076006285956,106,5,0,Grease,WORK_OF_ART,12,18
mdp.39076006285956,106,5,1,Fish,PERSON,29,33
mdp.39076006285956,106,12,0,Fish,PERSON,47,51
mdp.39076006285956,106,14,0,Tate,PERSON,15,19
mdp.39076006285956,106,15,0,Greasemouth,NORP,140,151
mdp.39076006285956,106,18,0,Blue,PERSON,52,56
mdp.39076006285956,106,19,0,first,ORDINAL,43,48
mdp.39076006285956,106,22,0,three,CARDINAL,81,86
mdp.39076006285956,106,23,0,Fish,PERSON,0,4
mdp.39076006285956,106,23,1,first,ORDINAL,13,18
mdp.39076006285956,106,23,2,Fish,PERSON,43,47
mdp.39076006285956,106,25,0,Fish,PERSON,39,43
mdp.39076006285956,106,25,1,Grease,PERSON,52,58
mdp.39076006285956,107,5,0,Blue,PERSON,18,22
mdp.39076006285956,107,5,1,Grease,PERSON,81,87
mdp.39076006285956,107,6,0,Blue,PERSON,4,8
mdp.39076006285956,107,10,0,Blue,PERSON,0,4
mdp.39076006285956,107,10,1,Grease,PERSON,56,62
mdp.39076006285956,107,12,0,Grease,PERSON,51,57
mdp.39076006285956,107,14,0,Grease,PERSON,0,6
mdp.39076006285956,107,18,0,Blue,PERSON,21,25
mdp.39076006285956,107,20,0,Grease,PERSON,34,40
mdp.39076006285956,107,22,0,About half an acre,QUANTITY,0,18
mdp.39076006285956,107,24,0,Grease,PERSON,9,15
mdp.39076006285956,107,24,1,Fish,PERSON,27,31
mdp.39076006285956,107,25,0,Blue,PERSON,56,60
mdp.39076006285956,107,26,0,peckerwood,NORP,31,41
mdp.39076006285956,107,26,1,four,CARDINAL,53,57
mdp.39076006285956,107,27,0,Grease,PERSON,24,30
mdp.39076006285956,107,28,0,2,CARDINAL,6,7
mdp.39076006285956,108,1,0,Fish,PERSON,20,24
mdp.39076006285956,108,5,0,Blue,PERSON,30,34
mdp.39076006285956,108,13,0,Blue,PERSON,38,42
mdp.39076006285956,108,22,0,Blue,PERSON,7,11
mdp.39076006285956,108,23,0,Grease,PERSON,0,6
mdp.39076006285956,108,26,0,Greasemouth,PERSON,34,45
mdp.39076006285956,108,27,0,Grease,PERSON,18,24
mdp.39076006285956,108,29,0,Fish,PERSON,15,19
mdp.39076006285956,109,0,0,DOUBLE NIGGER 87,PERSON,0,16
mdp.39076006285956,109,1,0,Blue,PERSON,16,20
mdp.39076006285956,109,4,0,One,CARDINAL,0,3
mdp.39076006285956,109,6,0,Blue,PERSON,30,34
mdp.39076006285956,109,7,0,Fish,PERSON,34,38
mdp.39076006285956,109,9,0,Grease,PERSON,48,54
mdp.39076006285956,109,14,0,Grease,PERSON,24,30
mdp.39076006285956,109,20,0,Grease,PERSON,16,22
mdp.39076006285956,109,22,0,Blue,PERSON,0,4
mdp.39076006285956,109,24,0,Blue,PERSON,20,24
mdp.39076006285956,109,25,0,Grease,PERSON,0,6
mdp.39076006285956,109,31,0,Grease,PERSON,0,6
mdp.39076006285956,109,35,0,Grease,PERSON,17,23
mdp.39076006285956,109,35,1,Blue,PERSON,26,30
mdp.39076006285956,109,38,0,Fish,PERSON,20,24
mdp.39076006285956,110,2,0,Fish,PERSON,11,15
mdp.39076006285956,110,2,1,Grease,PERSON,18,24
mdp.39076006285956,110,5,0,last year,DATE,17,26
mdp.39076006285956,110,5,1,Tulsom Lumber,ORG,49,62
mdp.39076006285956,110,9,0,Grease,PERSON,46,52
mdp.39076006285956,110,9,1,Tatehead,PERSON,69,77
mdp.39076006285956,110,13,0,Blue,PERSON,5,9
mdp.39076006285956,110,15,0,Fish,PERSON,24,28
mdp.39076006285956,110,16,0,Fish,PERSON,0,4
mdp.39076006285956,110,17,0,Grease,PERSON,25,31
mdp.39076006285956,110,19,0,Blue,PERSON,0,4
mdp.39076006285956,110,20,0,Fish,PERSON,17,21
mdp.39076006285956,110,21,0,Fish,PERSON,33,37
mdp.39076006285956,110,22,0,Grease,PERSON,43,49
mdp.39076006285956,110,26,0,Blue,PERSON,21,25
mdp.39076006285956,110,27,0,night,TIME,8,13
mdp.39076006285956,111,6,0,Fish,PERSON,24,28
mdp.39076006285956,111,6,1,Grease,PERSON,57,63
mdp.39076006285956,111,7,0,Fish,PERSON,87,91
mdp.39076006285956,111,9,0,Blue,PERSON,0,4
mdp.39076006285956,111,11,0,Tate,PERSON,10,14
mdp.39076006285956,111,11,1,Fish,PERSON,17,21
mdp.39076006285956,111,14,0,Grease,PERSON,25,31
mdp.39076006285956,111,16,0,Blue,PERSON,15,19
mdp.39076006285956,111,17,0,Blue,PERSON,6,10
mdp.39076006285956,111,17,1,Grease,PERSON,45,51
mdp.39076006285956,111,21,0,Grease,PERSON,82,88
mdp.39076006285956,112,0,0,90 Ark of Bones and Other Stories,WORK_OF_ART,0,33
mdp.39076006285956,112,2,0,Tate,PERSON,36,40
mdp.39076006285956,112,2,1,Fish,PERSON,43,47
mdp.39076006285956,112,3,0,half,CARDINAL,18,22
mdp.39076006285956,112,4,0,Blue,PERSON,15,19
mdp.39076006285956,112,7,0,one,CARDINAL,10,13
mdp.39076006285956,112,8,0,Fish,PERSON,24,28
mdp.39076006285956,112,14,0,Grease,PERSON,13,19
mdp.39076006285956,112,16,0,over a mile,QUANTITY,7,18
mdp.39076006285956,112,23,0,Fish,PERSON,58,62
mdp.39076006285956,112,26,0,1,CARDINAL,131,132
mdp.39076006285956,113,4,0,Blue,PERSON,33,37
mdp.39076006285956,113,4,1,Grease,PERSON,42,48
mdp.39076006285956,113,6,0,Grease,PERSON,17,23
mdp.39076006285956,113,9,0,two days,DATE,9,17
mdp.39076006285956,113,9,1,Rock Hill,LOC,37,46
mdp.39076006285956,113,9,2,Grease,PERSON,54,60
mdp.39076006285956,113,10,0,Nesbit,PERSON,35,41
mdp.39076006285956,113,11,0,Bainesville,GPE,59,70
mdp.39076006285956,113,13,0,Blue,PERSON,17,21
mdp.39076006285956,113,14,0,Fish,PERSON,18,22
mdp.39076006285956,113,17,0,Grease,PERSON,20,26
mdp.39076006285956,113,18,0,the Memphis Highway,FAC,29,48
mdp.39076006285956,113,19,0,Rock Hill,GPE,22,31
mdp.39076006285956,113,20,0,Rock Hill,GPE,45,54
mdp.39076006285956,114,5,0,Grease,PERSON,41,47
mdp.39076006285956,114,12,0,Grease,PERSON,98,104
mdp.39076006285956,114,20,0,Grease,PERSON,20,26
mdp.39076006285956,114,21,0,Grease,PERSON,20,26
mdp.39076006285956,114,23,0,Grease,PERSON,39,45
mdp.39076006285956,114,29,0,Tate,PERSON,0,4
mdp.39076006285956,114,30,0,Grease,PERSON,0,6
mdp.39076006285956,115,0,0,DOUBLE NIGGER,PERSON,0,13
mdp.39076006285956,115,2,0,three,CARDINAL,25,30
mdp.39076006285956,115,6,0,Greasemouth,PERSON,39,50
mdp.39076006285956,115,8,0,Grease,PERSON,0,6
mdp.39076006285956,115,8,1,Greasemouth,PERSON,116,127
mdp.39076006285956,115,15,0,Fish,PERSON,5,9
mdp.39076006285956,115,23,0,four,CARDINAL,199,203
mdp.39076006285956,115,24,0,Fish,PERSON,20,24
mdp.39076006285956,115,26,0,Grease,PERSON,25,31
mdp.39076006285956,115,28,0,peckerwood,GPE,40,50
mdp.39076006285956,115,30,0,first,ORDINAL,54,59
mdp.39076006285956,115,31,0,Greasemouth,PERSON,0,11
mdp.39076006285956,116,1,0,Grease,PERSON,68,74
mdp.39076006285956,116,4,0,Grease,PERSON,9,15
mdp.39076006285956,116,5,0,one,CARDINAL,43,46
mdp.39076006285956,116,7,0,Fish,PERSON,43,47
mdp.39076006285956,116,8,0,Blue,PERSON,7,11
mdp.39076006285956,116,8,1,one,CARDINAL,17,20
mdp.39076006285956,116,9,0,Grease,PERSON,0,6
mdp.39076006285956,116,9,1,Fish,PERSON,36,40
mdp.39076006285956,116,10,0,Christian,NORP,12,21
mdp.39076006285956,116,12,0,Blue,PERSON,23,27
mdp.39076006285956,116,13,0,Greasy,PERSON,28,34
mdp.39076006285956,116,18,0,Blue,PERSON,42,46
mdp.39076006285956,116,21,0,Blue,PERSON,19,23
mdp.39076006285956,116,21,1,Greasy,PERSON,39,45
mdp.39076006285956,116,23,0,Blue,PERSON,33,37
mdp.39076006285956,116,24,0,Grease,PERSON,0,6
mdp.39076006285956,116,27,0,Grease,PERSON,27,33
mdp.39076006285956,117,0,0,DOUBLE NIGGER,PERSON,0,13
mdp.39076006285956,117,5,0,God Almighty,PERSON,9,21
mdp.39076006285956,117,7,0,Weams,PERSON,21,26
mdp.39076006285956,117,14,0,Fish,PERSON,27,31
mdp.39076006285956,117,17,0,Blue,PERSON,14,18
mdp.39076006285956,121,0,0,MACK,PERSON,0,4
mdp.39076006285956,121,0,1,Lack,PERSON,5,9
mdp.39076006285956,121,0,2,Jayjay,PERSON,14,20
mdp.39076006285956,121,0,3,the > 7 > ACK,FAC,32,45
mdp.39076006285956,121,0,4,Jayjay,PERSON,50,56
mdp.39076006285956,121,0,5,Jayjay,PERSON,88,94
mdp.39076006285956,121,0,6,Mack,PERSON,139,143
mdp.39076006285956,121,2,0,Mack,PERSON,0,4
mdp.39076006285956,121,3,0,Jay,PERSON,23,26
mdp.39076006285956,121,7,0,Jayjay,PERSON,18,24
mdp.39076006285956,121,9,0,half,CARDINAL,36,40
mdp.39076006285956,121,10,0,fifty cents,MONEY,25,36
mdp.39076006285956,121,14,0,Jayjay,PERSON,11,17
mdp.39076006285956,121,15,0,Jayjay,PERSON,60,66
mdp.39076006285956,121,16,0,fifty cents,MONEY,25,36
mdp.39076006285956,121,17,0,Jayjay,PERSON,21,27
mdp.39076006285956,121,18,0,Frisky,PERSON,36,42
mdp.39076006285956,121,19,0,Mack,PERSON,79,83
mdp.39076006285956,121,20,0,two minutes,TIME,11,22
mdp.39076006285956,121,23,0,99,CARDINAL,35,37
mdp.39076006285956,122,0,0,Ark of Bones and Other Stories,WORK_OF_ART,4,34
mdp.39076006285956,122,2,0,a minute,TIME,17,25
mdp.39076006285956,122,11,0,Mack,PERSON,22,26
mdp.39076006285956,122,12,0,Lola,PERSON,33,37
mdp.39076006285956,122,13,0,Mack,PERSON,0,4
mdp.39076006285956,122,15,0,Lola,PERSON,0,4
mdp.39076006285956,122,15,1,Jim Davis,PERSON,18,27
mdp.39076006285956,122,16,0,Mack,PERSON,0,4
mdp.39076006285956,122,17,0,Jim Davis,PERSON,19,28
mdp.39076006285956,122,18,0,Mack,PERSON,0,4
mdp.39076006285956,122,24,0,Jim Davis,PERSON,34,43
mdp.39076006285956,122,24,1,Lola,PERSON,48,52
mdp.39076006285956,122,27,0,Jim Davis,PERSON,0,9
mdp.39076006285956,122,28,0,Mack,PERSON,0,4
mdp.39076006285956,122,30,0,Mack,PERSON,19,23
mdp.39076006285956,122,30,1,all day,DATE,41,48
mdp.39076006285956,122,32,0,Mack,PERSON,0,4
mdp.39076006285956,123,2,0,Mack,PERSON,13,17
mdp.39076006285956,123,7,0,Jim Davis,PERSON,0,9
mdp.39076006285956,123,7,1,Mack,PERSON,51,55
mdp.39076006285956,123,11,0,Mack,PERSON,15,19
mdp.39076006285956,123,11,1,Mack,PERSON,25,29
mdp.39076006285956,123,13,0,Mackie,PERSON,29,35
mdp.39076006285956,123,17,0,Jay,PERSON,1,4
mdp.39076006285956,123,21,0,Lola,PERSON,27,31
mdp.39076006285956,123,21,1,Jim Davis,PERSON,40,49
mdp.39076006285956,123,22,0,Mack,PERSON,0,4
mdp.39076006285956,123,24,0,two,CARDINAL,17,20
mdp.39076006285956,123,24,1,Mack,PERSON,65,69
mdp.39076006285956,123,28,0,Mack,PERSON,0,4
mdp.39076006285956,124,0,0,Ark of Bones and Other Stories а,WORK_OF_ART,4,36
mdp.39076006285956,124,1,0,Mack,PERSON,0,4
mdp.39076006285956,124,4,0,Lola,PERSON,0,4
mdp.39076006285956,124,4,1,Jim Davis,PERSON,21,30
mdp.39076006285956,124,7,0,Jim Davis,PERSON,0,9
mdp.39076006285956,124,9,0,Mack,PERSON,0,4
mdp.39076006285956,124,11,0,Mack,PERSON,0,4
mdp.39076006285956,124,13,0,Jayjerk,PERSON,27,34
mdp.39076006285956,124,16,0,Mack,PERSON,56,60
mdp.39076006285956,124,16,1,four,CARDINAL,81,85
mdp.39076006285956,124,17,0,Mack,PERSON,0,4
mdp.39076006285956,124,20,0,Mack,PERSON,0,4
mdp.39076006285956,124,29,0,Mack,PERSON,43,47
mdp.39076006285956,124,30,0,Mack,PERSON,22,26
mdp.39076006285956,124,30,1,two,CARDINAL,71,74
mdp.39076006285956,125,2,0,Lola,PERSON,13,17
mdp.39076006285956,125,4,0,Mack,PERSON,5,9
mdp.39076006285956,125,4,1,two,CARDINAL,15,18
mdp.39076006285956,125,5,0,Lola,PERSON,0,4
mdp.39076006285956,125,8,0,Mack,PERSON,4,8
mdp.39076006285956,125,8,1,two more quarters,MONEY,63,80
mdp.39076006285956,125,10,0,Mack,PERSON,29,33
mdp.39076006285956,125,12,0,Mack,PERSON,0,4
mdp.39076006285956,125,14,0,Mack,PERSON,11,15
mdp.39076006285956,125,15,0,Mack,PERSON,26,30
mdp.39076006285956,125,16,0,Mack,PERSON,0,4
mdp.39076006285956,125,18,0,Mack,PERSON,0,4
mdp.39076006285956,125,20,0,Mack,PERSON,0,4
mdp.39076006285956,125,22,0,Mack,PERSON,0,4
mdp.39076006285956,126,1,0,Jim Davis,PERSON,0,9
mdp.39076006285956,126,2,0,Mack,PERSON,0,4
mdp.39076006285956,126,6,0,Mack,PERSON,0,4
mdp.39076006285956,126,10,0,three,CARDINAL,88,93
mdp.39076006285956,126,10,1,four,CARDINAL,101,105
mdp.39076006285956,126,15,0,two,CARDINAL,21,24
mdp.39076006285956,126,16,0,Mack,PERSON,0,4
mdp.39076006285956,126,17,0,quarter,CARDINAL,17,24
mdp.39076006285956,126,18,0,Lola,PERSON,13,17
mdp.39076006285956,126,19,0,Jim Davis,PERSON,0,9
mdp.39076006285956,126,19,1,Mack,PERSON,35,39
mdp.39076006285956,126,26,0,Lola,PERSON,0,4
mdp.39076006285956,126,28,0,Mack,PERSON,11,15
mdp.39076006285956,126,29,0,Mack,PERSON,0,4
mdp.39076006285956,126,31,0,Mack,PERSON,15,19
mdp.39076006285956,127,1,0,Mack,PERSON,33,37
mdp.39076006285956,127,2,0,two,CARDINAL,29,32
mdp.39076006285956,127,3,0,Mack,PERSON,0,4
mdp.39076006285956,127,5,0,dollar,MONEY,26,32
mdp.39076006285956,127,6,0,Mack,PERSON,0,4
mdp.39076006285956,127,8,0,that last quarter,MONEY,24,41
mdp.39076006285956,127,9,0,Mack,PERSON,2,6
mdp.39076006285956,127,9,1,Jim Davis,PERSON,17,26
mdp.39076006285956,127,10,0,Jim,PERSON,0,3
mdp.39076006285956,127,11,0,Lola,PERSON,0,4
mdp.39076006285956,127,11,1,Mack,PERSON,9,13
mdp.39076006285956,127,23,0,Mack,PERSON,29,33
mdp.39076006285956,127,24,0,Buck and a quarter,MONEY,1,19
mdp.39076006285956,127,32,0,Mack,PERSON,0,4
mdp.39076006285956,127,34,0,Jayjay,PERSON,15,21
mdp.39076006285956,128,6,0,night,TIME,13,18
mdp.39076006285956,131,0,0,Probe,PERSON,39,44
mdp.39076006285956,131,2,0,Probe,PERSON,4,9
mdp.39076006285956,131,4,0,Probe,PERSON,0,5
mdp.39076006285956,131,4,1,six,CARDINAL,98,101
mdp.39076006285956,131,5,0,first,ORDINAL,31,36
mdp.39076006285956,131,8,0,Magwa,PERSON,0,5
mdp.39076006285956,131,9,0,Haig,PERSON,31,35
mdp.39076006285956,131,9,1,Billy,PERSON,71,76
mdp.39076006285956,131,9,2,Stace,PERSON,115,120
mdp.39076006285956,131,9,3,Mojohn,PERSON,224,230
mdp.39076006285956,131,10,0,Probe,ORG,27,32
mdp.39076006285956,131,11,0,the Sound Barrier Club,ORG,8,30
mdp.39076006285956,131,11,1,three,CARDINAL,31,36
mdp.39076006285956,131,12,0,Jan,PERSON,0,3
mdp.39076006285956,131,13,0,Probe,ORG,18,23
mdp.39076006285956,131,13,1,six years ago,DATE,24,37
mdp.39076006285956,131,13,2,West Coast,LOC,45,55
mdp.39076006285956,131,15,0,109,CARDINAL,0,3
mdp.39076006285956,132,1,0,Probe,PERSON,17,22
mdp.39076006285956,132,2,0,Negro,NORP,18,23
mdp.39076006285956,132,4,0,Ron,PERSON,16,19
mdp.39076006285956,132,4,1,Tasha,PERSON,24,29
mdp.39076006285956,132,5,0,two,CARDINAL,10,13
mdp.39076006285956,132,5,1,the Sound Club,ORG,85,99
mdp.39076006285956,132,6,0,Ron,PERSON,0,3
mdp.39076006285956,132,10,0,one,CARDINAL,32,35
mdp.39076006285956,132,11,0,Harlem,GPE,70,76
mdp.39076006285956,132,12,0,Ron,PERSON,0,3
mdp.39076006285956,132,12,1,Probe Adams,ORG,80,91
mdp.39076006285956,132,13,0,Yale,ORG,26,30
mdp.39076006285956,132,13,1,Ron,PERSON,32,35
mdp.39076006285956,132,15,0,Mississippi,GPE,41,52
mdp.39076006285956,132,15,1,John,PERSON,53,57
mdp.39076006285956,132,15,2,Muddy Waters,PERSON,61,73
mdp.39076006285956,132,15,3,one,CARDINAL,75,78
mdp.39076006285956,132,15,4,two,CARDINAL,86,89
mdp.39076006285956,132,15,5,Alabama,GPE,122,129
mdp.39076006285956,132,17,0,Muddy,PERSON,0,5
mdp.39076006285956,132,17,1,Ron,PERSON,42,45
mdp.39076006285956,132,18,0,Ron,PERSON,0,3
mdp.39076006285956,132,22,0,Tasha,PERSON,8,13
mdp.39076006285956,132,23,0,Tasha,PERSON,0,5
mdp.39076006285956,132,25,0,Vassar,NORP,10,16
mdp.39076006285956,132,25,1,Oliver Fullerton,PERSON,56,72
mdp.39076006285956,133,1,0,III,PERSON,0,3
mdp.39076006285956,133,1,1,Down Beat,ORG,17,26
mdp.39076006285956,133,1,2,Fullerton,PERSON,81,90
mdp.39076006285956,133,2,0,Fullerton,PERSON,0,9
mdp.39076006285956,133,2,1,Tasha,PERSON,88,93
mdp.39076006285956,133,4,0,Tasha,PERSON,10,15
mdp.39076006285956,133,5,0,Oliver,PERSON,35,41
mdp.39076006285956,133,7,0,Oliver,PERSON,44,50
mdp.39076006285956,133,11,0,Oliver,PERSON,122,128
mdp.39076006285956,133,15,0,Brothers and Sisters,ORG,14,34
mdp.39076006285956,133,17,0,Jan,PERSON,0,3
mdp.39076006285956,133,21,0,Probe,ORG,18,23
mdp.39076006285956,133,23,0,two,CARDINAL,8,11
mdp.39076006285956,133,25,0,Probe,ORG,41,46
mdp.39076006285956,133,26,0,one,CARDINAL,23,26
mdp.39076006285956,133,28,0,three,CARDINAL,19,24
mdp.39076006285956,133,30,0,three,CARDINAL,61,66
mdp.39076006285956,134,1,0,Jan,PERSON,35,38
mdp.39076006285956,134,4,0,Probe,ORG,18,23
mdp.39076006285956,134,5,0,three,CARDINAL,4,9
mdp.39076006285956,134,6,0,Carl,PERSON,0,4
mdp.39076006285956,134,7,0,Kent,PERSON,36,40
mdp.39076006285956,134,7,1,Rafael,PERSON,45,51
mdp.39076006285956,134,7,2,Probe,ORG,91,96
mdp.39076006285956,134,9,0,Jan,PERSON,0,3
mdp.39076006285956,134,11,0,Carl,PERSON,0,4
mdp.39076006285956,134,14,0,Jan,PERSON,0,3
mdp.39076006285956,134,14,1,Ron,PERSON,43,46
mdp.39076006285956,134,14,2,Tasha,PERSON,51,56
mdp.39076006285956,134,15,0,the West Coast,LOC,58,72
mdp.39076006285956,134,17,0,Carl,PERSON,0,4
mdp.39076006285956,134,17,1,Irishman,NORP,68,76
mdp.39076006285956,134,20,0,Kent,PERSON,0,4
mdp.39076006285956,134,20,1,Rafael,PERSON,9,15
mdp.39076006285956,134,20,2,Carl,PERSON,24,28
mdp.39076006285956,134,21,0,Carl,PERSON,0,4
mdp.39076006285956,134,23,0,Irish,NORP,4,9
mdp.39076006285956,134,23,1,three,CARDINAL,138,143
mdp.39076006285956,134,25,0,Harlem,DATE,13,19
mdp.39076006285956,135,2,0,Harlem,GPE,58,64
mdp.39076006285956,135,5,0,Rafael,PERSON,28,34
mdp.39076006285956,135,6,0,three,CARDINAL,47,52
mdp.39076006285956,135,9,0,Jan,PERSON,12,15
mdp.39076006285956,135,11,0,Probe,PERSON,0,5
mdp.39076006285956,135,12,0,Probe,PRODUCT,76,81
mdp.39076006285956,135,13,0,Probe,PERSON,0,5
mdp.39076006285956,135,16,0,Three,CARDINAL,0,5
mdp.39076006285956,135,23,0,Samson,GPE,120,126
mdp.39076006285956,135,28,0,only three,CARDINAL,10,20
mdp.39076006285956,135,29,0,Africa,LOC,49,55
mdp.39076006285956,135,29,1,South America,LOC,60,73
mdp.39076006285956,136,1,0,Egyptians,NORP,58,67
mdp.39076006285956,136,2,0,One,CARDINAL,0,3
mdp.39076006285956,136,2,1,European,NORP,4,12
mdp.39076006285956,136,3,0,the West Coast,LOC,41,55
mdp.39076006285956,136,3,1,Mexico,GPE,59,65
mdp.39076006285956,136,3,2,Indians,NORP,84,91
mdp.39076006285956,136,4,0,Probe,PERSON,0,5
mdp.39076006285956,136,4,1,a thousand miles,QUANTITY,70,86
mdp.39076006285956,136,5,0,that day,DATE,5,13
mdp.39076006285956,136,5,1,Probe,PERSON,18,23
mdp.39076006285956,136,10,0,Magwa,PERSON,0,5
mdp.39076006285956,136,14,0,Jan,PERSON,25,28
mdp.39076006285956,136,14,1,Probe,ORG,86,91
mdp.39076006285956,136,14,2,first,ORDINAL,94,99
mdp.39076006285956,136,16,0,Ron,PERSON,16,19
mdp.39076006285956,136,17,0,Tasha,PERSON,11,16
mdp.39076006285956,136,17,1,Ron,PERSON,51,54
mdp.39076006285956,136,20,0,Jan,PERSON,28,31
mdp.39076006285956,136,22,0,Ron,PERSON,0,3
mdp.39076006285956,136,25,0,Probe,PRODUCT,13,18
mdp.39076006285956,137,1,0,115,CARDINAL,0,3
mdp.39076006285956,137,1,1,Irishman,NORP,189,197
mdp.39076006285956,137,1,2,one,CARDINAL,273,276
mdp.39076006285956,137,1,3,Probe,PERSON,288,293
mdp.39076006285956,140,0,0,1,CARDINAL,2,3
mdp.39076006285956,140,0,1,1,CARDINAL,4,5
mdp.39076006285956,141,5,0,Big Skin,PERSON,7,15
mdp.39076006285956,141,11,0,VC,ORG,12,14
mdp.39076006285956,141,11,1,the Viet Cong,ORG,16,29
mdp.39076006285956,141,13,0,Big Skin,PERSON,7,15
mdp.39076006285956,141,13,1,the next day,DATE,39,51
mdp.39076006285956,141,14,0,Big Skin,PERSON,0,8
mdp.39076006285956,141,17,0,Mowhites,NORP,12,20
mdp.39076006285956,141,20,0,Bone,PERSON,14,18
mdp.39076006285956,141,21,0,Bone,PERSON,0,4
mdp.39076006285956,141,22,0,Mowhite,PERSON,0,7
mdp.39076006285956,141,24,0,half,CARDINAL,22,26
mdp.39076006285956,141,24,1,Mowhite,PERSON,40,47
mdp.39076006285956,141,24,2,a week,DATE,77,83
mdp.39076006285956,141,25,0,National Guard,ORG,33,47
mdp.39076006285956,141,25,1,Guard,ORG,57,62
mdp.39076006285956,141,25,2,yesterday,DATE,68,77
mdp.39076006285956,141,29,0,Big Skin,PERSON,23,31
mdp.39076006285956,141,32,0,Sammy,PERSON,9,14
mdp.39076006285956,141,32,1,Momo,PERSON,16,20
mdp.39076006285956,141,32,2,Walter,PERSON,22,28
mdp.39076006285956,141,32,3,Doris,PERSON,49,54
mdp.39076006285956,141,32,4,Edie,PERSON,56,60
mdp.39076006285956,141,32,5,Tomkins,PERSON,84,91
mdp.39076006285956,141,36,0,Big Skin,PERSON,7,15
mdp.39076006285956,141,36,1,Bone,PERSON,27,31
mdp.39076006285956,141,41,0,half,CARDINAL,14,18
mdp.39076006285956,142,3,0,Duke,PERSON,11,15
mdp.39076006285956,142,5,0,Brooklyn,GPE,20,28
mdp.39076006285956,142,5,1,Chicago,GPE,30,37
mdp.39076006285956,142,6,0,Birmingham,GPE,0,10
mdp.39076006285956,142,6,1,Cleveland,GPE,15,24
mdp.39076006285956,142,7,0,Oakland,GPE,20,27
mdp.39076006285956,142,8,0,Mace,PERSON,12,16
mdp.39076006285956,142,9,0,Mace,PERSON,0,4
mdp.39076006285956,142,9,1,Army,ORG,22,26
mdp.39076006285956,142,16,0,Mace,PERSON,0,4
mdp.39076006285956,142,16,1,two,CARDINAL,26,29
mdp.39076006285956,142,20,0,Bone,PERSON,0,4
mdp.39076006285956,142,21,0,one,CARDINAL,50,53
mdp.39076006285956,142,22,0,Big Skin,PERSON,7,15
mdp.39076006285956,142,29,0,Duke,PERSON,4,8
mdp.39076006285956,142,34,0,one half,CARDINAL,69,77
mdp.39076006285956,142,34,1,next week,DATE,87,96
mdp.39076006285956,142,36,0,Charley,PERSON,31,38
mdp.39076006285956,142,41,0,Mace,PERSON,2,6
mdp.39076006285956,142,45,0,Gestapo,ORG,0,7
mdp.39076006285956,142,46,0,Hitler,PERSON,23,29
mdp.39076006285956,143,1,0,Harlem,GPE,36,42
mdp.39076006285956,143,1,1,Muslims,NORP,80,87
mdp.39076006285956,143,1,2,Martin Luther King,PERSON,92,110
mdp.39076006285956,143,8,0,Harlem,GPE,19,25
mdp.39076006285956,143,9,0,Duke,PERSON,0,4
mdp.39076006285956,143,12,0,first,ORDINAL,25,30
mdp.39076006285956,143,13,0,some Chalk Whitey,PERSON,22,39
mdp.39076006285956,143,18,0,Duke,PERSON,0,4
mdp.39076006285956,143,23,0,33rd Street,FAC,22,33
mdp.39076006285956,143,25,0,Duke,PERSON,0,4
mdp.39076006285956,143,26,0,Tyro,PERSON,14,18
mdp.39076006285956,143,29,0,Tyro,PERSON,0,4
mdp.39076006285956,143,29,1,Viet Nam,GPE,26,34
mdp.39076006285956,143,31,0,one,CARDINAL,19,22
mdp.39076006285956,143,34,0,Duke,PERSON,0,4
mdp.39076006285956,143,34,1,Tyro's,ORG,24,30
mdp.39076006285956,143,45,0,one hour,TIME,17,25
mdp.39076006285956,143,48,0,three,CARDINAL,9,14
mdp.39076006285956,144,0,0,1 22,CARDINAL,0,4
mdp.39076006285956,144,4,0,One,CARDINAL,0,3
mdp.39076006285956,144,13,0,Duke,PERSON,0,4
mdp.39076006285956,144,13,1,Big Skin,PERSON,9,17
mdp.39076006285956,144,18,0,About fifty,CARDINAL,0,11
mdp.39076006285956,144,20,0,33rd,FAC,15,19
mdp.39076006285956,144,22,0,One,CARDINAL,0,3
mdp.39076006285956,144,23,0,Tyro,PERSON,0,4
mdp.39076006285956,144,23,1,30th Street,FAC,8,19
mdp.39076006285956,144,25,0,Three,CARDINAL,0,5
mdp.39076006285956,144,33,0,Tyro,PERSON,30,34
mdp.39076006285956,144,38,0,Tyro,PERSON,16,20
mdp.39076006285956,144,42,0,Tina,PERSON,5,9
mdp.39076006285956,144,45,0,Tyro,PERSON,16,20
mdp.39076006285956,144,50,0,six,CARDINAL,11,14
mdp.39076006285956,144,51,0,Six,CARDINAL,0,3
mdp.39076006285956,144,54,0,Tyro,PERSON,15,19
mdp.39076006285956,144,55,0,years,DATE,26,31
mdp.39076006285956,144,56,0,Unicorns,ORG,42,50
mdp.39076006285956,144,58,0,Tyro,PERSON,10,14
mdp.39076006285956,145,0,0,123,CARDINAL,16,19
mdp.39076006285956,145,1,0,Fidel Castro,PERSON,24,36
mdp.39076006285956,145,2,0,Tyro,PERSON,26,30
mdp.39076006285956,145,3,0,Cong,ORG,9,13
mdp.39076006285956,145,7,0,sixty,CARDINAL,7,12
mdp.39076006285956,145,19,0,one day,DATE,26,33
mdp.39076006285956,145,20,0,America,GPE,0,7
mdp.39076006285956,145,44,0,Tyro,PERSON,5,9
mdp.39076006285956,146,29,0,33rd Street,FAC,0,11
mdp.39076006285956,149,4,0,Nillmon,PERSON,0,7
mdp.39076006285956,149,7,0,evening,TIME,51,58
mdp.39076006285956,149,10,0,Uncle Sam,PERSON,72,81
mdp.39076006285956,149,10,1,Nillmon,PERSON,176,183
mdp.39076006285956,149,12,0,half,CARDINAL,120,124
mdp.39076006285956,149,12,1,four,CARDINAL,200,204
mdp.39076006285956,150,8,0,three,CARDINAL,38,43
mdp.39076006285956,150,8,1,Mississippi,LOC,171,182
mdp.39076006285956,150,9,0,one,CARDINAL,77,80
mdp.39076006285956,150,10,0,Nillmon,PERSON,0,7
mdp.39076006285956,150,11,0,third,ORDINAL,77,82
mdp.39076006285956,150,13,0,Nillmon,PERSON,55,62
mdp.39076006285956,150,17,0,second,ORDINAL,50,56
mdp.39076006285956,151,7,0,Nillmon,PERSON,0,7
mdp.39076006285956,151,8,0,Nigger,PERSON,1,7
mdp.39076006285956,151,15,0,Nillmon,PERSON,0,7
mdp.39076006285956,151,16,0,one,CARDINAL,53,56
mdp.39076006285956,151,17,0,Nillmon,PERSON,0,7
mdp.39076006285956,151,19,0,Nillmon,PERSON,0,7
mdp.39076006285956,151,20,0,half,CARDINAL,16,20
mdp.39076006285956,151,25,0,Nillmon,PERSON,0,7
mdp.39076006285956,152,1,0,Nigger,PERSON,1,7
mdp.39076006285956,152,1,1,Nillmon,PERSON,31,38
mdp.39076006285956,152,7,0,Nillmon,PERSON,25,32
mdp.39076006285956,152,16,0,Alfonso,PERSON,1,8
mdp.39076006285956,152,17,0,Nillmon,PERSON,0,7
mdp.39076006285956,152,19,0,Nillmon,PERSON,0,7
mdp.39076006285956,152,22,0,Gus,PERSON,6,9
mdp.39076006285956,152,22,1,Ed,PERSON,14,16
mdp.39076006285956,152,29,0,Fon,PERSON,16,19
mdp.39076006285956,152,30,0,Fon,PERSON,38,41
mdp.39076006285956,152,31,0,Fon,PERSON,32,35
mdp.39076006285956,152,32,0,Fon,PERSON,37,40
mdp.39076006285956,152,33,0,Nillmon,PERSON,0,7
mdp.39076006285956,153,3,0,Fon,ORG,5,8
mdp.39076006285956,153,5,0,Nillmon,PERSON,0,7
mdp.39076006285956,153,5,1,Fon,PERSON,51,54
mdp.39076006285956,153,7,0,Fon,PERSON,0,3
mdp.39076006285956,153,8,0,Nillmon,PERSON,0,7
mdp.39076006285956,153,10,0,Nillmon,PERSON,0,7
mdp.39076006285956,153,13,0,Fon,PERSON,0,3
mdp.39076006285956,153,14,0,Nillmon,PERSON,0,7
mdp.39076006285956,153,18,0,Nillmon,PERSON,0,7
mdp.39076006285956,153,18,1,Fon,PERSON,37,40
mdp.39076006285956,153,18,2,Huntsville,GPE,154,164
mdp.39076006285956,153,18,3,last year,DATE,181,190
mdp.39076006285956,153,21,0,Huntsville,GPE,83,93
mdp.39076006285956,153,22,0,Gus,PERSON,53,56
mdp.39076006285956,153,24,0,Columbia County,GPE,35,50
mdp.39076006285956,154,0,0,Ark of Bones and Other Stories,WORK_OF_ART,4,34
mdp.39076006285956,154,1,0,about twelve,DATE,21,33
mdp.39076006285956,154,5,0,Nillmon,PERSON,0,7
mdp.39076006285956,154,8,0,Nillmon,PERSON,0,7
mdp.39076006285956,154,13,0,Nillmon,PERSON,0,7
mdp.39076006285956,154,17,0,Fon,PERSON,10,13
mdp.39076006285956,154,18,0,Nillmon,PERSON,0,7
mdp.39076006285956,154,18,1,niggers,NORP,172,179
mdp.39076006285956,155,6,0,about three miles,QUANTITY,6,23
mdp.39076006285956,155,7,0,Nillmon,PERSON,0,7
mdp.39076006285956,155,8,0,one,CARDINAL,16,19
mdp.39076006285956,155,9,0,last two weeks,DATE,24,38
mdp.39076006285956,155,11,0,Nillmon,PERSON,0,7
mdp.39076006285956,155,13,0,Gus,PERSON,9,12
mdp.39076006285956,155,13,1,Pop,PERSON,14,17
mdp.39076006285956,155,15,0,Pop,PERSON,15,18
mdp.39076006285956,155,17,0,Nillmon,PERSON,0,7
mdp.39076006285956,155,17,1,Gus,PERSON,56,59
mdp.39076006285956,155,19,0,Nillmon,PERSON,7,14
mdp.39076006285956,155,20,0,Gus,PERSON,121,124
mdp.39076006285956,155,21,0,Nillmon,PERSON,0,7
mdp.39076006285956,155,27,0,Nillmon,PERSON,6,13
mdp.39076006285956,155,27,1,Gus,PERSON,60,63
mdp.39076006285956,155,27,2,about thirty years,DATE,85,103
mdp.39076006285956,156,1,0,Nillmon,PERSON,0,7
mdp.39076006285956,156,2,0,Vacy,PERSON,14,18
mdp.39076006285956,156,3,0,Gus,PERSON,23,26
mdp.39076006285956,156,5,0,Canebrake,GPE,8,17
mdp.39076006285956,156,6,0,Alfonso,PERSON,15,22
mdp.39076006285956,156,10,0,Vacy,PERSON,15,19
mdp.39076006285956,156,11,0,Gus,PERSON,1,4
mdp.39076006285956,156,11,1,Vacy,PERSON,17,21
mdp.39076006285956,156,12,0,Nillmon,PERSON,8,15
mdp.39076006285956,156,12,1,Ed Frickerson,PERSON,55,68
mdp.39076006285956,156,14,0,Gus,PERSON,0,3
mdp.39076006285956,156,14,1,Nillmon,PERSON,13,20
mdp.39076006285956,156,18,0,Canebrake,PERSON,1,10
mdp.39076006285956,156,18,1,Alfonso,PERSON,27,34
mdp.39076006285956,156,18,2,Canebrake,PERSON,41,50
mdp.39076006285956,156,21,0,Gus,PERSON,0,3
mdp.39076006285956,156,22,0,Nillmon,PERSON,15,22
mdp.39076006285956,156,23,0,one,CARDINAL,36,39
mdp.39076006285956,156,24,0,Canebrake,GPE,6,15
mdp.39076006285956,156,25,0,Gus,PERSON,64,67
mdp.39076006285956,156,26,0,Vacy,PERSON,59,63
mdp.39076006285956,156,27,0,Pop,PERSON,10,13
mdp.39076006285956,157,0,0,Nillmon,PERSON,10,17
mdp.39076006285956,157,1,0,Nillmon,PERSON,42,49
mdp.39076006285956,157,2,0,Ed Frickerson,PERSON,13,26
mdp.39076006285956,157,2,1,about ten miles,QUANTITY,27,42
mdp.39076006285956,157,3,0,two,CARDINAL,55,58
mdp.39076006285956,157,4,0,Nillmon,PERSON,5,12
mdp.39076006285956,157,6,0,Vacy,ORG,1,5
mdp.39076006285956,157,6,1,Huntsville,GPE,16,26
mdp.39076006285956,157,6,2,Ed Frickerson,PERSON,34,47
mdp.39076006285956,157,8,0,Gus,PERSON,33,36
mdp.39076006285956,157,9,0,Nillmon,PERSON,7,14
mdp.39076006285956,157,10,0,Gus,PERSON,70,73
mdp.39076006285956,157,12,0,Gus,PERSON,1,4
mdp.39076006285956,157,15,0,Nillmon,PERSON,0,7
mdp.39076006285956,157,15,1,Huntsville,GPE,48,58
mdp.39076006285956,157,16,0,Nillmon,PERSON,96,103
mdp.39076006285956,157,18,0,Gus,PERSON,11,14
mdp.39076006285956,157,19,0,Nillmon,PERSON,0,7
mdp.39076006285956,157,19,1,a few feet,QUANTITY,30,40
mdp.39076006285956,157,19,2,first,ORDINAL,48,53
mdp.39076006285956,157,21,0,Alfonso,PERSON,1,8
mdp.39076006285956,157,21,1,Nillmon,PERSON,11,18
mdp.39076006285956,157,22,0,the whole night,TIME,24,39
mdp.39076006285956,157,24,0,Gus,PERSON,0,3
mdp.39076006285956,158,4,0,second,ORDINAL,7,13
mdp.39076006285956,158,5,0,Nillmon,PERSON,0,7
mdp.39076006285956,158,6,0,two,CARDINAL,4,7
mdp.39076006285956,158,7,0,Gus,PERSON,49,52
mdp.39076006285956,158,10,0,Nillmon,PERSON,0,7
mdp.39076006285956,158,15,0,Ed Frickerson,PERSON,34,47
mdp.39076006285956,158,16,0,about five or six,CARDINAL,47,64
mdp.39076006285956,158,21,0,third,ORDINAL,15,20
mdp.39076006285956,158,22,0,second,ORDINAL,19,25
mdp.39076006285956,158,22,1,a quarter-mile,QUANTITY,32,46
mdp.39076006285956,158,23,0,niggers,NORP,23,30
mdp.39076006285956,158,23,1,Ed Frickerson,PERSON,74,87
mdp.39076006285956,158,24,0,Nillmon,PERSON,0,7
mdp.39076006285956,158,25,0,third,ORDINAL,52,57
mdp.39076006285956,158,27,0,Fon,PERSON,6,9
mdp.39076006285956,158,28,0,Nillmon,PERSON,25,32
mdp.39076006285956,158,30,0,Gus,PERSON,0,3
mdp.39076006285956,158,30,1,Fon,PERSON,40,43
mdp.39076006285956,158,32,0,Fon,PERSON,0,3
mdp.39076006285956,158,32,1,Gus,PERSON,31,34
mdp.39076006285956,158,32,2,Nillmon,PERSON,71,78
mdp.39076006285956,159,0,0,FON,PRODUCT,0,3
mdp.39076006285956,159,2,0,Fon,ORG,23,26
mdp.39076006285956,159,4,0,Nillmon,PERSON,22,29
mdp.39076006285956,159,5,0,Gus,PERSON,0,3
mdp.39076006285956,159,5,1,Fon,PERSON,23,26
mdp.39076006285956,159,6,0,Fon,ORG,11,14
mdp.39076006285956,159,6,1,two,CARDINAL,41,44
mdp.39076006285956,159,7,0,Gus,PERSON,0,3
mdp.39076006285956,159,8,0,Ed Frickerson,PERSON,0,13
mdp.39076006285956,159,8,1,Nillmon,PERSON,37,44
mdp.39076006285956,159,8,2,Fon,PERSON,114,117
mdp.39076006285956,159,10,0,Nillmon,PERSON,0,7
mdp.39076006285956,159,11,0,Ed Frickerson,PERSON,47,60
mdp.39076006285956,159,11,1,Fon,PERSON,66,69
mdp.39076006285956,159,12,0,Fon,PERSON,30,33
mdp.39076006285956,159,13,0,Nillmon,PERSON,28,35
mdp.39076006285956,159,15,0,Gus,PERSON,0,3
mdp.39076006285956,159,15,1,Fon,PERSON,26,29
mdp.39076006285956,159,15,2,Fon,PERSON,101,104
mdp.39076006285956,159,17,0,Fon,PERSON,27,30
mdp.39076006285956,159,17,1,Fon,PERSON,68,71
mdp.39076006285956,159,18,0,Nillmon,PERSON,0,7
mdp.39076006285956,159,20,0,Gus,PERSON,20,23
mdp.39076006285956,159,21,0,Fon,PERSON,18,21
mdp.39076006285956,159,24,0,Gus,PERSON,23,26
mdp.39076006285956,160,1,0,Fon,PERSON,11,14
mdp.39076006285956,160,5,0,Gus,PERSON,0,3
mdp.39076006285956,160,6,0,Fon,PERSON,0,3
mdp.39076006285956,160,9,0,Nillmon,PERSON,5,12
mdp.39076006285956,160,10,0,Fon,PERSON,0,3
mdp.39076006285956,160,14,0,Ed Frickerson,PERSON,71,84
mdp.39076006285956,160,15,0,Fon,PERSON,29,32
mdp.39076006285956,160,16,0,Ed Frickerson,PERSON,0,13
mdp.39076006285956,160,16,1,Fon,PERSON,37,40
mdp.39076006285956,160,17,0,Gus,PERSON,0,3
mdp.39076006285956,160,18,0,Nillmon,PERSON,0,7
mdp.39076006285956,160,19,0,Fon,PERSON,8,11
mdp.39076006285956,160,23,0,Fon,PERSON,43,46
mdp.39076006285956,160,24,0,Fon,PERSON,23,26
mdp.39076006285956,160,26,0,Fon,PERSON,0,3
mdp.39076006285956,160,30,0,Gus,PERSON,0,3
mdp.39076006285956,160,30,1,Fon,PERSON,10,13
mdp.39076006285956,160,31,0,One,CARDINAL,0,3
mdp.39076006285956,161,0,0,Fon,PERSON,0,3
mdp.39076006285956,161,3,0,One,CARDINAL,0,3
mdp.39076006285956,161,3,1,Nillmon,PERSON,30,37
mdp.39076006285956,161,3,2,Fon,PERSON,56,59
mdp.39076006285956,161,5,0,Nillmon,PERSON,0,7
mdp.39076006285956,161,5,1,Gus,PERSON,21,24
mdp.39076006285956,161,7,0,Nillmon,PERSON,0,7
mdp.39076006285956,161,15,0,Four centuries,DATE,0,14
mdp.39076006285956,161,15,1,four,CARDINAL,42,46
mdp.39076006285956,161,23,0,One,CARDINAL,0,3
mdp.39076006285956,162,0,0,1,CARDINAL,0,1
mdp.39076006285956,163,1,0,Henry DUMAS,PERSON,0,11
mdp.39076006285956,163,1,1,"July 29, 1934",DATE,24,37
mdp.39076006285956,163,1,2,Sweet Home,GPE,42,52
mdp.39076006285956,163,1,3,Arkansas,GPE,54,62
mdp.39076006285956,163,1,4,Ulyssean,NORP,84,92
mdp.39076006285956,163,1,5,New York,GPE,154,162
mdp.39076006285956,163,1,6,"May 23, 1968",DATE,173,185
mdp.39076006285956,163,2,0,North,LOC,39,44
mdp.39076006285956,163,2,1,New York,GPE,64,72
mdp.39076006285956,163,2,2,City College,ORG,99,111
mdp.39076006285956,163,2,3,Rutgers University,ORG,116,134
mdp.39076006285956,163,2,4,the U.S. Air Force,ORG,150,168
mdp.39076006285956,163,2,5,a year,DATE,174,180
mdp.39076006285956,163,2,6,the Arabian Peninsula,LOC,184,205
mdp.39076006285956,163,3,0,Dumas,PERSON,47,52
mdp.39076006285956,163,4,0,the Upward Bound Program,ORG,18,42
mdp.39076006285956,163,4,1,Hiram College,ORG,46,59
mdp.39076006285956,163,4,2,the Hiram Poetry Review,ORG,93,116
mdp.39076006285956,163,4,3,Southern Illinois University's,ORG,209,239
mdp.39076006285956,163,4,4,Experiment in Higher Education,ORG,240,270
mdp.39076006285956,163,5,0,1970,DATE,3,7
mdp.39076006285956,163,5,1,SIU Press,ORG,8,17
mdp.39076006285956,163,5,2,Dumas,PERSON,48,53
mdp.39076006285956,163,6,0,Black Out Loud,WORK_OF_ART,103,117
mdp.39076006285956,163,6,1,The Poetry of Black America,WORK_OF_ART,132,159
mdp.39076006285956,163,6,2,Understanding the New Black Poetry,WORK_OF_ART,161,195
mdp.39076006285956,163,6,3,Brothers and Sisters,WORK_OF_ART,221,241
mdp.39076006285956,163,7,0,The Henry Dumas Memorial Library,ORG,0,32
mdp.39076006285956,163,7,1,SIU,ORG,57,60
mdp.39076006285956,163,8,0,the Hiram Poetry Review,ORG,4,27
mdp.39076006285956,163,8,1,annual,DATE,40,46
mdp.39076006285956,163,8,2,Dumas,PERSON,65,70
mdp.39076006285956,163,9,0,Loretta Dumas,PERSON,28,41
mdp.39076006285956,163,9,1,two,CARDINAL,47,50
mdp.39076006285956,163,9,2,David,PERSON,57,62
mdp.39076006285956,163,9,3,Michael,PERSON,67,74
mdp.39076006285956,163,10,0,EUGENE B. REDMOND,PERSON,17,34
mdp.39076006285956,163,10,1,English,LANGUAGE,83,90
mdp.39076006285956,163,10,2,California State University,ORG,116,143
mdp.39076006285956,163,10,3,Sacramento,GPE,145,155
mdp.39076006285956,163,11,0,United States,GPE,25,38
mdp.39076006285956,163,11,1,Southern Illinois University,ORG,76,104
mdp.39076006285956,163,11,2,Henry Dumas,PERSON,134,145
mdp.39076006285956,163,12,0,Redmond,PERSON,0,7
mdp.39076006285956,163,12,1,Sentry of the Four Golden Pillars,WORK_OF_ART,30,63
mdp.39076006285956,163,12,2,River of Bones and Flesh and Blood,WORK_OF_ART,65,99
mdp.39076006285956,163,12,3,Songs from an Afro/Phone,WORK_OF_ART,101,125
mdp.39076006285956,163,12,4,Consider Loneliness As These Things,WORK_OF_ART,127,162
mdp.39076006285956,163,12,5,Bloodlinks and Sacred Places,WORK_OF_ART,223,251
mdp.39076006285956,163,12,6,Black River Writers,ORG,269,288
mdp.39076006285956,163,12,7,1973,DATE,292,296
mdp.39076006285956,163,13,0,the sixties,DATE,7,18
mdp.39076006285956,163,13,1,Redmond,PERSON,20,27
mdp.39076006285956,163,13,2,Midwestern,NORP,35,45
mdp.39076006285956,163,13,3,two years,DATE,82,91
mdp.39076006285956,163,13,4,Katherine Dunham,PERSON,116,132
mdp.39076006285956,163,13,5,the Performing Arts Training Center,ORG,136,171
mdp.39076006285956,163,13,6,East St. Louis,GPE,175,189
mdp.39076006285956,163,14,0,Black World,WORK_OF_ART,78,89
mdp.39076006285956,163,14,1,Journal of Black Poetry,ORG,91,114
mdp.39076006285956,163,14,2,The Black Scholar,WORK_OF_ART,116,133
mdp.39076006285956,163,14,3,Open Poetry,WORK_OF_ART,135,146
mdp.39076006285956,163,14,4,St. Louis Post,ORG,148,162
mdp.39076006285956,163,14,5,Black Orpheus,WORK_OF_ART,173,186
mdp.39076006285956,163,14,6,American Dialog,WORK_OF_ART,188,203
mdp.39076006285956,163,14,7,Discourses on Poetry,WORK_OF_ART,205,225
mdp.39076006285956,163,14,8,The New Black Poetry,WORK_OF_ART,230,250
mdp.39076006285956,167,1,0,OCT 15 1986 1,DATE,70,83
