vol_id,page,sentence_id,ent_id,entity,entity_type,start_char,end_char
mdp.39015028745167,5,0,0,Gregg Press,ORG,4,15
mdp.39015028745167,5,0,1,The Ballad of Beta-2 by,WORK_OF_ART,39,62
mdp.39015028745167,5,0,2,Samuel R. Delany,PERSON,63,79
mdp.39015028745167,6,0,0,David G. Hartwell,PERSON,40,57
mdp.39015028745167,6,0,1,L.W. Currey,PERSON,62,73
mdp.39015028745167,7,0,0,DAVID G. HARTWELL GREGG,PERSON,65,88
mdp.39015028745167,7,0,1,G. K. HALL & CO.,ORG,109,125
mdp.39015028745167,7,0,2,BOSTON,GPE,127,133
mdp.39015028745167,7,0,3,1977,DATE,135,139
mdp.39015028745167,8,0,0,first,ORDINAL,50,55
mdp.39015028745167,8,0,1,New York,GPE,69,77
mdp.39015028745167,8,0,2,Ace Books,ORG,81,90
mdp.39015028745167,8,0,3,1965,DATE,94,98
mdp.39015028745167,8,1,0,4 by 7 inches,QUANTITY,52,65
mdp.39015028745167,8,2,0,1965,DATE,17,21
mdp.39015028745167,8,2,1,Ace Books,ORG,25,34
mdp.39015028745167,8,3,0,Ace Books,ORG,30,39
mdp.39015028745167,8,4,0,1977,DATE,25,29
mdp.39015028745167,8,4,1,G. K. Hall & Co.,ORG,33,49
mdp.39015028745167,8,5,0,Richard Powers,PERSON,29,43
mdp.39015028745167,8,6,0,the United States of America,GPE,58,86
mdp.39015028745167,8,7,0,1977,DATE,15,19
mdp.39015028745167,8,7,1,Gregg Press,ORG,23,34
mdp.39015028745167,8,7,2,G.K. Hall & Co.,ORG,50,65
mdp.39015028745167,8,7,3,Boston,GPE,86,92
mdp.39015028745167,8,7,4,Massachusetts,GPE,94,107
mdp.39015028745167,8,8,0,First Printing,ORG,0,14
mdp.39015028745167,8,8,1,December 1977,DATE,16,29
mdp.39015028745167,8,8,2,Library of Congress,ORG,30,49
mdp.39015028745167,8,8,3,Samuel R,PERSON,89,97
mdp.39015028745167,8,9,0,Gregg Press,ORG,5,16
mdp.39015028745167,8,10,0,1965,DATE,15,19
mdp.39015028745167,8,10,1,Ace Books,ORG,36,45
mdp.39015028745167,8,10,2,New York,GPE,47,55
mdp.39015028745167,8,13,0,1977,DATE,13,17
mdp.39015028745167,9,1,0,The Ballad of Beta-2 was published,WORK_OF_ART,12,46
mdp.39015028745167,9,1,1,an Ace Double,WORK_OF_ART,70,83
mdp.39015028745167,9,1,2,1965,DATE,87,91
mdp.39015028745167,9,1,3,Samuel R. Delany,PERSON,93,109
mdp.39015028745167,9,1,4,two,CARDINAL,141,144
mdp.39015028745167,9,2,0,more than 10 years,DATE,210,228
mdp.39015028745167,9,3,0,Delany,PERSON,21,27
mdp.39015028745167,9,3,1,Ari Salant,PERSON,46,56
mdp.39015028745167,9,4,0,Salant,PERSON,0,6
mdp.39015028745167,9,4,1,Delany,PERSON,17,23
mdp.39015028745167,9,4,2,City College,ORG,31,43
mdp.39015028745167,9,4,3,CUNY,ORG,45,49
mdp.39015028745167,9,4,4,Fall of the Towers,WORK_OF_ART,245,263
mdp.39015028745167,9,4,5,21st,ORDINAL,284,288
mdp.39015028745167,9,5,0,Salant,PERSON,13,19
mdp.39015028745167,9,6,0,first,ORDINAL,17,22
mdp.39015028745167,9,6,1,Delany,PERSON,23,29
mdp.39015028745167,9,7,0,The Ballad of Beta-2 is,WORK_OF_ART,0,23
mdp.39015028745167,10,0,0,THE BALLAD OF BETA 2,WORK_OF_ART,3,23
mdp.39015028745167,10,3,0,Delany,PERSON,20,26
mdp.39015028745167,10,3,1,Delany,PERSON,122,128
mdp.39015028745167,10,3,2,The Jewels of Aptor,WORK_OF_ART,147,166
mdp.39015028745167,10,3,3,first,ORDINAL,172,177
mdp.39015028745167,10,4,0,Delany,PERSON,18,24
mdp.39015028745167,10,5,0,Delany,PERSON,38,44
mdp.39015028745167,10,5,1,pre-Dhalgren,ORG,66,78
mdp.39015028745167,10,5,2,1975,DATE,80,84
mdp.39015028745167,10,8,0,one,CARDINAL,37,40
mdp.39015028745167,10,9,0,Delany,PERSON,7,13
mdp.39015028745167,10,10,0,Delany,PERSON,20,26
mdp.39015028745167,10,11,0,Rydra Wong,PERSON,25,35
mdp.39015028745167,10,11,1,Delany,PERSON,49,55
mdp.39015028745167,10,11,2,Marilyn Hacker,PERSON,88,102
mdp.39015028745167,10,11,3,Delany,PERSON,115,121
mdp.39015028745167,10,14,0,Gregg Press,ORG,11,22
mdp.39015028745167,10,14,1,72,CARDINAL,35,37
mdp.39015028745167,10,15,0,Delany,PERSON,20,26
mdp.39015028745167,10,15,1,two years,DATE,34,43
mdp.39015028745167,10,16,0,Delany,PERSON,0,6
mdp.39015028745167,10,16,1,1950s,DATE,55,60
mdp.39015028745167,10,16,2,1960s,DATE,65,70
mdp.39015028745167,10,16,3,European,NORP,161,169
mdp.39015028745167,10,16,4,the 19th and 20th centuries,DATE,183,210
mdp.39015028745167,10,17,0,Delany,PERSON,4,10
mdp.39015028745167,11,1,0,Alfred Bester,PERSON,59,72
mdp.39015028745167,11,1,1,Theodore Sturgeon,PERSON,74,91
mdp.39015028745167,11,1,2,James Blish,PERSON,93,104
mdp.39015028745167,11,1,3,Algis Budrys,PERSON,106,118
mdp.39015028745167,11,1,4,Ray Bradbury,PERSON,120,132
mdp.39015028745167,11,1,5,Brian Aldiss,PERSON,134,146
mdp.39015028745167,11,1,6,J. G. Ballard,PERSON,148,161
mdp.39015028745167,11,1,7,dozen,CARDINAL,176,181
mdp.39015028745167,11,1,8,Joyce,PERSON,238,243
mdp.39015028745167,11,1,9,Kipling,PERSON,357,364
mdp.39015028745167,11,1,10,Hemingway,PERSON,369,378
mdp.39015028745167,11,1,11,Robert A. Heinlein,PERSON,499,517
mdp.39015028745167,11,1,12,Poul Anderson,PERSON,522,535
mdp.39015028745167,11,3,0,the 1970s,DATE,126,135
mdp.39015028745167,11,4,0,Delany,ORG,4,10
mdp.39015028745167,11,4,1,the late 1960s,DATE,15,29
mdp.39015028745167,11,4,2,Roger Zelazny,PERSON,96,109
mdp.39015028745167,11,4,3,Harlan Ellison,PERSON,111,125
mdp.39015028745167,11,4,4,Thomas M. Disch,PERSON,127,142
mdp.39015028745167,11,4,5,Joanna Russ,PERSON,144,155
mdp.39015028745167,11,4,6,Ursula K. Le Guin,PERSON,157,174
mdp.39015028745167,11,4,7,Michael Moorcock,PERSON,176,192
mdp.39015028745167,11,4,8,Norman Spinrad,PERSON,194,208
mdp.39015028745167,11,11,0,Delany,PERSON,0,6
mdp.39015028745167,12,0,0,THE BALLAD OF BETA,WORK_OF_ART,5,23
mdp.39015028745167,12,0,1,2,CARDINAL,26,27
mdp.39015028745167,12,1,0,the last century or so,DATE,96,118
mdp.39015028745167,12,1,1,Romantic,NORP,250,258
mdp.39015028745167,12,2,0,Delany,PERSON,40,46
mdp.39015028745167,12,3,0,Delany,PERSON,5,11
mdp.39015028745167,12,4,0,Delany,PERSON,17,23
mdp.39015028745167,12,5,0,The Jewels of Aptor,WORK_OF_ART,44,63
mdp.39015028745167,12,5,1,Marilyn Hacker,PERSON,68,82
mdp.39015028745167,12,5,2,one,CARDINAL,99,102
mdp.39015028745167,12,7,0,Joneny Horatio T'waboga,PERSON,37,60
mdp.39015028745167,12,8,0,half,CARDINAL,28,32
mdp.39015028745167,12,10,0,Joneny,PERSON,36,42
mdp.39015028745167,12,10,1,Starship,PRODUCT,60,68
mdp.39015028745167,12,10,2,three,CARDINAL,108,113
mdp.39015028745167,12,10,3,nine,CARDINAL,118,122
mdp.39015028745167,12,10,4,Joneny,PERSON,319,325
mdp.39015028745167,12,10,5,three,CARDINAL,418,423
mdp.39015028745167,12,11,0,Joneny,PERSON,49,55
mdp.39015028745167,12,11,1,The Destroyer's Children,WORK_OF_ART,192,216
mdp.39015028745167,12,12,0,Leela,PERSON,52,57
mdp.39015028745167,12,12,1,"Leela RT-857,",PERSON,78,91
mdp.39015028745167,13,0,0,Joneny,PERSON,150,156
mdp.39015028745167,13,2,0,Joneny,PERSON,47,53
mdp.39015028745167,13,2,1,Hank Brandt,PERSON,166,177
mdp.39015028745167,13,2,2,Oneeyed Jack,PERSON,214,226
mdp.39015028745167,13,2,3,"Leela RT-857,",PERSON,244,257
mdp.39015028745167,13,2,4,Hodge the Executioner's,PERSON,277,300
mdp.39015028745167,13,3,0,The Destroyer,WORK_OF_ART,277,290
mdp.39015028745167,13,4,0,"Leela RT-857,",PERSON,22,35
mdp.39015028745167,13,5,0,Joneny,PERSON,0,6
mdp.39015028745167,13,6,0,Leela RT-857 develops,WORK_OF_ART,115,136
mdp.39015028745167,13,6,1,three,CARDINAL,303,308
mdp.39015028745167,13,6,2,nine,CARDINAL,313,317
mdp.39015028745167,13,7,0,Leela,PERSON,69,74
mdp.39015028745167,13,7,1,The Destroyer,WORK_OF_ART,94,107
mdp.39015028745167,13,7,2,first,ORDINAL,137,142
mdp.39015028745167,13,10,0,Joneny,PERSON,30,36
mdp.39015028745167,13,11,0,Delany,PERSON,0,6
mdp.39015028745167,13,11,1,two,CARDINAL,79,82
mdp.39015028745167,13,12,0,Joneny,PERSON,92,98
mdp.39015028745167,13,12,1,one,CARDINAL,103,106
mdp.39015028745167,13,12,2,The Destroyer's Children,WORK_OF_ART,130,154
mdp.39015028745167,13,13,0,Joneny,PERSON,0,6
mdp.39015028745167,14,0,0,THE BALLAD OF BETA 2,WORK_OF_ART,2,22
mdp.39015028745167,14,1,0,The Ballad of Beta-2 is,WORK_OF_ART,0,23
mdp.39015028745167,14,1,1,Delany,PERSON,133,139
mdp.39015028745167,14,1,2,The Einstein Intersection,WORK_OF_ART,162,187
mdp.39015028745167,14,1,3,Nova,WORK_OF_ART,192,196
mdp.39015028745167,14,3,0,David G. Hartwell,PERSON,0,17
mdp.39015028745167,15,0,0,TWO,CARDINAL,0,3
mdp.39015028745167,15,1,0,Centuries ago,DATE,0,13
mdp.39015028745167,15,1,1,Earth,LOC,38,43
mdp.39015028745167,15,1,2,twelve,CARDINAL,47,53
mdp.39015028745167,15,1,3,generations,DATE,70,81
mdp.39015028745167,15,2,0,Ten,CARDINAL,0,3
mdp.39015028745167,15,3,0,Two,CARDINAL,0,3
mdp.39015028745167,15,3,1,the hundreds of years,DATE,30,51
mdp.39015028745167,15,4,0,Joneny,PERSON,0,6
mdp.39015028745167,15,6,0,two,CARDINAL,42,45
mdp.39015028745167,15,7,0,two,CARDINAL,70,73
mdp.39015028745167,15,8,0,One,CARDINAL,0,3
mdp.39015028745167,15,8,1,"the Sigma-9,",PRODUCT,5,17
mdp.39015028745167,15,9,0,"the Beta-2,",PRODUCT,20,31
mdp.39015028745167,16,0,0,City,GPE,25,29
mdp.39015028745167,16,0,1,The Ballad of Beta-2,WORK_OF_ART,162,182
mdp.39015028745167,17,0,0,The Ballad of Beta-2 by,WORK_OF_ART,0,23
mdp.39015028745167,17,0,1,SAMUEL R. DELANY,PERSON,24,40
mdp.39015028745167,17,0,2,Charter Communications Inc.,ORG,65,92
mdp.39015028745167,17,0,3,New York,GPE,121,129
mdp.39015028745167,17,0,4,N. Y.,GPE,131,136
mdp.39015028745167,18,0,0,THE BALLAD OF BETA-2,WORK_OF_ART,0,20
mdp.39015028745167,18,0,1,1965,DATE,33,37
mdp.39015028745167,18,0,2,"Ace Books, Inc.",ORG,42,57
mdp.39015028745167,18,1,0,U.S.A.,GPE,31,37
mdp.39015028745167,19,2,0,Joneny,PERSON,15,21
mdp.39015028745167,19,8,0,Joneny,PERSON,12,18
mdp.39015028745167,19,10,0,the Star Folk,WORK_OF_ART,65,78
mdp.39015028745167,19,11,0,the Nukton Civilization of Creton III,WORK_OF_ART,61,98
mdp.39015028745167,20,2,0,Joneny,PERSON,35,41
mdp.39015028745167,20,4,0,Joneny,PERSON,0,6
mdp.39015028745167,20,9,0,Federation,GPE,93,103
mdp.39015028745167,20,9,1,Leffer VI,LOC,143,152
mdp.39015028745167,20,10,0,dozens,CARDINAL,104,110
mdp.39015028745167,20,16,0,Joneny,PERSON,96,102
mdp.39015028745167,21,3,0,Joneny,PERSON,16,22
mdp.39015028745167,21,3,1,Earth,LOC,66,71
mdp.39015028745167,21,3,2,2242,DATE,110,114
mdp.39015028745167,21,3,3,twelve generations,DATE,154,172
mdp.39015028745167,21,4,0,sixty years,DATE,22,33
mdp.39015028745167,21,5,0,ten,CARDINAL,16,19
mdp.39015028745167,21,5,1,the Leffer System,LOC,58,75
mdp.39015028745167,21,5,2,Earth,LOC,77,82
mdp.39015028745167,21,5,3,a hundred or so years old,DATE,174,199
mdp.39015028745167,21,6,0,Earth,LOC,172,177
mdp.39015028745167,21,7,0,ten,CARDINAL,7,10
mdp.39015028745167,21,7,1,Leffer,LOC,47,53
mdp.39015028745167,21,11,0,7,CARDINAL,9,10
mdp.39015028745167,22,3,0,Joneny,PERSON,0,6
mdp.39015028745167,22,5,0,twelve,CARDINAL,31,37
mdp.39015028745167,22,5,1,one,CARDINAL,65,68
mdp.39015028745167,22,5,2,one,CARDINAL,75,78
mdp.39015028745167,22,7,0,Joneny,PERSON,0,6
mdp.39015028745167,22,8,0,Xamol Nella,PERSON,58,69
mdp.39015028745167,22,8,1,79,DATE,78,80
mdp.39015028745167,22,8,2,the Star Ships,PRODUCT,195,209
mdp.39015028745167,22,17,0,1 8,CARDINAL,12,15
mdp.39015028745167,23,1,0,Joneny,PERSON,20,26
mdp.39015028745167,23,5,0,Joneny,PERSON,0,6
mdp.39015028745167,23,8,0,Earthmen,NORP,106,114
mdp.39015028745167,23,8,1,Earth,LOC,118,123
mdp.39015028745167,23,10,0,twelve,CARDINAL,27,33
mdp.39015028745167,23,10,1,Earth,LOC,45,50
mdp.39015028745167,23,10,2,only ten,CARDINAL,52,60
mdp.39015028745167,23,10,3,Leffer,LOC,73,79
mdp.39015028745167,23,10,4,two,CARDINAL,92,95
mdp.39015028745167,23,13,0,the Nella Ballad Collection,WORK_OF_ART,31,58
mdp.39015028745167,23,14,0,The Ballad of Beta-2.,WORK_OF_ART,24,45
mdp.39015028745167,24,0,0,JONENY,PERSON,3,9
mdp.39015028745167,24,0,1,Xamol Nella's,PERSON,18,31
mdp.39015028745167,24,0,2,the Leffer System,LOC,118,135
mdp.39015028745167,24,4,0,Joneny,PERSON,43,49
mdp.39015028745167,24,5,0,City,GPE,21,25
mdp.39015028745167,24,6,0,Three,CARDINAL,0,5
mdp.39015028745167,24,6,1,City,GPE,23,27
mdp.39015028745167,24,7,0,One,CARDINAL,0,3
mdp.39015028745167,24,7,1,two,CARDINAL,18,21
mdp.39015028745167,24,8,0,One,CARDINAL,0,3
mdp.39015028745167,24,8,1,City,GPE,98,102
mdp.39015028745167,25,2,0,One,CARDINAL,0,3
mdp.39015028745167,25,2,1,City,GPE,107,111
mdp.39015028745167,25,3,0,One,CARDINAL,0,3
mdp.39015028745167,25,4,0,City,GPE,76,80
mdp.39015028745167,25,5,0,City,GPE,28,32
mdp.39015028745167,25,6,0,Death's Head,LOC,21,33
mdp.39015028745167,25,8,0,Death's Head,LOC,64,76
mdp.39015028745167,25,9,0,Three,CARDINAL,0,5
mdp.39015028745167,25,9,1,City,GPE,13,17
mdp.39015028745167,25,10,0,City,GPE,17,21
mdp.39015028745167,25,11,0,City,GPE,92,96
mdp.39015028745167,26,6,0,Death's Head,LOC,84,96
mdp.39015028745167,26,7,0,Death's Head,LOC,72,84
mdp.39015028745167,26,8,0,City,GPE,18,22
mdp.39015028745167,26,9,0,one,CARDINAL,2,5
mdp.39015028745167,26,11,0,Today,DATE,42,47
mdp.39015028745167,26,13,0,City,GPE,26,30
mdp.39015028745167,27,1,0,at least three,CARDINAL,155,169
mdp.39015028745167,27,2,0,twenty-four hours,TIME,21,38
mdp.39015028745167,27,2,1,the Clearing Center of the University,ORG,82,119
mdp.39015028745167,27,2,2,up to a week,DATE,158,170
mdp.39015028745167,27,2,3,the Ship Colony,ORG,174,189
mdp.39015028745167,27,2,4,only twenty-four hours,TIME,196,218
mdp.39015028745167,27,3,0,Joneny,PERSON,0,6
mdp.39015028745167,27,4,0,a couple of hours,TIME,89,106
mdp.39015028745167,27,5,0,the Introduction to the Nella Ballad Collection,WORK_OF_ART,25,72
mdp.39015028745167,27,9,0,Variorum Edition,WORK_OF_ART,8,24
mdp.39015028745167,27,10,0,Joneny,PERSON,0,6
mdp.39015028745167,28,2,0,Nella,PERSON,32,37
mdp.39015028745167,28,2,1,Leffer,GPE,68,74
mdp.39015028745167,28,2,2,six or seven hours,TIME,273,291
mdp.39015028745167,28,3,0,Joneny,PERSON,39,45
mdp.39015028745167,28,3,1,the Galactic Anthropology Library,ORG,123,156
mdp.39015028745167,28,4,0,the Variorum Edition,WORK_OF_ART,38,58
mdp.39015028745167,28,5,0,"""The Ballad of Beta-2""",WORK_OF_ART,18,40
mdp.39015028745167,28,5,1,Nella,PERSON,46,51
mdp.39015028745167,28,5,2,seventh,ORDINAL,80,87
mdp.39015028745167,28,6,0,Market,FAC,112,118
mdp.39015028745167,28,8,0,Joneny,PERSON,0,6
mdp.39015028745167,28,9,0,Nella,PERSON,16,21
mdp.39015028745167,28,10,0,14,CARDINAL,50,52
mdp.39015028745167,29,1,0,the Star Folk,ORG,71,84
mdp.39015028745167,29,2,0,only a half-dozen,CARDINAL,11,28
mdp.39015028745167,29,2,1,first,ORDINAL,93,98
mdp.39015028745167,29,3,0,only one,CARDINAL,26,34
mdp.39015028745167,29,5,0,Federation,GPE,195,205
mdp.39015028745167,29,5,1,ninety years before,DATE,207,226
mdp.39015028745167,29,6,0,Earthman,NORP,25,33
mdp.39015028745167,29,11,0,15,CARDINAL,66,68
mdp.39015028745167,30,1,0,more than six or seven million miles,QUANTITY,70,106
mdp.39015028745167,30,3,0,English,LANGUAGE,151,158
mdp.39015028745167,30,3,1,English,LANGUAGE,166,173
mdp.39015028745167,30,5,0,Burber,PERSON,20,26
mdp.39015028745167,30,5,1,an hour,TIME,27,34
mdp.39015028745167,31,1,0,Joneny,PERSON,0,6
mdp.39015028745167,31,1,1,two,CARDINAL,41,44
mdp.39015028745167,31,9,0,only half,CARDINAL,40,49
mdp.39015028745167,31,10,0,the Death's Head,FAC,3,19
mdp.39015028745167,31,10,1,Auschwitz,FAC,100,109
mdp.39015028745167,31,10,2,Second World War,EVENT,142,158
mdp.39015028745167,31,12,0,Burber,PERSON,25,31
mdp.39015028745167,31,13,0,17,CARDINAL,9,11
mdp.39015028745167,32,2,0,two,CARDINAL,44,47
mdp.39015028745167,32,3,0,some generations back,DATE,87,108
mdp.39015028745167,32,4,0,the Death's Head,WORK_OF_ART,91,107
mdp.39015028745167,32,5,0,the Star Ships,PRODUCT,100,114
mdp.39015028745167,32,5,1,the days,DATE,118,126
mdp.39015028745167,32,7,0,Joneny,PERSON,35,41
mdp.39015028745167,32,9,0,The Death's 18,WORK_OF_ART,0,14
mdp.39015028745167,33,0,0,THE BALLAD OF BETA-2 Head,WORK_OF_ART,0,25
mdp.39015028745167,33,1,0,stanza seven,WORK_OF_ART,55,67
mdp.39015028745167,33,2,0,Death's Head Hill,LOC,189,206
mdp.39015028745167,33,4,0,19,CARDINAL,0,2
mdp.39015028745167,34,1,0,seconds,TIME,34,41
mdp.39015028745167,34,1,1,the Star Ships,PRODUCT,73,87
mdp.39015028745167,34,1,2,a few thousand miles a second,QUANTITY,113,142
mdp.39015028745167,34,3,0,Nukton,GPE,31,37
mdp.39015028745167,34,3,1,Creton III,FAC,41,51
mdp.39015028745167,34,6,0,20,CARDINAL,0,2
mdp.39015028745167,35,0,0,THE BALLAD OF BETA-2,PERSON,0,20
mdp.39015028745167,35,1,0,Leffer,PERSON,70,76
mdp.39015028745167,35,3,0,six,CARDINAL,11,14
mdp.39015028745167,35,4,0,some twelve miles,QUANTITY,26,43
mdp.39015028745167,35,5,0,The other three,CARDINAL,0,15
mdp.39015028745167,35,6,0,forty-mile,QUANTITY,71,81
mdp.39015028745167,35,6,1,some two hundred million miles,QUANTITY,132,162
mdp.39015028745167,35,6,2,Leffer,GPE,168,174
mdp.39015028745167,35,8,0,Prussian,NORP,82,90
mdp.39015028745167,35,9,0,Joneny,PERSON,0,6
mdp.39015028745167,35,9,1,fifty-foot,QUANTITY,31,41
mdp.39015028745167,35,9,2,six-week,DATE,63,71
mdp.39015028745167,35,10,0,Central Clearing,ORG,146,162
mdp.39015028745167,35,11,0,a couple of years,DATE,33,50
mdp.39015028745167,35,11,1,more than six weeks,DATE,210,229
mdp.39015028745167,35,11,2,21,CARDINAL,266,268
mdp.39015028745167,36,4,0,a thousand miles' distance,QUANTITY,3,29
mdp.39015028745167,36,4,1,two hundred miles an hour,QUANTITY,47,72
mdp.39015028745167,36,5,0,first,ORDINAL,15,20
mdp.39015028745167,36,5,1,one,CARDINAL,116,119
mdp.39015028745167,36,7,0,the Sigma-9:,PRODUCT,88,100
mdp.39015028745167,36,9,0,Leffer,PERSON,113,119
mdp.39015028745167,36,10,0,two,CARDINAL,47,50
mdp.39015028745167,36,12,0,22,CARDINAL,125,127
mdp.39015028745167,37,0,0,THE BALLAD OF BETA-2,PERSON,0,20
mdp.39015028745167,37,2,0,the Sigma-9,PRODUCT,102,113
mdp.39015028745167,37,5,0,first,ORDINAL,4,9
mdp.39015028745167,37,6,0,Laws,PERSON,0,4
mdp.39015028745167,37,10,0,seventy miles,QUANTITY,12,25
mdp.39015028745167,37,11,0,only seventy miles an hour,QUANTITY,23,49
mdp.39015028745167,37,12,0,the forty-two second,TIME,3,23
mdp.39015028745167,37,12,1,the Time Stop,PRODUCT,43,56
mdp.39015028745167,37,14,0,23,CARDINAL,50,52
mdp.39015028745167,38,0,0,perhaps ten feet,QUANTITY,58,74
mdp.39015028745167,38,7,0,Fourteen,CARDINAL,0,8
mdp.39015028745167,38,7,1,Earth,LOC,59,64
mdp.39015028745167,38,7,2,the Sigma-9,PRODUCT,71,82
mdp.39015028745167,38,9,0,minutes,TIME,35,42
mdp.39015028745167,38,9,1,a dozen,CARDINAL,53,60
mdp.39015028745167,38,11,0,one,CARDINAL,19,22
mdp.39015028745167,38,12,0,six foot,QUANTITY,63,71
mdp.39015028745167,39,0,0,THE BALLAD OF BETA-2 Joneny,PERSON,0,27
mdp.39015028745167,39,13,0,Leffer,PERSON,10,16
mdp.39015028745167,39,18,0,Keefen,PERSON,0,6
mdp.39015028745167,39,21,0,fifteen miles an hour,QUANTITY,14,35
mdp.39015028745167,39,23,0,25,CARDINAL,3,5
mdp.39015028745167,40,0,0,English,LANGUAGE,79,86
mdp.39015028745167,40,13,0,Joneny,PERSON,5,11
mdp.39015028745167,40,15,0,Joneny,PERSON,28,34
mdp.39015028745167,40,18,0,Just a moment,TIME,0,13
mdp.39015028745167,40,21,0,one,CARDINAL,7,10
mdp.39015028745167,40,22,0,almost three,CARDINAL,56,68
mdp.39015028745167,40,22,1,Joneny,PERSON,87,93
mdp.39015028745167,40,23,0,26,CARDINAL,0,2
mdp.39015028745167,41,1,0,thirds,CARDINAL,35,41
mdp.39015028745167,41,2,0,Joneny,PERSON,21,27
mdp.39015028745167,41,3,0,Joneny,PERSON,20,26
mdp.39015028745167,41,3,1,the Sigma-9,PRODUCT,36,47
mdp.39015028745167,41,5,0,the Sigma-9 like,PRODUCT,47,63
mdp.39015028745167,41,8,0,first,ORDINAL,9,14
mdp.39015028745167,41,9,0,first,ORDINAL,27,32
mdp.39015028745167,41,13,0,twenty feet,QUANTITY,77,88
mdp.39015028745167,41,17,0,27,CARDINAL,34,36
mdp.39015028745167,42,1,0,Joneny,PERSON,19,25
mdp.39015028745167,42,2,0,Earth,LOC,29,34
mdp.39015028745167,42,9,0,Joneny,PERSON,7,13
mdp.39015028745167,42,16,0,Fifteen feet,QUANTITY,0,12
mdp.39015028745167,43,4,0,one,CARDINAL,18,21
mdp.39015028745167,43,5,0,Joneny,PERSON,0,6
mdp.39015028745167,43,5,1,English,LANGUAGE,9,16
mdp.39015028745167,43,7,0,the Navigation Offices,FAC,39,61
mdp.39015028745167,43,8,0,first,ORDINAL,61,66
mdp.39015028745167,43,14,0,Joneny,PERSON,27,33
mdp.39015028745167,43,17,0,Just a moment,TIME,1,14
mdp.39015028745167,43,18,0,29,CARDINAL,68,70
mdp.39015028745167,44,0,0,THE BALLAD OF BETA-2,WORK_OF_ART,0,20
mdp.39015028745167,44,1,0,Joneny,PERSON,10,16
mdp.39015028745167,44,5,0,five seconds,TIME,6,18
mdp.39015028745167,44,7,0,Joneny,PERSON,51,57
mdp.39015028745167,44,12,0,Joneny,PERSON,16,22
mdp.39015028745167,44,14,0,Joneny,PERSON,0,6
mdp.39015028745167,44,16,0,today,DATE,9,14
mdp.39015028745167,44,18,0,some seventy,CARDINAL,20,32
mdp.39015028745167,44,18,1,University,ORG,97,107
mdp.39015028745167,44,19,0,the Manhattan Telephone Directory,WORK_OF_ART,69,102
mdp.39015028745167,44,19,1,1975,DATE,107,111
mdp.39015028745167,44,25,0,30,CARDINAL,11,13
mdp.39015028745167,45,0,0,THE BALLAD OF BETA-2 the middle,WORK_OF_ART,0,31
mdp.39015028745167,45,0,1,Joneny,PERSON,45,51
mdp.39015028745167,45,0,2,thirty-nine hours,TIME,100,117
mdp.39015028745167,45,2,0,between fifteen and twenty-two,CARDINAL,18,48
mdp.39015028745167,45,4,0,twelve years ago,DATE,32,48
mdp.39015028745167,45,4,1,fourteen hours,TIME,57,71
mdp.39015028745167,45,5,0,Two years later,DATE,0,15
mdp.39015028745167,45,5,1,nearly eleven months,DATE,71,91
mdp.39015028745167,45,7,0,third,ORDINAL,89,94
mdp.39015028745167,45,8,0,almost six years,DATE,69,85
mdp.39015028745167,45,9,0,almost three hours,TIME,55,73
mdp.39015028745167,45,9,1,one hundred fifty,CARDINAL,99,116
mdp.39015028745167,45,9,2,first,ORDINAL,156,161
mdp.39015028745167,45,9,3,fourteen hour,TIME,162,175
mdp.39015028745167,45,9,4,one,CARDINAL,176,179
mdp.39015028745167,45,11,0,Another hour,TIME,0,12
mdp.39015028745167,45,12,0,A year,DATE,0,6
mdp.39015028745167,45,13,0,A hundred years,DATE,0,15
mdp.39015028745167,45,14,0,Five hundred?,DATE,0,13
mdp.39015028745167,45,15,0,six,CARDINAL,58,61
mdp.39015028745167,45,15,1,the past nine days,DATE,66,84
mdp.39015028745167,45,16,0,one,CARDINAL,50,53
mdp.39015028745167,45,16,1,two,CARDINAL,57,60
mdp.39015028745167,45,17,0,this evening,TIME,8,20
mdp.39015028745167,45,17,1,Afrid Jarin-6 and,PERSON,22,39
mdp.39015028745167,45,17,2,31,DATE,40,42
mdp.39015028745167,46,0,0,Peggy Ti-17,PERSON,21,32
mdp.39015028745167,46,4,0,Peggy,PERSON,0,5
mdp.39015028745167,46,5,0,Afrid,ORG,37,42
mdp.39015028745167,46,5,1,Peggy,PERSON,49,54
mdp.39015028745167,46,5,2,Afrid,ORG,58,63
mdp.39015028745167,46,7,0,Earth,LOC,97,102
mdp.39015028745167,46,10,0,Leela,PERSON,52,57
mdp.39015028745167,46,11,0,Captain,PERSON,16,23
mdp.39015028745167,46,14,0,Hank,PERSON,15,19
mdp.39015028745167,46,17,0,Lee,PERSON,279,282
mdp.39015028745167,46,18,0,Hank,PERSON,27,31
mdp.39015028745167,46,19,0,32,CARDINAL,0,2
mdp.39015028745167,47,0,0,THE BALLAD OF BETA-2,PERSON,0,20
mdp.39015028745167,47,1,0,Lee,PERSON,1,4
mdp.39015028745167,47,5,0,ten minutes,TIME,37,48
mdp.39015028745167,47,6,0,Hank,PERSON,32,36
mdp.39015028745167,47,10,0,North Atlantic,LOC,79,93
mdp.39015028745167,47,11,0,Three hundred years,DATE,0,19
mdp.39015028745167,47,11,1,Leffer,PERSON,81,87
mdp.39015028745167,47,12,0,Lee,PERSON,0,3
mdp.39015028745167,47,13,0,Hank,PERSON,1,5
mdp.39015028745167,47,16,0,twenty-two,DATE,42,52
mdp.39015028745167,47,17,0,seventy,DATE,24,31
mdp.39015028745167,47,18,0,Hank,PERSON,1,5
mdp.39015028745167,47,19,0,at least ten years,DATE,9,27
mdp.39015028745167,47,19,1,the next three hundred years,DATE,79,107
mdp.39015028745167,47,19,2,Earth,LOC,139,144
mdp.39015028745167,47,20,0,33,CARDINAL,3,5
mdp.39015028745167,48,0,0,the Death's Head,WORK_OF_ART,59,75
mdp.39015028745167,48,1,0,Lee,PERSON,32,35
mdp.39015028745167,48,4,0,maybe six seconds,TIME,16,33
mdp.39015028745167,48,7,0,a hundred and twenty-five,CARDINAL,61,86
mdp.39015028745167,48,7,1,Hank,PERSON,106,110
mdp.39015028745167,48,9,0,a little less than two cents,MONEY,12,40
mdp.39015028745167,48,10,0,Joneny,PERSON,20,26
mdp.39015028745167,48,10,1,eleven,CARDINAL,66,72
mdp.39015028745167,48,10,2,eight,CARDINAL,109,114
mdp.39015028745167,48,10,3,seven,CARDINAL,151,156
mdp.39015028745167,48,10,4,seven,CARDINAL,187,192
mdp.39015028745167,48,11,0,almost a month,DATE,4,18
mdp.39015028745167,48,12,0,nineteen,CARDINAL,35,43
mdp.39015028745167,48,13,0,thirty-two,CARDINAL,18,28
mdp.39015028745167,48,14,0,An hour later,TIME,0,13
mdp.39015028745167,48,14,1,thirty-nine,CARDINAL,33,44
mdp.39015028745167,48,15,0,An hour on,TIME,0,10
mdp.39015028745167,48,16,0,the next hour,TIME,4,17
mdp.39015028745167,48,17,0,the past three hours,TIME,42,62
mdp.39015028745167,48,18,0,ninety-four,CARDINAL,11,22
mdp.39015028745167,48,18,1,one hundred seventeen,CARDINAL,35,56
mdp.39015028745167,49,0,0,Lee,PERSON,27,30
mdp.39015028745167,49,0,1,Hank,PERSON,60,64
mdp.39015028745167,49,3,0,Lee,PERSON,1,4
mdp.39015028745167,49,4,0,Jesus Christ,PERSON,1,13
mdp.39015028745167,49,4,1,Hank,PERSON,15,19
mdp.39015028745167,49,4,2,one-hundredthirty-eight,CARDINAL,32,55
mdp.39015028745167,49,4,3,one-forty-nine,CARDINAL,57,71
mdp.39015028745167,49,5,0,Hank,PERSON,3,7
mdp.39015028745167,49,10,0,second,ORDINAL,70,76
mdp.39015028745167,49,11,0,a hundred-and-ninety-six,CARDINAL,6,30
mdp.39015028745167,49,11,1,Hank,PERSON,32,36
mdp.39015028745167,49,13,0,Hank,PERSON,24,28
mdp.39015028745167,49,15,0,two-hundred-and-nine,CARDINAL,13,33
mdp.39015028745167,49,17,0,two hundred miles,QUANTITY,56,73
mdp.39015028745167,49,18,0,Lee,PERSON,16,19
mdp.39015028745167,49,19,0,Hank,PERSON,42,46
mdp.39015028745167,49,19,1,three hundred,CARDINAL,89,102
mdp.39015028745167,49,20,0,zero,CARDINAL,54,58
mdp.39015028745167,49,20,1,about three seconds,TIME,72,91
mdp.39015028745167,49,20,2,forty-five,TIME,95,105
mdp.39015028745167,49,21,0,first,ORDINAL,3,8
mdp.39015028745167,49,22,0,Lee,PERSON,18,21
mdp.39015028745167,49,23,0,Hank,PERSON,1,5
mdp.39015028745167,49,24,0,Lee,PERSON,1,4
mdp.39015028745167,49,25,0,Hank,PERSON,18,22
mdp.39015028745167,50,1,0,Hank,PERSON,20,24
mdp.39015028745167,50,5,0,Joneny,PERSON,0,6
mdp.39015028745167,50,6,0,half an hour,TIME,4,16
mdp.39015028745167,50,13,0,Hank,PERSON,1,5
mdp.39015028745167,50,13,1,three-quarters,CARDINAL,56,70
mdp.39015028745167,50,17,0,Hank,PERSON,1,5
mdp.39015028745167,50,19,0,Hank,PERSON,16,20
mdp.39015028745167,50,24,0,39 36,CARDINAL,0,5
mdp.39015028745167,51,0,0,THE BALLAD OF BETA-2,PERSON,0,20
mdp.39015028745167,51,4,0,the forty years,DATE,30,45
mdp.39015028745167,51,4,1,Earth,LOC,69,74
mdp.39015028745167,51,9,0,Hank,PERSON,67,71
mdp.39015028745167,51,11,0,Hank,PERSON,42,46
mdp.39015028745167,51,13,0,Hank,PERSON,16,20
mdp.39015028745167,51,19,0,City,GPE,32,36
mdp.39015028745167,51,28,0,Earth,LOC,19,24
mdp.39015028745167,51,28,1,Earth,LOC,63,68
mdp.39015028745167,51,29,0,Earth,LOC,20,25
mdp.39015028745167,51,29,1,Earth,LOC,36,41
mdp.39015028745167,51,30,0,Hank,PERSON,28,32
mdp.39015028745167,51,32,0,37,CARDINAL,19,21
mdp.39015028745167,52,4,0,Lee,PERSON,1,4
mdp.39015028745167,52,8,0,two,CARDINAL,13,16
mdp.39015028745167,52,17,0,an hour and a half,TIME,14,32
mdp.39015028745167,52,18,0,Joneny,PERSON,0,6
mdp.39015028745167,52,20,0,City,GPE,4,8
mdp.39015028745167,52,22,0,38,CARDINAL,5,7
mdp.39015028745167,53,0,0,the Ballad of Beta-2 was,WORK_OF_ART,49,73
mdp.39015028745167,53,0,1,Hank,PERSON,102,106
mdp.39015028745167,53,0,2,Leela,PERSON,111,116
mdp.39015028745167,53,0,3,first,ORDINAL,122,127
mdp.39015028745167,53,3,0,39,CARDINAL,0,2
mdp.39015028745167,54,1,0,Joneny,PERSON,0,6
mdp.39015028745167,54,3,0,one,CARDINAL,56,59
mdp.39015028745167,54,5,0,Joneny,PERSON,86,92
mdp.39015028745167,54,6,0,Joneny,PERSON,0,6
mdp.39015028745167,54,9,0,Joneny,PERSON,0,6
mdp.39015028745167,54,9,1,fourteen,DATE,33,41
mdp.39015028745167,54,9,2,fifteen,DATE,45,52
mdp.39015028745167,54,12,0,Joneny,PERSON,35,41
mdp.39015028745167,54,14,0,40,CARDINAL,0,2
mdp.39015028745167,55,0,0,THE BALLAD OF BETA-2,WORK_OF_ART,0,20
mdp.39015028745167,55,1,0,Joneny,PERSON,0,6
mdp.39015028745167,55,4,0,Joneny,PERSON,0,6
mdp.39015028745167,55,6,0,Joneny,PERSON,0,6
mdp.39015028745167,55,10,0,Joneny,PERSON,0,6
mdp.39015028745167,55,11,0,first,ORDINAL,110,115
mdp.39015028745167,55,12,0,the Log Book of Gamma5 City,WORK_OF_ART,9,36
mdp.39015028745167,55,12,1,Hank Brandt,PERSON,63,74
mdp.39015028745167,55,12,2,the year-,DATE,85,94
mdp.39015028745167,55,13,0,Joneny,PERSON,24,30
mdp.39015028745167,55,19,0,Joneny,PERSON,15,21
mdp.39015028745167,55,20,0,English,LANGUAGE,31,38
mdp.39015028745167,55,25,0,Joneny,PERSON,28,34
mdp.39015028745167,56,3,0,Joneny,PERSON,15,21
mdp.39015028745167,56,5,0,Mountains,LOC,71,80
mdp.39015028745167,56,6,0,Joneny,PERSON,28,34
mdp.39015028745167,56,15,0,About ninety years ago,DATE,1,23
mdp.39015028745167,56,16,0,Joneny,PERSON,20,26
mdp.39015028745167,56,16,1,Federation,ORG,57,67
mdp.39015028745167,56,18,0,Joneny,PERSON,0,6
mdp.39015028745167,56,21,0,one,CARDINAL,42,45
mdp.39015028745167,56,21,1,one,CARDINAL,55,58
mdp.39015028745167,56,22,0,Joneny,PERSON,30,36
mdp.39015028745167,56,22,1,over half,CARDINAL,62,71
mdp.39015028745167,56,22,2,42,CARDINAL,90,92
mdp.39015028745167,57,1,0,Joneny,PERSON,32,38
mdp.39015028745167,57,10,0,Joneny,PERSON,21,27
mdp.39015028745167,57,13,0,one,CARDINAL,107,110
mdp.39015028745167,57,14,0,half,CARDINAL,105,109
mdp.39015028745167,57,18,0,Joneny,PERSON,9,15
mdp.39015028745167,58,2,0,Joneny,PERSON,0,6
mdp.39015028745167,58,6,0,one,CARDINAL,45,48
mdp.39015028745167,58,11,0,Joneny,PERSON,0,6
mdp.39015028745167,58,14,0,Joneny,PERSON,23,29
mdp.39015028745167,58,15,0,one,CARDINAL,16,19
mdp.39015028745167,58,18,0,Joneny,PERSON,56,62
mdp.39015028745167,58,22,0,Joneny,PERSON,32,38
mdp.39015028745167,58,24,0,City,GPE,21,25
mdp.39015028745167,58,25,0,44,CARDINAL,0,2
mdp.39015028745167,59,1,0,Joneny,PERSON,11,17
mdp.39015028745167,59,8,0,Joneny,PERSON,16,22
mdp.39015028745167,59,11,0,City,GPE,31,35
mdp.39015028745167,59,14,0,the Ballad of Beta-2,WORK_OF_ART,9,29
mdp.39015028745167,59,15,0,City,GPE,37,41
mdp.39015028745167,59,19,0,Leela RT-857.,PERSON,1,14
mdp.39015028745167,59,20,0,Hank Brandt,PERSON,48,59
mdp.39015028745167,59,28,0,Epsilon-7 City,ORG,13,27
mdp.39015028745167,59,28,1,the Delta-6 were,ORG,32,48
mdp.39015028745167,59,28,2,the Sigma-9 was,PRODUCT,63,78
mdp.39015028745167,60,9,0,About two hundred and fifty years back,DATE,1,39
mdp.39015028745167,60,10,0,a hundred and fifty years,DATE,23,48
mdp.39015028745167,60,11,0,Leela RT-857 was,PERSON,4,20
mdp.39015028745167,60,16,0,Joneny,PERSON,0,6
mdp.39015028745167,60,17,0,one,CARDINAL,39,42
mdp.39015028745167,60,18,0,Merril,PERSON,14,20
mdp.39015028745167,60,19,0,One,CARDINAL,0,3
mdp.39015028745167,60,19,1,Merril,PERSON,9,15
mdp.39015028745167,60,20,0,one,CARDINAL,21,24
mdp.39015028745167,60,20,1,the One-Eyes,ORG,28,40
mdp.39015028745167,60,21,0,the One-Eyes,ORG,14,26
mdp.39015028745167,60,22,0,a minute,TIME,39,47
mdp.39015028745167,60,30,0,Joneny,PERSON,0,6
mdp.39015028745167,60,32,0,46,CARDINAL,15,17
mdp.39015028745167,61,0,0,THE BALLAD OF,PERSON,0,13
mdp.39015028745167,61,0,1,City,GPE,43,47
mdp.39015028745167,61,7,0,Joneny,PERSON,0,6
mdp.39015028745167,61,10,0,Joneny,PERSON,23,29
mdp.39015028745167,61,14,0,Joneny,PERSON,8,14
mdp.39015028745167,61,18,0,Joneny,PERSON,0,6
mdp.39015028745167,61,20,0,Joneny,PERSON,32,38
mdp.39015028745167,61,22,0,47,CARDINAL,0,2
mdp.39015028745167,62,2,0,Joneny,PERSON,27,33
mdp.39015028745167,62,7,0,Joneny,PERSON,30,36
mdp.39015028745167,62,16,0,Joneny,PERSON,268,274
mdp.39015028745167,63,0,0,Joneny,PERSON,36,42
mdp.39015028745167,63,5,0,Market,FAC,21,27
mdp.39015028745167,63,6,0,Joneny,PERSON,32,38
mdp.39015028745167,63,8,0,Joneny,PERSON,0,6
mdp.39015028745167,63,10,0,Joneny,PERSON,38,44
mdp.39015028745167,63,13,0,Joneny,PERSON,0,6
mdp.39015028745167,63,18,0,Joneny,PERSON,0,6
mdp.39015028745167,63,24,0,Joneny,PERSON,9,15
mdp.39015028745167,64,3,0,City,GPE,28,32
mdp.39015028745167,64,5,0,Joneny,PERSON,0,6
mdp.39015028745167,64,6,0,50 50,CARDINAL,0,5
mdp.39015028745167,65,0,0,Joneny,PERSON,62,68
mdp.39015028745167,65,1,0,millions of miles,QUANTITY,90,107
mdp.39015028745167,65,10,0,51,CARDINAL,22,24
mdp.39015028745167,66,5,0,the Sigma-9,PRODUCT,47,58
mdp.39015028745167,66,16,0,about six hours,TIME,8,23
mdp.39015028745167,66,22,0,52,CARDINAL,4,6
mdp.39015028745167,67,2,0,three hundred yards,QUANTITY,59,78
mdp.39015028745167,67,4,0,Joneny,PERSON,18,24
mdp.39015028745167,67,12,0,about thirty feet,QUANTITY,12,29
mdp.39015028745167,67,14,0,Joneny,PERSON,0,6
mdp.39015028745167,67,14,1,half a dozen,CARDINAL,28,40
mdp.39015028745167,67,14,2,53,CARDINAL,97,99
mdp.39015028745167,68,4,0,half,CARDINAL,12,16
mdp.39015028745167,68,6,0,Joneny,PERSON,0,6
mdp.39015028745167,68,12,0,Joneny,PERSON,4,10
mdp.39015028745167,68,15,0,Joneny,PERSON,0,6
mdp.39015028745167,68,17,0,Joneny,PERSON,0,6
mdp.39015028745167,68,20,0,fifteen,CARDINAL,7,14
mdp.39015028745167,68,21,0,54,CARDINAL,112,114
mdp.39015028745167,69,3,0,Joneny,PERSON,51,57
mdp.39015028745167,69,6,0,Joneny,PERSON,8,14
mdp.39015028745167,69,9,0,Joneny,PERSON,8,14
mdp.39015028745167,69,13,0,a hundred miles,QUANTITY,73,88
mdp.39015028745167,69,14,0,Joneny Horatio Twaboga,PERSON,24,46
mdp.39015028745167,69,21,0,The Destroyer's Children,PERSON,20,44
mdp.39015028745167,69,22,0,Joneny,PERSON,0,6
mdp.39015028745167,70,2,0,A Death's Head,WORK_OF_ART,1,15
mdp.39015028745167,70,4,0,One,CARDINAL,0,3
mdp.39015028745167,70,4,1,some ten feet,QUANTITY,28,41
mdp.39015028745167,70,11,0,Joneny,PERSON,6,12
mdp.39015028745167,70,15,0,Joneny,PERSON,16,22
mdp.39015028745167,70,16,0,six hours,TIME,18,27
mdp.39015028745167,70,16,1,one,CARDINAL,32,35
mdp.39015028745167,70,23,0,56,CARDINAL,0,2
mdp.39015028745167,71,5,0,Joneny,PERSON,13,19
mdp.39015028745167,71,8,0,two ... seconds,TIME,10,25
mdp.39015028745167,71,8,1,Joneny,PERSON,46,52
mdp.39015028745167,71,13,0,One,CARDINAL,0,3
mdp.39015028745167,71,13,1,quarter 39,TIME,18,28
mdp.39015028745167,71,15,0,Joney,PERSON,0,5
mdp.39015028745167,71,20,0,Mountains,LOC,24,33
mdp.39015028745167,71,26,0,Joneny,PERSON,21,27
mdp.39015028745167,71,32,0,57,CARDINAL,18,20
mdp.39015028745167,72,0,0,Joneny,PERSON,31,37
mdp.39015028745167,72,3,0,Joneny,PERSON,41,47
mdp.39015028745167,72,3,1,Earth,LOC,128,133
mdp.39015028745167,72,8,0,the Court House,ORG,6,21
mdp.39015028745167,72,9,0,The Court House,ORG,1,16
mdp.39015028745167,72,10,0,Joneny,PERSON,0,6
mdp.39015028745167,72,18,0,Norm,PRODUCT,25,29
mdp.39015028745167,72,19,0,Norm,PRODUCT,5,9
mdp.39015028745167,72,28,0,58,CARDINAL,0,2
mdp.39015028745167,73,0,0,Joneny,PERSON,21,27
mdp.39015028745167,73,2,0,a drop of an inch,QUANTITY,46,63
mdp.39015028745167,73,4,0,Joneny,PERSON,29,35
mdp.39015028745167,73,6,0,Joneny,PERSON,1,7
mdp.39015028745167,73,8,0,Joneny,PERSON,0,6
mdp.39015028745167,73,13,0,Joneny,PERSON,16,22
mdp.39015028745167,73,13,1,two,CARDINAL,91,94
mdp.39015028745167,73,15,0,Joneny,PERSON,0,6
mdp.39015028745167,73,15,1,Khocran,PERSON,45,52
mdp.39015028745167,73,15,2,Blodel,PERSON,102,108
mdp.39015028745167,73,17,0,five,CARDINAL,32,36
mdp.39015028745167,73,18,0,one,CARDINAL,26,29
mdp.39015028745167,73,18,1,59,CARDINAL,36,38
mdp.39015028745167,74,2,0,Joneny,PERSON,0,6
mdp.39015028745167,74,3,0,2338-T87,PRODUCT,19,27
mdp.39015028745167,74,4,0,Joney,PERSON,0,5
mdp.39015028745167,74,5,0,Joneny,PERSON,29,35
mdp.39015028745167,74,7,0,one,CARDINAL,12,15
mdp.39015028745167,74,11,0,Joneny,PERSON,0,6
mdp.39015028745167,74,11,1,pentagon,ORG,48,56
mdp.39015028745167,74,21,0,Joneny,PERSON,0,6
mdp.39015028745167,75,1,0,Alva,PERSON,8,12
mdp.39015028745167,75,4,0,Joneny,PERSON,23,29
mdp.39015028745167,75,8,0,Court,ORG,22,27
mdp.39015028745167,75,8,1,the City of Sigma-9.,GPE,75,95
mdp.39015028745167,75,11,0,One-Eyed,QUANTITY,9,17
mdp.39015028745167,75,11,1,Sigma-A-9,ORG,62,71
mdp.39015028745167,75,11,2,City,GPE,105,109
mdp.39015028745167,75,13,0,Alva,PERSON,96,100
mdp.39015028745167,75,16,0,Vlyon,PERSON,8,13
mdp.39015028745167,75,16,1,Leela,PERSON,34,39
mdp.39015028745167,75,16,2,Riche,PERSON,59,64
mdp.39015028745167,75,16,3,Cities,GPE,249,255
mdp.39015028745167,75,18,0,61,CARDINAL,18,20
mdp.39015028745167,76,1,0,Alva,PERSON,96,100
mdp.39015028745167,76,6,0,Case 2338-587,LAW,51,64
mdp.39015028745167,76,6,1,first,ORDINAL,118,123
mdp.39015028745167,76,7,0,Jackson,PERSON,18,25
mdp.39015028745167,76,9,0,Jackson,PERSON,27,34
mdp.39015028745167,76,10,0,Joneny,PERSON,63,69
mdp.39015028745167,76,13,0,Norm,ORG,63,67
mdp.39015028745167,76,17,0,Norm,ORG,56,60
mdp.39015028745167,77,4,0,Earth,LOC,81,86
mdp.39015028745167,77,5,0,One,CARDINAL,27,30
mdp.39015028745167,77,6,0,Jackson,PERSON,11,18
mdp.39015028745167,77,15,0,two days ago,DATE,47,59
mdp.39015028745167,77,15,1,Jackson O-E-5611,ORG,64,80
mdp.39015028745167,77,16,0,Lang,PERSON,12,16
mdp.39015028745167,77,18,0,Jackson O-E-5611,PERSON,0,16
mdp.39015028745167,77,18,1,"six feet, one and a half inches",QUANTITY,25,56
mdp.39015028745167,77,18,2,the City of 63,GPE,71,85
mdp.39015028745167,78,0,0,five feet-nine and three quarter inches,QUANTITY,32,71
mdp.39015028745167,78,2,0,Jackson O-E-5611,ORG,0,16
mdp.39015028745167,78,3,0,less than .08 percent,PERCENT,65,86
mdp.39015028745167,78,4,0,Lang,PERSON,59,63
mdp.39015028745167,78,9,0,Alva,PERSON,14,18
mdp.39015028745167,78,11,0,the City of Epsilon-7 is,GPE,45,69
mdp.39015028745167,78,12,0,Lang,PERSON,54,58
mdp.39015028745167,78,13,0,Lang,PERSON,82,86
mdp.39015028745167,78,15,0,Lang,PERSON,13,17
mdp.39015028745167,78,16,0,Lang,PERSON,24,28
mdp.39015028745167,79,2,0,169 pounds,QUANTITY,9,19
mdp.39015028745167,79,2,1,162,CARDINAL,47,50
mdp.39015028745167,79,4,0,Jackson,PERSON,0,7
mdp.39015028745167,79,4,1,three months,DATE,113,125
mdp.39015028745167,79,5,0,Jackson,PERSON,1,8
mdp.39015028745167,79,6,0,Lang,PERSON,4,8
mdp.39015028745167,79,7,0,89 per cent,PERCENT,34,45
mdp.39015028745167,79,7,1,City,GPE,53,57
mdp.39015028745167,79,8,0,Jackson,PERSON,6,13
mdp.39015028745167,79,8,1,Lang,PERSON,96,100
mdp.39015028745167,79,10,0,Jackson,PERSON,1,8
mdp.39015028745167,79,10,1,Cities,GPE,44,50
mdp.39015028745167,79,12,0,Alva,PERSON,9,13
mdp.39015028745167,79,13,0,Jackson,PERSON,27,34
mdp.39015028745167,79,14,0,Jackson,PERSON,1,8
mdp.39015028745167,79,15,0,nearly a centimeter and a half longer,QUANTITY,60,97
mdp.39015028745167,79,16,0,only a 65,CARDINAL,29,38
mdp.39015028745167,80,2,0,Norm,PRODUCT,0,4
mdp.39015028745167,80,2,1,two millimeter,QUANTITY,21,35
mdp.39015028745167,80,3,0,Norm,PRODUCT,96,100
mdp.39015028745167,80,5,0,1.6 per cent,PERCENT,51,63
mdp.39015028745167,80,6,0,Norm,PRODUCT,42,46
mdp.39015028745167,80,7,0,Norm,PRODUCT,69,73
mdp.39015028745167,80,8,0,9.75,CARDINAL,79,83
mdp.39015028745167,80,8,1,8.91,CARDINAL,98,102
mdp.39015028745167,80,8,2,Norm,PRODUCT,111,115
mdp.39015028745167,80,9,0,Joneny,PERSON,295,301
mdp.39015028745167,80,10,0,fifteen minutes,TIME,6,21
mdp.39015028745167,80,10,1,Joneny,PERSON,74,80
mdp.39015028745167,80,10,2,Lang,PERSON,120,124
mdp.39015028745167,80,12,0,Lang,PERSON,46,50
mdp.39015028745167,80,18,0,today,DATE,39,44
mdp.39015028745167,81,2,0,Lang,PERSON,5,9
mdp.39015028745167,81,3,0,Market Research,ORG,49,64
mdp.39015028745167,81,5,0,Lang,PERSON,4,8
mdp.39015028745167,81,5,1,Alva,PERSON,134,138
mdp.39015028745167,81,7,0,Lang,PERSON,9,13
mdp.39015028745167,81,10,0,Lang,PERSON,22,26
mdp.39015028745167,81,10,1,two years ago,DATE,28,41
mdp.39015028745167,81,10,2,thirteen-year-old,DATE,49,66
mdp.39015028745167,81,10,3,Tomasa,PERSON,78,84
mdp.39015028745167,81,10,4,first,ORDINAL,112,117
mdp.39015028745167,81,10,5,ten,CARDINAL,169,172
mdp.39015028745167,81,10,6,City,GPE,192,196
mdp.39015028745167,81,12,0,Tomasa,PERSON,13,19
mdp.39015028745167,81,15,0,Mavle TU-5 who,PERSON,35,49
mdp.39015028745167,81,15,1,six months later,DATE,51,67
mdp.39015028745167,81,15,2,One,CARDINAL,88,91
mdp.39015028745167,81,18,0,half,CARDINAL,15,19
mdp.39015028745167,81,18,1,Jackson,PERSON,42,49
mdp.39015028745167,82,0,0,Ben Holden I-6 for,FAC,95,113
mdp.39015028745167,82,0,1,two-week,DATE,116,124
mdp.39015028745167,82,2,0,Lang,PERSON,36,40
mdp.39015028745167,82,6,0,Norm,PERSON,13,17
mdp.39015028745167,82,7,0,twenty,CARDINAL,13,19
mdp.39015028745167,82,7,1,twenty pound,QUANTITY,139,151
mdp.39015028745167,82,7,2,half-a-dozen,CARDINAL,216,228
mdp.39015028745167,82,7,3,Goedle's Law,LAW,270,282
mdp.39015028745167,82,14,0,Three,CARDINAL,0,5
mdp.39015028745167,82,14,1,Jackson,PERSON,52,59
mdp.39015028745167,82,14,2,Lang,PERSON,71,75
mdp.39015028745167,83,0,0,THE BALLAD OF BETA-2 Eyes,WORK_OF_ART,0,25
mdp.39015028745167,83,0,1,Norm,ORG,149,153
mdp.39015028745167,83,1,0,Fifteen thousand,CARDINAL,0,16
mdp.39015028745167,83,1,1,the Sigma-9 will,ORG,47,63
mdp.39015028745167,83,2,0,Lang,PERSON,79,83
mdp.39015028745167,83,3,0,Alva,PERSON,15,19
mdp.39015028745167,83,9,0,Joneny,PERSON,0,6
mdp.39015028745167,83,16,0,Nearly a quarter,CARDINAL,0,16
mdp.39015028745167,83,17,0,Joneny,PERSON,3,9
mdp.39015028745167,83,17,1,one,CARDINAL,125,128
mdp.39015028745167,83,18,0,Joneny,PERSON,0,6
mdp.39015028745167,83,19,0,69,CARDINAL,0,2
mdp.39015028745167,84,2,0,Joneny,PERSON,0,6
mdp.39015028745167,84,6,0,Joneny,PERSON,70,76
mdp.39015028745167,84,8,0,Joneny,PERSON,0,6
mdp.39015028745167,84,9,0,the One-Eyes,PRODUCT,144,156
mdp.39015028745167,84,9,1,Norm,PRODUCT,165,169
mdp.39015028745167,84,17,0,Joneny,PERSON,48,54
mdp.39015028745167,85,0,0,Death's Head hill,WORK_OF_ART,41,58
mdp.39015028745167,85,1,0,Joneny,PERSON,15,21
mdp.39015028745167,85,6,0,Joneny,PERSON,0,6
mdp.39015028745167,85,6,1,a full minute,TIME,68,81
mdp.39015028745167,85,12,0,71,CARDINAL,31,33
mdp.39015028745167,86,2,0,Joneny,PERSON,3,9
mdp.39015028745167,86,3,0,Joneny,PERSON,20,26
mdp.39015028745167,86,4,0,Moby Dick,WORK_OF_ART,27,36
mdp.39015028745167,86,4,1,Les Illuminations de Rimbaud,WORK_OF_ART,38,66
mdp.39015028745167,86,4,2,Voyage Orestes,WORK_OF_ART,68,82
mdp.39015028745167,86,4,3,The Worm Ouroboros,WORK_OF_ART,84,102
mdp.39015028745167,86,8,0,One instant,TIME,0,11
mdp.39015028745167,86,11,0,one,CARDINAL,129,132
mdp.39015028745167,86,13,0,two,CARDINAL,57,60
mdp.39015028745167,86,14,0,Joneny,PERSON,0,6
mdp.39015028745167,86,16,0,One,CARDINAL,0,3
mdp.39015028745167,86,18,0,One,CARDINAL,0,3
mdp.39015028745167,86,19,0,Hank Brandt,PERSON,42,53
mdp.39015028745167,86,20,0,Joneny,PERSON,0,6
mdp.39015028745167,86,20,1,72,CARDINAL,35,37
mdp.39015028745167,87,4,0,today,DATE,9,14
mdp.39015028745167,87,4,1,2:00 P.M.,TIME,18,27
mdp.39015028745167,87,5,0,this morning,TIME,9,21
mdp.39015028745167,87,5,1,6:30 date,TIME,25,34
mdp.39015028745167,87,6,0,this afternoon,TIME,9,23
mdp.39015028745167,87,8,0,half,CARDINAL,18,22
mdp.39015028745167,87,9,0,Joneny,PERSON,0,6
mdp.39015028745167,87,9,1,this evening at 11:45,TIME,38,59
mdp.39015028745167,87,12,0,Death's Head,FAC,59,71
mdp.39015028745167,87,13,0,Joneny,PERSON,0,6
mdp.39015028745167,87,13,1,the Death's Head,FAC,99,115
mdp.39015028745167,87,14,0,The Destroyer's Children,WORK_OF_ART,0,24
mdp.39015028745167,87,14,1,several hundred,CARDINAL,26,41
mdp.39015028745167,87,16,0,Joneny,PERSON,0,6
mdp.39015028745167,88,1,0,Joneny,PERSON,0,6
mdp.39015028745167,88,1,1,three whole seconds,TIME,30,49
mdp.39015028745167,88,5,0,Joneny,PERSON,48,54
mdp.39015028745167,88,6,0,third,ORDINAL,2,7
mdp.39015028745167,88,11,0,the Death's Head,FAC,25,41
mdp.39015028745167,88,11,1,Joneny,PERSON,148,154
mdp.39015028745167,88,13,0,A few yards,QUANTITY,0,11
mdp.39015028745167,88,13,1,Joneny,PERSON,27,33
mdp.39015028745167,88,16,0,Joneny,PERSON,0,6
mdp.39015028745167,88,17,0,Johnny,PERSON,39,45
mdp.39015028745167,88,20,0,some twenty feet,QUANTITY,31,47
mdp.39015028745167,88,21,0,Joneny,PERSON,0,6
mdp.39015028745167,88,22,0,74,CARDINAL,0,2
mdp.39015028745167,89,0,0,THE BALLAD OF BETA-2,PERSON,0,20
mdp.39015028745167,89,3,0,Joneny,PERSON,64,70
mdp.39015028745167,89,3,1,Joneny,PERSON,179,185
mdp.39015028745167,89,5,0,Joneny,PERSON,0,6
mdp.39015028745167,89,5,1,one,CARDINAL,21,24
mdp.39015028745167,89,5,2,two,CARDINAL,28,31
mdp.39015028745167,89,7,0,Joneny,PERSON,47,53
mdp.39015028745167,89,8,0,the Sigma-9,PRODUCT,69,80
mdp.39015028745167,89,10,0,Joneny,PERSON,0,6
mdp.39015028745167,89,10,1,one,CARDINAL,16,19
mdp.39015028745167,89,10,2,two,CARDINAL,29,32
mdp.39015028745167,89,17,0,Joneny,PERSON,3,9
mdp.39015028745167,89,18,0,quadruple,CARDINAL,22,31
mdp.39015028745167,89,18,1,octuple,CARDINAL,33,40
mdp.39015028745167,89,18,2,75,CARDINAL,56,58
mdp.39015028745167,90,7,0,miles and miles,QUANTITY,90,105
mdp.39015028745167,90,11,0,Joneny,PERSON,0,6
mdp.39015028745167,90,18,0,Joneny,PERSON,36,42
mdp.39015028745167,90,24,0,76,CARDINAL,86,88
mdp.39015028745167,91,6,0,Joneny,PERSON,0,6
mdp.39015028745167,91,9,0,the Sigma-9,PRODUCT,149,160
mdp.39015028745167,91,11,0,Joneny,PERSON,0,6
mdp.39015028745167,91,12,0,Sigma9,PRODUCT,65,71
mdp.39015028745167,91,14,0,two,CARDINAL,30,33
mdp.39015028745167,91,20,0,Joneny,PERSON,0,6
mdp.39015028745167,91,22,0,Joneny,PERSON,7,13
mdp.39015028745167,91,25,0,Joneny,PERSON,9,15
mdp.39015028745167,92,4,0,78,CARDINAL,24,26
mdp.39015028745167,93,0,0,VII BETA-2 WAS,PRODUCT,0,14
mdp.39015028745167,93,3,0,Joneny,PERSON,27,33
mdp.39015028745167,93,6,0,one,CARDINAL,60,63
mdp.39015028745167,93,7,0,Joneny,PERSON,0,6
mdp.39015028745167,93,9,0,Joneny,PERSON,0,6
mdp.39015028745167,93,9,1,first,ORDINAL,12,17
mdp.39015028745167,93,10,0,Market,FAC,26,32
mdp.39015028745167,93,12,0,the Log Book of Beta-2 City,WORK_OF_ART,90,117
mdp.39015028745167,93,12,1,Leela RT-857.,PERSON,148,161
mdp.39015028745167,93,14,0,Joneny,PERSON,0,6
mdp.39015028745167,93,15,0,79,CARDINAL,0,2
mdp.39015028745167,94,3,0,Joneny,PERSON,16,22
mdp.39015028745167,94,4,0,this afternoon,TIME,40,54
mdp.39015028745167,94,5,0,the first half an hour,TIME,15,37
mdp.39015028745167,94,5,1,the high thirties,DATE,45,62
mdp.39015028745167,94,5,2,the One-Eyes,FAC,162,174
mdp.39015028745167,94,6,0,three,CARDINAL,18,23
mdp.39015028745167,94,6,1,the last couple of hours,TIME,47,71
mdp.39015028745167,94,7,0,a few years,DATE,81,92
mdp.39015028745167,94,9,0,Earlier this evening,TIME,0,20
mdp.39015028745167,94,10,0,the City Concourse,FAC,16,34
mdp.39015028745167,94,10,1,Cartrite,PERSON,48,56
mdp.39015028745167,94,13,0,Lee,PERSON,35,38
mdp.39015028745167,94,19,0,Quadrant Two,FAC,76,88
mdp.39015028745167,95,0,0,ten years ago,DATE,53,66
mdp.39015028745167,95,2,0,City,GPE,89,93
mdp.39015028745167,95,3,0,Lee,PERSON,35,38
mdp.39015028745167,95,12,0,Cartrite,PERSON,6,14
mdp.39015028745167,95,21,0,more than a hundred yards,QUANTITY,45,70
mdp.39015028745167,95,28,0,More than one,CARDINAL,0,13
mdp.39015028745167,95,28,1,the Death's Head,FAC,33,49
mdp.39015028745167,95,28,2,81,CARDINAL,59,61
mdp.39015028745167,96,2,0,City,GPE,254,258
mdp.39015028745167,96,3,0,some six or seven hundred,CARDINAL,22,47
mdp.39015028745167,96,4,0,seventy-five feet,QUANTITY,114,131
mdp.39015028745167,96,5,0,one,CARDINAL,15,18
mdp.39015028745167,96,7,0,City,GPE,74,78
mdp.39015028745167,96,7,1,one,CARDINAL,98,101
mdp.39015028745167,96,8,0,Two,CARDINAL,0,3
mdp.39015028745167,96,9,0,one,CARDINAL,28,31
mdp.39015028745167,96,13,0,Ralf,PERSON,25,29
mdp.39015028745167,96,14,0,one,CARDINAL,38,41
mdp.39015028745167,96,14,1,all day,DATE,46,53
mdp.39015028745167,96,16,0,82,CARDINAL,0,2
mdp.39015028745167,97,1,0,Timme,PERSON,14,19
mdp.39015028745167,97,2,0,five,CARDINAL,49,53
mdp.39015028745167,97,5,0,Timme,PERSON,0,5
mdp.39015028745167,97,5,1,seventeen,DATE,15,24
mdp.39015028745167,97,5,2,eighteen,DATE,28,36
mdp.39015028745167,97,7,0,Timme,PERSON,0,5
mdp.39015028745167,97,8,0,Ralf,PERSON,19,23
mdp.39015028745167,97,10,0,Lee,PERSON,19,22
mdp.39015028745167,97,11,0,one,CARDINAL,9,12
mdp.39015028745167,97,13,0,Timme,PERSON,0,5
mdp.39015028745167,97,15,0,two,CARDINAL,48,51
mdp.39015028745167,97,15,1,ten foot,QUANTITY,73,81
mdp.39015028745167,97,17,0,nearly three,CARDINAL,40,52
mdp.39015028745167,97,17,1,Timme,GPE,105,110
mdp.39015028745167,98,1,0,two,CARDINAL,4,7
mdp.39015028745167,98,3,0,Every five or six seconds,TIME,0,25
mdp.39015028745167,98,5,0,three hundred feet,QUANTITY,49,67
mdp.39015028745167,98,5,1,thirty or forty feet,QUANTITY,160,180
mdp.39015028745167,98,6,0,the One-Eyes,ORG,6,18
mdp.39015028745167,98,6,1,City,GPE,64,68
mdp.39015028745167,98,6,2,four-fifths,CARDINAL,129,140
mdp.39015028745167,98,8,0,Ring,LOC,77,81
mdp.39015028745167,98,10,0,Timme,PERSON,0,5
mdp.39015028745167,98,12,0,the One-Eyes,ORG,11,23
mdp.39015028745167,98,12,1,Timme,PERSON,69,74
mdp.39015028745167,98,12,2,City,GPE,161,165
mdp.39015028745167,99,2,0,Timme,GPE,23,28
mdp.39015028745167,99,3,0,Merril,PERSON,32,38
mdp.39015028745167,99,3,1,Lee,PERSON,83,86
mdp.39015028745167,99,3,2,this evening,TIME,109,121
mdp.39015028745167,99,4,0,Ralf,PERSON,29,33
mdp.39015028745167,99,10,0,Timme,PERSON,46,51
mdp.39015028745167,99,12,0,Ralf,PERSON,4,8
mdp.39015028745167,99,13,0,Merril,PERSON,0,6
mdp.39015028745167,99,14,0,two,CARDINAL,4,7
mdp.39015028745167,99,14,1,Ralf,PERSON,17,21
mdp.39015028745167,99,14,2,Merril,PERSON,26,32
mdp.39015028745167,99,14,3,OneEyes,ORG,71,78
mdp.39015028745167,99,19,0,Ralf,PERSON,34,38
mdp.39015028745167,99,20,0,Leela,PERSON,9,14
mdp.39015028745167,99,22,0,two,CARDINAL,11,14
mdp.39015028745167,100,1,0,One,CARDINAL,0,3
mdp.39015028745167,100,1,1,Titian,PERSON,48,54
mdp.39015028745167,100,2,0,second,ORDINAL,24,30
mdp.39015028745167,100,2,1,City,GPE,56,60
mdp.39015028745167,100,5,0,City,GPE,78,82
mdp.39015028745167,100,8,0,Merril,PERSON,0,6
mdp.39015028745167,100,9,0,Timme,PERSON,0,5
mdp.39015028745167,100,10,0,Ralf,PERSON,17,21
mdp.39015028745167,100,10,1,Merril,PERSON,26,32
mdp.39015028745167,100,11,0,Cartrite,PERSON,42,50
mdp.39015028745167,100,14,0,Timme,PERSON,26,31
mdp.39015028745167,100,15,0,Ralf,PERSON,58,62
mdp.39015028745167,100,17,0,only three,DATE,28,38
mdp.39015028745167,100,19,0,Timme,PERSON,0,5
mdp.39015028745167,100,19,1,Ralf,PERSON,6,10
mdp.39015028745167,100,19,2,86,CARDINAL,96,98
mdp.39015028745167,101,0,0,more than thirty hours,TIME,32,54
mdp.39015028745167,101,1,0,one,CARDINAL,33,36
mdp.39015028745167,101,1,1,seventy miles an hour,QUANTITY,87,108
mdp.39015028745167,101,2,0,two,CARDINAL,34,37
mdp.39015028745167,101,3,0,that year,DATE,125,134
mdp.39015028745167,101,4,0,hours,TIME,70,75
mdp.39015028745167,101,4,1,five minutes,TIME,171,183
mdp.39015028745167,101,4,2,seventeen,CARDINAL,247,256
mdp.39015028745167,101,4,3,seventeen,CARDINAL,294,303
mdp.39015028745167,101,4,4,Poolroom,FAC,322,330
mdp.39015028745167,101,5,0,Timme,PERSON,0,5
mdp.39015028745167,101,9,0,Merril,PERSON,22,28
mdp.39015028745167,101,14,0,Ralf,PERSON,0,4
mdp.39015028745167,102,0,0,Leela,PERSON,21,26
mdp.39015028745167,102,2,0,City,GPE,69,73
mdp.39015028745167,102,4,0,Lee,PERSON,12,15
mdp.39015028745167,102,4,1,City,GPE,120,124
mdp.39015028745167,102,5,0,Timme,PERSON,10,15
mdp.39015028745167,102,6,0,Hodge,PERSON,25,30
mdp.39015028745167,102,7,0,Merril,PERSON,16,22
mdp.39015028745167,102,9,0,Ring,FAC,37,41
mdp.39015028745167,102,10,0,Timme,PERSON,0,5
mdp.39015028745167,102,11,0,Hodge,PERSON,1,6
mdp.39015028745167,102,12,0,Merril,PERSON,16,22
mdp.39015028745167,102,22,0,Merril,PERSON,7,13
mdp.39015028745167,102,23,0,88,CARDINAL,0,2
mdp.39015028745167,103,4,0,Merril,PERSON,26,32
mdp.39015028745167,103,8,0,Hodge,PERSON,1,6
mdp.39015028745167,103,8,1,Ralf,PERSON,30,34
mdp.39015028745167,103,11,0,Hodge,PERSON,1,6
mdp.39015028745167,103,11,1,Merril,PERSON,37,43
mdp.39015028745167,103,12,0,Ralf,PERSON,60,64
mdp.39015028745167,103,15,0,Hodge,PERSON,47,52
mdp.39015028745167,103,17,0,two,CARDINAL,24,27
mdp.39015028745167,103,17,1,Hodge,PERSON,208,213
mdp.39015028745167,103,18,0,Ralf,PERSON,0,4
mdp.39015028745167,103,20,0,Cartrite,PERSON,11,19
mdp.39015028745167,103,20,1,the One-Eyes,FAC,55,67
mdp.39015028745167,104,0,0,THE BALLAD OF BETA-2,PERSON,0,20
mdp.39015028745167,104,2,0,Ralf,PERSON,34,38
mdp.39015028745167,104,2,1,Merril,PERSON,40,46
mdp.39015028745167,104,4,0,the Journey to the Stars,WORK_OF_ART,205,229
mdp.39015028745167,104,6,0,Timme,PERSON,75,80
mdp.39015028745167,104,7,0,One,CARDINAL,0,3
mdp.39015028745167,104,7,1,Timme,PERSON,17,22
mdp.39015028745167,104,8,0,Parks,PERSON,14,19
mdp.39015028745167,104,9,0,Parks,PERSON,0,5
mdp.39015028745167,104,10,0,Ralf,PERSON,0,4
mdp.39015028745167,104,11,0,Cities,GPE,129,135
mdp.39015028745167,104,13,0,five or six hundred years,DATE,53,78
mdp.39015028745167,105,1,0,one,CARDINAL,4,7
mdp.39015028745167,105,1,1,Timme,PERSON,50,55
mdp.39015028745167,105,1,2,Parks,PERSON,104,109
mdp.39015028745167,105,2,0,City,GPE,13,17
mdp.39015028745167,105,3,0,seconds,TIME,22,29
mdp.39015028745167,105,3,1,Ralf,PERSON,33,37
mdp.39015028745167,105,5,0,Merril,PERSON,0,6
mdp.39015028745167,105,6,0,Time,ORG,10,14
mdp.39015028745167,105,6,1,Hodge,PERSON,34,39
mdp.39015028745167,105,8,0,Hodge,PERSON,12,17
mdp.39015028745167,105,12,0,dinner time,TIME,34,45
mdp.39015028745167,105,12,1,Timme,PERSON,73,78
mdp.39015028745167,105,14,0,the One-Eyes,PRODUCT,14,26
mdp.39015028745167,105,15,0,Timme,PERSON,0,5
mdp.39015028745167,105,16,0,Hodge,PERSON,10,15
mdp.39015028745167,105,19,0,91,CARDINAL,0,2
mdp.39015028745167,106,0,0,THE BALLAD OF BETA-2 He,PERSON,0,23
mdp.39015028745167,106,2,0,Timme,PERSON,33,38
mdp.39015028745167,106,3,0,92,CARDINAL,0,2
mdp.39015028745167,107,0,0,Second,ORDINAL,5,11
mdp.39015028745167,107,1,0,Parks,PERSON,0,5
mdp.39015028745167,107,1,1,three thirty,TIME,20,32
mdp.39015028745167,107,1,2,first,ORDINAL,61,66
mdp.39015028745167,107,2,0,Night Watch,WORK_OF_ART,10,21
mdp.39015028745167,107,2,1,first,ORDINAL,63,68
mdp.39015028745167,107,6,0,Parks,PERSON,18,23
mdp.39015028745167,107,6,1,Market,LOC,36,42
mdp.39015028745167,107,7,0,this hour of the morning,TIME,34,58
mdp.39015028745167,107,11,0,City,GPE,33,37
mdp.39015028745167,107,15,0,93,CARDINAL,58,60
mdp.39015028745167,108,5,0,Cities,GPE,36,42
mdp.39015028745167,108,6,0,first,ORDINAL,22,27
mdp.39015028745167,108,10,0,Nine,PRODUCT,10,14
mdp.39015028745167,108,10,1,about five minutes,TIME,30,48
mdp.39015028745167,108,10,2,Riche,PERSON,53,58
mdp.39015028745167,108,11,0,Leela,PERSON,30,35
mdp.39015028745167,108,11,1,today,DATE,56,61
mdp.39015028745167,108,13,0,City,GPE,34,38
mdp.39015028745167,108,17,0,About twenty minutes ago,TIME,1,25
mdp.39015028745167,108,19,0,Philots,PERSON,48,55
mdp.39015028745167,108,20,0,one,CARDINAL,12,15
mdp.39015028745167,108,21,0,Two,CARDINAL,0,3
mdp.39015028745167,108,23,0,all evening,TIME,19,30
mdp.39015028745167,108,27,0,nearly a minute,TIME,84,99
mdp.39015028745167,109,1,0,Riche,PERSON,28,33
mdp.39015028745167,109,6,0,Meeker,PERSON,0,6
mdp.39015028745167,109,6,1,Communications,ORG,12,26
mdp.39015028745167,109,11,0,Meeker,PERSON,0,6
mdp.39015028745167,109,15,0,only one,CARDINAL,76,84
mdp.39015028745167,109,21,0,Vlyon,PERSON,17,22
mdp.39015028745167,109,22,0,95,CARDINAL,7,9
mdp.39015028745167,110,4,0,One-Eyed,QUANTITY,8,16
mdp.39015028745167,110,4,1,the One-Eyed Quarter,LOC,36,56
mdp.39015028745167,110,8,0,Vlyon,PERSON,42,47
mdp.39015028745167,110,9,0,Pike,PERSON,18,22
mdp.39015028745167,110,11,0,forty minutes ago,TIME,6,23
mdp.39015028745167,110,12,0,night,TIME,7,12
mdp.39015028745167,110,12,1,City,GPE,26,30
mdp.39015028745167,110,14,0,Concourse,FAC,11,20
mdp.39015028745167,110,17,0,Twenty minutes ago,TIME,0,18
mdp.39015028745167,110,18,0,a minute,TIME,10,18
mdp.39015028745167,110,18,1,Pike,PERSON,20,24
mdp.39015028745167,110,22,0,Pike,PERSON,5,9
mdp.39015028745167,110,22,1,Pike,PERSON,38,42
mdp.39015028745167,110,23,0,Meeker,PERSON,15,21
mdp.39015028745167,110,24,0,One,CARDINAL,0,3
mdp.39015028745167,110,25,0,96,CARDINAL,6,8
mdp.39015028745167,111,2,0,five or six,CARDINAL,26,37
mdp.39015028745167,111,4,0,five minutes,TIME,7,19
mdp.39015028745167,111,4,1,twelve-mile,QUANTITY,24,35
mdp.39015028745167,111,5,0,eleven,CARDINAL,42,48
mdp.39015028745167,111,5,1,Cities,GPE,59,65
mdp.39015028745167,111,6,0,ten minutes,TIME,4,15
mdp.39015028745167,111,8,0,Alva,PERSON,16,20
mdp.39015028745167,111,9,0,Vlyon,PERSON,9,14
mdp.39015028745167,111,16,0,Vlyon,PERSON,28,33
mdp.39015028745167,111,19,0,Third,ORDINAL,0,5
mdp.39015028745167,111,19,1,City,GPE,83,87
mdp.39015028745167,111,20,0,City,GPE,59,63
mdp.39015028745167,111,22,0,Cartrite,PERSON,6,14
mdp.39015028745167,111,22,1,this morning,TIME,34,46
mdp.39015028745167,111,22,2,at least one,CARDINAL,55,67
mdp.39015028745167,112,3,0,Meeker,PERSON,0,6
mdp.39015028745167,112,3,1,three,CARDINAL,11,16
mdp.39015028745167,112,3,2,three,CARDINAL,50,55
mdp.39015028745167,112,3,3,that evening,TIME,131,143
mdp.39015028745167,112,4,0,all morning,TIME,24,35
mdp.39015028745167,112,5,0,perhaps ten,CARDINAL,16,27
mdp.39015028745167,112,5,1,the end of the afternoon,TIME,42,66
mdp.39015028745167,112,6,0,that afternoon,TIME,45,59
mdp.39015028745167,112,7,0,First,ORDINAL,0,5
mdp.39015028745167,112,7,1,five minutes,TIME,7,19
mdp.39015028745167,112,7,2,fifteen minutes,TIME,37,52
mdp.39015028745167,112,9,0,nearly dinner hour,TIME,7,25
mdp.39015028745167,112,9,1,Alva,PERSON,39,43
mdp.39015028745167,112,13,0,the One-Eyes,ORG,31,43
mdp.39015028745167,112,15,0,Norm,PRODUCT,80,84
mdp.39015028745167,112,18,0,City,GPE,18,22
mdp.39015028745167,112,19,0,98,CARDINAL,4,6
mdp.39015028745167,113,3,0,City,GPE,156,160
mdp.39015028745167,113,6,0,One,CARDINAL,0,3
mdp.39015028745167,113,14,0,Parks,PERSON,38,43
mdp.39015028745167,113,14,1,Market Research,ORG,57,72
mdp.39015028745167,113,15,0,Parks,PERSON,0,5
mdp.39015028745167,113,16,0,Parks,PERSON,0,5
mdp.39015028745167,113,17,0,today,DATE,25,30
mdp.39015028745167,113,17,1,Parks,PERSON,31,36
mdp.39015028745167,114,0,0,Parks,PERSON,30,35
mdp.39015028745167,114,2,0,Alva,PERSON,28,32
mdp.39015028745167,114,3,0,the day,DATE,62,69
mdp.39015028745167,114,4,0,Fourth,ORDINAL,0,6
mdp.39015028745167,114,4,1,perhaps fifteen minutes,TIME,50,73
mdp.39015028745167,114,4,2,Cartrite,PERSON,85,93
mdp.39015028745167,114,6,0,morning,TIME,6,13
mdp.39015028745167,114,6,1,morning,TIME,20,27
mdp.39015028745167,114,13,0,Cartrite,PERSON,27,35
mdp.39015028745167,115,2,0,City,GPE,18,22
mdp.39015028745167,115,3,0,City,GPE,21,25
mdp.39015028745167,115,4,0,One,CARDINAL,10,13
mdp.39015028745167,115,4,1,City,GPE,64,68
mdp.39015028745167,115,9,0,the night,TIME,92,101
mdp.39015028745167,115,10,0,Meeker,PERSON,9,15
mdp.39015028745167,115,12,0,fifteen,CARDINAL,12,19
mdp.39015028745167,115,12,1,first,ORDINAL,60,65
mdp.39015028745167,115,19,0,Parks,PERSON,22,27
mdp.39015028745167,116,1,0,Parks,PERSON,53,58
mdp.39015028745167,116,4,0,Market,FAC,17,23
mdp.39015028745167,116,4,1,City,GPE,115,119
mdp.39015028745167,116,5,0,Parks,PERSON,0,5
mdp.39015028745167,116,6,0,Parks,PERSON,15,20
mdp.39015028745167,116,14,0,four months,DATE,28,39
mdp.39015028745167,116,15,0,One,CARDINAL,0,3
mdp.39015028745167,116,16,0,thousands,CARDINAL,113,122
mdp.39015028745167,116,17,0,Parks,PERSON,15,20
mdp.39015028745167,116,20,0,Parks,PERSON,0,5
mdp.39015028745167,116,21,0,Market,FAC,11,17
mdp.39015028745167,116,22,0,102,CARDINAL,0,3
mdp.39015028745167,117,0,0,Fifth,ORDINAL,21,26
mdp.39015028745167,117,1,0,Alva,PERSON,8,12
mdp.39015028745167,117,1,1,this evening,TIME,20,32
mdp.39015028745167,117,2,0,Lee,PERSON,1,4
mdp.39015028745167,117,2,1,the One-Eyes,ORG,33,45
mdp.39015028745167,117,3,0,Cartrite,ORG,1,9
mdp.39015028745167,117,8,0,Cities,GPE,81,87
mdp.39015028745167,117,8,1,the One-Eyes,ORG,105,117
mdp.39015028745167,117,13,0,Alva,PERSON,10,14
mdp.39015028745167,117,17,0,Alva,PERSON,37,41
mdp.39015028745167,117,18,0,Lee,PERSON,9,12
mdp.39015028745167,117,20,0,third,ORDINAL,12,17
mdp.39015028745167,117,20,1,103,CARDINAL,53,56
mdp.39015028745167,118,0,0,THE BALLAD OF,PERSON,0,13
mdp.39015028745167,118,1,0,City,GPE,67,71
mdp.39015028745167,118,3,0,Alva,PERSON,8,12
mdp.39015028745167,118,5,0,Lee,PERSON,16,19
mdp.39015028745167,118,6,0,Sixth,ORDINAL,0,5
mdp.39015028745167,118,7,0,the City of Delta6,GPE,18,36
mdp.39015028745167,118,8,0,ten hours,TIME,18,27
mdp.39015028745167,118,9,0,One-Eyed Jack's,PERSON,64,79
mdp.39015028745167,118,10,0,the Communications Department,ORG,98,127
mdp.39015028745167,118,16,0,City,GPE,57,61
mdp.39015028745167,118,17,0,the One-Eyes,ORG,48,60
mdp.39015028745167,118,19,0,ten hours,TIME,127,136
mdp.39015028745167,118,20,0,Alva,PERSON,33,37
mdp.39015028745167,118,22,0,Lee,PERSON,17,20
mdp.39015028745167,118,26,0,104,CARDINAL,0,3
mdp.39015028745167,119,1,0,Lee,PERSON,36,39
mdp.39015028745167,120,1,0,Joneny,PERSON,3,9
mdp.39015028745167,120,2,0,Alva,PERSON,64,68
mdp.39015028745167,120,3,0,Meeker,PERSON,18,24
mdp.39015028745167,120,5,0,Meeker,PERSON,15,21
mdp.39015028745167,120,7,0,ten hours,TIME,20,29
mdp.39015028745167,120,9,0,sixteen minutes,TIME,28,43
mdp.39015028745167,120,14,0,Meeker,PERSON,12,18
mdp.39015028745167,120,16,0,five minutes later,TIME,37,55
mdp.39015028745167,120,17,0,Cartrite,PERSON,19,27
mdp.39015028745167,120,18,0,Meeker,PERSON,1,7
mdp.39015028745167,121,9,0,Destroyer,PRODUCT,28,37
mdp.39015028745167,121,10,0,Destroyer,PRODUCT,5,14
mdp.39015028745167,121,12,0,the One-Eyes,PRODUCT,41,53
mdp.39015028745167,121,17,0,three,CARDINAL,15,20
mdp.39015028745167,121,17,1,seven,CARDINAL,27,32
mdp.39015028745167,121,18,0,The Sigma-9,PRODUCT,0,11
mdp.39015028745167,122,2,0,first,ORDINAL,51,56
mdp.39015028745167,122,4,0,the City Plaza,FAC,16,30
mdp.39015028745167,122,7,0,One,CARDINAL,0,3
mdp.39015028745167,122,7,1,two,CARDINAL,15,18
mdp.39015028745167,122,8,0,one,CARDINAL,27,30
mdp.39015028745167,122,9,0,City,GPE,91,95
mdp.39015028745167,122,16,0,Destroyer,PRODUCT,29,38
mdp.39015028745167,122,20,0,two,CARDINAL,17,20
mdp.39015028745167,122,20,1,108,CARDINAL,70,73
mdp.39015028745167,123,23,0,109,CARDINAL,0,3
mdp.39015028745167,124,6,0,Three,CARDINAL,0,5
mdp.39015028745167,124,16,0,Alva,PERSON,18,22
mdp.39015028745167,124,30,0,110,CARDINAL,0,3
mdp.39015028745167,125,3,0,City,GPE,22,26
mdp.39015028745167,125,20,0,first,ORDINAL,13,18
mdp.39015028745167,126,28,0,112,CARDINAL,0,3
mdp.39015028745167,127,0,0,THE BALLAD OF BETA-2,WORK_OF_ART,0,20
mdp.39015028745167,129,3,0,The Sigma-9,PRODUCT,0,11
mdp.39015028745167,129,3,1,two minutes,TIME,33,44
mdp.39015028745167,129,6,0,Smythers,PERSON,9,17
mdp.39015028745167,129,6,1,Lee,PERSON,50,53
mdp.39015028745167,129,7,0,Cartrite,PERSON,6,14
mdp.39015028745167,129,7,1,City,GPE,67,71
mdp.39015028745167,129,9,0,Cartrite,PERSON,14,22
mdp.39015028745167,129,12,0,Cartrite,PERSON,5,13
mdp.39015028745167,129,13,0,City,GPE,44,48
mdp.39015028745167,129,14,0,two,CARDINAL,9,12
mdp.39015028745167,129,14,1,three,CARDINAL,33,38
mdp.39015028745167,129,15,0,Cartrite,PERSON,60,68
mdp.39015028745167,129,17,0,115,CARDINAL,46,49
mdp.39015028745167,130,0,0,THE BALLAD OF BETA-2,PERSON,0,20
mdp.39015028745167,130,5,0,Cartrite,PERSON,54,62
mdp.39015028745167,130,17,0,one,CARDINAL,18,21
mdp.39015028745167,130,17,1,two,CARDINAL,25,28
mdp.39015028745167,130,18,0,third,ORDINAL,30,35
mdp.39015028745167,130,20,0,Cartrite,PERSON,24,32
mdp.39015028745167,130,21,0,Two minutes later,TIME,0,17
mdp.39015028745167,130,21,1,116,CARDINAL,47,50
mdp.39015028745167,131,0,0,one,CARDINAL,21,24
mdp.39015028745167,131,3,0,Twenty minutes later,TIME,0,20
mdp.39015028745167,131,3,1,Cartrite,PERSON,44,52
mdp.39015028745167,131,5,0,the next week,DATE,4,17
mdp.39015028745167,131,6,0,The first day,DATE,0,13
mdp.39015028745167,131,7,0,Markets,ORG,27,34
mdp.39015028745167,131,8,0,Parks,PERSON,1,6
mdp.39015028745167,131,11,0,Parks,PERSON,1,6
mdp.39015028745167,131,13,0,Parks,PERSON,15,20
mdp.39015028745167,131,23,0,one,CARDINAL,65,68
mdp.39015028745167,132,7,0,Parks,PERSON,16,21
mdp.39015028745167,132,9,0,Parks,PERSON,23,28
mdp.39015028745167,132,13,0,Parks,PERSON,22,27
mdp.39015028745167,132,14,0,Lee,PERSON,9,12
mdp.39015028745167,132,14,1,Lee,PERSON,22,25
mdp.39015028745167,132,19,0,half,CARDINAL,10,14
mdp.39015028745167,132,21,0,first,ORDINAL,3,8
mdp.39015028745167,132,21,1,Destroyer,PRODUCT,30,39
mdp.39015028745167,132,22,0,the Sigma-9 still,PRODUCT,17,34
mdp.39015028745167,133,0,0,half,CARDINAL,113,117
mdp.39015028745167,133,6,0,Parks,PERSON,21,26
mdp.39015028745167,133,7,0,Cartrite,PERSON,6,14
mdp.39015028745167,133,13,0,Leela RT-857 vs. The Norm,PERSON,1,26
mdp.39015028745167,133,17,0,City,GPE,12,16
mdp.39015028745167,133,20,0,Parks,PERSON,19,24
mdp.39015028745167,133,22,0,Parks,PERSON,1,6
mdp.39015028745167,133,25,0,Joneny,PERSON,0,6
mdp.39015028745167,133,27,0,Hodge,PERSON,13,18
mdp.39015028745167,133,28,0,Hodge,PERSON,1,6
mdp.39015028745167,133,29,0,119,CARDINAL,0,3
mdp.39015028745167,134,0,0,THE BALLAD OF BETA-2 Joneny,WORK_OF_ART,0,27
mdp.39015028745167,134,0,1,Death's Head,FAC,360,372
mdp.39015028745167,134,1,0,one,CARDINAL,8,11
mdp.39015028745167,134,2,0,Hodge,PERSON,40,45
mdp.39015028745167,134,6,0,every few hours,TIME,28,43
mdp.39015028745167,134,10,0,Hodge,PERSON,86,91
mdp.39015028745167,134,10,1,City,GPE,129,133
mdp.39015028745167,134,12,0,the One-Eyes,ORG,85,97
mdp.39015028745167,134,14,0,120,CARDINAL,0,3
mdp.39015028745167,135,0,0,Ralf,PERSON,21,25
mdp.39015028745167,135,3,0,Parks,PERSON,13,18
mdp.39015028745167,135,7,0,Parks,PERSON,0,5
mdp.39015028745167,135,12,0,Parks,PERSON,8,13
mdp.39015028745167,135,16,0,first,ORDINAL,14,19
mdp.39015028745167,135,20,0,one,CARDINAL,7,10
mdp.39015028745167,135,20,1,Ralf,PERSON,41,45
mdp.39015028745167,135,20,2,Merril,PERSON,58,64
mdp.39015028745167,135,23,0,a week,DATE,24,30
mdp.39015028745167,135,26,0,121,CARDINAL,43,46
mdp.39015028745167,136,0,0,THE BALLAD OF BETA-2 Parks,PERSON,0,26
mdp.39015028745167,136,2,0,the Sigma-9?,PRODUCT,35,47
mdp.39015028745167,136,6,0,Parks,PERSON,66,71
mdp.39015028745167,136,8,0,The One-Eyes,PERSON,0,12
mdp.39015028745167,136,9,0,Merril,PERSON,0,6
mdp.39015028745167,136,12,0,Merril,PERSON,1,7
mdp.39015028745167,136,16,0,two,CARDINAL,9,12
mdp.39015028745167,136,16,1,Hodge,PERSON,24,29
mdp.39015028745167,136,17,0,today,DATE,18,23
mdp.39015028745167,136,17,1,four o'clock in the afternoon,TIME,25,54
mdp.39015028745167,136,17,2,RT-857,PRODUCT,70,76
mdp.39015028745167,136,18,0,Joneny,PERSON,0,6
mdp.39015028745167,136,18,1,Destroyer,PRODUCT,21,30
mdp.39015028745167,137,1,0,Joneny,PERSON,0,6
mdp.39015028745167,137,4,0,Joneny,PERSON,9,15
mdp.39015028745167,137,7,0,University,ORG,40,50
mdp.39015028745167,137,9,0,Joneny,PERSON,9,15
mdp.39015028745167,137,16,0,Joneny,PERSON,0,6
mdp.39015028745167,137,17,0,half,CARDINAL,99,103
mdp.39015028745167,137,19,0,123,CARDINAL,95,98
mdp.39015028745167,138,0,0,THE BALLAD OF BETA-2,WORK_OF_ART,0,20
mdp.39015028745167,138,2,0,one,CARDINAL,21,24
mdp.39015028745167,138,3,0,Joneny,PERSON,21,27
mdp.39015028745167,138,3,1,the Ballad of Beta-2,WORK_OF_ART,60,80
mdp.39015028745167,138,3,2,now,DATE,118,121
mdp.39015028745167,138,4,0,Leela,PERSON,13,18
mdp.39015028745167,138,5,0,Ballad,WORK_OF_ART,20,26
mdp.39015028745167,138,6,0,One,CARDINAL,10,13
mdp.39015028745167,138,8,0,Creton III,PERSON,89,99
mdp.39015028745167,138,8,1,Today,DATE,277,282
mdp.39015028745167,142,0,0,1993,DATE,59,63
mdp.39015028745167,142,0,1,DEC 1 3 2002,DATE,69,81
