vol_id,page,sentence_id,ent_id,entity,entity_type,start_char,end_char
mdp.39015008687850,1,0,0,"1,319,256",CARDINAL,19,28
mdp.39015008687850,2,0,0,MICHIGAN HIGAN,GPE,19,33
mdp.39015008687850,7,0,0,Tragic Magic,WORK_OF_ART,0,12
mdp.39015008687850,7,0,1,WESLEY BROWN,PERSON,25,37
mdp.39015008687850,7,0,2,Random House,ORG,38,50
mdp.39015008687850,7,0,3,New York,GPE,51,59
mdp.39015008687850,8,0,0,1978,DATE,24,28
mdp.39015008687850,8,0,1,Wesley Brown,PERSON,32,44
mdp.39015008687850,8,1,0,International and Pan,LAW,26,47
mdp.39015008687850,8,1,1,-American,NORP,47,56
mdp.39015008687850,8,2,0,the United States,GPE,13,30
mdp.39015008687850,8,2,1,"Random House, Inc.",ORG,34,52
mdp.39015008687850,8,2,2,New York,GPE,54,62
mdp.39015008687850,8,2,3,Canada,GPE,86,92
mdp.39015008687850,8,2,4,Random House of Canada Limited,ORG,96,126
mdp.39015008687850,8,2,5,Toronto,GPE,128,135
mdp.39015008687850,8,4,0,Arc Music Corporation,ORG,0,21
mdp.39015008687850,8,4,1,Mannish Boy,WORK_OF_ART,36,47
mdp.39015008687850,8,4,2,Melvin London,PERSON,52,65
mdp.39015008687850,8,4,3,Elias McDaniel,PERSON,67,81
mdp.39015008687850,8,4,4,McKinley Morganfield,PERSON,86,106
mdp.39015008687850,8,5,0,1955,DATE,12,16
mdp.39015008687850,8,5,1,Arc Music Corporation,ORG,20,41
mdp.39015008687850,8,6,0,"Persea: An International Review, Volume I",WORK_OF_ART,0,41
mdp.39015008687850,8,6,1,1977,DATE,53,57
mdp.39015008687850,8,7,0,The Pushcart Prize III: Best of the Small Presses,WORK_OF_ART,0,49
mdp.39015008687850,8,7,1,1978-79,DATE,51,58
mdp.39015008687850,8,8,0,Regent Music Corporation,ORG,0,24
mdp.39015008687850,8,8,1,The Richmond Organization,ORG,29,54
mdp.39015008687850,8,8,2,Trouble is a Man,WORK_OF_ART,69,85
mdp.39015008687850,8,9,0,Alec Wilder,PERSON,17,28
mdp.39015008687850,8,10,0,1944,DATE,10,14
mdp.39015008687850,8,10,1,1972,DATE,27,31
mdp.39015008687850,8,10,2,"Ludlow Music, Inc.",ORG,32,50
mdp.39015008687850,8,10,3,New York,GPE,52,60
mdp.39015008687850,8,10,4,N.Y.,GPE,62,66
mdp.39015008687850,8,12,0,Canadian,NORP,23,31
mdp.39015008687850,8,12,1,United States,GPE,36,49
mdp.39015008687850,8,13,0,Warner Bros. Inc.,ORG,0,17
mdp.39015008687850,8,13,1,The Birth of the Blues,WORK_OF_ART,32,54
mdp.39015008687850,8,14,0,Ray Henderson,PERSON,9,22
mdp.39015008687850,8,14,1,B. G. DeSylva,PERSON,37,50
mdp.39015008687850,8,14,2,Lew Brown,PERSON,55,64
mdp.39015008687850,8,15,0,1926,DATE,2,6
mdp.39015008687850,8,15,1,Warner Bros. Inc.,ORG,7,24
mdp.39015008687850,8,19,0,Library of Congress,ORG,0,19
mdp.39015008687850,8,19,1,Wesley,PERSON,58,64
mdp.39015008687850,8,21,0,the United States of America,GPE,91,119
mdp.39015008687850,8,22,0,First,ORDINAL,0,5
mdp.39015008687850,9,0,0,Ted Solotaroff,PERSON,41,55
mdp.39015008687850,13,0,0,A Few Words Before the Get Go A s,WORK_OF_ART,0,33
mdp.39015008687850,13,2,0,"To Get Along, You Go Along.",WORK_OF_ART,76,103
mdp.39015008687850,13,4,0,Duke Ellington,PERSON,42,56
mdp.39015008687850,13,4,1,Dad Cook,PERSON,94,102
mdp.39015008687850,13,8,0,New Orleans,GPE,14,25
mdp.39015008687850,13,8,1,"Charles ""Buddy"" Bolden",PERSON,40,62
mdp.39015008687850,13,8,2,1907,DATE,132,136
mdp.39015008687850,13,9,0,S. B. Hays,PERSON,39,49
mdp.39015008687850,13,9,1,Bolden,PERSON,74,80
mdp.39015008687850,14,11,0,Harlem,GPE,27,33
mdp.39015008687850,14,11,1,Charlie Parker's,PERSON,89,105
mdp.39015008687850,14,12,0,one night,TIME,11,20
mdp.39015008687850,14,12,1,Monroe,PERSON,28,34
mdp.39015008687850,14,12,2,Seventh Avenue,FAC,71,85
mdp.39015008687850,14,13,0,"December, 1939",DATE,7,21
mdp.39015008687850,14,17,0,Cherokee,WORK_OF_ART,38,46
mdp.39015008687850,14,19,0,Charlie Parker,PERSON,0,14
mdp.39015008687850,14,20,0,Bird,PERSON,28,32
mdp.39015008687850,14,23,0,Bird,PERSON,0,4
mdp.39015008687850,14,23,1,Seventh,ORDINAL,112,119
mdp.39015008687850,15,1,0,the years,DATE,5,14
mdp.39015008687850,15,2,0,Bird,PERSON,15,19
mdp.39015008687850,15,4,0,Bird,PERSON,7,11
mdp.39015008687850,15,5,0,one night,TIME,19,28
mdp.39015008687850,15,5,1,Birdland,FAC,32,40
mdp.39015008687850,15,5,2,You Go to My Head,WORK_OF_ART,65,82
mdp.39015008687850,15,8,0,Ella Fitzgerald,PERSON,0,15
mdp.39015008687850,15,10,0,Berlin,GPE,25,31
mdp.39015008687850,15,10,1,Ella,PERSON,32,36
mdp.39015008687850,15,10,2,Mack the Knife,WORK_OF_ART,58,72
mdp.39015008687850,15,13,0,New Orleans,GPE,120,131
mdp.39015008687850,16,0,0,Tut,WORK_OF_ART,32,35
mdp.39015008687850,16,2,0,New Orleans,GPE,45,56
mdp.39015008687850,16,2,1,Mutt Carey,PERSON,84,94
mdp.39015008687850,16,3,0,Apollo,FAC,26,32
mdp.39015008687850,17,0,0,S ome years ago,DATE,0,15
mdp.39015008687850,17,1,0,Tonya,PERSON,13,18
mdp.39015008687850,17,4,0,Tonya,PERSON,84,89
mdp.39015008687850,17,6,0,Tonya,PERSON,93,98
mdp.39015008687850,17,8,0,Tonya,PERSON,94,99
mdp.39015008687850,17,12,0,Tonya,PERSON,28,33
mdp.39015008687850,18,10,0,first,ORDINAL,23,28
mdp.39015008687850,18,26,0,About two years,DATE,0,15
mdp.39015008687850,18,26,1,Tonya,PERSON,40,45
mdp.39015008687850,18,26,2,United States,GPE,66,79
mdp.39015008687850,19,2,0,Tonya,PERSON,36,41
mdp.39015008687850,19,3,0,three years,DATE,105,116
mdp.39015008687850,19,4,0,two years later,DATE,9,24
mdp.39015008687850,19,11,0,last week,DATE,27,36
mdp.39015008687850,19,12,0,Miles Davis,PERSON,16,27
mdp.39015008687850,19,15,0,Ellington,PERSON,1,10
mdp.39015008687850,19,17,0,Pennsylvania,GPE,16,28
mdp.39015008687850,19,17,1,New York,GPE,32,40
mdp.39015008687850,20,2,0,the Port of Authority,FAC,35,56
mdp.39015008687850,20,2,1,New York,GPE,62,70
mdp.39015008687850,20,12,0,New York,GPE,46,54
mdp.39015008687850,20,12,1,five,CARDINAL,66,70
mdp.39015008687850,20,13,0,the Big Apple,LOC,4,17
mdp.39015008687850,20,14,0,Queens,GPE,101,107
mdp.39015008687850,20,15,0,morning,TIME,4,11
mdp.39015008687850,20,16,0,only a few hours before,TIME,76,99
mdp.39015008687850,20,20,0,every day,DATE,22,31
mdp.39015008687850,20,23,0,Xerox,ORG,20,25
mdp.39015008687850,21,0,0,11,CARDINAL,0,2
mdp.39015008687850,21,3,0,about ten,TIME,17,26
mdp.39015008687850,21,4,0,One night,TIME,0,9
mdp.39015008687850,21,5,0,the next morning,TIME,20,36
mdp.39015008687850,21,5,1,Angelo,PERSON,53,59
mdp.39015008687850,21,9,0,only one,CARDINAL,58,66
mdp.39015008687850,21,9,1,Cassioni,PERSON,93,101
mdp.39015008687850,21,10,0,Cassionis,PERSON,23,32
mdp.39015008687850,21,15,0,Cassionis,PERSON,20,29
mdp.39015008687850,22,12,0,second,ORDINAL,55,61
mdp.39015008687850,22,12,1,Moors,PERSON,76,81
mdp.39015008687850,22,13,0,the Long Island Sound,LOC,13,34
mdp.39015008687850,22,13,1,Nassau County,GPE,57,70
mdp.39015008687850,22,14,0,Columbus,GPE,40,48
mdp.39015008687850,23,0,0,East,LOC,100,104
mdp.39015008687850,23,14,0,New York,GPE,53,61
mdp.39015008687850,23,18,0,Cotton,PERSON,5,11
mdp.39015008687850,23,19,0,Cotton,PERSON,6,12
mdp.39015008687850,23,19,1,Melvin Ellington,PERSON,22,38
mdp.39015008687850,24,1,0,Melvin,PERSON,15,21
mdp.39015008687850,24,4,0,Melvin,PERSON,31,37
mdp.39015008687850,24,8,0,ages,DATE,22,26
mdp.39015008687850,24,12,0,Melvin,PERSON,7,13
mdp.39015008687850,24,13,0,Cotton,PERSON,14,20
mdp.39015008687850,24,14,0,Cotton,PERSON,19,25
mdp.39015008687850,24,18,0,Cotton,PERSON,14,20
mdp.39015008687850,24,20,0,Brooklyn Dodgers,ORG,49,65
mdp.39015008687850,24,21,0,Bristol,GPE,162,169
mdp.39015008687850,24,22,0,Cotton,PERSON,46,52
mdp.39015008687850,24,23,0,two,CARDINAL,44,47
mdp.39015008687850,25,1,0,Cotton,PERSON,13,19
mdp.39015008687850,25,3,0,Ray Charles,PERSON,131,142
mdp.39015008687850,25,4,0,Cotton,PERSON,24,30
mdp.39015008687850,25,6,0,Cotton,PERSON,8,14
mdp.39015008687850,25,9,0,first,ORDINAL,17,22
mdp.39015008687850,25,9,1,two years,DATE,31,40
mdp.39015008687850,26,5,0,Goliath,PERSON,63,70
mdp.39015008687850,26,6,0,Philistine,NORP,82,92
mdp.39015008687850,26,8,0,six o'clock,TIME,72,83
mdp.39015008687850,26,11,0,Cowboys to Girls,WORK_OF_ART,10,26
mdp.39015008687850,26,11,1,Intruders,ORG,35,44
mdp.39015008687850,26,14,0,John Wayne,PERSON,74,84
mdp.39015008687850,26,14,1,Randolph Scott,PERSON,89,103
mdp.39015008687850,27,2,0,Otis,PERSON,30,34
mdp.39015008687850,27,3,0,Melvin,PERSON,30,36
mdp.39015008687850,27,16,0,first,ORDINAL,10,15
mdp.39015008687850,27,17,0,about ten,CARDINAL,11,20
mdp.39015008687850,27,19,0,Pearl,PERSON,24,29
mdp.39015008687850,27,21,0,Pearl,PERSON,12,17
mdp.39015008687850,27,25,0,a minute,TIME,24,32
mdp.39015008687850,28,0,0,18,CARDINAL,0,2
mdp.39015008687850,28,2,0,Pearl,PERSON,31,36
mdp.39015008687850,28,4,0,about the twenty-third,CARDINAL,3,25
mdp.39015008687850,28,5,0,Molly,PERSON,16,21
mdp.39015008687850,28,8,0,the following Monday,DATE,3,23
mdp.39015008687850,28,8,1,Pearl,PERSON,48,53
mdp.39015008687850,28,11,0,Pearl,PERSON,1,6
mdp.39015008687850,28,13,0,a minute,TIME,25,33
mdp.39015008687850,28,23,0,Pearl,PERSON,6,11
mdp.39015008687850,29,0,0,19,CARDINAL,0,2
mdp.39015008687850,29,0,1,Pennsylvania,GPE,30,42
mdp.39015008687850,29,2,0,about five,CARDINAL,23,33
mdp.39015008687850,29,2,1,one,CARDINAL,83,86
mdp.39015008687850,30,0,0,20,CARDINAL,0,2
mdp.39015008687850,30,0,1,one,CARDINAL,41,44
mdp.39015008687850,30,0,2,two,CARDINAL,48,51
mdp.39015008687850,30,0,3,one,CARDINAL,115,118
mdp.39015008687850,30,3,0,no Elgin Baylor,PERSON,17,32
mdp.39015008687850,30,7,0,Swanson Johnson,PERSON,97,112
mdp.39015008687850,30,14,0,Martin Luther King,PERSON,5,23
mdp.39015008687850,31,0,0,21,DATE,0,2
mdp.39015008687850,31,0,1,about ten years before,DATE,13,35
mdp.39015008687850,31,0,2,eighteen,DATE,49,57
mdp.39015008687850,31,1,0,Debra,PERSON,0,5
mdp.39015008687850,31,2,0,the past few years,DATE,40,58
mdp.39015008687850,31,7,0,Debra,PERSON,12,17
mdp.39015008687850,31,8,0,one,CARDINAL,4,7
mdp.39015008687850,31,8,1,Debra,PERSON,16,21
mdp.39015008687850,31,14,0,Pops,PERSON,4,8
mdp.39015008687850,32,0,0,Pops,PERSON,3,7
mdp.39015008687850,32,2,0,Egyptian,NORP,56,64
mdp.39015008687850,32,4,0,Pops,PERSON,40,44
mdp.39015008687850,32,5,0,Pops,PERSON,44,48
mdp.39015008687850,32,12,0,first,ORDINAL,16,21
mdp.39015008687850,32,13,0,second,ORDINAL,45,51
mdp.39015008687850,33,2,0,six,TIME,60,63
mdp.39015008687850,33,5,0,Debra,PERSON,4,9
mdp.39015008687850,33,7,0,two years,DATE,66,75
mdp.39015008687850,33,9,0,Otis,PERSON,9,13
mdp.39015008687850,33,10,0,about four years,DATE,21,37
mdp.39015008687850,33,12,0,Otis,PERSON,24,28
mdp.39015008687850,33,14,0,Otis,PERSON,57,61
mdp.39015008687850,33,16,0,Otis,PERSON,22,26
mdp.39015008687850,33,16,1,Marines,ORG,41,48
mdp.39015008687850,34,2,0,Rocky's Bar,FAC,26,37
mdp.39015008687850,34,6,0,the day,DATE,39,46
mdp.39015008687850,34,6,1,U.S.,GPE,86,90
mdp.39015008687850,34,7,0,about forty,CARDINAL,11,22
mdp.39015008687850,34,15,0,first,ORDINAL,8,13
mdp.39015008687850,34,16,0,About sixty,CARDINAL,0,11
mdp.39015008687850,35,1,0,first,ORDINAL,4,9
mdp.39015008687850,35,5,0,two,CARDINAL,10,13
mdp.39015008687850,35,10,0,Three years,DATE,1,12
mdp.39015008687850,35,28,0,Melvin Ellington,PERSON,1,17
mdp.39015008687850,35,29,0,Mel,PERSON,7,10
mdp.39015008687850,35,29,1,Chilly,PERSON,16,22
mdp.39015008687850,35,34,0,first,ORDINAL,29,34
mdp.39015008687850,36,10,0,whitey,PERSON,28,34
mdp.39015008687850,36,17,0,the month,DATE,84,93
mdp.39015008687850,36,29,0,Chilly,PERSON,47,53
mdp.39015008687850,37,0,0,27,CARDINAL,0,2
mdp.39015008687850,37,3,0,Chilly,PERSON,35,41
mdp.39015008687850,37,6,0,One afternoon,TIME,0,13
mdp.39015008687850,37,6,1,two,CARDINAL,60,63
mdp.39015008687850,37,8,0,One,CARDINAL,0,3
mdp.39015008687850,37,9,0,two,CARDINAL,40,43
mdp.39015008687850,37,16,0,two,CARDINAL,42,45
mdp.39015008687850,37,21,0,MagicShave,PRODUCT,4,14
mdp.39015008687850,38,6,0,Chilly,PERSON,4,10
mdp.39015008687850,38,14,0,the day before,DATE,23,37
mdp.39015008687850,38,20,0,Chilly,PERSON,18,24
mdp.39015008687850,38,20,1,that afternoon,TIME,30,44
mdp.39015008687850,38,24,0,Chilly,PERSON,8,14
mdp.39015008687850,38,25,0,Showboat,PERSON,36,44
mdp.39015008687850,39,0,0,29,CARDINAL,0,2
mdp.39015008687850,39,0,1,Showboat,PERSON,38,46
mdp.39015008687850,39,15,0,Ellington,PERSON,1,10
mdp.39015008687850,39,22,0,this afternoon,TIME,149,163
mdp.39015008687850,40,14,0,Chilly,PERSON,0,6
mdp.39015008687850,40,19,0,Showboat,PERSON,33,41
mdp.39015008687850,40,28,0,Hardknocks,WORK_OF_ART,37,47
mdp.39015008687850,40,29,0,Later that evening,TIME,0,18
mdp.39015008687850,40,29,1,Chilly,PERSON,19,25
mdp.39015008687850,40,31,0,The next day,DATE,0,12
mdp.39015008687850,40,32,0,Chilly,PERSON,37,43
mdp.39015008687850,40,33,0,Ellington,PERSON,6,15
mdp.39015008687850,41,3,0,Chilly,PERSON,39,45
mdp.39015008687850,41,11,0,Chilly,PERSON,14,20
mdp.39015008687850,41,12,0,Chilly,PERSON,54,60
mdp.39015008687850,41,14,0,Chilly,PERSON,0,6
mdp.39015008687850,41,17,0,Brown Sugar,PERSON,0,11
mdp.39015008687850,41,21,0,Chilly,PERSON,15,21
mdp.39015008687850,41,23,0,Chilly,PERSON,0,6
mdp.39015008687850,41,25,0,Chilly,PERSON,4,10
mdp.39015008687850,42,10,0,the first day,DATE,23,36
mdp.39015008687850,42,13,0,Chilly,PERSON,25,31
mdp.39015008687850,42,17,0,Chilly,PERSON,9,15
mdp.39015008687850,42,21,0,Chilly,PERSON,0,6
mdp.39015008687850,42,25,0,first,ORDINAL,3,8
mdp.39015008687850,42,26,0,Chilly,PERSON,6,12
mdp.39015008687850,42,28,0,Chilly,PERSON,14,20
mdp.39015008687850,43,7,0,just one,CARDINAL,66,74
mdp.39015008687850,43,11,0,Hardknocks,WORK_OF_ART,11,21
mdp.39015008687850,44,2,0,Ellington,PERSON,6,15
mdp.39015008687850,44,3,0,third,ORDINAL,10,15
mdp.39015008687850,44,10,0,Mount Rushmore,LOC,80,94
mdp.39015008687850,44,12,0,Ellington,PERSON,37,46
mdp.39015008687850,44,16,0,day one,DATE,26,33
mdp.39015008687850,44,19,0,Hardknocks,PERSON,28,38
mdp.39015008687850,45,6,0,Hardknocks,PERSON,60,70
mdp.39015008687850,45,6,1,two,CARDINAL,75,78
mdp.39015008687850,45,6,2,Cadillac,PERSON,97,105
mdp.39015008687850,45,6,3,Shoobbee Doobbee,PERSON,110,126
mdp.39015008687850,45,7,0,Cadillac,ORG,0,8
mdp.39015008687850,45,8,0,days,DATE,51,55
mdp.39015008687850,45,9,0,two,CARDINAL,73,76
mdp.39015008687850,45,10,0,Cleveland,GPE,48,57
mdp.39015008687850,45,10,1,Fleetwood,PRODUCT,128,137
mdp.39015008687850,45,16,0,Tolstoy,PERSON,1,8
mdp.39015008687850,45,21,0,one,CARDINAL,8,11
mdp.39015008687850,46,1,0,every day,DATE,25,34
mdp.39015008687850,46,4,0,Cadillac,PRODUCT,17,25
mdp.39015008687850,46,5,0,Caddy,PRODUCT,20,25
mdp.39015008687850,46,12,0,only two,CARDINAL,8,16
mdp.39015008687850,46,18,0,Hardknocks,PERSON,25,35
mdp.39015008687850,46,20,0,Coupe de Ville,PRODUCT,16,30
mdp.39015008687850,46,20,1,Cadillac,ORG,37,45
mdp.39015008687850,46,20,2,Pinto,ORG,68,73
mdp.39015008687850,47,0,0,37,CARDINAL,0,2
mdp.39015008687850,47,1,0,Shoobbee Doobbee,PERSON,14,30
mdp.39015008687850,47,5,0,Miles,PERSON,61,66
mdp.39015008687850,47,5,1,Coltrane,PERSON,80,88
mdp.39015008687850,47,8,0,Trane,PERSON,4,9
mdp.39015008687850,47,11,0,Bird,PERSON,19,23
mdp.39015008687850,47,12,0,ten to two,TIME,73,83
mdp.39015008687850,47,12,1,twenty after eight,TIME,119,137
mdp.39015008687850,47,13,0,Shoobbee Doobbee,PERSON,40,56
mdp.39015008687850,47,15,0,Hundreds,CARDINAL,0,8
mdp.39015008687850,47,16,0,Thelonious Monk,PERSON,45,60
mdp.39015008687850,47,17,0,Shoob,PERSON,19,24
mdp.39015008687850,47,19,0,"Straight, No Chaser",WORK_OF_ART,10,29
mdp.39015008687850,47,20,0,All day,DATE,1,8
mdp.39015008687850,48,0,0,Ellington,PERSON,3,12
mdp.39015008687850,48,7,0,Miles,PERSON,5,10
mdp.39015008687850,48,9,0,Miles,PERSON,42,47
mdp.39015008687850,48,11,0,Miles,PERSON,0,5
mdp.39015008687850,48,12,0,Miles,PERSON,16,21
mdp.39015008687850,48,15,0,Duke,ORG,24,28
mdp.39015008687850,48,15,1,three,CARDINAL,129,134
mdp.39015008687850,48,15,2,Japanese,NORP,167,175
mdp.39015008687850,48,15,3,Turkey,GPE,199,205
mdp.39015008687850,48,16,0,Shoobbee,PERSON,25,33
mdp.39015008687850,48,21,0,Shoobbee Doobbee,PERSON,19,35
mdp.39015008687850,48,21,1,a couple of hours,TIME,65,82
mdp.39015008687850,48,22,0,Chilly,PERSON,22,28
mdp.39015008687850,48,30,0,Chilly,PERSON,34,40
mdp.39015008687850,49,1,0,Hardknocks,PERSON,4,14
mdp.39015008687850,49,4,0,eight,CARDINAL,114,119
mdp.39015008687850,49,6,0,first,ORDINAL,11,16
mdp.39015008687850,49,6,1,the day,DATE,60,67
mdp.39015008687850,49,6,2,Chilly,PERSON,68,74
mdp.39015008687850,49,6,3,first,ORDINAL,86,91
mdp.39015008687850,49,7,0,Hardknocks,PERSON,16,26
mdp.39015008687850,49,8,0,Chilly,PERSON,17,23
mdp.39015008687850,49,17,0,Chilly,PERSON,37,43
mdp.39015008687850,49,18,0,Ellington,PERSON,7,16
mdp.39015008687850,49,19,0,Chilly,PERSON,0,6
mdp.39015008687850,49,23,0,Chilly,PERSON,12,18
mdp.39015008687850,49,23,1,more than one,CARDINAL,23,36
mdp.39015008687850,49,24,0,Ellington,PERSON,29,38
mdp.39015008687850,49,24,1,Chilly,PERSON,105,111
mdp.39015008687850,49,26,0,Chilly,PERSON,35,41
mdp.39015008687850,49,27,0,first,ORDINAL,21,26
mdp.39015008687850,50,0,0,40,CARDINAL,0,2
mdp.39015008687850,50,6,0,Cadillac,ORG,33,41
mdp.39015008687850,50,6,1,Chilly,PERSON,83,89
mdp.39015008687850,50,8,0,Ellington,PERSON,37,46
mdp.39015008687850,50,12,0,Muslims,NORP,19,26
mdp.39015008687850,50,24,0,Gene Ammons,PERSON,49,60
mdp.39015008687850,50,24,1,Willow Weep for Me,WORK_OF_ART,70,88
mdp.39015008687850,50,25,0,Hardknocks,ORG,13,23
mdp.39015008687850,50,25,1,the Count Basie Band,ORG,46,66
mdp.39015008687850,50,25,2,April in Paris,WORK_OF_ART,74,88
mdp.39015008687850,50,26,0,one,CARDINAL,78,81
mdp.39015008687850,50,27,0,Chilly,PERSON,0,6
mdp.39015008687850,51,0,0,41,CARDINAL,0,2
mdp.39015008687850,51,3,0,Sandstone,ORG,34,43
mdp.39015008687850,51,3,1,Minnesota,GPE,56,65
mdp.39015008687850,51,4,0,A few months later,DATE,0,18
mdp.39015008687850,51,4,1,Chilly,PERSON,38,44
mdp.39015008687850,51,5,0,half,CARDINAL,21,25
mdp.39015008687850,51,6,0,Hardknocks,PERSON,24,34
mdp.39015008687850,51,7,0,Melvin,PERSON,7,13
mdp.39015008687850,51,21,0,Ellington,PERSON,12,21
mdp.39015008687850,52,2,0,Hardknocks,PERSON,0,10
mdp.39015008687850,52,6,0,September twenty-seventh,DATE,1,25
mdp.39015008687850,52,10,0,Hardknocks,PERSON,1,11
mdp.39015008687850,52,16,0,Six years,DATE,1,10
mdp.39015008687850,53,0,0,Rocky's Bar,FAC,76,87
mdp.39015008687850,53,2,0,Alice Turner,PERSON,7,19
mdp.39015008687850,53,11,0,Alice,PERSON,0,5
mdp.39015008687850,53,14,0,Alice,PERSON,0,5
mdp.39015008687850,54,4,0,Alice,PERSON,43,48
mdp.39015008687850,54,5,0,Alice,PERSON,0,5
mdp.39015008687850,54,9,0,Alice,PERSON,0,5
mdp.39015008687850,54,11,0,Alice,PERSON,20,25
mdp.39015008687850,54,17,0,Alice,PERSON,16,21
mdp.39015008687850,54,21,0,Mouth,PERSON,14,19
mdp.39015008687850,54,22,0,Melvin,PERSON,7,13
mdp.39015008687850,54,28,0,Today,DATE,1,6
mdp.39015008687850,55,2,0,Melvin,PERSON,16,22
mdp.39015008687850,55,8,0,Jersey,GPE,23,29
mdp.39015008687850,55,8,1,a few months ago,DATE,30,46
mdp.39015008687850,55,9,0,Rocky,PERSON,33,38
mdp.39015008687850,55,13,0,Rocky,PERSON,0,5
mdp.39015008687850,55,14,0,Alice,PERSON,41,46
mdp.39015008687850,55,15,0,Midgy,PERSON,0,5
mdp.39015008687850,55,16,0,Midgy,PERSON,6,11
mdp.39015008687850,55,18,0,Midgy,PERSON,15,20
mdp.39015008687850,55,23,0,Today,DATE,1,6
mdp.39015008687850,55,25,0,Alice,PERSON,8,13
mdp.39015008687850,56,0,0,another five years,DATE,65,83
mdp.39015008687850,56,4,0,Melvin,PERSON,32,38
mdp.39015008687850,56,8,0,Alice,PERSON,21,26
mdp.39015008687850,56,11,0,tonight,TIME,20,27
mdp.39015008687850,56,12,0,Melvin,PERSON,7,13
mdp.39015008687850,56,18,0,Alice,PERSON,7,12
mdp.39015008687850,57,3,0,a few feet,QUANTITY,69,79
mdp.39015008687850,57,8,0,Pauline,PERSON,6,13
mdp.39015008687850,57,8,1,Alice,PERSON,16,21
mdp.39015008687850,57,9,0,Pauline,PERSON,15,22
mdp.39015008687850,57,11,0,two,CARDINAL,33,36
mdp.39015008687850,57,12,0,two,CARDINAL,40,43
mdp.39015008687850,57,15,0,Mouth,PERSON,35,40
mdp.39015008687850,57,22,0,two,CARDINAL,12,15
mdp.39015008687850,57,23,0,Alice,PERSON,36,41
mdp.39015008687850,57,28,0,Mouth,PERSON,9,14
mdp.39015008687850,58,0,0,48,CARDINAL,0,2
mdp.39015008687850,58,1,0,Mouth,PERSON,28,33
mdp.39015008687850,58,4,0,Reatha,PERSON,62,68
mdp.39015008687850,58,6,0,Anita,PERSON,26,31
mdp.39015008687850,58,6,1,days,DATE,36,40
mdp.39015008687850,58,7,0,Melvin,PERSON,26,32
mdp.39015008687850,58,9,0,first,ORDINAL,49,54
mdp.39015008687850,58,18,0,Otis,PERSON,0,4
mdp.39015008687850,58,22,0,Loretta,PERSON,39,46
mdp.39015008687850,58,26,0,Melvin,PERSON,7,13
mdp.39015008687850,59,2,0,a few feet,QUANTITY,6,16
mdp.39015008687850,59,8,0,Loretta,PERSON,29,36
mdp.39015008687850,59,11,0,Loretta,PERSON,51,58
mdp.39015008687850,59,12,0,mackland,GPE,73,81
mdp.39015008687850,59,12,1,just one,CARDINAL,88,96
mdp.39015008687850,59,13,0,One,CARDINAL,1,4
mdp.39015008687850,59,13,1,Pauline,PERSON,23,30
mdp.39015008687850,59,13,2,Alice,PERSON,33,38
mdp.39015008687850,59,18,0,Alice,PERSON,31,36
mdp.39015008687850,59,23,0,Terry's,ORG,32,39
mdp.39015008687850,60,3,0,Otis,PERSON,15,19
mdp.39015008687850,60,8,0,Vietnam,EVENT,19,26
mdp.39015008687850,60,8,1,Alice,PERSON,29,34
mdp.39015008687850,60,11,0,Otis,PERSON,124,128
mdp.39015008687850,60,13,0,Harlem,GPE,64,70
mdp.39015008687850,60,13,1,WHIP,ORG,72,76
mdp.39015008687850,60,14,0,Pauline,PERSON,52,59
mdp.39015008687850,60,19,0,Mouth,PERSON,36,41
mdp.39015008687850,60,22,0,Mouth,PERSON,5,10
mdp.39015008687850,60,23,0,Otis,PERSON,55,59
mdp.39015008687850,61,1,0,Pauline,PERSON,12,19
mdp.39015008687850,61,6,0,Otis,PERSON,24,28
mdp.39015008687850,61,8,0,four-to-,TIME,14,22
mdp.39015008687850,61,10,0,128th,FAC,9,14
mdp.39015008687850,61,10,1,Seventh,FAC,19,26
mdp.39015008687850,61,12,0,six,TIME,13,16
mdp.39015008687850,61,15,0,Alice,PERSON,23,28
mdp.39015008687850,61,15,1,La Magnifique,FAC,107,120
mdp.39015008687850,61,18,0,Otis,PERSON,49,53
mdp.39015008687850,61,19,0,Fiftieth,FAC,38,46
mdp.39015008687850,61,19,1,Broadway,FAC,51,59
mdp.39015008687850,61,22,0,Pauline,PERSON,11,18
mdp.39015008687850,62,3,0,Otis,PERSON,0,4
mdp.39015008687850,62,6,0,125th Street,FAC,20,32
mdp.39015008687850,62,7,0,Seventh Avenue,FAC,17,31
mdp.39015008687850,63,4,0,more than thirteen,DATE,26,44
mdp.39015008687850,63,10,0,two,CARDINAL,45,48
mdp.39015008687850,63,16,0,Seventh Avenue,FAC,57,71
mdp.39015008687850,64,0,0,54,CARDINAL,0,2
mdp.39015008687850,64,1,0,Manhattan,GPE,95,104
mdp.39015008687850,64,15,0,about fifteen minutes,TIME,6,27
mdp.39015008687850,65,33,0,Otis,PERSON,33,37
mdp.39015008687850,66,17,0,Otis,PERSON,0,4
mdp.39015008687850,66,19,0,Otis,PERSON,42,46
mdp.39015008687850,66,20,0,one,CARDINAL,54,57
mdp.39015008687850,66,21,0,Otis,PERSON,52,56
mdp.39015008687850,66,21,1,Marines,ORG,80,87
mdp.39015008687850,66,22,0,One afternoon,TIME,0,13
mdp.39015008687850,66,22,1,my first semester,DATE,21,38
mdp.39015008687850,66,22,2,City College,ORG,42,54
mdp.39015008687850,66,24,0,third,ORDINAL,103,108
mdp.39015008687850,67,2,0,South,LOC,48,53
mdp.39015008687850,67,5,0,Theodore Sutherland,PERSON,11,30
mdp.39015008687850,67,7,0,Melvin Ellington,PERSON,1,17
mdp.39015008687850,67,8,0,about twenty,CARDINAL,11,23
mdp.39015008687850,67,11,0,Theodore,PERSON,0,8
mdp.39015008687850,67,11,1,one,CARDINAL,18,21
mdp.39015008687850,67,11,2,first,ORDINAL,64,69
mdp.39015008687850,67,12,0,second,ORDINAL,76,82
mdp.39015008687850,67,12,1,The Movement in the South,ORG,93,118
mdp.39015008687850,67,13,0,Alabama,GPE,71,78
mdp.39015008687850,67,13,1,Congress,ORG,143,151
mdp.39015008687850,67,13,2,the Justice Department,ORG,184,206
mdp.39015008687850,67,14,0,Secondly,ORDINAL,1,9
mdp.39015008687850,67,14,1,weekly,DATE,36,42
mdp.39015008687850,67,14,2,American,NORP,112,120
mdp.39015008687850,67,15,0,every Friday,DATE,142,154
mdp.39015008687850,67,17,0,Keith McDermott,PERSON,24,39
mdp.39015008687850,67,18,0,Theodore,PERSON,20,28
mdp.39015008687850,68,0,0,58,CARDINAL,0,2
mdp.39015008687850,68,0,1,one,CARDINAL,97,100
mdp.39015008687850,68,1,0,Theo,PERSON,6,10
mdp.39015008687850,68,5,0,one,CARDINAL,127,130
mdp.39015008687850,68,5,1,Ralph Ginzburg's,PERSON,139,155
mdp.39015008687850,68,5,2,One Hundred Years of Lynching,WORK_OF_ART,156,185
mdp.39015008687850,68,5,3,Theo,PERSON,205,209
mdp.39015008687850,68,5,4,one,CARDINAL,213,216
mdp.39015008687850,68,8,0,Theo,PERSON,19,23
mdp.39015008687850,68,11,0,next week,DATE,17,26
mdp.39015008687850,68,11,1,One Hundred Years of Lynching,WORK_OF_ART,97,126
mdp.39015008687850,68,13,0,one,CARDINAL,14,17
mdp.39015008687850,68,14,0,America,GPE,60,67
mdp.39015008687850,68,14,1,hundred-year,DATE,75,87
mdp.39015008687850,68,14,2,thousands,CARDINAL,121,130
mdp.39015008687850,69,1,0,Theo,PERSON,21,25
mdp.39015008687850,69,11,0,Movement,ORG,215,223
mdp.39015008687850,69,15,0,Theo,PERSON,9,13
mdp.39015008687850,69,16,0,Keith,PERSON,1,6
mdp.39015008687850,69,16,1,one,CARDINAL,31,34
mdp.39015008687850,69,17,0,Keith,PERSON,0,5
mdp.39015008687850,69,17,1,two,CARDINAL,39,42
mdp.39015008687850,69,18,0,Melvin,PERSON,13,19
mdp.39015008687850,70,19,0,Movement,ORG,36,44
mdp.39015008687850,71,0,0,Theo,PERSON,14,18
mdp.39015008687850,71,2,0,Theo,PERSON,0,4
mdp.39015008687850,71,2,1,Keith,PERSON,9,14
mdp.39015008687850,71,4,0,Theo,PERSON,11,15
mdp.39015008687850,71,16,0,"""Don't Make Me Over""",WORK_OF_ART,0,20
mdp.39015008687850,71,16,1,Dionne Warwick,PERSON,24,38
mdp.39015008687850,71,18,0,Two,CARDINAL,0,3
mdp.39015008687850,71,18,1,one,CARDINAL,11,14
mdp.39015008687850,71,22,0,first,ORDINAL,8,13
mdp.39015008687850,72,0,0,62,CARDINAL,0,2
mdp.39015008687850,72,15,0,Thunderbird,ORG,1,12
mdp.39015008687850,72,29,0,Keith,PERSON,28,33
mdp.39015008687850,73,0,0,second,ORDINAL,23,29
mdp.39015008687850,73,2,0,Keith,PERSON,25,30
mdp.39015008687850,73,3,0,Melvin,PERSON,8,14
mdp.39015008687850,73,5,0,Geneva,PERSON,5,11
mdp.39015008687850,73,6,0,Theo,PERSON,0,4
mdp.39015008687850,73,9,0,Movement,ORG,35,43
mdp.39015008687850,73,14,0,Alabama,GPE,64,71
mdp.39015008687850,73,17,0,Geneva,PERSON,0,6
mdp.39015008687850,73,19,0,Theo,PERSON,19,23
mdp.39015008687850,73,25,0,City,GPE,11,15
mdp.39015008687850,73,27,0,Hunter,PERSON,9,15
mdp.39015008687850,73,28,0,Theo,PERSON,6,10
mdp.39015008687850,73,32,0,Keith,PERSON,28,33
mdp.39015008687850,74,2,0,Theo,PERSON,34,38
mdp.39015008687850,74,7,0,Theo,PERSON,28,32
mdp.39015008687850,74,8,0,Gandhi,PERSON,28,34
mdp.39015008687850,74,9,0,Geneva,PERSON,0,6
mdp.39015008687850,74,11,0,Gandhi,PERSON,21,27
mdp.39015008687850,74,14,0,Theo,PERSON,4,8
mdp.39015008687850,74,18,0,two,CARDINAL,10,13
mdp.39015008687850,74,18,1,Theo,PERSON,47,51
mdp.39015008687850,74,19,0,Geneva,PERSON,30,36
mdp.39015008687850,74,20,0,Geneva,PERSON,26,32
mdp.39015008687850,75,0,0,Theo,PERSON,4,8
mdp.39015008687850,75,4,0,Theo,PERSON,0,4
mdp.39015008687850,75,4,1,Geneva,PERSON,65,71
mdp.39015008687850,75,5,0,Geneva,PERSON,21,27
mdp.39015008687850,75,13,0,the Five Per-Centers,ORG,27,47
mdp.39015008687850,75,13,1,only five percent,PERCENT,66,83
mdp.39015008687850,75,15,0,Five,CARDINAL,0,4
mdp.39015008687850,75,19,0,Geneva,PERSON,0,6
mdp.39015008687850,75,19,1,two,CARDINAL,12,15
mdp.39015008687850,75,20,0,Friday,DATE,4,10
mdp.39015008687850,75,20,1,night,TIME,11,16
mdp.39015008687850,76,0,0,66,CARDINAL,0,2
mdp.39015008687850,76,1,0,Malcolm,PERSON,5,12
mdp.39015008687850,76,1,1,Lewisohn Stadium,FAC,56,72
mdp.39015008687850,76,2,0,one,CARDINAL,6,9
mdp.39015008687850,76,2,1,hundred,CARDINAL,21,28
mdp.39015008687850,76,2,2,Malcolm,PERSON,115,122
mdp.39015008687850,76,3,0,first,ORDINAL,10,15
mdp.39015008687850,76,4,0,125th Street,FAC,61,73
mdp.39015008687850,76,6,0,Theo,PERSON,9,13
mdp.39015008687850,76,8,0,Malcolm,PERSON,20,27
mdp.39015008687850,76,11,0,America,GPE,40,47
mdp.39015008687850,76,11,1,the Declaration of Independence,WORK_OF_ART,148,179
mdp.39015008687850,76,13,0,Malcolm,PERSON,1,8
mdp.39015008687850,77,3,0,Malcolm,PERSON,10,17
mdp.39015008687850,77,6,0,Theo,PERSON,0,4
mdp.39015008687850,77,8,0,American,NORP,92,100
mdp.39015008687850,77,10,0,Malcolm,PERSON,169,176
mdp.39015008687850,77,18,0,Theo,PERSON,75,79
mdp.39015008687850,78,0,0,68,CARDINAL,0,2
mdp.39015008687850,78,1,0,the next few days,DATE,4,21
mdp.39015008687850,78,3,0,Theo,PERSON,0,4
mdp.39015008687850,78,8,0,Theo,PERSON,5,9
mdp.39015008687850,78,8,1,Keith,PERSON,50,55
mdp.39015008687850,78,9,0,Theo,PERSON,19,23
mdp.39015008687850,78,11,0,Theo,PERSON,32,36
mdp.39015008687850,78,15,0,Theo,PERSON,7,11
mdp.39015008687850,78,19,0,Theo,PERSON,16,20
mdp.39015008687850,78,23,0,a penny,MONEY,18,25
mdp.39015008687850,78,26,0,Johnson,PERSON,128,135
mdp.39015008687850,78,28,0,Theo,PERSON,28,32
mdp.39015008687850,78,31,0,Theo,PERSON,23,27
mdp.39015008687850,79,1,0,Geneva,PERSON,0,6
mdp.39015008687850,79,3,0,Theo,PERSON,0,4
mdp.39015008687850,79,3,1,Keith,PERSON,12,17
mdp.39015008687850,79,3,2,Manila,GPE,38,44
mdp.39015008687850,79,4,0,Keith,PERSON,60,65
mdp.39015008687850,79,5,0,Geneva,PERSON,41,47
mdp.39015008687850,79,7,0,Theo,PERSON,4,8
mdp.39015008687850,79,8,0,Keith,PERSON,21,26
mdp.39015008687850,79,8,1,Theo,PERSON,28,32
mdp.39015008687850,79,10,0,The Five Per-Centers,ORG,1,21
mdp.39015008687850,79,10,1,Theo,PERSON,54,58
mdp.39015008687850,79,17,0,a Minute Ago,TIME,55,67
mdp.39015008687850,79,18,0,Theo,PERSON,0,4
mdp.39015008687850,79,18,1,City,GPE,25,29
mdp.39015008687850,79,19,0,Thelonious Monk,PERSON,132,147
mdp.39015008687850,79,19,1,Little Rootie Tootie,WORK_OF_ART,160,180
mdp.39015008687850,79,19,2,"Straight,",WORK_OF_ART,184,193
mdp.39015008687850,80,0,0,70 No Chaser,WORK_OF_ART,0,12
mdp.39015008687850,80,0,1,Off Minor,WORK_OF_ART,51,60
mdp.39015008687850,80,0,2,"Ruby, My Dear",WORK_OF_ART,64,77
mdp.39015008687850,80,0,3,Crepuscule with Nellie,WORK_OF_ART,81,103
mdp.39015008687850,80,0,4,Round Midnight,WORK_OF_ART,112,126
mdp.39015008687850,80,1,0,our senior year,DATE,3,18
mdp.39015008687850,80,1,1,City,ORG,22,26
mdp.39015008687850,80,1,2,the Vietnam war,EVENT,152,167
mdp.39015008687850,80,2,0,Theo,PERSON,0,4
mdp.39015008687850,80,3,0,"the ""No Vietnamese Ever Called Me",ORG,13,46
mdp.39015008687850,80,4,0,"the ""Hell No, We Won't Go"" Brigade",ORG,31,65
mdp.39015008687850,80,5,0,Theo,PERSON,0,4
mdp.39015008687850,80,7,0,first,ORDINAL,7,12
mdp.39015008687850,80,7,1,Geneva,PERSON,59,65
mdp.39015008687850,80,10,0,Geneva,PERSON,1,7
mdp.39015008687850,80,14,0,Melvin,PERSON,0,6
mdp.39015008687850,80,16,0,Theo,PERSON,57,61
mdp.39015008687850,80,17,0,Theo,PERSON,15,19
mdp.39015008687850,80,19,0,Keith,PERSON,45,50
mdp.39015008687850,80,21,0,Keith,PERSON,17,22
mdp.39015008687850,81,1,0,Theo,PERSON,0,4
mdp.39015008687850,81,1,1,Keith,PERSON,108,113
mdp.39015008687850,81,1,2,first,ORDINAL,137,142
mdp.39015008687850,81,2,0,Keith,PERSON,46,51
mdp.39015008687850,81,7,0,Theo,PERSON,16,20
mdp.39015008687850,81,12,0,Theo,PERSON,31,35
mdp.39015008687850,81,15,0,Geneva,PERSON,27,33
mdp.39015008687850,81,15,1,Theo,PERSON,39,43
mdp.39015008687850,81,17,0,Melvin,PERSON,22,28
mdp.39015008687850,81,24,0,Theo,PERSON,7,11
mdp.39015008687850,81,26,0,Theo,PERSON,31,35
mdp.39015008687850,81,26,1,City,GPE,96,100
mdp.39015008687850,82,3,0,Geneva,GPE,33,39
mdp.39015008687850,82,3,1,the 'No Vietnamese Ever Called Me a Nigger' Caucus,ORG,63,113
mdp.39015008687850,82,4,0,first,ORDINAL,17,22
mdp.39015008687850,82,4,1,the Selective Service System,ORG,80,108
mdp.39015008687850,82,6,0,Johnson,PERSON,51,58
mdp.39015008687850,82,6,1,Vietnam,GPE,70,77
mdp.39015008687850,82,10,0,a minute,TIME,6,14
mdp.39015008687850,82,12,0,Melvin,PERSON,1,7
mdp.39015008687850,82,12,1,Theo,PERSON,10,14
mdp.39015008687850,83,0,0,73,CARDINAL,0,2
mdp.39015008687850,83,9,0,Theo,PERSON,16,20
mdp.39015008687850,83,12,0,Theo,PERSON,73,77
mdp.39015008687850,83,17,0,an Uncle Tom,PERSON,16,28
mdp.39015008687850,83,18,0,Gunga Din,PERSON,5,14
mdp.39015008687850,83,19,0,Tom,PERSON,2,5
mdp.39015008687850,83,19,1,a Gunga Din,PERSON,31,42
mdp.39015008687850,83,21,0,Geneva,PERSON,20,26
mdp.39015008687850,84,0,0,74,CARDINAL,0,2
mdp.39015008687850,84,1,0,a Gunga Din,NORP,47,58
mdp.39015008687850,84,3,0,a minute,TIME,6,14
mdp.39015008687850,84,4,0,Theo,PERSON,25,29
mdp.39015008687850,84,8,0,Vietnamese,NORP,13,23
mdp.39015008687850,84,9,0,Vietnamese,NORP,17,27
mdp.39015008687850,84,10,0,Theo,PERSON,0,4
mdp.39015008687850,84,12,0,"the ""No Vietnamese",ORG,29,47
mdp.39015008687850,84,14,0,Geneva,PERSON,12,18
mdp.39015008687850,84,16,0,Theo,PERSON,54,58
mdp.39015008687850,84,16,1,dozens,CARDINAL,87,93
mdp.39015008687850,84,16,2,America,GPE,99,106
mdp.39015008687850,84,17,0,the Selective Service System,ORG,51,79
mdp.39015008687850,84,17,1,Mississippi,GPE,191,202
mdp.39015008687850,85,0,0,75,CARDINAL,0,2
mdp.39015008687850,85,0,1,a matter of weeks,DATE,10,27
mdp.39015008687850,85,2,0,Theo,PERSON,38,42
mdp.39015008687850,85,3,0,Theo,PERSON,95,99
mdp.39015008687850,85,7,0,today,DATE,29,34
mdp.39015008687850,85,7,1,Keith,PERSON,41,46
mdp.39015008687850,85,9,0,Johnson,PERSON,89,96
mdp.39015008687850,85,11,0,Keith,PERSON,0,5
mdp.39015008687850,85,13,0,Keith,PERSON,0,5
mdp.39015008687850,85,18,0,Theo,PERSON,1,5
mdp.39015008687850,85,20,0,Keith,PERSON,4,9
mdp.39015008687850,86,3,0,every day,DATE,33,42
mdp.39015008687850,86,4,0,Keith,PERSON,29,34
mdp.39015008687850,86,8,0,Geneva,GPE,11,17
mdp.39015008687850,86,14,0,First,ORDINAL,0,5
mdp.39015008687850,86,14,1,Malcolm,PERSON,6,13
mdp.39015008687850,86,14,2,Keith,PERSON,19,24
mdp.39015008687850,86,15,0,America,GPE,81,88
mdp.39015008687850,86,17,0,Theo,PERSON,0,4
mdp.39015008687850,86,19,0,Theo,PERSON,49,53
mdp.39015008687850,86,19,1,one,CARDINAL,60,63
mdp.39015008687850,86,19,2,Harlem,GPE,142,148
mdp.39015008687850,86,20,0,Theo,PERSON,7,11
mdp.39015008687850,86,21,0,Theo,PERSON,20,24
mdp.39015008687850,86,23,0,Keith,PERSON,16,21
mdp.39015008687850,87,0,0,Keith,PERSON,56,61
mdp.39015008687850,87,0,1,Theo,PERSON,66,70
mdp.39015008687850,87,1,0,Pauline,PERSON,24,31
mdp.39015008687850,87,2,0,Chilly,PERSON,0,6
mdp.39015008687850,87,3,0,Geneva,GPE,0,6
mdp.39015008687850,88,7,0,Pops,PERSON,0,4
mdp.39015008687850,88,7,1,about two hundred pounds,QUANTITY,63,87
mdp.39015008687850,88,8,0,Melvin,PERSON,1,7
mdp.39015008687850,88,14,0,Clara,PERSON,38,43
mdp.39015008687850,88,16,0,Clara,PERSON,22,27
mdp.39015008687850,88,17,0,Melvin,PERSON,10,16
mdp.39015008687850,88,18,0,Melvin,PERSON,0,6
mdp.39015008687850,88,20,0,Arthur,PERSON,19,25
mdp.39015008687850,89,0,0,79,CARDINAL,0,2
mdp.39015008687850,89,2,0,Watusi,PERSON,43,49
mdp.39015008687850,89,2,1,Pygmy,PRODUCT,56,61
mdp.39015008687850,89,8,0,Debra,PERSON,7,12
mdp.39015008687850,89,10,0,Melvin,PERSON,10,16
mdp.39015008687850,89,11,0,a minute,TIME,6,14
mdp.39015008687850,89,11,1,Rachel,PERSON,16,22
mdp.39015008687850,89,13,0,first,ORDINAL,21,26
mdp.39015008687850,89,15,0,Melvin,PERSON,32,38
mdp.39015008687850,89,18,0,Ellington,PERSON,21,30
mdp.39015008687850,89,20,0,Ellington,PERSON,27,36
mdp.39015008687850,89,21,0,Duke Ellington,PERSON,35,49
mdp.39015008687850,89,22,0,Ellington,PERSON,37,46
mdp.39015008687850,89,24,0,Pops,PERSON,46,50
mdp.39015008687850,89,25,0,Ellington,PERSON,54,63
mdp.39015008687850,89,25,1,Diminuendo and Crescendo in Blue,WORK_OF_ART,79,111
mdp.39015008687850,89,25,2,Ellington at Newport,WORK_OF_ART,135,155
mdp.39015008687850,89,25,3,1956,DATE,156,160
mdp.39015008687850,89,26,0,Pops,PERSON,0,4
mdp.39015008687850,90,2,0,Paul Gonsalves,PERSON,69,83
mdp.39015008687850,90,2,1,twenty-seven,CARDINAL,100,112
mdp.39015008687850,90,3,0,Gonsalves,PERSON,46,55
mdp.39015008687850,90,3,1,twenty-seven,CARDINAL,145,157
mdp.39015008687850,90,4,0,Duke Ellington,PERSON,54,68
mdp.39015008687850,90,4,1,twenty,CARDINAL,91,97
mdp.39015008687850,90,4,2,seven,CARDINAL,98,103
mdp.39015008687850,90,4,3,Paul Gonsalves,PERSON,119,133
mdp.39015008687850,90,9,0,Melvin,PERSON,35,41
mdp.39015008687850,90,12,0,Rachel,PERSON,1,7
mdp.39015008687850,90,14,0,Walter,PERSON,33,39
mdp.39015008687850,90,15,0,Melvin,PERSON,7,13
mdp.39015008687850,91,0,0,Pops,PERSON,15,19
mdp.39015008687850,91,9,0,Melvin,PERSON,1,7
mdp.39015008687850,91,10,0,Muslim,NORP,13,19
mdp.39015008687850,91,11,0,Muslim,NORP,21,27
mdp.39015008687850,91,12,0,Pops,PERSON,45,49
mdp.39015008687850,91,14,0,Walter,PERSON,17,23
mdp.39015008687850,91,15,0,Melvin,PERSON,3,9
mdp.39015008687850,91,19,0,Debra,PERSON,75,80
mdp.39015008687850,91,24,0,Pops,PERSON,14,18
mdp.39015008687850,92,4,0,Arthur,PERSON,87,93
mdp.39015008687850,92,5,0,first,ORDINAL,11,16
mdp.39015008687850,92,7,0,Arthur,PERSON,112,118
mdp.39015008687850,93,1,0,Melvin,PERSON,31,37
mdp.39015008687850,93,12,0,years before,DATE,39,51
mdp.39015008687850,93,13,0,Melvin,PERSON,23,29
mdp.39015008687850,93,14,0,Fifteen,DATE,1,8
mdp.39015008687850,94,6,0,first,ORDINAL,37,42
mdp.39015008687850,94,6,1,about a month,DATE,97,110
mdp.39015008687850,94,12,0,Pops,PERSON,14,18
mdp.39015008687850,95,11,0,Pops,PERSON,14,18
mdp.39015008687850,95,12,0,two years ago,DATE,26,39
mdp.39015008687850,95,14,0,Pops,PERSON,23,27
mdp.39015008687850,96,0,0,Ellington,PERSON,10,19
mdp.39015008687850,96,8,0,one,CARDINAL,67,70
mdp.39015008687850,96,10,0,three,CARDINAL,65,70
mdp.39015008687850,96,13,0,Melvin,PERSON,0,6
mdp.39015008687850,96,13,1,Muslim,NORP,63,69
mdp.39015008687850,96,17,0,Muslim,NORP,46,52
mdp.39015008687850,96,19,0,Muslim,NORP,29,35
mdp.39015008687850,96,21,0,Muslims,NORP,5,12
mdp.39015008687850,96,23,0,Melvin,PERSON,1,7
mdp.39015008687850,96,23,1,only one,CARDINAL,17,25
mdp.39015008687850,96,23,2,only one,CARDINAL,45,53
mdp.39015008687850,96,24,0,Arabic,LANGUAGE,16,22
mdp.39015008687850,96,25,0,Arabic,LANGUAGE,30,36
mdp.39015008687850,96,26,0,English,LANGUAGE,47,54
mdp.39015008687850,96,27,0,English,LANGUAGE,11,18
mdp.39015008687850,97,1,0,America,GPE,27,34
mdp.39015008687850,97,2,0,English,LANGUAGE,42,49
mdp.39015008687850,97,4,0,Arabic,LANGUAGE,24,30
mdp.39015008687850,97,4,1,Arabia,GPE,51,57
mdp.39015008687850,97,7,0,Melvin,PERSON,27,33
mdp.39015008687850,97,10,0,Melvin,PERSON,1,7
mdp.39015008687850,97,18,0,The day,DATE,0,7
mdp.39015008687850,97,19,0,Melvin,PERSON,16,22
mdp.39015008687850,97,22,0,three years,DATE,7,18
mdp.39015008687850,97,25,0,first,ORDINAL,94,99
mdp.39015008687850,98,8,0,Melvin,PERSON,44,50
mdp.39015008687850,98,9,0,Miz Cotton,PERSON,16,26
mdp.39015008687850,98,18,0,Melvin,PERSON,1,7
mdp.39015008687850,98,20,0,Melvin,PERSON,11,17
mdp.39015008687850,99,0,0,Otis,PERSON,33,37
mdp.39015008687850,99,1,0,Debra,PERSON,0,5
mdp.39015008687850,99,1,1,Manhattan,GPE,65,74
mdp.39015008687850,99,9,0,the Metropolitan Transit Authority,ORG,29,63
mdp.39015008687850,99,11,0,Otis,PERSON,41,45
mdp.39015008687850,100,1,0,Eighth Avenue,FAC,3,16
mdp.39015008687850,100,2,0,Muhammad Speaks,PERSON,1,16
mdp.39015008687850,100,8,0,Muhammad Speaks,PERSON,13,28
mdp.39015008687850,100,16,0,quarter,CARDINAL,7,14
mdp.39015008687850,100,18,0,America,GPE,38,45
mdp.39015008687850,102,1,0,Balling the Jack,WORK_OF_ART,31,47
mdp.39015008687850,102,1,1,the Eagle Rock,WORK_OF_ART,49,63
mdp.39015008687850,102,1,2,the Camel Walk,WORK_OF_ART,69,83
mdp.39015008687850,102,7,0,Four,CARDINAL,0,4
mdp.39015008687850,102,9,0,third,ORDINAL,7,12
mdp.39015008687850,102,11,0,Otis Edwards,PERSON,17,29
mdp.39015008687850,102,15,0,Melvin Ellington,PERSON,1,17
mdp.39015008687850,102,22,0,Otis,PERSON,7,11
mdp.39015008687850,103,0,0,93,CARDINAL,0,2
mdp.39015008687850,103,6,0,Otis,PERSON,15,19
mdp.39015008687850,103,7,0,Mouth,PERSON,25,30
mdp.39015008687850,103,8,0,Nam,EVENT,37,40
mdp.39015008687850,103,16,0,Pauline,PERSON,12,19
mdp.39015008687850,103,16,1,Alice,PERSON,24,29
mdp.39015008687850,103,16,2,Rocky's,ORG,33,40
mdp.39015008687850,103,21,0,Almost six years,DATE,0,16
mdp.39015008687850,103,26,0,Today,DATE,1,6
mdp.39015008687850,104,0,0,a minute,TIME,27,35
mdp.39015008687850,104,3,0,A few feet,QUANTITY,0,10
mdp.39015008687850,104,5,0,Otis,PERSON,29,33
mdp.39015008687850,104,17,0,Otis,PERSON,15,19
mdp.39015008687850,104,18,0,a minute,TIME,6,14
mdp.39015008687850,105,0,0,95,CARDINAL,0,2
mdp.39015008687850,105,10,0,Otis,PERSON,27,31
mdp.39015008687850,105,15,0,Vietnam,FAC,13,20
mdp.39015008687850,105,15,1,Vietnam,GPE,45,52
mdp.39015008687850,105,20,0,Mouth,PERSON,22,27
mdp.39015008687850,105,23,0,Two years,DATE,1,10
mdp.39015008687850,106,13,0,Otis,PERSON,7,11
mdp.39015008687850,106,13,1,Nam,GPE,78,81
mdp.39015008687850,106,19,0,Marines,ORG,43,50
mdp.39015008687850,106,20,0,Otis,PERSON,15,19
mdp.39015008687850,106,24,0,the Marine Prayer,WORK_OF_ART,13,30
mdp.39015008687850,106,27,0,Marine Prayer,WORK_OF_ART,6,19
mdp.39015008687850,106,27,1,Nam,GPE,44,47
mdp.39015008687850,106,28,0,Vietnamese,NORP,4,14
mdp.39015008687850,106,32,0,the next morning,TIME,41,57
mdp.39015008687850,106,33,0,Halls,PERSON,65,70
mdp.39015008687850,106,33,1,Montezuma,GPE,74,83
mdp.39015008687850,107,3,0,Three,CARDINAL,0,5
mdp.39015008687850,107,3,1,one,CARDINAL,44,47
mdp.39015008687850,107,8,0,tonight,TIME,78,85
mdp.39015008687850,107,9,0,Alice,PERSON,1,6
mdp.39015008687850,107,9,1,Pauline,PERSON,11,18
mdp.39015008687850,107,9,2,La Magnifique,FAC,51,64
mdp.39015008687850,107,11,0,the Queen Bee,WORK_OF_ART,12,25
mdp.39015008687850,107,11,1,the Goodyear Blimp,WORK_OF_ART,30,48
mdp.39015008687850,107,12,0,La Magnifique,FAC,0,13
mdp.39015008687850,107,14,0,two years,DATE,105,114
mdp.39015008687850,107,23,0,Otis,PERSON,0,4
mdp.39015008687850,107,26,0,John Wayne,PERSON,71,81
mdp.39015008687850,108,0,0,John Wayne,PERSON,29,39
mdp.39015008687850,108,0,1,West,LOC,95,99
mdp.39015008687850,108,1,0,World War II,EVENT,97,109
mdp.39015008687850,108,2,0,Yakima Canutt,PERSON,77,90
mdp.39015008687850,108,3,0,Duke,PERSON,31,35
mdp.39015008687850,108,3,1,the Department of Interior,ORG,100,126
mdp.39015008687850,108,3,2,Indians,NORP,148,155
mdp.39015008687850,108,4,0,Indians,NORP,47,54
mdp.39015008687850,108,5,0,Duke,PERSON,4,8
mdp.39015008687850,108,5,1,Yakima,GPE,23,29
mdp.39015008687850,108,6,0,first,ORDINAL,13,18
mdp.39015008687850,108,6,1,John Wayne,PERSON,25,35
mdp.39015008687850,108,7,0,Alcatraz,FAC,36,44
mdp.39015008687850,108,7,1,Indian,NORP,56,62
mdp.39015008687850,108,8,0,Duke,PERSON,27,31
mdp.39015008687850,108,8,1,Iron Eyes Cody,PERSON,43,57
mdp.39015008687850,108,8,2,Indian,NORP,63,69
mdp.39015008687850,108,9,0,the Pacific Ocean,LOC,25,42
mdp.39015008687850,108,9,1,Bogart,PERSON,56,62
mdp.39015008687850,108,10,0,Woody Strode,PERSON,27,39
mdp.39015008687850,108,10,1,Sergeant Rutledge,ORG,58,75
mdp.39015008687850,108,16,0,John Wayne,PERSON,11,21
mdp.39015008687850,109,2,0,Nam,GPE,102,105
mdp.39015008687850,109,6,0,WHIP,ORG,27,31
mdp.39015008687850,109,7,0,one,CARDINAL,8,11
mdp.39015008687850,109,7,1,T.V.,ORG,12,16
mdp.39015008687850,109,8,0,late night,TIME,38,48
mdp.39015008687850,109,9,0,John Wayne's,PERSON,58,70
mdp.39015008687850,109,12,0,Mouth,PERSON,11,16
mdp.39015008687850,109,17,0,tonight,TIME,12,19
mdp.39015008687850,109,18,0,John Wayne,PERSON,88,98
mdp.39015008687850,109,19,0,the two years,DATE,31,44
mdp.39015008687850,109,21,0,Mouth,PERSON,27,32
mdp.39015008687850,110,5,0,Otis deBut,PERSON,19,29
mdp.39015008687850,110,7,0,Otis,PERSON,78,82
mdp.39015008687850,110,10,0,first,ORDINAL,8,13
mdp.39015008687850,111,0,0,Ellington,PERSON,26,35
mdp.39015008687850,111,1,0,Jason Rich,PERSON,5,15
mdp.39015008687850,111,8,0,Three years,DATE,1,12
mdp.39015008687850,111,9,0,nickel,MONEY,16,22
mdp.39015008687850,111,10,0,two years,DATE,18,27
mdp.39015008687850,111,20,0,Vietnam,GPE,97,104
mdp.39015008687850,111,21,0,Southeast Asia,LOC,69,83
mdp.39015008687850,111,22,0,Atticas,NORP,49,56
mdp.39015008687850,111,23,0,Jason,PERSON,31,36
mdp.39015008687850,111,26,0,Attica,PERSON,0,6
mdp.39015008687850,112,0,0,102,CARDINAL,0,3
mdp.39015008687850,112,0,1,Attica,PERSON,71,77
mdp.39015008687850,112,3,0,Jason,PERSON,38,43
mdp.39015008687850,112,17,0,a minute,TIME,91,99
mdp.39015008687850,113,5,0,a minute,TIME,6,14
mdp.39015008687850,113,5,1,Ellington,PERSON,16,25
mdp.39015008687850,114,0,0,Otis,PERSON,8,12
mdp.39015008687850,114,0,1,my first day,DATE,135,147
mdp.39015008687850,114,2,0,La Magnifique,FAC,22,35
mdp.39015008687850,114,4,0,Lenox Avenue,FAC,19,31
mdp.39015008687850,114,5,0,Fiftieth,FAC,1,9
mdp.39015008687850,114,5,1,Broadway,FAC,14,22
mdp.39015008687850,114,5,2,Otis,PERSON,25,29
mdp.39015008687850,114,7,0,night,TIME,48,53
mdp.39015008687850,114,8,0,weekends,DATE,15,23
mdp.39015008687850,114,9,0,a Friday,DATE,12,20
mdp.39015008687850,114,10,0,Two,CARDINAL,0,3
mdp.39015008687850,114,12,0,Otis,PERSON,75,79
mdp.39015008687850,114,13,0,two,CARDINAL,5,8
mdp.39015008687850,114,15,0,Otis,PERSON,30,34
mdp.39015008687850,115,1,0,Otis,PERSON,30,34
mdp.39015008687850,115,3,0,Alice,PERSON,28,33
mdp.39015008687850,115,7,0,all day,DATE,52,59
mdp.39015008687850,115,8,0,Alice,PERSON,30,35
mdp.39015008687850,115,13,0,the last two years,DATE,39,57
mdp.39015008687850,115,16,0,Otis,PERSON,0,4
mdp.39015008687850,115,17,0,these days,DATE,36,46
mdp.39015008687850,115,21,0,Pops,PERSON,48,52
mdp.39015008687850,115,28,0,Mason-Dixon,FAC,67,78
mdp.39015008687850,115,30,0,Pops,PERSON,18,22
mdp.39015008687850,115,33,0,Friday,DATE,34,40
mdp.39015008687850,115,33,1,the weekend,DATE,63,74
mdp.39015008687850,116,1,0,Otis,PERSON,39,43
mdp.39015008687850,116,9,0,V.D.,PERSON,44,48
mdp.39015008687850,116,12,0,Jubilee,PERSON,25,32
mdp.39015008687850,116,13,0,Jubilee,PERSON,41,48
mdp.39015008687850,116,14,0,first,ORDINAL,3,8
mdp.39015008687850,116,15,0,this year,DATE,50,59
mdp.39015008687850,116,22,0,next month,DATE,87,97
mdp.39015008687850,116,23,0,eighteen months,DATE,74,89
mdp.39015008687850,117,0,0,107,CARDINAL,0,3
mdp.39015008687850,117,4,0,Ellington,PERSON,6,15
mdp.39015008687850,117,4,1,V.D.,PERSON,60,64
mdp.39015008687850,117,4,2,Hardknocks,PERSON,76,86
mdp.39015008687850,117,8,0,Jubilee,PERSON,0,7
mdp.39015008687850,117,9,0,V.D.,PERSON,0,4
mdp.39015008687850,117,13,0,Mouth,PERSON,10,15
mdp.39015008687850,117,15,0,Otis,PERSON,0,4
mdp.39015008687850,117,16,0,V.D.,PERSON,29,33
mdp.39015008687850,118,0,0,L a Magnifique,ORG,0,14
mdp.39015008687850,118,1,0,two years,DATE,21,30
mdp.39015008687850,118,1,1,Pennsylvania,GPE,40,52
mdp.39015008687850,118,2,0,Otis,PERSON,13,17
mdp.39015008687850,118,8,0,Jungle Boogie,WORK_OF_ART,89,102
mdp.39015008687850,118,8,1,Kool and the Gang,ORG,109,126
mdp.39015008687850,119,0,0,I'll Be Sweeter Today Than,WORK_OF_ART,67,93
mdp.39015008687850,119,0,1,Yesterday,DATE,100,109
mdp.39015008687850,119,2,0,third,ORDINAL,52,57
mdp.39015008687850,119,3,0,Mouth,PERSON,25,30
mdp.39015008687850,119,3,1,one,CARDINAL,62,65
mdp.39015008687850,119,4,0,Otis,PERSON,0,4
mdp.39015008687850,119,10,0,first,ORDINAL,27,32
mdp.39015008687850,120,3,0,Pauline,PERSON,7,14
mdp.39015008687850,120,3,1,Alice,PERSON,21,26
mdp.39015008687850,120,4,0,Mouth,PERSON,7,12
mdp.39015008687850,120,4,1,Pauline,PERSON,15,22
mdp.39015008687850,120,4,2,Indian,NORP,59,65
mdp.39015008687850,120,8,0,this week,DATE,14,23
mdp.39015008687850,120,8,1,Slick Swanson,PERSON,159,172
mdp.39015008687850,120,8,2,WHIP,ORG,190,194
mdp.39015008687850,120,10,0,a week,DATE,44,50
mdp.39015008687850,120,10,1,WHIP,ORG,64,68
mdp.39015008687850,120,11,0,Otis,PERSON,99,103
mdp.39015008687850,120,12,0,Otis,PERSON,5,9
mdp.39015008687850,120,12,1,Alice,PERSON,12,17
mdp.39015008687850,120,13,0,Pauline,PERSON,0,7
mdp.39015008687850,120,19,0,Alice,PERSON,10,15
mdp.39015008687850,120,24,0,Pauline,PERSON,7,14
mdp.39015008687850,121,0,0,111,CARDINAL,0,3
mdp.39015008687850,121,4,0,Pauline,PERSON,0,7
mdp.39015008687850,121,6,0,Alice,PERSON,39,44
mdp.39015008687850,121,9,0,Alice,PERSON,35,40
mdp.39015008687850,121,11,0,Otis,PERSON,17,21
mdp.39015008687850,121,13,0,Otis,PERSON,40,44
mdp.39015008687850,121,14,0,Mouth,PERSON,27,32
mdp.39015008687850,121,21,0,one,CARDINAL,134,137
mdp.39015008687850,121,21,1,two,QUANTITY,164,167
mdp.39015008687850,122,0,0,112,CARDINAL,0,3
mdp.39015008687850,122,3,0,second,ORDINAL,14,20
mdp.39015008687850,122,7,0,Alice,PERSON,25,30
mdp.39015008687850,122,9,0,two years,DATE,45,54
mdp.39015008687850,122,20,0,Otis,PERSON,6,10
mdp.39015008687850,122,21,0,second,ORDINAL,51,57
mdp.39015008687850,123,0,0,Alice,PERSON,12,17
mdp.39015008687850,123,6,0,Pauline,PERSON,20,27
mdp.39015008687850,123,7,0,Pauline,PERSON,9,16
mdp.39015008687850,123,13,0,three o'clock in the morning,TIME,64,92
mdp.39015008687850,123,15,0,tonight,TIME,18,25
mdp.39015008687850,123,19,0,Alice,PERSON,7,12
mdp.39015008687850,124,0,0,Pauline,PERSON,65,72
mdp.39015008687850,124,2,0,Melvin,PERSON,25,31
mdp.39015008687850,124,5,0,Pauline,PERSON,18,25
mdp.39015008687850,124,6,0,Mouth,PERSON,27,32
mdp.39015008687850,124,11,0,Pauline,PERSON,21,28
mdp.39015008687850,124,15,0,Otis,PERSON,7,11
mdp.39015008687850,124,23,0,Johnny,PERSON,10,16
mdp.39015008687850,124,26,0,Otis,GPE,46,50
mdp.39015008687850,125,0,0,Otis,PERSON,13,17
mdp.39015008687850,125,4,0,T'ai Chi,ORG,48,56
mdp.39015008687850,125,10,0,Otis,PERSON,0,4
mdp.39015008687850,125,11,0,Pauline,PERSON,30,37
mdp.39015008687850,125,15,0,Muhammad Ali,PERSON,33,45
mdp.39015008687850,125,20,0,Johnny,PERSON,9,15
mdp.39015008687850,125,24,0,Johnny,PERSON,9,15
mdp.39015008687850,126,0,0,116,CARDINAL,0,3
mdp.39015008687850,126,0,1,Otis,PERSON,27,31
mdp.39015008687850,126,5,0,a minute,TIME,57,65
mdp.39015008687850,126,7,0,Pauline,PERSON,36,43
mdp.39015008687850,126,10,0,two,CARDINAL,10,13
mdp.39015008687850,126,15,0,Alice,PERSON,0,5
mdp.39015008687850,126,29,0,Pauline,PERSON,14,21
mdp.39015008687850,127,6,0,the World Series,EVENT,64,80
mdp.39015008687850,128,0,0,Riverside Drive,FAC,46,61
mdp.39015008687850,128,0,1,the Hudson River,LOC,74,90
mdp.39015008687850,128,0,2,the George Washington Bridge,FAC,109,137
mdp.39015008687850,128,1,0,Alice,PERSON,1,6
mdp.39015008687850,128,4,0,Norma,PERSON,45,50
mdp.39015008687850,128,6,0,Pauline,PERSON,8,15
mdp.39015008687850,128,6,1,Melvin,PERSON,17,23
mdp.39015008687850,128,6,2,Otis,PERSON,29,33
mdp.39015008687850,128,11,0,years,DATE,36,41
mdp.39015008687850,128,12,0,Herbie Mann,PERSON,132,143
mdp.39015008687850,128,12,1,Johnny Pacheco,PERSON,148,162
mdp.39015008687850,128,12,2,Esquire,ORG,178,185
mdp.39015008687850,128,12,3,Coattails,ORG,204,213
mdp.39015008687850,128,12,4,Thursday,DATE,217,225
mdp.39015008687850,128,12,5,City College,ORG,236,248
mdp.39015008687850,128,12,6,the Kappa House,FAC,261,276
mdp.39015008687850,129,0,0,Central State,ORG,33,46
mdp.39015008687850,129,0,1,Hampton Institute,ORG,48,65
mdp.39015008687850,129,0,2,Virginia Union,ORG,71,85
mdp.39015008687850,129,4,0,I Only Have Eyes for You,WORK_OF_ART,1,25
mdp.39015008687850,129,4,1,Flamingos,ORG,44,53
mdp.39015008687850,129,5,0,Lonnie Youngbloods,PERSON,89,107
mdp.39015008687850,129,5,1,Sassy Shirleys,PERSON,112,126
mdp.39015008687850,129,9,0,Alice,PERSON,57,62
mdp.39015008687850,129,12,0,Otis,PERSON,0,4
mdp.39015008687850,129,13,0,Norma,PERSON,7,12
mdp.39015008687850,129,16,0,Norma,PERSON,6,11
mdp.39015008687850,130,4,0,Two,CARDINAL,0,3
mdp.39015008687850,130,15,0,Mouth,PERSON,5,10
mdp.39015008687850,130,17,0,Alice,PERSON,20,25
mdp.39015008687850,130,23,0,Norma,PERSON,41,46
mdp.39015008687850,130,26,0,Alice,PERSON,0,5
mdp.39015008687850,130,26,1,Norma,PERSON,10,15
mdp.39015008687850,130,30,0,Alice,PERSON,17,22
mdp.39015008687850,130,32,0,two,CARDINAL,67,70
mdp.39015008687850,131,10,0,the Gentlemen of Quality,ORG,153,177
mdp.39015008687850,131,11,0,Peter Prep,PERSON,8,18
mdp.39015008687850,131,19,0,British,NORP,22,29
mdp.39015008687850,131,19,1,Scotland,GPE,57,65
mdp.39015008687850,131,19,2,three,CARDINAL,69,74
mdp.39015008687850,132,9,0,five,CARDINAL,60,64
mdp.39015008687850,132,12,0,the Gentlemen of Quality,WORK_OF_ART,47,71
mdp.39015008687850,132,15,0,Peter Prep,PERSON,20,30
mdp.39015008687850,132,18,0,1964,DATE,16,20
mdp.39015008687850,132,18,1,the Forty-Second Street Library,ORG,24,55
mdp.39015008687850,132,26,0,Peter Prep,PERSON,14,24
mdp.39015008687850,133,2,0,Booksnake,PERSON,16,25
mdp.39015008687850,133,4,0,Booksnake,PERSON,8,17
mdp.39015008687850,133,6,0,Booksnake,PERSON,20,29
mdp.39015008687850,133,6,1,Forty-Second Street Library,FAC,54,81
mdp.39015008687850,133,6,2,one,CARDINAL,100,103
mdp.39015008687850,133,7,0,Creedmoor,FAC,20,29
mdp.39015008687850,133,25,0,about five or six,CARDINAL,12,29
mdp.39015008687850,133,25,1,one,CARDINAL,48,51
mdp.39015008687850,133,26,0,Gloria Lynne,PERSON,145,157
mdp.39015008687850,134,2,0,Gloria,PERSON,16,22
mdp.39015008687850,134,5,0,a day,DATE,43,48
mdp.39015008687850,134,7,0,Gloria,PERSON,86,92
mdp.39015008687850,134,12,0,Sir Rap a Lot,PERSON,5,18
mdp.39015008687850,134,13,0,the Dixie Peach,LOC,14,29
mdp.39015008687850,134,13,1,the Big Apple,LOC,44,57
mdp.39015008687850,135,0,0,125,CARDINAL,0,3
mdp.39015008687850,135,17,0,Just a minute,TIME,1,14
mdp.39015008687850,135,20,0,Rap a Lot,PERSON,21,30
mdp.39015008687850,135,20,1,Trouble Is a Man,WORK_OF_ART,170,186
mdp.39015008687850,135,23,0,one,CARDINAL,72,75
mdp.39015008687850,135,28,0,the last two years,DATE,101,119
mdp.39015008687850,136,3,0,Pauline,PERSON,42,49
mdp.39015008687850,136,11,0,Pauline,PERSON,13,20
mdp.39015008687850,136,25,0,five,CARDINAL,58,62
mdp.39015008687850,136,26,0,Alice,PERSON,58,63
mdp.39015008687850,137,0,0,my week,DATE,14,21
mdp.39015008687850,137,1,0,Pauline,PERSON,27,34
mdp.39015008687850,137,2,0,Alice,PERSON,66,71
mdp.39015008687850,137,9,0,Otis,PERSON,27,31
mdp.39015008687850,137,9,1,Pauline,PERSON,36,43
mdp.39015008687850,137,15,0,Mouth,PERSON,22,27
mdp.39015008687850,137,19,0,Pauline,PERSON,18,25
mdp.39015008687850,137,28,0,Melvin,PERSON,16,22
mdp.39015008687850,138,1,0,Marcy Jones,PERSON,25,36
mdp.39015008687850,138,5,0,about seventeen,DATE,7,22
mdp.39015008687850,138,5,1,Easter,DATE,66,72
mdp.39015008687850,138,7,0,The Heartbeats,WORK_OF_ART,31,45
mdp.39015008687850,138,8,0,You're a Thousand Miles Away,WORK_OF_ART,1,29
mdp.39015008687850,138,9,0,Marcy,PERSON,46,51
mdp.39015008687850,138,14,0,Melvin,PERSON,15,21
mdp.39015008687850,138,26,0,almost four,TIME,6,17
mdp.39015008687850,138,29,0,first,ORDINAL,24,29
mdp.39015008687850,139,9,0,Melvin,PERSON,25,31
mdp.39015008687850,139,12,0,Melvin,PERSON,24,30
mdp.39015008687850,139,16,0,Pauline,PERSON,38,45
mdp.39015008687850,139,16,1,Otis,PERSON,50,54
mdp.39015008687850,139,18,0,Otis,PERSON,32,36
mdp.39015008687850,139,19,0,Alice,PERSON,39,44
mdp.39015008687850,139,22,0,Alice,PERSON,1,6
mdp.39015008687850,139,23,0,a minute,TIME,17,25
mdp.39015008687850,139,23,1,Mouth,PERSON,27,32
mdp.39015008687850,139,25,0,Alice,PERSON,16,21
mdp.39015008687850,139,26,0,Pauline,PERSON,18,25
mdp.39015008687850,139,28,0,Otis,PERSON,32,36
mdp.39015008687850,139,29,0,John Wayne,PERSON,18,28
mdp.39015008687850,140,1,0,Mouth,PERSON,7,12
mdp.39015008687850,140,3,0,about an hour,TIME,16,29
mdp.39015008687850,140,5,0,Mouth,PERSON,23,28
mdp.39015008687850,140,7,0,Audie Murphy,PERSON,16,28
mdp.39015008687850,140,8,0,World War II,EVENT,37,49
mdp.39015008687850,140,9,0,German,NORP,54,60
mdp.39015008687850,140,10,0,Nam,GPE,56,59
mdp.39015008687850,140,16,0,John Wayne,PERSON,56,66
mdp.39015008687850,140,17,0,tonight,TIME,31,38
mdp.39015008687850,140,18,0,about an hour,TIME,22,35
mdp.39015008687850,140,20,0,Otis,PERSON,11,15
mdp.39015008687850,140,26,0,John Wayne,PERSON,23,33
mdp.39015008687850,140,27,0,an hour,TIME,14,21
mdp.39015008687850,140,28,0,An hour,TIME,0,7
mdp.39015008687850,140,29,0,Alice,PERSON,0,5
mdp.39015008687850,140,29,1,Pauline,PERSON,10,17
mdp.39015008687850,140,30,0,Wells',ORG,21,27
mdp.39015008687850,140,30,1,Alice,PERSON,59,64
mdp.39015008687850,141,3,0,Otis,PERSON,20,24
mdp.39015008687850,141,6,0,Wells',ORG,17,23
mdp.39015008687850,141,6,1,about an hour,TIME,27,40
mdp.39015008687850,141,7,0,Melvin,PERSON,1,7
mdp.39015008687850,141,9,0,Wells',ORG,11,17
mdp.39015008687850,141,9,1,an hour,TIME,21,28
mdp.39015008687850,141,11,0,Pauline,PERSON,0,7
mdp.39015008687850,141,13,0,Otis,PERSON,79,83
mdp.39015008687850,141,14,0,Cecil Pendergrass,PERSON,31,48
mdp.39015008687850,141,15,0,the Hotel Theresa,ORG,20,37
mdp.39015008687850,141,15,1,125th Street,FAC,41,53
mdp.39015008687850,141,18,0,Pendergrass,PERSON,0,11
mdp.39015008687850,141,19,0,one,CARDINAL,33,36
mdp.39015008687850,141,20,0,two,CARDINAL,21,24
mdp.39015008687850,141,26,0,Melvin Ellington,PERSON,1,17
mdp.39015008687850,142,11,0,Malcolm,PERSON,153,160
mdp.39015008687850,142,11,1,Rap,PERSON,164,167
mdp.39015008687850,142,11,2,Huey,PERSON,171,175
mdp.39015008687850,142,16,0,America,GPE,84,91
mdp.39015008687850,142,16,1,American,NORP,157,165
mdp.39015008687850,143,4,0,American,NORP,58,66
mdp.39015008687850,143,4,1,the whole five years,DATE,119,139
mdp.39015008687850,143,12,0,Martin Luther King,PERSON,14,32
mdp.39015008687850,143,17,0,Americans,NORP,128,137
mdp.39015008687850,143,18,0,America,GPE,42,49
mdp.39015008687850,143,20,0,Harlem,GPE,37,43
mdp.39015008687850,144,0,0,City Hall,FAC,26,35
mdp.39015008687850,144,2,0,the City of New York,GPE,84,104
mdp.39015008687850,144,3,0,Lindsay,PERSON,131,138
mdp.39015008687850,144,3,1,Harlem,GPE,150,156
mdp.39015008687850,144,5,0,City Hall,ORG,74,83
mdp.39015008687850,144,7,0,thirty days,DATE,8,19
mdp.39015008687850,144,10,0,one,CARDINAL,106,109
mdp.39015008687850,144,10,1,American,NORP,142,150
mdp.39015008687850,144,11,0,three,CARDINAL,47,52
mdp.39015008687850,144,12,0,Bobby Seale,PERSON,141,152
mdp.39015008687850,145,8,0,Cecil Pendergrass',PERSON,133,151
mdp.39015008687850,146,0,0,San Juan Hill,LOC,6,19
mdp.39015008687850,146,0,1,Tenth,LOC,28,33
mdp.39015008687850,146,0,2,America,GPE,131,138
mdp.39015008687850,146,0,3,over thirty years,DATE,143,160
mdp.39015008687850,146,1,0,about three,TIME,21,32
mdp.39015008687850,146,1,1,Otis,PERSON,72,76
mdp.39015008687850,146,2,0,one,CARDINAL,15,18
mdp.39015008687850,146,7,0,a couple of hours,TIME,12,29
mdp.39015008687850,146,10,0,Conelrad,PRODUCT,38,46
mdp.39015008687850,146,12,0,hundreds of feet,QUANTITY,9,25
mdp.39015008687850,146,15,0,seven,CARDINAL,23,28
mdp.39015008687850,147,3,0,Westerns,WORK_OF_ART,5,13
mdp.39015008687850,147,3,1,two,CARDINAL,45,48
mdp.39015008687850,147,7,0,one,CARDINAL,13,16
mdp.39015008687850,147,8,0,Paul Muni,PERSON,0,9
mdp.39015008687850,147,8,1,I Am a Fugitive from a Chain Gang,WORK_OF_ART,35,68
mdp.39015008687850,147,9,0,Muni,PERSON,4,8
mdp.39015008687850,147,10,0,Martha Vickers,PERSON,0,14
mdp.39015008687850,147,10,1,The Big Sleep,WORK_OF_ART,18,31
mdp.39015008687850,147,10,2,Humphrey Bogart,PERSON,46,61
mdp.39015008687850,147,10,3,first,ORDINAL,87,92
mdp.39015008687850,147,11,0,Bogart,PERSON,4,10
mdp.39015008687850,147,12,0,Gloria Swanson,PERSON,0,14
mdp.39015008687850,147,12,1,Sunset Boulevard,FAC,29,45
mdp.39015008687850,147,13,0,Spencer Tracy,PERSON,0,13
mdp.39015008687850,147,13,1,Stanley,PERSON,17,24
mdp.39015008687850,147,13,2,Livingstone,PERSON,41,52
mdp.39015008687850,147,13,3,Stanley,PERSON,56,63
mdp.39015008687850,147,13,4,Livingstone,PERSON,68,79
mdp.39015008687850,147,13,5,East African,NORP,93,105
mdp.39015008687850,147,14,0,Livingstone,PERSON,28,39
mdp.39015008687850,147,15,0,Stanley,PERSON,5,12
mdp.39015008687850,147,15,1,one,CARDINAL,29,32
mdp.39015008687850,147,16,0,John Wayne,PERSON,12,22
mdp.39015008687850,147,16,1,Otis,PERSON,33,37
mdp.39015008687850,147,17,0,1939,DATE,45,49
mdp.39015008687850,147,17,1,Stagecoach,ORG,63,73
mdp.39015008687850,148,0,0,138,CARDINAL,0,3
mdp.39015008687850,148,0,1,They Were Expendable,WORK_OF_ART,11,31
mdp.39015008687850,148,0,2,The Fighting Seabees,WORK_OF_ART,33,53
mdp.39015008687850,148,0,3,Back to Bataan,WORK_OF_ART,55,69
mdp.39015008687850,148,0,4,Sands of Iwo Jima,WORK_OF_ART,75,92
mdp.39015008687850,148,2,0,Otis,PERSON,5,9
mdp.39015008687850,148,5,0,Nam,GPE,28,31
mdp.39015008687850,148,5,1,Ben Suc,GPE,62,69
mdp.39015008687850,148,8,0,Ben Suc,GPE,31,38
mdp.39015008687850,148,10,0,Ben Suc,GPE,56,63
mdp.39015008687850,148,12,0,Nam,GPE,61,64
mdp.39015008687850,148,14,0,A Walk in the Sun,WORK_OF_ART,13,30
mdp.39015008687850,148,19,0,Nam,GPE,29,32
mdp.39015008687850,148,21,0,Sands of Iwo Jima,WORK_OF_ART,24,41
mdp.39015008687850,148,24,0,Jap,NORP,10,13
mdp.39015008687850,148,29,0,Ira Hayes,PERSON,0,9
mdp.39015008687850,149,0,0,Otis,PERSON,5,9
mdp.39015008687850,149,1,0,John Wayne,PERSON,15,25
mdp.39015008687850,149,2,0,Jap,PERSON,10,13
mdp.39015008687850,149,3,0,Duke,PERSON,25,29
mdp.39015008687850,149,7,0,Stryker,PERSON,76,83
mdp.39015008687850,149,8,0,John Agar,PERSON,6,15
mdp.39015008687850,149,8,1,Jap,PRODUCT,43,46
mdp.39015008687850,149,9,0,Japanese,NORP,25,33
mdp.39015008687850,149,9,1,rupture-One Ball Hung Lo,PRODUCT,34,58
mdp.39015008687850,149,10,0,Otis,PERSON,1,5
mdp.39015008687850,149,11,0,John Agar,PERSON,31,40
mdp.39015008687850,149,13,0,Marines,NORP,15,22
mdp.39015008687850,149,14,0,The Longest Day,WORK_OF_ART,33,48
mdp.39015008687850,149,14,1,Normandy,GPE,60,68
mdp.39015008687850,149,14,2,Omaha Beach,LOC,119,130
mdp.39015008687850,149,15,0,Robert Mitchum,PERSON,5,19
mdp.39015008687850,149,15,1,only two,CARDINAL,48,56
mdp.39015008687850,149,17,0,Otis,PERSON,1,5
mdp.39015008687850,149,27,0,Otis,PERSON,18,22
mdp.39015008687850,150,0,0,140,CARDINAL,0,3
mdp.39015008687850,150,0,1,Tenth Avenue,FAC,91,103
mdp.39015008687850,150,2,0,two,CARDINAL,16,19
mdp.39015008687850,150,2,1,one,CARDINAL,61,64
mdp.39015008687850,150,3,0,two,CARDINAL,79,82
mdp.39015008687850,150,6,0,One,CARDINAL,0,3
mdp.39015008687850,150,6,1,a few feet,QUANTITY,16,26
mdp.39015008687850,150,8,0,one,CARDINAL,31,34
mdp.39015008687850,150,9,0,Otis,PERSON,33,37
mdp.39015008687850,150,10,0,third,ORDINAL,16,21
mdp.39015008687850,150,14,0,Otis,PERSON,18,22
mdp.39015008687850,150,20,0,first,ORDINAL,14,19
mdp.39015008687850,150,20,1,two,CARDINAL,31,34
mdp.39015008687850,151,0,0,141,CARDINAL,0,3
mdp.39015008687850,151,6,0,two,CARDINAL,33,36
mdp.39015008687850,151,8,0,all night,TIME,25,34
mdp.39015008687850,151,9,0,two,CARDINAL,4,7
mdp.39015008687850,151,12,0,Otis,PERSON,0,4
mdp.39015008687850,151,15,0,Mantan Moreland,PERSON,36,51
mdp.39015008687850,151,15,1,Birmingham Brown,PERSON,85,101
mdp.39015008687850,151,15,2,Charlie Chan,PERSON,120,132
mdp.39015008687850,151,16,0,Birmingham,PERSON,14,24
mdp.39015008687850,151,17,0,Birmingham,PERSON,62,72
mdp.39015008687850,151,18,0,From the Back of the Bus to the Driver's Seat,WORK_OF_ART,20,65
mdp.39015008687850,151,18,1,the Deep South,LOC,84,98
mdp.39015008687850,151,19,0,Charlie Chan,PERSON,0,12
mdp.39015008687850,151,19,1,Birmingham,PERSON,17,27
mdp.39015008687850,151,19,2,two,CARDINAL,59,62
mdp.39015008687850,151,19,3,Plessy,PERSON,75,81
mdp.39015008687850,151,19,4,Ferguson,PERSON,86,94
mdp.39015008687850,151,19,5,Separate but Equal Unlimited,ORG,151,179
mdp.39015008687850,151,20,0,Plessy,PERSON,1,7
mdp.39015008687850,151,20,1,Ferguson,PERSON,12,20
mdp.39015008687850,151,20,2,Birmingham,GPE,95,105
mdp.39015008687850,151,20,3,second,ORDINAL,274,280
mdp.39015008687850,152,1,0,Birmingham,PERSON,42,52
mdp.39015008687850,152,1,1,the Limousine and Rickshaw Union,ORG,72,104
mdp.39015008687850,152,2,0,Birmingham,PERSON,56,66
mdp.39015008687850,152,2,1,Booker T. Washington,PERSON,133,153
mdp.39015008687850,152,3,0,One,CARDINAL,0,3
mdp.39015008687850,152,3,1,one,CARDINAL,56,59
mdp.39015008687850,152,3,2,Separate but Equal Unlimited,WORK_OF_ART,104,132
mdp.39015008687850,152,4,0,Plessy,PERSON,46,52
mdp.39015008687850,152,5,0,Plessy,PERSON,9,15
mdp.39015008687850,152,5,1,Ferguson,PERSON,37,45
mdp.39015008687850,152,5,2,Charlie Chan,PERSON,73,85
mdp.39015008687850,152,6,0,Charlie Chan's,PERSON,3,17
mdp.39015008687850,152,6,1,Birmingham,GPE,32,42
mdp.39015008687850,152,6,2,Separate but Equal Unlimited,WORK_OF_ART,79,107
mdp.39015008687850,152,7,0,Birmingham Brown,PERSON,33,49
mdp.39015008687850,152,10,0,two,CARDINAL,4,7
mdp.39015008687850,152,13,0,Otis,PERSON,8,12
mdp.39015008687850,153,0,0,tis,PERSON,0,3
mdp.39015008687850,153,1,0,Wells',ORG,15,21
mdp.39015008687850,153,1,1,dawn,TIME,29,33
mdp.39015008687850,153,2,0,Alice,PERSON,10,15
mdp.39015008687850,153,2,1,over an hour past,TIME,52,69
mdp.39015008687850,153,3,0,Wells',ORG,0,6
mdp.39015008687850,153,3,1,Friday,DATE,88,94
mdp.39015008687850,153,3,2,night,TIME,95,100
mdp.39015008687850,153,4,0,Alice,PERSON,0,5
mdp.39015008687850,153,4,1,Pauline,PERSON,10,17
mdp.39015008687850,153,5,0,two,CARDINAL,29,32
mdp.39015008687850,153,5,1,Pauline,PERSON,38,45
mdp.39015008687850,153,6,0,Alice,PERSON,0,5
mdp.39015008687850,153,6,1,Otis,PERSON,27,31
mdp.39015008687850,153,7,0,Alice,PERSON,28,33
mdp.39015008687850,153,9,0,Alice,PERSON,112,117
mdp.39015008687850,153,10,0,Otis,PERSON,42,46
mdp.39015008687850,154,0,0,144,CARDINAL,0,3
mdp.39015008687850,154,3,0,Otis,PERSON,12,16
mdp.39015008687850,154,14,0,Slick Swanson,PERSON,21,34
mdp.39015008687850,154,17,0,Otis,PERSON,21,25
mdp.39015008687850,154,22,0,Otis,PERSON,19,23
mdp.39015008687850,154,22,1,Slick Swanson,PERSON,74,87
mdp.39015008687850,155,5,0,Otis,PERSON,24,28
mdp.39015008687850,155,6,0,Otis,PERSON,12,16
mdp.39015008687850,155,8,0,Otis,PERSON,16,20
mdp.39015008687850,155,16,0,Otis,PERSON,17,21
mdp.39015008687850,155,16,1,Wells,PERSON,53,58
mdp.39015008687850,155,20,0,Otis,PERSON,69,73
mdp.39015008687850,155,22,0,Otis,PERSON,0,4
mdp.39015008687850,156,0,0,146,CARDINAL,0,3
mdp.39015008687850,157,11,0,Otis,GPE,59,63
mdp.39015008687850,157,11,1,two,CARDINAL,88,91
mdp.39015008687850,157,13,0,two,CARDINAL,66,69
mdp.39015008687850,158,8,0,Just a minute,TIME,1,14
mdp.39015008687850,158,8,1,Melvin,PERSON,16,22
mdp.39015008687850,158,12,0,Melvin,PERSON,19,25
mdp.39015008687850,158,16,0,Melvin,PERSON,5,11
mdp.39015008687850,159,0,0,Melvin,PERSON,22,28
mdp.39015008687850,159,2,0,Brooklyn Dodger,ORG,130,145
mdp.39015008687850,159,3,0,Cotton,PERSON,12,18
mdp.39015008687850,159,4,0,Miz Cotton,PERSON,1,11
mdp.39015008687850,159,5,0,Melvin,PERSON,20,26
mdp.39015008687850,159,7,0,Cotton,PERSON,62,68
mdp.39015008687850,159,12,0,seconds,TIME,7,14
mdp.39015008687850,159,14,0,About eight,CARDINAL,0,11
mdp.39015008687850,159,21,0,Nelly,PERSON,22,27
mdp.39015008687850,159,30,0,Melvin,PERSON,31,37
mdp.39015008687850,160,3,0,Doc Holliday,PERSON,4,16
mdp.39015008687850,160,4,0,Melvin,PERSON,7,13
mdp.39015008687850,160,11,0,Doc Holliday,PERSON,38,50
mdp.39015008687850,160,12,0,Melvin,PERSON,27,33
mdp.39015008687850,160,12,1,John Wayne,PERSON,56,66
mdp.39015008687850,160,22,0,one,CARDINAL,10,13
mdp.39015008687850,161,2,0,Doc Holliday,PERSON,41,53
mdp.39015008687850,161,3,0,three years,DATE,60,71
mdp.39015008687850,161,5,0,two,CARDINAL,82,85
mdp.39015008687850,161,10,0,Two,CARDINAL,0,3
mdp.39015008687850,161,11,0,One,CARDINAL,0,3
mdp.39015008687850,161,11,1,Otis,PERSON,16,20
mdp.39015008687850,161,19,0,Otis,PERSON,8,12
mdp.39015008687850,161,20,0,two,CARDINAL,14,17
mdp.39015008687850,161,21,0,Chilly,PERSON,0,6
mdp.39015008687850,162,2,0,Chilly,PERSON,43,49
mdp.39015008687850,162,10,0,Chilly,PERSON,3,9
mdp.39015008687850,162,19,0,Sonny Liston,PERSON,36,48
mdp.39015008687850,162,20,0,Ellington,PERSON,21,30
mdp.39015008687850,163,8,0,Timex,PRODUCT,58,63
mdp.39015008687850,163,14,0,first,ORDINAL,54,59
mdp.39015008687850,163,18,0,hundreds,CARDINAL,11,19
mdp.39015008687850,164,7,0,KoolAid,PRODUCT,33,40
mdp.39015008687850,164,9,0,Chinese,NORP,11,18
mdp.39015008687850,164,9,1,thirty-six,CARDINAL,35,45
mdp.39015008687850,164,10,0,first,ORDINAL,36,41
mdp.39015008687850,164,11,0,first,ORDINAL,23,28
mdp.39015008687850,164,17,0,Debra,PERSON,10,15
mdp.39015008687850,164,17,1,Alice,PERSON,17,22
mdp.39015008687850,164,17,2,Pauline,PERSON,24,31
mdp.39015008687850,164,17,3,Otis,PERSON,33,37
mdp.39015008687850,164,17,4,Chilly,PERSON,43,49
mdp.39015008687850,164,20,0,Melvin,PERSON,25,31
mdp.39015008687850,165,3,0,today,DATE,196,201
mdp.39015008687850,165,14,0,a minute,TIME,6,14
mdp.39015008687850,165,17,0,one,CARDINAL,27,30
mdp.39015008687850,166,3,0,Chilly,PERSON,7,13
mdp.39015008687850,166,20,0,Melvin,PERSON,1,7
mdp.39015008687850,166,22,0,Hardknocks,WORK_OF_ART,9,19
mdp.39015008687850,166,26,0,Chilly,PERSON,4,10
mdp.39015008687850,166,28,0,Chilly,PERSON,9,15
mdp.39015008687850,167,11,0,Melvin,PERSON,24,30
mdp.39015008687850,169,4,0,Harlem Hospital,ORG,33,48
mdp.39015008687850,169,13,0,over an hour,TIME,18,30
mdp.39015008687850,169,15,0,Blue,PERSON,12,16
mdp.39015008687850,169,16,0,Otis,PERSON,9,13
mdp.39015008687850,170,8,0,one night,TIME,30,39
mdp.39015008687850,170,15,0,every weekend,DATE,68,81
mdp.39015008687850,170,30,0,Otis,PERSON,16,20
mdp.39015008687850,171,5,0,Blue,PERSON,19,23
mdp.39015008687850,171,16,0,Ellington,PERSON,6,15
mdp.39015008687850,171,16,1,yesterday,DATE,88,97
mdp.39015008687850,171,19,0,Alice,PERSON,39,44
mdp.39015008687850,171,22,0,your first day,DATE,63,77
mdp.39015008687850,171,31,0,Melvin,PERSON,13,19
mdp.39015008687850,172,6,0,Otis,PERSON,13,17
mdp.39015008687850,172,9,0,last night,TIME,49,59
mdp.39015008687850,172,17,0,a minute,TIME,25,33
mdp.39015008687850,172,23,0,Every weekend,DATE,0,13
mdp.39015008687850,172,30,0,Miles Davis,PERSON,7,18
mdp.39015008687850,172,30,1,So What,WORK_OF_ART,32,39
mdp.39015008687850,173,0,0,163,CARDINAL,0,3
mdp.39015008687850,173,6,0,Miles,PERSON,192,197
mdp.39015008687850,173,7,0,Miles,PERSON,4,9
mdp.39015008687850,173,8,0,Miles,PERSON,0,5
mdp.39015008687850,173,10,0,Miles,PERSON,0,5
mdp.39015008687850,173,14,0,Miles,PERSON,0,5
mdp.39015008687850,173,16,0,dozens,CARDINAL,48,54
mdp.39015008687850,175,0,0,Blue,PERSON,26,30
mdp.39015008687850,175,2,0,Alice,PERSON,33,38
mdp.39015008687850,175,2,1,Pauline,PERSON,40,47
mdp.39015008687850,175,2,2,Debra,PERSON,85,90
mdp.39015008687850,175,3,0,So What,WORK_OF_ART,52,59
mdp.39015008687850,175,4,0,Otis,PERSON,41,45
mdp.39015008687850,175,5,0,Alice,PERSON,6,11
mdp.39015008687850,175,5,1,the wee hours,TIME,40,53
mdp.39015008687850,175,6,0,Pauline,PERSON,6,13
mdp.39015008687850,175,7,0,Debra,PERSON,6,11
mdp.39015008687850,175,8,0,Blue,PERSON,11,15
mdp.39015008687850,176,1,0,a week later,DATE,35,47
mdp.39015008687850,176,1,1,Alice,PERSON,74,79
mdp.39015008687850,176,2,0,Otis,PERSON,130,134
mdp.39015008687850,176,2,1,earlier in the day,TIME,160,178
mdp.39015008687850,176,3,0,Otis,PERSON,40,44
mdp.39015008687850,176,9,0,Melvin,PERSON,14,20
mdp.39015008687850,176,10,0,Otis,PERSON,0,4
mdp.39015008687850,177,0,0,Melvin,PERSON,4,10
mdp.39015008687850,177,19,0,Alice,PERSON,53,58
mdp.39015008687850,178,2,0,Alice,PERSON,71,76
mdp.39015008687850,178,18,0,Alice,PERSON,46,51
mdp.39015008687850,178,23,0,Alice,PERSON,113,118
mdp.39015008687850,178,24,0,Melvin,PERSON,1,7
mdp.39015008687850,179,8,0,Melvin,PERSON,12,18
mdp.39015008687850,179,11,0,the last week,DATE,34,47
mdp.39015008687850,179,11,1,Alice,PERSON,92,97
mdp.39015008687850,179,18,0,Alice,PERSON,9,14
mdp.39015008687850,180,0,0,WESLEY BROWN,PERSON,17,29
mdp.39015008687850,180,0,1,New York City,GPE,42,55
mdp.39015008687850,180,0,2,1945,DATE,59,63
mdp.39015008687850,180,1,0,New York City,GPE,30,43
mdp.39015008687850,180,1,1,Oswego State University,ORG,60,83
mdp.39015008687850,180,1,2,the City College of the City University of New York,ORG,110,161
mdp.39015008687850,180,2,0,York College,ORG,17,29
mdp.39015008687850,180,2,1,Hunter College,ORG,31,45
mdp.39015008687850,180,2,2,Sarah Lawrence College,ORG,51,73
mdp.39015008687850,180,3,0,New York City,GPE,26,39
