vol_id,page,sentence_id,ent_id,entity,entity_type,start_char,end_char
pst.000027233092,1,0,0,Thousand,CARDINAL,9,17
pst.000027233092,1,0,1,Ronald L.,PERSON,23,32
pst.000027233092,5,0,0,One,CARDINAL,1,4
pst.000027233092,5,0,1,We Remember for a Lifetime,WORK_OF_ART,25,51
pst.000027233092,5,0,2,20th-century,DATE,67,79
pst.000027233092,5,1,0,Many Thousand Gone An American Fable,WORK_OF_ART,72,108
pst.000027233092,5,1,1,Ronald L. Fair,PERSON,112,126
pst.000027233092,7,0,0,Granny Jacobs,PERSON,28,41
pst.000027233092,7,0,1,Preacher Harris,PERSON,43,58
pst.000027233092,7,0,2,Josh Black,PERSON,60,70
pst.000027233092,7,0,3,Jesse,PERSON,76,81
pst.000027233092,7,0,4,Bertha,PERSON,89,95
pst.000027233092,7,0,5,Jesse,PERSON,104,109
pst.000027233092,7,0,6,Jacobsville,GPE,168,179
pst.000027233092,7,0,7,Mississippi,GPE,181,192
pst.000027233092,7,3,0,America,GPE,29,36
pst.000027233092,7,6,0,MANY THOUSAND,CARDINAL,0,13
pst.000027233092,8,0,0,BANTAM,ORG,0,6
pst.000027233092,8,0,1,Bantam,ORG,27,33
pst.000027233092,8,2,0,Bantam Pathfinder Editions,ORG,0,26
pst.000027233092,9,0,0,AMERICAN,NORP,22,30
pst.000027233092,9,0,1,RONALD L. FAIR,PERSON,40,54
pst.000027233092,9,0,2,TORONTO I,GPE,82,91
pst.000027233092,9,0,3,NEW YORK,GPE,92,100
pst.000027233092,9,0,4,LONDON,GPE,103,109
pst.000027233092,9,0,5,THE PENNSYLVANIA STATE UNIVERSITY COMMONWEALTII,ORG,137,184
pst.000027233092,10,0,0,Bantam Book,ORG,16,27
pst.000027233092,10,2,0,ONE,CARDINAL,4,7
pst.000027233092,10,3,0,MANY THOUSAND,CARDINAL,0,13
pst.000027233092,10,3,1,"Harcourt Brace Jovanovich, Inc.",ORG,65,96
pst.000027233092,10,4,0,Harcourt Brace Jovanovich,ORG,17,42
pst.000027233092,10,4,1,1963,DATE,60,64
pst.000027233092,10,4,2,Bantam,ORG,65,71
pst.000027233092,10,4,3,October 1971,DATE,90,102
pst.000027233092,10,6,0,1965,DATE,0,4
pst.000027233092,10,6,1,Ronald L. Fair,PERSON,8,22
pst.000027233092,10,8,0,"Harcourt Brace Jovanovich, Inc.",ORG,25,56
pst.000027233092,10,8,1,New York,GPE,76,84
pst.000027233092,10,8,2,N.Y.,GPE,86,90
pst.000027233092,10,8,3,10017,CARDINAL,91,96
pst.000027233092,10,9,0,the United States,GPE,28,45
pst.000027233092,10,9,1,Canada,GPE,50,56
pst.000027233092,10,9,2,Bantam Books,ORG,57,69
pst.000027233092,10,9,3,"Bantam Books, Inc.",ORG,87,105
pst.000027233092,10,9,4,National General,ORG,109,125
pst.000027233092,10,10,0,Bantam Books,ORG,41,53
pst.000027233092,10,10,1,the United States Patent Office,ORG,103,134
pst.000027233092,10,11,0,Marca Registrada,ORG,0,16
pst.000027233092,10,12,0,"Bantam Books, Inc.",ORG,0,18
pst.000027233092,10,12,1,New York,GPE,38,46
pst.000027233092,10,12,2,N.Y.,GPE,48,52
pst.000027233092,10,13,0,THE UNITED STATES OF AMERICA,GPE,11,39
pst.000027233092,11,0,0,Robert H. Ingalls,PERSON,26,43
pst.000027233092,11,0,1,Alex Wilson,PERSON,54,65
pst.000027233092,11,0,2,Jewel Coleman,PERSON,72,85
pst.000027233092,11,0,3,Edwin G. Schwenn,PERSON,87,103
pst.000027233092,11,0,4,Lucy,PERSON,120,124
pst.000027233092,12,0,0,1,CARDINAL,0,1
pst.000027233092,13,0,0,Many thousand,CARDINAL,78,91
pst.000027233092,13,2,0,Many thousand,CARDINAL,29,42
pst.000027233092,13,4,0,Many thousand,CARDINAL,0,13
pst.000027233092,15,0,0,1,CARDINAL,5,6
pst.000027233092,17,0,0,one,CARDINAL,0,3
pst.000027233092,17,0,1,JACOBSVILLE,GPE,4,15
pst.000027233092,17,0,2,JACOBS,GPE,43,49
pst.000027233092,17,0,3,Mississippi,GPE,66,77
pst.000027233092,17,1,0,Samuel Jacobs,PERSON,22,35
pst.000027233092,17,1,1,Natchez,GPE,73,80
pst.000027233092,17,1,2,Mississippi,GPE,82,93
pst.000027233092,17,1,3,one hundred thousand dollars,MONEY,258,286
pst.000027233092,18,0,0,tenyear-old,DATE,46,57
pst.000027233092,18,1,0,Jacobs,PERSON,4,10
pst.000027233092,18,2,0,Jacobs,PERSON,107,113
pst.000027233092,18,2,1,ten thousand dollars,MONEY,119,139
pst.000027233092,18,3,0,Jacobs,PERSON,31,37
pst.000027233092,18,5,0,1832,DATE,92,96
pst.000027233092,18,5,1,Jacobs,PERSON,102,108
pst.000027233092,18,6,0,two,CARDINAL,17,20
pst.000027233092,18,6,1,one,CARDINAL,31,34
pst.000027233092,18,6,2,Indians,NORP,52,59
pst.000027233092,18,6,3,Negroes,NORP,139,146
pst.000027233092,18,6,4,Indians,NORP,201,208
pst.000027233092,18,7,0,Negroes,NORP,14,21
pst.000027233092,18,7,1,Indians,NORP,41,48
pst.000027233092,18,7,2,years,DATE,53,58
pst.000027233092,18,8,0,Negroes,NORP,11,18
pst.000027233092,18,8,1,Indians,NORP,84,91
pst.000027233092,18,9,0,Jacobs,PERSON,4,10
pst.000027233092,18,9,1,4,CARDINAL,44,45
pst.000027233092,19,0,0,one-hundred,CARDINAL,0,11
pst.000027233092,19,1,0,half,CARDINAL,16,20
pst.000027233092,19,1,1,Indian,NORP,21,27
pst.000027233092,19,2,0,1835,DATE,3,7
pst.000027233092,19,2,1,Chickasaws,NORP,24,34
pst.000027233092,19,2,2,Jacobs,PERSON,58,64
pst.000027233092,19,2,3,Indians,NORP,214,221
pst.000027233092,19,3,0,Jacobs,PERSON,45,51
pst.000027233092,19,4,0,Jacobs,PERSON,4,10
pst.000027233092,19,7,0,1836,DATE,3,7
pst.000027233092,19,7,1,Mississippi,GPE,21,32
pst.000027233092,19,7,2,Jacobs,PERSON,50,56
pst.000027233092,19,7,3,Mississippi,GPE,99,110
pst.000027233092,19,8,0,Jacobsville,GPE,24,35
pst.000027233092,19,8,1,Jacobs,PERSON,79,85
pst.000027233092,19,8,2,the Civil War,EVENT,123,136
pst.000027233092,19,9,0,Civil War,EVENT,4,13
pst.000027233092,19,9,1,Jacobs County,GPE,33,46
pst.000027233092,19,11,0,Jacobs,PERSON,4,10
pst.000027233092,19,11,1,Sam,PERSON,73,76
pst.000027233092,19,12,0,Yankee,NORP,27,33
pst.000027233092,19,12,1,Jacobs County,GPE,71,84
pst.000027233092,20,1,0,one,CARDINAL,38,41
pst.000027233092,20,2,0,Negroes,NORP,49,56
pst.000027233092,20,2,1,Jacobs,PERSON,133,139
pst.000027233092,20,2,2,fifty,CARDINAL,156,161
pst.000027233092,20,2,3,day,DATE,198,201
pst.000027233092,20,3,0,Negroes,NORP,13,20
pst.000027233092,20,4,0,Mississippi,GPE,17,28
pst.000027233092,20,4,1,Negro,NORP,127,132
pst.000027233092,20,5,0,Jacobs County,GPE,8,21
pst.000027233092,20,6,0,"Samuel Jacobs, Sr",PERSON,4,21
pst.000027233092,20,6,1,1892,DATE,32,36
pst.000027233092,20,6,2,the age of eighty,DATE,40,57
pst.000027233092,20,6,3,"Sam, Jr.",PERSON,63,71
pst.000027233092,20,7,0,1920,DATE,3,7
pst.000027233092,20,7,1,fewer than a dozen,CARDINAL,9,27
pst.000027233092,20,7,2,Negroes,NORP,28,35
pst.000027233092,20,7,3,the Civil War,EVENT,66,79
pst.000027233092,20,10,0,one,CARDINAL,28,31
pst.000027233092,20,10,1,three,CARDINAL,44,49
pst.000027233092,20,10,2,Jacobs County,GPE,84,97
pst.000027233092,21,0,0,GRANNY JACOBS,PERSON,21,34
pst.000027233092,21,0,1,Jacobsville,GPE,69,80
pst.000027233092,22,2,0,half,CARDINAL,37,41
pst.000027233092,22,2,1,Jacobs County,GPE,62,75
pst.000027233092,22,2,2,Jacobs,PERSON,131,137
pst.000027233092,22,4,0,Jesse,PERSON,12,17
pst.000027233092,22,4,1,the first eight years,DATE,39,60
pst.000027233092,22,5,0,those days,DATE,24,34
pst.000027233092,22,6,0,a quarter of a mile,QUANTITY,106,125
pst.000027233092,22,6,1,Go Tell It on the Mountain,WORK_OF_ART,158,184
pst.000027233092,22,6,2,Rock My Soul in the Bosom of Abraham,WORK_OF_ART,190,226
pst.000027233092,22,6,3,"Swing Low, Sweet Chariot",WORK_OF_ART,232,256
pst.000027233092,22,7,0,Six days,DATE,0,8
pst.000027233092,22,8,0,the seventh day,DATE,3,18
pst.000027233092,22,8,1,2 8,CARDINAL,61,64
pst.000027233092,23,0,0,the Mt. Zion Baptist Church,ORG,40,67
pst.000027233092,23,2,0,six days,DATE,15,23
pst.000027233092,23,2,1,the seventh day,DATE,37,52
pst.000027233092,23,2,2,Jesse,PERSON,82,87
pst.000027233092,23,3,0,Granny,PERSON,17,23
pst.000027233092,23,3,1,sundown,TIME,83,90
pst.000027233092,23,4,0,Jacobs,PERSON,79,85
pst.000027233092,23,4,1,Jacobs,PERSON,107,113
pst.000027233092,23,5,0,the summer,DATE,77,87
pst.000027233092,23,5,1,Granny,PERSON,95,101
pst.000027233092,23,5,2,Jesse,PERSON,107,112
pst.000027233092,23,5,3,first,ORDINAL,168,173
pst.000027233092,23,5,4,twenty years,DATE,191,203
pst.000027233092,23,6,0,Granny,PERSON,13,19
pst.000027233092,23,6,1,Sunday,DATE,85,91
pst.000027233092,23,6,2,mornings,TIME,92,100
pst.000027233092,23,7,0,Lawd,PERSON,1,5
pst.000027233092,23,8,0,winter,DATE,138,144
pst.000027233092,23,9,0,The House of God,ORG,0,16
pst.000027233092,23,9,1,Harris,PERSON,64,70
pst.000027233092,24,0,0,Granny,PERSON,0,6
pst.000027233092,24,1,0,Granny,PERSON,40,46
pst.000027233092,24,1,1,one,CARDINAL,122,125
pst.000027233092,24,1,2,Jesse,PERSON,158,163
pst.000027233092,24,1,3,Bible,WORK_OF_ART,277,282
pst.000027233092,24,2,0,Monday,DATE,0,6
pst.000027233092,24,2,1,morning,TIME,7,14
pst.000027233092,24,2,2,Sunday,DATE,79,85
pst.000027233092,25,0,0,three,CARDINAL,0,5
pst.000027233092,25,0,1,NEGROES,PERSON,10,17
pst.000027233092,25,0,2,JACOBS COUNTY,GPE,21,34
pst.000027233092,25,3,0,the years,DATE,55,64
pst.000027233092,26,0,0,first,ORDINAL,63,68
pst.000027233092,26,0,1,Negro,NORP,94,99
pst.000027233092,26,2,0,the hot summer months,DATE,82,103
pst.000027233092,26,4,0,days,DATE,144,148
pst.000027233092,26,5,0,Jacobsville,GPE,24,35
pst.000027233092,26,5,1,Bessie James,PERSON,84,96
pst.000027233092,26,5,2,Lula Ferguson,PERSON,101,114
pst.000027233092,26,5,3,Negroes,NORP,130,137
pst.000027233092,26,6,0,Bessie,PERSON,0,6
pst.000027233092,26,6,1,Lula,PERSON,11,15
pst.000027233092,26,7,0,Negroes,NORP,39,46
pst.000027233092,26,7,1,Bessie James,PERSON,93,105
pst.000027233092,26,7,2,Lula Ferguson,PERSON,110,123
pst.000027233092,26,7,3,12,CARDINAL,139,141
pst.000027233092,27,2,0,Bessie,PERSON,149,155
pst.000027233092,27,2,1,Lula,PERSON,160,164
pst.000027233092,27,3,0,Lula,PERSON,0,4
pst.000027233092,27,4,0,Negro,NORP,31,36
pst.000027233092,27,8,0,Bessie,PERSON,0,6
pst.000027233092,27,9,0,first,ORDINAL,14,19
pst.000027233092,27,9,1,Jacobs,PERSON,129,135
pst.000027233092,28,1,0,a bad summer,DATE,7,19
pst.000027233092,28,1,1,the year,DATE,20,28
pst.000027233092,28,1,2,Bessie,PERSON,29,35
pst.000027233092,28,1,3,twelve,DATE,43,49
pst.000027233092,28,1,4,the summer,DATE,51,61
pst.000027233092,28,2,0,Jacobsville,GPE,77,88
pst.000027233092,28,3,0,Bessie,PERSON,0,6
pst.000027233092,28,3,1,Clay Jenkins,PERSON,69,81
pst.000027233092,28,3,2,sixteen,DATE,110,117
pst.000027233092,28,4,0,Five,CARDINAL,0,4
pst.000027233092,28,4,1,Jacobsville,GPE,54,65
pst.000027233092,28,4,2,one,CARDINAL,131,134
pst.000027233092,28,5,0,one,CARDINAL,3,6
pst.000027233092,28,12,0,One,CARDINAL,0,3
pst.000027233092,28,15,0,Bessie,PERSON,38,44
pst.000027233092,28,15,1,Clay,PERSON,49,53
pst.000027233092,28,15,2,14,CARDINAL,86,88
pst.000027233092,29,3,0,Bessie,PERSON,42,48
pst.000027233092,29,4,0,Clay,PERSON,11,15
pst.000027233092,29,4,1,Bessie,PERSON,20,26
pst.000027233092,29,4,2,Clay,PERSON,90,94
pst.000027233092,29,4,3,Bessie,PERSON,125,131
pst.000027233092,29,5,0,Bessie,PERSON,6,12
pst.000027233092,29,12,0,One,CARDINAL,0,3
pst.000027233092,29,12,1,Clay,PERSON,33,37
pst.000027233092,29,12,2,Bessie,PERSON,56,62
pst.000027233092,29,13,0,Clay,PERSON,0,4
pst.000027233092,29,13,1,one,CARDINAL,76,79
pst.000027233092,29,14,0,Bessie,PERSON,57,63
pst.000027233092,29,15,0,first,ORDINAL,11,16
pst.000027233092,29,16,0,second,ORDINAL,4,10
pst.000027233092,29,16,1,Clay,PERSON,61,65
pst.000027233092,29,17,0,third,ORDINAL,4,9
pst.000027233092,29,18,0,Clay,PERSON,0,4
pst.000027233092,29,18,1,only a few seconds,TIME,42,60
pst.000027233092,29,19,0,Bessie,PERSON,17,23
pst.000027233092,30,5,0,Negro,NORP,56,61
pst.000027233092,30,6,0,one,CARDINAL,63,66
pst.000027233092,30,10,0,three,CARDINAL,22,27
pst.000027233092,30,14,0,Bessie,PERSON,20,26
pst.000027233092,30,14,1,second,ORDINAL,57,63
pst.000027233092,30,14,2,16,CARDINAL,139,141
pst.000027233092,31,2,0,Clay,PERSON,4,8
pst.000027233092,31,3,0,Clay,PERSON,0,4
pst.000027233092,31,3,1,Negroes,NORP,49,56
pst.000027233092,31,3,2,Jacobsville,GPE,60,71
pst.000027233092,31,4,0,three,CARDINAL,18,23
pst.000027233092,31,4,1,months,DATE,38,44
pst.000027233092,31,5,0,Negroes,NORP,14,21
pst.000027233092,31,5,1,the night,TIME,223,232
pst.000027233092,31,5,2,Negroes,NORP,255,262
pst.000027233092,31,6,0,Negroes,NORP,4,11
pst.000027233092,31,6,1,Clay,PERSON,122,126
pst.000027233092,31,9,0,Clay,PERSON,60,64
pst.000027233092,31,11,0,Clay,PERSON,43,47
pst.000027233092,31,12,0,one,CARDINAL,13,16
pst.000027233092,32,2,0,Clay,PERSON,45,49
pst.000027233092,32,2,1,Chicago,GPE,85,92
pst.000027233092,32,3,0,the night,TIME,10,19
pst.000027233092,32,3,1,Clay,PERSON,23,27
pst.000027233092,32,3,2,Bessie,PERSON,42,48
pst.000027233092,32,6,0,first,ORDINAL,90,95
pst.000027233092,32,7,0,Bessie,PERSON,0,6
pst.000027233092,32,7,1,Lula,PERSON,11,15
pst.000027233092,32,7,2,Sunday,DATE,143,149
pst.000027233092,32,8,0,first,ORDINAL,29,34
pst.000027233092,32,8,1,Granny Jacobs,PERSON,49,62
pst.000027233092,32,8,2,first,ORDINAL,74,79
pst.000027233092,32,8,3,Jesse Black,PERSON,116,127
pst.000027233092,32,9,0,Granny,PERSON,0,6
pst.000027233092,32,9,1,Bertha,PERSON,76,82
pst.000027233092,32,10,0,Negro,NORP,23,28
pst.000027233092,32,11,0,18,CARDINAL,40,42
pst.000027233092,33,1,0,first,ORDINAL,42,47
pst.000027233092,33,1,1,Jacobsville,GPE,86,97
pst.000027233092,33,2,0,Granny,PERSON,30,36
pst.000027233092,33,2,1,the summer,DATE,38,48
pst.000027233092,33,2,2,Bertha,PERSON,49,55
pst.000027233092,33,4,0,Bertha,PERSON,0,6
pst.000027233092,33,4,1,first,ORDINAL,20,25
pst.000027233092,33,4,2,Negroes,NORP,110,117
pst.000027233092,33,6,0,Bertha,PERSON,0,6
pst.000027233092,33,6,1,Jesse Black,PERSON,26,37
pst.000027233092,33,6,2,Jacobs,PERSON,60,66
pst.000027233092,33,7,0,Jesse,PERSON,0,5
pst.000027233092,33,7,1,eighteen years old,DATE,10,28
pst.000027233092,33,7,2,Jacobs County,GPE,99,112
pst.000027233092,33,8,0,Negroes,NORP,60,67
pst.000027233092,33,8,1,Jesse,PERSON,72,77
pst.000027233092,33,8,2,Bertha,PERSON,103,109
pst.000027233092,33,10,0,Bertha,PERSON,1,7
pst.000027233092,33,10,1,Jesse,PERSON,46,51
pst.000027233092,33,10,2,19,CARDINAL,63,65
pst.000027233092,34,2,0,Lawd,PERSON,122,126
pst.000027233092,34,3,0,Jacobs County,GPE,85,98
pst.000027233092,34,5,0,Granny,PERSON,7,13
pst.000027233092,34,5,1,Bertha,PERSON,16,22
pst.000027233092,34,5,2,Jesse,PERSON,59,64
pst.000027233092,34,6,0,Granny Jacobs,PERSON,0,13
pst.000027233092,34,9,0,two,CARDINAL,4,7
pst.000027233092,34,10,0,Jesse,PERSON,35,40
pst.000027233092,34,10,1,Bertha,PERSON,45,51
pst.000027233092,34,10,2,a few moments',TIME,79,93
pst.000027233092,34,10,3,Jesse,PERSON,125,130
pst.000027233092,34,10,4,first,ORDINAL,157,162
pst.000027233092,34,11,0,first,ORDINAL,45,50
pst.000027233092,34,11,1,one-hundred-per-cent,CARDINAL,73,93
pst.000027233092,34,11,2,Negro,NORP,94,99
pst.000027233092,34,11,3,Jesse,PERSON,101,106
pst.000027233092,34,12,0,Bertha,PERSON,96,102
pst.000027233092,34,12,1,first,ORDINAL,144,149
pst.000027233092,34,12,2,first,ORDINAL,181,186
pst.000027233092,34,14,0,Jesse,PERSON,0,5
pst.000027233092,34,14,1,Bertha,PERSON,10,16
pst.000027233092,34,14,2,Jacobs County,GPE,62,75
pst.000027233092,35,1,0,a week,DATE,57,63
pst.000027233092,35,1,1,Granny,PERSON,78,84
pst.000027233092,35,2,0,Granny,PERSON,0,6
pst.000027233092,35,2,1,Jesse,PERSON,52,57
pst.000027233092,35,2,2,Bertha,PERSON,62,68
pst.000027233092,35,3,0,Lawd,PERSON,74,78
pst.000027233092,35,5,0,Jesse,PERSON,1,6
pst.000027233092,35,7,0,Jesse,PERSON,14,19
pst.000027233092,35,8,0,three,CARDINAL,13,18
pst.000027233092,35,9,0,all summer,DATE,24,34
pst.000027233092,35,10,0,Jesse,PERSON,0,5
pst.000027233092,35,10,1,night,TIME,19,24
pst.000027233092,35,10,2,the day,DATE,73,80
pst.000027233092,35,11,0,Bertha,PERSON,7,13
pst.000027233092,35,11,1,Jacobsville,GPE,80,91
pst.000027233092,35,12,0,That September,DATE,0,14
pst.000027233092,35,12,1,Bertha,PERSON,82,88
pst.000027233092,35,12,2,Jesse,PERSON,98,103
pst.000027233092,35,13,0,a joyous day,DATE,7,19
pst.000027233092,35,13,1,Negroes,NORP,28,35
pst.000027233092,35,13,2,Jacobsville,GPE,39,50
pst.000027233092,35,13,3,Bertha,PERSON,111,117
pst.000027233092,35,13,4,three months,DATE,122,134
pst.000027233092,35,14,0,Granny Jacobs,PERSON,0,13
pst.000027233092,35,14,1,Bertha,PERSON,57,63
pst.000027233092,35,14,2,21,CARDINAL,79,81
pst.000027233092,36,2,0,Jesse,PERSON,4,9
pst.000027233092,36,3,0,Bertha,PERSON,0,6
pst.000027233092,36,4,0,twenty-four hours,TIME,103,120
pst.000027233092,36,5,0,Jesse,PERSON,0,5
pst.000027233092,36,5,1,one,CARDINAL,31,34
pst.000027233092,36,5,2,Jacobs,PERSON,101,107
pst.000027233092,36,6,0,Jacobs,PERSON,4,10
pst.000027233092,36,6,1,Jesse,PERSON,67,72
pst.000027233092,36,6,2,Bertha,PERSON,77,83
pst.000027233092,36,7,0,Jesse,PERSON,12,17
pst.000027233092,36,7,1,Jacobs,PERSON,32,38
pst.000027233092,36,7,2,years,DATE,75,80
pst.000027233092,36,8,0,Bertha,PERSON,0,6
pst.000027233092,36,8,1,two months,DATE,12,22
pst.000027233092,36,8,2,Jesse,PERSON,109,114
pst.000027233092,36,11,0,Jesse,PERSON,0,5
pst.000027233092,36,15,0,Jesse,PERSON,0,5
pst.000027233092,36,17,0,Jesse,PERSON,0,5
pst.000027233092,36,19,0,Jesse,PERSON,0,5
pst.000027233092,36,19,1,22,CARDINAL,26,28
pst.000027233092,37,0,0,Jacobsville,PERSON,0,11
pst.000027233092,37,2,0,Jacobs,PERSON,80,86
pst.000027233092,37,3,0,first,ORDINAL,32,37
pst.000027233092,37,5,0,Chicago,GPE,42,49
pst.000027233092,37,5,1,one,CARDINAL,56,59
pst.000027233092,37,5,2,Harris,PERSON,103,109
pst.000027233092,37,7,0,Jesse,PERSON,0,5
pst.000027233092,37,7,1,K.C.,PERSON,36,40
pst.000027233092,37,8,0,three days,DATE,64,74
pst.000027233092,37,8,1,K.C.,PERSON,102,106
pst.000027233092,37,8,2,Jesse,PERSON,111,116
pst.000027233092,37,8,3,Mississippi,GPE,131,142
pst.000027233092,37,9,0,Two months later,DATE,0,16
pst.000027233092,37,9,1,Harris,PERSON,26,32
pst.000027233092,37,9,2,Michigan Avenue,FAC,117,132
pst.000027233092,37,10,0,Hebbin,PERSON,46,52
pst.000027233092,37,10,1,K.C.,PERSON,69,73
pst.000027233092,37,10,2,Jesse,PERSON,78,83
pst.000027233092,38,0,0,four,CARDINAL,0,4
pst.000027233092,38,0,1,GRANNY,PERSON,5,11
pst.000027233092,38,1,0,Negro,NORP,101,106
pst.000027233092,38,2,0,five,DATE,19,23
pst.000027233092,38,3,0,six,DATE,12,15
pst.000027233092,38,3,1,Jacobs,PERSON,20,26
pst.000027233092,39,0,0,seven,TIME,60,65
pst.000027233092,39,0,1,ten-year-old,DATE,113,125
pst.000027233092,39,1,0,Jacobs,PERSON,4,10
pst.000027233092,39,1,1,Granny,PERSON,23,29
pst.000027233092,39,1,2,the age of eight,DATE,109,125
pst.000027233092,39,1,3,Jesse,PERSON,133,138
pst.000027233092,39,1,4,Jacobs,PERSON,166,172
pst.000027233092,39,2,0,Jacobs,PERSON,9,15
pst.000027233092,39,2,1,Jesse,PERSON,105,110
pst.000027233092,39,2,2,Granny,PERSON,116,122
pst.000027233092,39,2,3,Jacobs,PERSON,155,161
pst.000027233092,39,2,4,Jackson,GPE,184,191
pst.000027233092,39,2,5,five o'clock in the afternoon,TIME,238,267
pst.000027233092,39,2,6,nine or ten at night,TIME,274,294
pst.000027233092,39,3,0,Jacobs,PERSON,56,62
pst.000027233092,39,3,1,Jacobs,PERSON,94,100
pst.000027233092,39,3,2,Jesse,PERSON,115,120
pst.000027233092,39,4,0,Granny,PERSON,17,23
pst.000027233092,39,5,0,that year,DATE,38,47
pst.000027233092,39,5,1,Jacobs,PERSON,79,85
pst.000027233092,39,6,0,Jacobs,PERSON,12,18
pst.000027233092,39,6,1,Jesse,PERSON,45,50
pst.000027233092,39,7,0,Granny,PERSON,0,6
pst.000027233092,39,7,1,Negro,NORP,85,90
pst.000027233092,39,7,2,Jesse,PERSON,128,133
pst.000027233092,39,7,3,25,CARDINAL,142,144
pst.000027233092,40,0,0,Chicago,GPE,14,21
pst.000027233092,40,2,0,Big Jesse,PERSON,22,31
pst.000027233092,40,2,1,Negroes,NORP,52,59
pst.000027233092,40,2,2,Chicago,GPE,146,153
pst.000027233092,40,2,3,Big Jesse,PERSON,176,185
pst.000027233092,40,2,4,K.C.,PERSON,189,193
pst.000027233092,40,3,0,Negro,NORP,19,24
pst.000027233092,40,3,1,Jackson County,GPE,53,67
pst.000027233092,40,4,0,Jesse,PERSON,37,42
pst.000027233092,40,4,1,Negro,NORP,102,107
pst.000027233092,40,4,2,Minnott,PERSON,131,138
pst.000027233092,40,4,3,Jesse,PERSON,206,211
pst.000027233092,40,4,4,Jacobsville,GPE,227,238
pst.000027233092,40,5,0,at least three days,DATE,33,52
pst.000027233092,40,6,0,night,TIME,54,59
pst.000027233092,40,7,0,Negroes,NORP,70,77
pst.000027233092,40,7,1,Jacobs,PERSON,211,217
pst.000027233092,40,8,0,Granny,PERSON,23,29
pst.000027233092,40,9,0,Jesse,PERSON,58,63
pst.000027233092,40,10,0,Jacobs,PERSON,35,41
pst.000027233092,41,0,0,Jesse,PERSON,5,10
pst.000027233092,41,0,1,Negro,NORP,86,91
pst.000027233092,41,2,0,the Black Prince,PERSON,31,47
pst.000027233092,41,2,1,first,ORDINAL,68,73
pst.000027233092,41,2,2,Jacobsville,GPE,126,137
pst.000027233092,41,4,0,Granny Jacobs,PERSON,0,13
pst.000027233092,41,4,1,six days,DATE,35,43
pst.000027233092,41,4,2,Granny Jones,PERSON,110,122
pst.000027233092,41,4,3,Granny Jacobs,PERSON,193,206
pst.000027233092,41,4,4,Granny Jones,PERSON,222,234
pst.000027233092,41,5,0,one,CARDINAL,26,29
pst.000027233092,41,5,1,Granny Jones,PERSON,67,79
pst.000027233092,41,7,0,Granny Jacobs,PERSON,24,37
pst.000027233092,41,10,0,Granny,PERSON,62,68
pst.000027233092,41,10,1,Jacobsville,GPE,95,106
pst.000027233092,41,11,0,Jesse,PERSON,95,100
pst.000027233092,41,12,0,Granny,PERSON,67,73
pst.000027233092,41,12,1,Jesse,PERSON,141,146
pst.000027233092,41,13,0,27,CARDINAL,83,85
pst.000027233092,42,0,0,Jesse,PERSON,9,14
pst.000027233092,42,1,0,Jacobs,PERSON,8,14
pst.000027233092,42,2,0,Lawd,PERSON,4,8
pst.000027233092,42,2,1,Clyde,PERSON,58,63
pst.000027233092,42,3,0,Granny,PERSON,24,30
pst.000027233092,42,6,0,Granny,PERSON,20,26
pst.000027233092,42,6,1,Thursday,DATE,39,47
pst.000027233092,42,6,2,night,TIME,48,53
pst.000027233092,42,6,3,two hours,TIME,55,64
pst.000027233092,42,7,0,Agnes,PERSON,16,21
pst.000027233092,42,7,1,three days,DATE,54,64
pst.000027233092,42,7,2,the weekends,DATE,154,166
pst.000027233092,42,8,0,the day after Sunday,DATE,58,78
pst.000027233092,42,8,1,Friday,DATE,115,121
pst.000027233092,42,8,2,Saturday,DATE,126,134
pst.000027233092,42,8,3,Sunday,DATE,154,160
pst.000027233092,42,9,0,Granny,PERSON,5,11
pst.000027233092,42,10,0,"Thursday, Friday",DATE,10,26
pst.000027233092,42,10,1,Saturday,DATE,28,36
pst.000027233092,42,10,2,Sunday,DATE,38,44
pst.000027233092,42,10,3,Monday,DATE,46,52
pst.000027233092,42,10,4,Tuesday,DATE,54,61
pst.000027233092,42,10,5,Wednesday,DATE,63,72
pst.000027233092,42,11,0,the day,DATE,8,15
pst.000027233092,42,13,0,Granny,PERSON,39,45
pst.000027233092,42,13,1,Jesse,PERSON,50,55
pst.000027233092,42,13,2,two,CARDINAL,76,79
pst.000027233092,42,14,0,Jesse,PERSON,0,5
pst.000027233092,42,14,1,Granny,PERSON,66,72
pst.000027233092,42,15,0,28,CARDINAL,0,2
pst.000027233092,43,0,0,Thursday,DATE,0,8
pst.000027233092,43,0,1,night,TIME,9,14
pst.000027233092,43,0,2,Otis,PERSON,53,57
pst.000027233092,43,0,3,Granny,PERSON,88,94
pst.000027233092,43,0,4,Sunday,DATE,142,148
pst.000027233092,43,1,0,Granny,PERSON,35,41
pst.000027233092,43,1,1,Jacobs,PERSON,96,102
pst.000027233092,43,2,0,Granny,PERSON,33,39
pst.000027233092,43,4,0,Otis,PERSON,33,37
pst.000027233092,43,7,0,Otis,PERSON,0,4
pst.000027233092,43,7,1,Granny,PERSON,34,40
pst.000027233092,43,8,0,sixty-five years old,DATE,7,27
pst.000027233092,43,8,1,three years older,DATE,33,50
pst.000027233092,43,8,2,Barnes,PERSON,110,116
pst.000027233092,43,9,0,Barnes,PERSON,50,56
pst.000027233092,43,10,0,Barnes,PERSON,4,10
pst.000027233092,43,11,0,Otis,PERSON,0,4
pst.000027233092,43,11,1,years before,DATE,41,53
pst.000027233092,43,11,2,Granny,PERSON,65,71
pst.000027233092,43,11,3,29,DATE,141,143
pst.000027233092,44,0,0,ten years,DATE,28,37
pst.000027233092,44,0,1,Otis,PERSON,47,51
pst.000027233092,44,0,2,three,CARDINAL,62,67
pst.000027233092,44,2,0,Granny,PERSON,0,6
pst.000027233092,44,2,1,those days,DATE,30,40
pst.000027233092,44,3,0,almost every week,DATE,102,119
pst.000027233092,44,3,1,hundreds,CARDINAL,187,195
pst.000027233092,44,4,0,Granny,PERSON,22,28
pst.000027233092,44,4,1,hundreds,CARDINAL,152,160
pst.000027233092,44,6,0,Barnes,PERSON,52,58
pst.000027233092,44,7,0,Barnes,PERSON,9,15
pst.000027233092,44,7,1,almost fifty,DATE,78,90
pst.000027233092,44,13,0,30,CARDINAL,41,43
pst.000027233092,45,4,0,Granny,PERSON,0,6
pst.000027233092,45,5,0,sixty-two,DATE,8,17
pst.000027233092,45,9,0,Otis,PERSON,0,4
pst.000027233092,45,9,1,the past twenty years,DATE,43,64
pst.000027233092,45,10,0,that night,TIME,10,20
pst.000027233092,45,11,0,Jesse,PERSON,0,5
pst.000027233092,45,11,1,all day,DATE,16,23
pst.000027233092,45,12,0,Jacobs,PERSON,20,26
pst.000027233092,45,12,1,two,CARDINAL,53,56
pst.000027233092,45,12,2,Granny,PERSON,93,99
pst.000027233092,45,12,3,Otis,PERSON,104,108
pst.000027233092,45,13,0,Clyde,PERSON,60,65
pst.000027233092,45,13,1,Jacobs,PERSON,75,81
pst.000027233092,45,14,0,Jacobs County,GPE,33,46
pst.000027233092,45,15,0,a few miles,QUANTITY,125,136
pst.000027233092,45,16,0,31,CARDINAL,0,2
pst.000027233092,46,0,0,Otis,PERSON,56,60
pst.000027233092,46,1,0,four miles,QUANTITY,11,21
pst.000027233092,46,1,1,Jacobs,PERSON,27,33
pst.000027233092,46,4,0,Jacobs,PERSON,4,10
pst.000027233092,46,6,0,this week,DATE,29,38
pst.000027233092,46,7,0,Next week,DATE,0,9
pst.000027233092,46,7,1,Clyde,PERSON,17,22
pst.000027233092,46,8,0,Granny,PERSON,0,6
pst.000027233092,46,10,0,a hundred,DATE,76,85
pst.000027233092,46,11,0,The Black Prince of Jacobsville,PERSON,0,31
pst.000027233092,46,15,0,Jacobs,PERSON,36,42
pst.000027233092,47,2,0,Granny,PERSON,8,14
pst.000027233092,47,2,1,Otis,PERSON,19,23
pst.000027233092,47,3,0,Jesse,PERSON,0,5
pst.000027233092,47,3,1,a full minute,TIME,29,42
pst.000027233092,47,3,2,Jacobs,PERSON,193,199
pst.000027233092,47,5,0,Granny,PERSON,12,18
pst.000027233092,47,6,0,Jacobs,PERSON,5,11
pst.000027233092,47,8,0,Granny,PERSON,0,6
pst.000027233092,47,9,0,Otis,PERSON,0,4
pst.000027233092,47,9,1,Jesse,PERSON,31,36
pst.000027233092,47,9,2,Clyde,PERSON,81,86
pst.000027233092,47,10,0,Otis,PERSON,29,33
pst.000027233092,47,10,1,Granny,PERSON,47,53
pst.000027233092,47,13,0,First,ORDINAL,0,5
pst.000027233092,47,14,0,Granny,PERSON,0,6
pst.000027233092,48,0,0,Jacobs County,GPE,14,27
pst.000027233092,48,2,0,Lawd,PERSON,0,4
pst.000027233092,48,2,1,Lawd,PERSON,6,10
pst.000027233092,48,2,2,Lawd,PERSON,119,123
pst.000027233092,48,3,0,Jesse,PERSON,11,16
pst.000027233092,48,3,1,Bible,WORK_OF_ART,129,134
pst.000027233092,48,3,2,one,CARDINAL,136,139
pst.000027233092,48,3,3,Harris,PERSON,175,181
pst.000027233092,48,4,0,Granny,PERSON,1,7
pst.000027233092,48,4,1,Jesse,PERSON,10,15
pst.000027233092,48,6,0,Clyde,PERSON,15,20
pst.000027233092,48,7,0,Jacobs,PERSON,36,42
pst.000027233092,48,8,0,Clyde,PERSON,0,5
pst.000027233092,48,10,0,Otis,PERSON,0,4
pst.000027233092,48,10,1,two,CARDINAL,9,12
pst.000027233092,49,1,0,The next night,TIME,0,14
pst.000027233092,49,1,1,only a few hours,TIME,46,62
pst.000027233092,49,2,0,Minnott,GPE,31,38
pst.000027233092,49,3,0,Jacobs County,GPE,42,55
pst.000027233092,49,4,0,Jacobs County,GPE,77,90
pst.000027233092,50,0,0,Jacobsville,GPE,33,44
pst.000027233092,50,0,1,Minnott,GPE,54,61
pst.000027233092,50,0,2,first,ORDINAL,70,75
pst.000027233092,50,3,0,Jacobs County,GPE,25,38
pst.000027233092,50,4,0,Mississippi,GPE,20,31
pst.000027233092,50,4,1,Jacobs County,GPE,46,59
pst.000027233092,50,5,0,Granny,PERSON,40,46
pst.000027233092,50,5,1,Otis,PERSON,51,55
pst.000027233092,50,5,2,Jesse,PERSON,60,65
pst.000027233092,50,6,0,Otis,PERSON,42,46
pst.000027233092,50,6,1,Jesse,PERSON,51,56
pst.000027233092,50,6,2,Granny,PERSON,64,70
pst.000027233092,50,7,0,hours,TIME,112,117
pst.000027233092,50,8,0,Granny,PERSON,19,25
pst.000027233092,50,8,1,Otis,PERSON,28,32
pst.000027233092,50,9,0,Granny,PERSON,0,6
pst.000027233092,50,9,1,Jesse,PERSON,40,45
pst.000027233092,50,13,0,Otis,PERSON,0,4
pst.000027233092,50,16,0,Bertha,PERSON,15,21
pst.000027233092,50,19,0,one,CARDINAL,23,26
pst.000027233092,51,5,0,Otis,PERSON,0,4
pst.000027233092,51,5,1,a minute,TIME,17,25
pst.000027233092,51,6,0,every fifty yards,QUANTITY,132,149
pst.000027233092,51,11,0,four,CARDINAL,156,160
pst.000027233092,51,12,0,one,CARDINAL,85,88
pst.000027233092,51,16,0,Lawd,PERSON,4,8
pst.000027233092,51,17,0,Jesse,PERSON,10,15
pst.000027233092,52,4,0,Otis,PERSON,16,20
pst.000027233092,52,6,0,Granny,PERSON,0,6
pst.000027233092,52,8,0,Jesse,PERSON,8,13
pst.000027233092,52,8,1,a few seconds,TIME,68,81
pst.000027233092,52,11,0,a half-mile,QUANTITY,93,104
pst.000027233092,52,13,0,Granny,PERSON,57,63
pst.000027233092,52,13,1,Negro,NORP,153,158
pst.000027233092,52,13,2,Jesse,PERSON,173,178
pst.000027233092,52,15,0,Granny,PERSON,46,52
pst.000027233092,52,18,0,Granny Jacobs,PERSON,4,17
pst.000027233092,52,18,1,Otis,PERSON,36,40
pst.000027233092,52,18,2,Jesse Jacobs,PERSON,58,70
pst.000027233092,52,18,3,Jesse the 38,PERSON,79,91
pst.000027233092,53,0,0,first,ORDINAL,2,7
pst.000027233092,53,0,1,the Black Prince,PERSON,14,30
pst.000027233092,53,1,0,Chicago,GPE,42,49
pst.000027233092,53,2,0,Jesse,PERSON,59,64
pst.000027233092,53,2,1,Granny,PERSON,69,75
pst.000027233092,53,2,2,Jesse,PERSON,103,108
pst.000027233092,53,3,0,Jesse Jacobs,PERSON,5,17
pst.000027233092,53,4,0,two,CARDINAL,27,30
pst.000027233092,53,5,0,Jacobs,PERSON,46,52
pst.000027233092,53,6,0,all night,TIME,19,28
pst.000027233092,53,6,1,Granny,PERSON,36,42
pst.000027233092,53,7,0,Jacobsville,GPE,53,64
pst.000027233092,53,7,1,daybreak,TIME,72,80
pst.000027233092,53,12,0,one,CARDINAL,64,67
pst.000027233092,53,13,0,Robert Lee Brown,PERSON,12,28
pst.000027233092,53,15,0,Granny,PERSON,38,44
pst.000027233092,53,20,0,Jacobsville,GPE,18,29
pst.000027233092,53,23,0,39,CARDINAL,45,47
pst.000027233092,54,4,0,Robert,PERSON,1,7
pst.000027233092,54,5,0,Robert,PERSON,0,6
pst.000027233092,54,5,1,Juniorl Ruth Ellen,PERSON,8,26
pst.000027233092,54,7,0,Robert,PERSON,7,13
pst.000027233092,54,10,0,Two,CARDINAL,0,3
pst.000027233092,54,13,0,Granny,PERSON,15,21
pst.000027233092,54,14,0,Jacobsville,GPE,14,25
pst.000027233092,54,15,0,Jacobsville,GPE,13,24
pst.000027233092,54,16,0,Granny Jacobs,PERSON,5,18
pst.000027233092,54,16,1,Otis,PERSON,36,40
pst.000027233092,54,16,2,Jesse,PERSON,58,63
pst.000027233092,54,16,3,first,ORDINAL,86,91
pst.000027233092,54,17,0,Jesse,PERSON,0,5
pst.000027233092,54,18,0,Robert Brown,PERSON,31,43
pst.000027233092,54,20,0,Jesse,PERSON,22,27
pst.000027233092,54,22,0,Clare Brown,PERSON,18,29
pst.000027233092,54,23,0,Jesse,PERSON,0,5
pst.000027233092,54,24,0,Robert Lee,PERSON,21,31
pst.000027233092,54,24,1,Junior,PERSON,33,39
pst.000027233092,54,25,0,Chicago,GPE,24,31
pst.000027233092,54,26,0,Robert,PERSON,0,6
pst.000027233092,54,27,0,Robert,PERSON,13,19
pst.000027233092,54,27,1,Ruth Ellen,PERSON,28,38
pst.000027233092,54,28,0,40,CARDINAL,2,4
pst.000027233092,55,0,0,Ruth,PERSON,0,4
pst.000027233092,55,0,1,Jesse,PERSON,23,28
pst.000027233092,55,1,0,Granny,PERSON,0,6
pst.000027233092,55,4,0,Lawd,PERSON,11,15
pst.000027233092,55,5,0,Jesus,PERSON,11,16
pst.000027233092,55,6,0,Brown,PERSON,37,42
pst.000027233092,55,9,0,Ruth Ellen,PERSON,0,10
pst.000027233092,55,11,0,Ruth Ellen,PERSON,39,49
pst.000027233092,55,12,0,Jesse,PERSON,60,65
pst.000027233092,55,12,1,Jacobs,PERSON,155,161
pst.000027233092,55,13,0,Granny,PERSON,0,6
pst.000027233092,55,14,0,Lawd,ORG,11,15
pst.000027233092,55,15,0,Lawd,ORG,11,15
pst.000027233092,55,19,0,LeRoy,PERSON,1,6
pst.000027233092,55,20,0,LeRoy Davis,PERSON,0,11
pst.000027233092,55,20,1,a thousand years old,DATE,33,53
pst.000027233092,55,21,0,Granny,PERSON,15,21
pst.000027233092,55,21,1,Brown,PERSON,48,53
pst.000027233092,55,21,2,Jacobs County,GPE,143,156
pst.000027233092,56,1,0,Granny,PERSON,32,38
pst.000027233092,56,1,1,Brown,PERSON,45,50
pst.000027233092,56,4,0,Granny,PERSON,23,29
pst.000027233092,56,4,1,LeRoy,PERSON,32,37
pst.000027233092,56,5,0,Robert,PERSON,69,75
pst.000027233092,56,5,1,Ruth Ellen,PERSON,80,90
pst.000027233092,56,6,0,Granny,PERSON,0,6
pst.000027233092,56,6,1,first,ORDINAL,49,54
pst.000027233092,56,6,2,days,DATE,63,67
pst.000027233092,56,8,0,Brown,PERSON,30,35
pst.000027233092,56,10,0,years,DATE,40,45
pst.000027233092,56,10,1,Jacobs County,GPE,90,103
pst.000027233092,56,14,0,Lawd,PERSON,0,4
pst.000027233092,56,14,1,first,ORDINAL,36,41
pst.000027233092,57,0,0,Jacobs County,GPE,16,29
pst.000027233092,57,0,1,the same year,DATE,51,64
pst.000027233092,57,1,0,Chicago,GPE,20,27
pst.000027233092,57,2,0,two,QUANTITY,11,14
pst.000027233092,57,2,1,Brown,PERSON,36,41
pst.000027233092,57,2,2,one night,TIME,97,106
pst.000027233092,57,3,0,some Uncle Tom Negro,PERSON,17,37
pst.000027233092,57,4,0,two,CARDINAL,97,100
pst.000027233092,57,5,0,Granny,PERSON,31,37
pst.000027233092,57,8,0,Jacobs,PERSON,45,51
pst.000027233092,57,10,0,Ruth Ellen,PERSON,1,11
pst.000027233092,57,10,1,Chicago,GPE,42,49
pst.000027233092,57,10,2,next week,DATE,50,59
pst.000027233092,57,10,3,tomorrow,DATE,95,103
pst.000027233092,57,11,0,Granny,PERSON,24,30
pst.000027233092,57,13,0,Lawd,PERSON,57,61
pst.000027233092,57,13,1,43,DATE,73,75
pst.000027233092,58,3,0,LeRoy Davis,PERSON,22,33
pst.000027233092,58,4,0,Otis,PERSON,13,17
pst.000027233092,58,5,0,one night,TIME,6,15
pst.000027233092,58,5,1,Barnes,PERSON,20,26
pst.000027233092,58,5,2,Jacobs County,GPE,204,217
pst.000027233092,58,6,0,Barnes,PERSON,4,10
pst.000027233092,58,6,1,Jacobs County,GPE,53,66
pst.000027233092,58,7,0,last week,DATE,21,30
pst.000027233092,58,7,1,Granny,PERSON,118,124
pst.000027233092,58,7,2,Jesse,PERSON,158,163
pst.000027233092,58,8,0,Robert,PERSON,53,59
pst.000027233092,58,11,0,Ruth Ellen,PERSON,31,41
pst.000027233092,58,12,0,Jacobs County,GPE,50,63
pst.000027233092,59,0,0,Brown,PERSON,31,36
pst.000027233092,59,6,0,Negroes,NORP,79,86
pst.000027233092,59,7,0,Granny,PERSON,0,6
pst.000027233092,59,7,1,Lawd,PERSON,84,88
pst.000027233092,59,8,0,Brown,PERSON,5,10
pst.000027233092,59,8,1,Granny,PERSON,18,24
pst.000027233092,59,8,2,Otis,PERSON,29,33
pst.000027233092,59,9,0,Granny,PERSON,0,6
pst.000027233092,59,11,0,Brown,PERSON,72,77
pst.000027233092,59,13,0,five dollars,MONEY,9,21
pst.000027233092,59,14,0,Big Jesse,PERSON,14,23
pst.000027233092,59,17,0,Granny,PERSON,0,6
pst.000027233092,59,19,0,Chicago,GPE,42,49
pst.000027233092,59,19,1,first,ORDINAL,79,84
pst.000027233092,60,3,0,Jacobsville,GPE,70,81
pst.000027233092,60,9,0,Jesse,PERSON,0,5
pst.000027233092,60,9,1,Granny,PERSON,31,37
pst.000027233092,60,10,0,Jesse,PERSON,0,5
pst.000027233092,60,11,0,Otis,PERSON,43,47
pst.000027233092,60,11,1,a full minute,TIME,78,91
pst.000027233092,60,12,0,Jesse,PERSON,1,6
pst.000027233092,60,14,0,Granny,PERSON,6,12
pst.000027233092,60,16,0,Jacobsville,GPE,44,55
pst.000027233092,60,18,0,Granny,PERSON,6,12
pst.000027233092,60,23,0,Granny,PERSON,1,7
pst.000027233092,60,25,0,46,CARDINAL,4,6
pst.000027233092,61,2,0,Granny,PERSON,25,31
pst.000027233092,61,7,0,Granny,PERSON,13,19
pst.000027233092,61,7,1,Granny,PERSON,56,62
pst.000027233092,61,9,0,Otis,PERSON,10,14
pst.000027233092,61,11,0,Ruth Ellen,PERSON,31,41
pst.000027233092,61,11,1,Jesse,PERSON,71,76
pst.000027233092,61,12,0,Granny,PERSON,20,26
pst.000027233092,61,14,0,Brown,PERSON,15,20
pst.000027233092,61,14,1,Granny,PERSON,41,47
pst.000027233092,61,14,2,Otis,PERSON,52,56
pst.000027233092,61,15,0,Lawd,PERSON,12,16
pst.000027233092,61,15,1,Otis,PERSON,49,53
pst.000027233092,61,16,0,47,CARDINAL,0,2
pst.000027233092,62,0,0,Jacobsville,GPE,55,66
pst.000027233092,62,1,0,Negro,NORP,38,43
pst.000027233092,63,2,0,Harris,PERSON,15,21
pst.000027233092,63,2,1,Jacobs,PERSON,161,167
pst.000027233092,63,3,0,Granny,PERSON,54,60
pst.000027233092,63,4,0,Lawd,PERSON,4,8
pst.000027233092,63,5,0,Lawd,PERSON,4,8
pst.000027233092,63,6,0,Jacobs,PERSON,29,35
pst.000027233092,63,10,0,two,CARDINAL,4,7
pst.000027233092,63,11,0,Jacobs,PERSON,4,10
pst.000027233092,63,14,0,Harris,PERSON,9,15
pst.000027233092,63,14,1,one,CARDINAL,52,55
pst.000027233092,63,15,0,Otis,PERSON,0,4
pst.000027233092,63,15,1,Granny,PERSON,19,25
pst.000027233092,63,15,2,Jacobs,PERSON,56,62
pst.000027233092,63,16,0,Bertha,PERSON,12,18
pst.000027233092,63,18,0,Granny,PERSON,28,34
pst.000027233092,64,2,0,Jacobs,PERSON,4,10
pst.000027233092,64,2,1,Harris,PERSON,74,80
pst.000027233092,64,2,2,Harris,PERSON,121,127
pst.000027233092,64,3,0,first,ORDINAL,68,73
pst.000027233092,64,5,0,Jacobs,PERSON,15,21
pst.000027233092,64,6,0,Harris,PERSON,20,26
pst.000027233092,64,7,0,number 225,CARDINAL,6,16
pst.000027233092,64,9,0,three miles,QUANTITY,42,53
pst.000027233092,64,10,0,Jacobs,PERSON,4,10
pst.000027233092,64,10,1,Granny,PERSON,21,27
pst.000027233092,64,10,2,Bertha,PERSON,110,116
pst.000027233092,64,12,0,Clyde,PERSON,45,50
pst.000027233092,64,14,0,Granny,PERSON,0,6
pst.000027233092,64,14,1,Jesus,PERSON,61,66
pst.000027233092,64,16,0,A few years,DATE,0,11
pst.000027233092,64,16,1,Bertha,PERSON,65,71
pst.000027233092,64,16,2,Granny Jacobs,PERSON,95,108
pst.000027233092,64,16,3,Negroes,NORP,124,131
pst.000027233092,64,17,0,Jacobsville,GPE,41,52
pst.000027233092,64,17,1,50,CARDINAL,58,60
pst.000027233092,65,0,0,Granny,PERSON,94,100
pst.000027233092,65,1,0,Negro,NORP,82,87
pst.000027233092,65,3,0,Granny Jacobs,PERSON,40,53
pst.000027233092,67,0,0,2,CARDINAL,5,6
pst.000027233092,69,0,0,seven,CARDINAL,0,5
pst.000027233092,69,0,1,THE NEXT TWENTY-FIVE YEARS,DATE,11,37
pst.000027233092,69,0,2,JESSE,PERSON,39,44
pst.000027233092,69,0,3,Granny,PERSON,63,69
pst.000027233092,69,0,4,Harris,PERSON,87,93
pst.000027233092,69,3,0,January,DATE,6,13
pst.000027233092,70,0,0,first,ORDINAL,9,14
pst.000027233092,70,0,1,two,CARDINAL,15,18
pst.000027233092,70,3,0,year,DATE,0,4
pst.000027233092,70,3,1,year,DATE,11,15
pst.000027233092,70,3,2,the Baptist Church,ORG,72,90
pst.000027233092,70,6,0,Harris,PERSON,13,19
pst.000027233092,70,6,1,Sheriff,PERSON,56,63
pst.000027233092,70,8,0,Sunday,DATE,43,49
pst.000027233092,70,9,0,Sheriff,PERSON,16,23
pst.000027233092,70,11,0,Sheriff,PERSON,14,21
pst.000027233092,70,12,0,Lawd,PERSON,29,33
pst.000027233092,70,18,0,one,CARDINAL,6,9
pst.000027233092,70,18,1,thousand,CARDINAL,19,27
pst.000027233092,70,21,0,Sheriff,PERSON,11,18
pst.000027233092,70,22,0,Sheriff,PERSON,14,21
pst.000027233092,70,23,0,One day,DATE,0,7
pst.000027233092,70,23,1,Jesse,PERSON,27,32
pst.000027233092,70,23,2,Harris,PERSON,52,58
pst.000027233092,70,23,3,annual,DATE,111,117
pst.000027233092,70,24,0,56,DATE,7,9
pst.000027233092,71,0,0,Granny,PERSON,57,63
pst.000027233092,71,2,0,one,CARDINAL,39,42
pst.000027233092,71,3,0,Granny,PERSON,7,13
pst.000027233092,71,4,0,Granny,PERSON,19,25
pst.000027233092,71,5,0,Jacobsville,GPE,22,33
pst.000027233092,71,5,1,Chicago,GPE,122,129
pst.000027233092,71,7,0,Granny,PERSON,0,6
pst.000027233092,71,7,1,Jesse,PERSON,24,29
pst.000027233092,71,7,2,Preacher Harris,PERSON,132,147
pst.000027233092,71,7,3,two months from now,DATE,158,177
pst.000027233092,71,7,4,Ebony,ORG,178,183
pst.000027233092,71,8,0,Granny,PERSON,12,18
pst.000027233092,71,10,0,Jesus,PERSON,5,10
pst.000027233092,71,11,0,Harris,PERSON,10,16
pst.000027233092,71,11,1,one,CARDINAL,52,55
pst.000027233092,72,0,0,Harris,PERSON,11,17
pst.000027233092,72,2,0,Granny,PERSON,28,34
pst.000027233092,72,4,0,Harris,PERSON,13,19
pst.000027233092,72,5,0,Jacobs,PERSON,4,10
pst.000027233092,72,5,1,Negroes,NORP,131,138
pst.000027233092,72,5,2,the same year,DATE,385,398
pst.000027233092,72,5,3,Mississippi,GPE,465,476
pst.000027233092,72,6,0,Harris,PERSON,9,15
pst.000027233092,72,6,1,the years,DATE,41,50
pst.000027233092,72,7,0,Bible,WORK_OF_ART,27,32
pst.000027233092,72,8,0,Jesse,PERSON,41,46
pst.000027233092,72,8,1,58,DATE,51,53
pst.000027233092,73,2,0,one,CARDINAL,75,78
pst.000027233092,73,3,0,two,CARDINAL,20,23
pst.000027233092,73,3,1,Jesse,PERSON,64,69
pst.000027233092,73,3,2,Jesse,PERSON,87,92
pst.000027233092,73,4,0,twenty-five years,DATE,67,84
pst.000027233092,73,5,0,Jacobs,PERSON,4,10
pst.000027233092,73,5,1,Harris,PERSON,61,67
pst.000027233092,73,6,0,Granny,PERSON,54,60
pst.000027233092,73,6,1,Harris,PERSON,71,77
pst.000027233092,73,6,2,five dollars,MONEY,83,95
pst.000027233092,73,6,3,Ebony Magazine,ORG,205,219
pst.000027233092,73,6,4,Chicago,GPE,221,228
pst.000027233092,73,6,5,Illinois,GPE,230,238
pst.000027233092,73,6,6,The Baptist Periodical,ORG,292,314
pst.000027233092,73,6,7,Jesse,PERSON,358,363
pst.000027233092,73,7,0,Granny,PERSON,7,13
pst.000027233092,73,7,1,a full twenty minutes,TIME,34,55
pst.000027233092,73,8,0,first,ORDINAL,4,9
pst.000027233092,73,8,1,two weeks later,DATE,51,66
pst.000027233092,73,9,0,Negroes,NORP,82,89
pst.000027233092,74,0,0,Negro,NORP,20,25
pst.000027233092,74,4,0,Jews,NORP,36,40
pst.000027233092,74,7,0,Negroes,NORP,4,11
pst.000027233092,74,9,0,niggers,NORP,5,12
pst.000027233092,75,2,0,Bertha Jacobs,PERSON,15,28
pst.000027233092,75,2,1,Jacobsville,GPE,30,41
pst.000027233092,75,2,2,Mississippi,GPE,43,54
pst.000027233092,75,3,0,Granny Jacobs,PERSON,25,38
pst.000027233092,75,6,0,Granny,PERSON,38,44
pst.000027233092,75,7,0,Granny,PERSON,0,6
pst.000027233092,75,9,0,Howard,PERSON,13,19
pst.000027233092,75,10,0,Granny,PERSON,44,50
pst.000027233092,75,11,0,Granny,PERSON,1,7
pst.000027233092,75,13,0,Granny,PERSON,0,6
pst.000027233092,75,14,0,years,DATE,37,42
pst.000027233092,75,19,0,Lawd,PERSON,3,7
pst.000027233092,75,20,0,Sheriff,PERSON,10,17
pst.000027233092,75,20,1,Granny,PERSON,62,68
pst.000027233092,75,21,0,one,CARDINAL,15,18
pst.000027233092,75,21,1,61,CARDINAL,66,68
pst.000027233092,76,3,0,Harris,PERSON,21,27
pst.000027233092,76,9,0,Ebony Magazine,ORG,36,50
pst.000027233092,76,11,0,Sheriff,PERSON,34,41
pst.000027233092,76,12,0,a year older,DATE,128,140
pst.000027233092,76,18,0,Matthews,PERSON,5,13
pst.000027233092,76,20,0,62,CARDINAL,0,2
pst.000027233092,77,0,0,Howard,PERSON,20,26
pst.000027233092,77,2,0,Sheriff,PERSON,33,40
pst.000027233092,77,5,0,first,ORDINAL,29,34
pst.000027233092,77,6,0,Bertha,PERSON,0,6
pst.000027233092,77,7,0,Granny,PERSON,0,6
pst.000027233092,77,8,0,Sheriff,PERSON,5,12
pst.000027233092,77,10,0,Sheriff,PERSON,28,35
pst.000027233092,77,11,0,Sheriff,PERSON,15,22
pst.000027233092,77,12,0,Bible,WORK_OF_ART,67,72
pst.000027233092,77,15,0,Big Jesse,PERSON,78,87
pst.000027233092,77,18,0,a Granny Jacobs,PERSON,71,86
pst.000027233092,78,3,0,Sheriff,PERSON,30,37
pst.000027233092,78,6,0,Bertha,PERSON,27,33
pst.000027233092,78,9,0,Sheriff,PERSON,15,22
pst.000027233092,78,9,1,Lawd,ORG,32,36
pst.000027233092,78,9,2,Granny,PERSON,67,73
pst.000027233092,78,10,0,Granny,PERSON,26,32
pst.000027233092,79,0,0,3 eight,CARDINAL,0,7
pst.000027233092,79,0,1,Jacobs County,GPE,79,92
pst.000027233092,79,0,2,years,DATE,105,110
pst.000027233092,79,1,0,The day,DATE,0,7
pst.000027233092,79,3,0,Negroes,NORP,39,46
pst.000027233092,80,0,0,one,CARDINAL,53,56
pst.000027233092,80,2,0,Negroes,NORP,44,51
pst.000027233092,80,4,0,Jacobs,PERSON,4,10
pst.000027233092,80,4,1,three days,DATE,37,47
pst.000027233092,80,7,0,Negroes,NORP,106,113
pst.000027233092,80,7,1,Jacobs County,GPE,158,171
pst.000027233092,80,8,0,days,DATE,242,246
pst.000027233092,80,10,0,ten years ago,DATE,14,27
pst.000027233092,80,10,1,one,CARDINAL,51,54
pst.000027233092,80,10,2,Negroes,NORP,201,208
pst.000027233092,81,7,0,thirty,CARDINAL,13,19
pst.000027233092,81,8,0,one,CARDINAL,16,19
pst.000027233092,81,9,0,niggers,NORP,25,32
pst.000027233092,81,11,0,the next hundred or so years,DATE,109,137
pst.000027233092,81,12,0,Jacobs County,GPE,131,144
pst.000027233092,81,13,0,Negroes,NORP,15,22
pst.000027233092,82,3,0,night,TIME,26,31
pst.000027233092,82,4,0,Negro,NORP,11,16
pst.000027233092,82,5,0,Jacobs County,GPE,83,96
pst.000027233092,82,7,0,Granny Jacobs,PERSON,220,233
pst.000027233092,82,8,0,Jacobsville,PERSON,93,104
pst.000027233092,82,9,0,Jacobs,PERSON,136,142
pst.000027233092,82,9,1,Negroes,NORP,308,315
pst.000027233092,83,2,0,Jacobs,PERSON,12,18
pst.000027233092,83,5,0,days,DATE,29,33
pst.000027233092,83,10,0,Jacobs County,GPE,243,256
pst.000027233092,83,12,0,Twenty-five years ago,DATE,0,21
pst.000027233092,83,12,1,Granny Jacobs,PERSON,49,62
pst.000027233092,83,14,0,Granny 69,PERSON,28,37
pst.000027233092,84,1,0,Negroes,NORP,17,24
pst.000027233092,84,1,1,Granny,PERSON,80,86
pst.000027233092,84,1,2,Jacobsville,GPE,227,238
pst.000027233092,84,2,0,Granny Jacobs,PERSON,13,26
pst.000027233092,84,4,0,Granny Jacobs,PERSON,4,17
pst.000027233092,84,4,1,Jacobsville,GPE,102,113
pst.000027233092,84,5,0,Jacobs,PERSON,100,106
pst.000027233092,84,7,0,Granny,PERSON,5,11
pst.000027233092,84,9,0,Minnott,GPE,25,32
pst.000027233092,84,10,0,one,CARDINAL,7,10
pst.000027233092,84,10,1,Jesse,PERSON,64,69
pst.000027233092,85,3,0,Mississippi,GPE,82,93
pst.000027233092,85,8,0,Granny,PERSON,13,19
pst.000027233092,85,12,0,Harris,PERSON,9,15
pst.000027233092,86,0,0,Mississippi,GPE,40,51
pst.000027233092,86,4,0,Harris,PERSON,51,57
pst.000027233092,86,5,0,Mississippi,GPE,64,75
pst.000027233092,86,7,0,Jacobs County,GPE,63,76
pst.000027233092,86,8,0,Harris,PERSON,36,42
pst.000027233092,86,8,1,Bible,WORK_OF_ART,98,103
pst.000027233092,86,8,2,Jacobs County,GPE,171,184
pst.000027233092,86,9,0,Josh Black,PERSON,43,53
pst.000027233092,86,10,0,Josh,PERSON,0,4
pst.000027233092,86,10,1,Jacobsville,GPE,74,85
pst.000027233092,86,12,0,Josh,PERSON,35,39
pst.000027233092,86,13,0,Josh,PERSON,60,64
pst.000027233092,87,1,0,Harris,PERSON,13,19
pst.000027233092,87,1,1,Granny Jacobs,PERSON,82,95
pst.000027233092,87,2,0,Josh,PERSON,0,4
pst.000027233092,87,2,1,first,ORDINAL,16,21
pst.000027233092,87,3,0,five,CARDINAL,31,35
pst.000027233092,87,6,0,Jacobs,PERSON,88,94
pst.000027233092,87,7,0,Jacobs County,GPE,77,90
pst.000027233092,88,3,0,Josh,PERSON,0,4
pst.000027233092,88,3,1,Preacher Harris,PERSON,17,32
pst.000027233092,88,3,2,Preacher Harris,PERSON,146,161
pst.000027233092,88,3,3,Josh,PERSON,280,284
pst.000027233092,88,4,0,niggers,NORP,64,71
pst.000027233092,88,6,0,Sheehan,PERSON,11,18
pst.000027233092,88,6,1,Josh,PERSON,121,125
pst.000027233092,88,6,2,two,CARDINAL,156,159
pst.000027233092,88,6,3,only twelve,DATE,180,191
pst.000027233092,88,7,0,Sheehan,PERSON,88,95
pst.000027233092,88,7,1,Josh,PERSON,212,216
pst.000027233092,88,8,0,Josh,PERSON,14,18
pst.000027233092,88,8,1,Sheehan,PERSON,57,64
pst.000027233092,88,9,0,Josh,PERSON,0,4
pst.000027233092,88,9,1,Sheehan,PERSON,174,181
pst.000027233092,88,10,0,74,DATE,8,10
pst.000027233092,89,0,0,Sheehan,PERSON,63,70
pst.000027233092,89,1,0,Lawd,PERSON,27,31
pst.000027233092,89,8,0,Lawd,PERSON,4,8
pst.000027233092,89,11,0,Josh,PERSON,0,4
pst.000027233092,89,11,1,fifteen,DATE,9,16
pst.000027233092,89,13,0,Josh,PERSON,23,27
pst.000027233092,89,14,0,Josh,PERSON,12,16
pst.000027233092,89,16,0,Sheriff,PERSON,15,22
pst.000027233092,90,1,0,Sheriff,PERSON,9,16
pst.000027233092,90,5,0,Sheriff,PERSON,36,43
pst.000027233092,90,9,0,Josh,PERSON,0,4
pst.000027233092,90,13,0,Bob,PERSON,23,26
pst.000027233092,90,15,0,Josh,PERSON,30,34
pst.000027233092,90,20,0,Josh,PERSON,11,15
pst.000027233092,90,20,1,Josh,PERSON,32,36
pst.000027233092,90,21,0,Josh,PERSON,46,50
pst.000027233092,90,23,0,Sheriff,PERSON,35,42
pst.000027233092,90,28,0,Josh,PERSON,0,4
pst.000027233092,90,31,0,76,CARDINAL,0,2
pst.000027233092,91,4,0,Sheriff,PERSON,17,24
pst.000027233092,91,11,0,Sheriff,PERSON,32,39
pst.000027233092,91,14,0,one,CARDINAL,7,10
pst.000027233092,91,22,0,Josh,PERSON,29,33
pst.000027233092,91,24,0,77,CARDINAL,0,2
pst.000027233092,92,3,0,Josh,PERSON,0,4
pst.000027233092,92,7,0,Harris,PERSON,54,60
pst.000027233092,92,9,0,Lawd,ORG,4,8
pst.000027233092,92,9,1,Josh,PERSON,31,35
pst.000027233092,92,16,0,Josh,PERSON,55,59
pst.000027233092,92,19,0,Lawd,PERSON,3,7
pst.000027233092,92,21,0,78,CARDINAL,82,84
pst.000027233092,93,4,0,ten years,DATE,47,56
pst.000027233092,93,5,0,ten years,DATE,10,19
pst.000027233092,93,5,1,a day,DATE,28,33
pst.000027233092,93,6,0,ten years,DATE,19,28
pst.000027233092,93,7,0,four or five years,DATE,43,61
pst.000027233092,93,15,0,the winter,DATE,154,164
pst.000027233092,93,20,0,Sheriff,PERSON,16,23
pst.000027233092,93,21,0,Horace,PERSON,1,7
pst.000027233092,93,21,1,Harris,PERSON,114,120
pst.000027233092,94,0,0,third,ORDINAL,42,47
pst.000027233092,94,2,0,Chicago,GPE,126,133
pst.000027233092,94,2,1,Washington,GPE,167,177
pst.000027233092,94,3,0,Josh,PERSON,19,23
pst.000027233092,94,4,0,That night,TIME,0,10
pst.000027233092,94,4,1,Harris,PERSON,20,26
pst.000027233092,94,4,2,Granny,PERSON,31,37
pst.000027233092,94,10,0,one,CARDINAL,54,57
pst.000027233092,94,12,0,fifth,ORDINAL,114,119
pst.000027233092,94,13,0,sun 80,PERSON,2,8
pst.000027233092,95,0,0,George Harris,PERSON,55,68
pst.000027233092,95,0,1,Granny Jacobs,PERSON,80,93
pst.000027233092,95,0,2,Jacobs County,GPE,188,201
pst.000027233092,95,0,3,Mississippi,GPE,202,213
pst.000027233092,95,1,0,Granny,PERSON,0,6
pst.000027233092,95,1,1,Chicago,GPE,99,106
pst.000027233092,95,1,2,Granny,PERSON,206,212
pst.000027233092,95,1,3,Howard,PERSON,238,244
pst.000027233092,95,3,0,Granny,PERSON,0,6
pst.000027233092,95,7,0,Jacobs County,GPE,211,224
pst.000027233092,95,9,0,sixty years,DATE,57,68
pst.000027233092,95,9,1,Granny Jacobs,PERSON,73,86
pst.000027233092,95,9,2,more than eighty years,DATE,97,119
pst.000027233092,95,10,0,Jacobs,PERSON,20,26
pst.000027233092,96,0,0,Jacobs County,GPE,199,212
pst.000027233092,96,1,0,one,CARDINAL,5,8
pst.000027233092,96,6,0,George Harris,PERSON,11,24
pst.000027233092,96,6,1,Jacobsville,GPE,39,50
pst.000027233092,96,7,0,next week,DATE,148,157
pst.000027233092,96,9,0,Granny,PERSON,10,16
pst.000027233092,96,11,0,Horace,PERSON,47,53
pst.000027233092,96,12,0,Granny,PERSON,8,14
pst.000027233092,97,0,0,Harris,PERSON,51,57
pst.000027233092,97,0,1,Granny,PERSON,60,66
pst.000027233092,97,1,0,Lawd,PERSON,62,66
pst.000027233092,98,0,0,nine A WEEK LATER,DATE,0,17
pst.000027233092,98,0,1,TWO,CARDINAL,18,21
pst.000027233092,98,0,2,Jacobsville,GPE,51,62
pst.000027233092,99,7,0,Negro,NORP,11,16
pst.000027233092,99,8,0,Mo,PERSON,17,19
pst.000027233092,99,11,0,today,DATE,45,50
pst.000027233092,99,14,0,two,CARDINAL,27,30
pst.000027233092,99,15,0,one,CARDINAL,8,11
pst.000027233092,99,19,0,one,CARDINAL,33,36
pst.000027233092,99,23,0,sundown,TIME,24,31
pst.000027233092,99,28,0,one,CARDINAL,17,20
pst.000027233092,100,7,0,Yankees,NORP,4,11
pst.000027233092,100,14,0,ten,CARDINAL,17,20
pst.000027233092,100,14,1,one,CARDINAL,32,35
pst.000027233092,100,16,0,ten,CARDINAL,14,17
pst.000027233092,100,16,1,one,CARDINAL,27,30
pst.000027233092,100,16,2,Negro,NORP,63,68
pst.000027233092,100,16,3,first,ORDINAL,77,82
pst.000027233092,100,21,0,ten,CARDINAL,77,80
pst.000027233092,100,21,1,one,CARDINAL,90,93
pst.000027233092,100,23,0,Maryland,GPE,10,18
pst.000027233092,100,25,0,Yankees,NORP,20,27
pst.000027233092,100,26,0,1,CARDINAL,0,1
pst.000027233092,101,1,0,three dollars and fifteen cents,MONEY,7,38
pst.000027233092,101,8,0,first,ORDINAL,34,39
pst.000027233092,101,13,0,several minutes,TIME,31,46
pst.000027233092,101,14,0,87,CARDINAL,0,2
pst.000027233092,102,0,0,ten,CARDINAL,0,3
pst.000027233092,102,0,1,TWO,CARDINAL,8,11
pst.000027233092,102,0,2,one mile,QUANTITY,46,54
pst.000027233092,102,2,0,some seven,CARDINAL,229,239
pst.000027233092,103,2,0,Negro,NORP,64,69
pst.000027233092,103,3,0,two,CARDINAL,32,35
pst.000027233092,103,3,1,Negro,NORP,36,41
pst.000027233092,103,5,0,morning,TIME,6,13
pst.000027233092,103,7,0,Harris,PERSON,46,52
pst.000027233092,103,7,1,Jacobs,PERSON,64,70
pst.000027233092,103,14,0,Negro,NORP,90,95
pst.000027233092,103,15,0,one,CARDINAL,94,97
pst.000027233092,104,1,0,four,CARDINAL,197,201
pst.000027233092,104,7,0,two,CARDINAL,74,77
pst.000027233092,104,8,0,two,CARDINAL,112,115
pst.000027233092,104,10,0,one,CARDINAL,5,8
pst.000027233092,104,10,1,Jacobs,PERSON,42,48
pst.000027233092,104,15,0,90,CARDINAL,0,2
pst.000027233092,105,1,0,First,ORDINAL,1,6
pst.000027233092,105,6,0,Negroes,NORP,31,38
pst.000027233092,105,7,0,first,ORDINAL,23,28
pst.000027233092,105,7,1,Granny,PERSON,109,115
pst.000027233092,105,8,0,Granny,PERSON,87,93
pst.000027233092,105,10,0,one,CARDINAL,25,28
pst.000027233092,105,10,1,Josh,PERSON,96,100
pst.000027233092,105,12,0,Granny,PERSON,107,113
pst.000027233092,105,13,0,first,ORDINAL,151,156
pst.000027233092,105,13,1,Granny,PERSON,192,198
pst.000027233092,105,13,2,three,CARDINAL,211,216
pst.000027233092,105,13,3,Negro,NORP,272,277
pst.000027233092,105,14,0,8,CARDINAL,0,1
pst.000027233092,106,2,0,Jacobs,PERSON,18,24
pst.000027233092,106,3,0,two,CARDINAL,42,45
pst.000027233092,106,5,0,Granny Jacobs,PERSON,14,27
pst.000027233092,106,6,0,morning,TIME,6,13
pst.000027233092,106,7,0,Ernest Wright,PERSON,20,33
pst.000027233092,106,8,0,Granny,PERSON,0,6
pst.000027233092,106,10,0,Jesus,PERSON,12,17
pst.000027233092,106,10,1,Granny,PERSON,20,26
pst.000027233092,106,11,0,Jesus,PERSON,12,17
pst.000027233092,106,13,0,Harris,PERSON,37,43
pst.000027233092,106,13,1,Josh,PERSON,48,52
pst.000027233092,106,14,0,Granny,PERSON,14,20
pst.000027233092,106,15,0,Josh,PERSON,32,36
pst.000027233092,106,17,0,Ernest Wright,PERSON,0,13
pst.000027233092,106,17,1,one hundred or so,CARDINAL,73,90
pst.000027233092,106,18,0,Fred Worthington,PERSON,13,29
pst.000027233092,106,18,1,Jacobs,PERSON,36,42
pst.000027233092,107,3,0,Granny,PERSON,0,6
pst.000027233092,107,4,0,Three,CARDINAL,0,5
pst.000027233092,107,5,0,one,CARDINAL,13,16
pst.000027233092,107,6,0,two,CARDINAL,4,7
pst.000027233092,107,6,1,Granny,PERSON,25,31
pst.000027233092,107,7,0,Josh,PERSON,74,78
pst.000027233092,107,7,1,Granny,PERSON,81,87
pst.000027233092,107,8,0,well over two hundred,CARDINAL,30,51
pst.000027233092,107,10,0,Granny,PERSON,0,6
pst.000027233092,107,11,0,Granny,PERSON,38,44
pst.000027233092,107,12,0,Granny,PERSON,57,63
pst.000027233092,107,13,0,Harris,PERSON,31,37
pst.000027233092,108,1,0,Jacobsville,GPE,57,68
pst.000027233092,108,6,0,Harris,PERSON,9,15
pst.000027233092,108,6,1,one,CARDINAL,84,87
pst.000027233092,108,8,0,Granny Jacobs,PERSON,28,41
pst.000027233092,108,8,1,two,CARDINAL,75,78
pst.000027233092,108,8,2,Jacobs County,GPE,130,143
pst.000027233092,108,11,0,Wright,PERSON,8,14
pst.000027233092,108,12,0,Jacobs,PERSON,95,101
pst.000027233092,108,13,0,an hour,TIME,7,14
pst.000027233092,108,13,1,Jacobs County,GPE,107,120
pst.000027233092,108,14,0,Wright,PERSON,8,14
pst.000027233092,109,1,0,Granny,PERSON,32,38
pst.000027233092,109,2,0,some thirty,CARDINAL,22,33
pst.000027233092,109,6,0,Granny,PERSON,30,36
pst.000027233092,109,9,0,Two,CARDINAL,0,3
pst.000027233092,109,9,1,third,ORDINAL,94,99
pst.000027233092,109,11,0,Granny Jacobs,PERSON,81,94
pst.000027233092,109,12,0,Harris,PERSON,9,15
pst.000027233092,109,13,0,Afternoon,TIME,1,10
pst.000027233092,109,13,1,Granny,PERSON,22,28
pst.000027233092,109,16,0,95,CARDINAL,0,2
pst.000027233092,110,1,0,Wright,PERSON,8,14
pst.000027233092,110,3,0,Wright,PERSON,43,49
pst.000027233092,110,6,0,Washington,GPE,93,103
pst.000027233092,110,7,0,Jacobs County,ORG,58,71
pst.000027233092,110,10,0,a minute,TIME,31,39
pst.000027233092,110,12,0,Negroes,NORP,4,11
pst.000027233092,111,0,0,Wright,PERSON,26,32
pst.000027233092,111,1,0,one,CARDINAL,27,30
pst.000027233092,111,1,1,Worthington,PERSON,53,64
pst.000027233092,111,1,2,today,DATE,114,119
pst.000027233092,111,2,0,one day,DATE,48,55
pst.000027233092,111,10,0,Oxford,GPE,36,42
pst.000027233092,111,10,1,1962,DATE,46,50
pst.000027233092,111,10,2,Jacobs County,GPE,77,90
pst.000027233092,111,13,0,Pitch,PERSON,12,17
pst.000027233092,111,14,0,Negroes,NORP,39,46
pst.000027233092,111,15,0,three,CARDINAL,14,19
pst.000027233092,111,16,0,Jacobs,PERSON,86,92
pst.000027233092,112,0,0,Wright,PERSON,37,43
pst.000027233092,112,1,0,Worthington,PERSON,43,54
pst.000027233092,112,3,0,about an hour,TIME,23,36
pst.000027233092,112,4,0,One,CARDINAL,0,3
pst.000027233092,112,9,0,Wright,PERSON,26,32
pst.000027233092,112,14,0,Negro,NORP,46,51
pst.000027233092,112,15,0,Worthington,PERSON,20,31
pst.000027233092,113,1,0,a year,DATE,21,27
pst.000027233092,113,4,0,Just a minute,TIME,1,14
pst.000027233092,113,5,0,a second,TIME,23,31
pst.000027233092,113,6,0,Pitch,PERSON,8,13
pst.000027233092,113,13,0,Worthington,PERSON,8,19
pst.000027233092,113,14,0,twenty,CARDINAL,39,45
pst.000027233092,113,14,1,Negroes,NORP,46,53
pst.000027233092,113,16,0,Pitch,PERSON,8,13
pst.000027233092,113,17,0,Worthington,PERSON,5,16
pst.000027233092,113,17,1,nigras,NORP,33,39
pst.000027233092,113,18,0,nigras,NORP,9,15
pst.000027233092,114,4,0,100,CARDINAL,0,3
pst.000027233092,115,0,0,MARSHAL WRIGHT,PERSON,22,36
pst.000027233092,115,0,1,Jacobsville,GPE,60,71
pst.000027233092,115,0,2,five,CARDINAL,85,89
pst.000027233092,115,0,3,Minnott,GPE,124,131
pst.000027233092,115,0,4,Washington,GPE,165,175
pst.000027233092,115,2,0,Jacobs County,GPE,23,36
pst.000027233092,115,2,1,Jacobsville,GPE,76,87
pst.000027233092,116,2,0,Jacobsville,GPE,26,37
pst.000027233092,116,4,0,Negroes,NORP,4,11
pst.000027233092,116,4,1,the years,DATE,159,168
pst.000027233092,116,6,0,one hour,TIME,40,48
pst.000027233092,116,6,1,Mississippi,GPE,93,104
pst.000027233092,116,7,0,Jacobs County,GPE,36,49
pst.000027233092,116,8,0,six,CARDINAL,18,21
pst.000027233092,116,8,1,six,CARDINAL,41,44
pst.000027233092,116,8,2,Jacobsville,GPE,76,87
pst.000027233092,116,9,0,two-week,DATE,197,205
pst.000027233092,116,10,0,Jacobs County,GPE,172,185
pst.000027233092,117,1,0,Negroes,NORP,48,55
pst.000027233092,117,2,0,Jacobs,PERSON,20,26
pst.000027233092,117,2,1,the night,TIME,41,50
pst.000027233092,117,3,0,Jacobs,PERSON,41,47
pst.000027233092,117,3,1,Pitch,PERSON,67,72
pst.000027233092,117,3,2,three,CARDINAL,116,121
pst.000027233092,117,10,0,early the next morning,TIME,52,74
pst.000027233092,117,10,1,103,CARDINAL,93,96
pst.000027233092,118,2,0,later in the day,TIME,34,50
pst.000027233092,118,4,0,the day,DATE,4,11
pst.000027233092,118,4,1,any minute,TIME,79,89
pst.000027233092,118,6,0,The next morning,TIME,0,16
pst.000027233092,118,6,1,Wright,PERSON,26,32
pst.000027233092,118,6,2,Johnson,PERSON,65,72
pst.000027233092,118,6,3,the night,TIME,114,123
pst.000027233092,118,7,0,Wright,PERSON,51,57
pst.000027233092,118,7,1,Johnson,PERSON,60,67
pst.000027233092,118,8,0,fifty yards,QUANTITY,78,89
pst.000027233092,118,9,0,just about an hour before,TIME,41,66
pst.000027233092,118,9,1,Johnson,PERSON,122,129
pst.000027233092,118,11,0,Wright,PERSON,34,40
pst.000027233092,118,11,1,three,CARDINAL,83,88
pst.000027233092,118,11,2,Negro,NORP,104,109
pst.000027233092,119,1,0,One,CARDINAL,0,3
pst.000027233092,119,3,0,Wright,PERSON,8,14
pst.000027233092,119,3,1,Johnson,PERSON,81,88
pst.000027233092,119,4,0,Johnson,PERSON,49,56
pst.000027233092,119,7,0,Negroes,NORP,52,59
pst.000027233092,119,9,0,Wright,PERSON,8,14
pst.000027233092,119,10,0,Fahey,PERSON,1,6
pst.000027233092,119,10,1,Granny Jacobs,PERSON,15,28
pst.000027233092,119,10,2,Harris,PERSON,42,48
pst.000027233092,119,12,0,Goldberg,PERSON,0,8
pst.000027233092,119,14,0,Wilson,PERSON,0,6
pst.000027233092,119,14,1,Jacobs,PERSON,45,51
pst.000027233092,119,14,2,the night,TIME,113,122
pst.000027233092,119,15,0,Johnson,PERSON,0,7
pst.000027233092,119,17,0,Goldberg,PERSON,8,16
pst.000027233092,119,17,1,first,ORDINAL,25,30
pst.000027233092,120,2,0,Wright,PERSON,24,30
pst.000027233092,120,3,0,an awful early hour,TIME,5,24
pst.000027233092,120,6,0,a minute,TIME,16,24
pst.000027233092,120,14,0,Negroes,NORP,27,34
pst.000027233092,120,20,0,night,TIME,17,22
pst.000027233092,120,20,1,106,CARDINAL,95,98
pst.000027233092,121,0,0,Pitch,PERSON,10,15
pst.000027233092,121,0,1,Granny,PERSON,30,36
pst.000027233092,121,0,2,Harris,PERSON,47,53
pst.000027233092,121,0,3,Josh,PERSON,59,63
pst.000027233092,121,2,0,three,CARDINAL,17,22
pst.000027233092,121,2,1,last night,TIME,51,61
pst.000027233092,121,2,2,Josh,PERSON,64,68
pst.000027233092,121,3,0,Wright,PERSON,8,14
pst.000027233092,121,6,0,Granny,PERSON,16,22
pst.000027233092,121,8,0,Harris,PERSON,9,15
pst.000027233092,121,9,0,Josh,PERSON,0,4
pst.000027233092,121,10,0,three,CARDINAL,9,14
pst.000027233092,121,11,0,all night,TIME,28,37
pst.000027233092,121,13,0,Johnson,PERSON,1,8
pst.000027233092,121,14,0,Josh,PERSON,28,32
pst.000027233092,121,18,0,Josh,PERSON,31,35
pst.000027233092,121,20,0,Washington,GPE,27,37
pst.000027233092,121,20,1,F.B.I.,ORG,97,103
pst.000027233092,122,5,0,Josh,PERSON,0,4
pst.000027233092,122,7,0,Negro,NORP,60,65
pst.000027233092,122,9,0,Just a minute,TIME,1,14
pst.000027233092,122,11,0,Josh,PERSON,0,4
pst.000027233092,122,18,0,one,CARDINAL,29,32
pst.000027233092,123,0,0,twelve,CARDINAL,0,6
pst.000027233092,123,0,1,PITCH,PERSON,19,24
pst.000027233092,123,1,0,Jacobsville,GPE,37,48
pst.000027233092,124,0,0,Wright,PERSON,24,30
pst.000027233092,124,0,1,Jacobsville,GPE,91,102
pst.000027233092,124,0,2,five,CARDINAL,130,134
pst.000027233092,124,1,0,United States,GPE,56,69
pst.000027233092,124,2,0,Yankee,NORP,31,37
pst.000027233092,124,5,0,three o'clock,TIME,3,16
pst.000027233092,124,5,1,Wright,PERSON,45,51
pst.000027233092,124,5,2,one,CARDINAL,84,87
pst.000027233092,124,6,0,Wright,PERSON,0,6
pst.000027233092,124,6,1,two,CARDINAL,11,14
pst.000027233092,124,9,0,two,CARDINAL,9,12
pst.000027233092,124,9,1,one,CARDINAL,53,56
pst.000027233092,124,10,0,eight o'clock,TIME,11,24
pst.000027233092,124,11,0,three,CARDINAL,60,65
pst.000027233092,124,11,1,110,CARDINAL,124,127
pst.000027233092,125,1,0,half,CARDINAL,12,16
pst.000027233092,125,1,1,Preacher Harris,PERSON,55,70
pst.000027233092,125,1,2,half,CARDINAL,85,89
pst.000027233092,125,1,3,Granny Jacobs,PERSON,105,118
pst.000027233092,125,2,0,Negroes,NORP,42,49
pst.000027233092,125,3,0,Granny,PERSON,25,31
pst.000027233092,125,3,1,Preacher Harris,PERSON,36,51
pst.000027233092,125,3,2,Jacobs County,GPE,179,192
pst.000027233092,125,6,0,three thousand,CARDINAL,23,37
pst.000027233092,125,6,1,Negroes,NORP,38,45
pst.000027233092,125,6,2,tonight,TIME,91,98
pst.000027233092,125,7,0,tonight,TIME,7,14
pst.000027233092,125,7,1,one,CARDINAL,41,44
pst.000027233092,125,7,2,earlier that day,DATE,61,77
pst.000027233092,125,7,3,Jacobs County,GPE,125,138
pst.000027233092,125,7,4,five hundred years old,DATE,170,192
pst.000027233092,125,8,0,that night,TIME,61,71
pst.000027233092,126,2,0,northerners,NORP,37,48
pst.000027233092,126,2,1,niggers,NORP,117,124
pst.000027233092,126,4,0,Wright,PERSON,93,99
pst.000027233092,126,6,0,Yankee,NORP,76,82
pst.000027233092,126,13,0,all day,DATE,27,34
pst.000027233092,126,18,0,all night,TIME,43,52
pst.000027233092,126,19,0,three,CARDINAL,28,33
pst.000027233092,126,19,1,two,CARDINAL,56,59
pst.000027233092,126,20,0,Bobbie Joe Willis,PERSON,11,28
pst.000027233092,126,20,1,112,CARDINAL,45,48
pst.000027233092,127,1,0,a minute,TIME,6,14
pst.000027233092,127,2,0,Bobbie Joe,PERSON,11,21
pst.000027233092,127,9,0,Pitch,PERSON,30,35
pst.000027233092,127,10,0,tonight,TIME,31,38
pst.000027233092,127,11,0,Bobbie Joe,PERSON,10,20
pst.000027233092,127,17,0,four hundred,CARDINAL,25,37
pst.000027233092,127,18,0,the years,DATE,58,67
pst.000027233092,127,20,0,about twelve,DATE,29,41
pst.000027233092,128,3,0,Pa,PERSON,14,16
pst.000027233092,128,12,0,Jacobs,PERSON,115,121
pst.000027233092,128,16,0,tonight,TIME,69,76
pst.000027233092,128,19,0,a minute,TIME,14,22
pst.000027233092,129,0,0,tonight,TIME,59,66
pst.000027233092,129,8,0,niggers,NORP,21,28
pst.000027233092,129,13,0,Jacobs,PERSON,110,116
pst.000027233092,130,16,0,Jacobsville,GPE,60,71
pst.000027233092,130,18,0,Jacobsville,GPE,32,43
pst.000027233092,130,19,0,two hundred yards,QUANTITY,58,75
pst.000027233092,130,21,0,Negroes,NORP,16,23
pst.000027233092,130,22,0,116,CARDINAL,0,3
pst.000027233092,131,12,0,Sheriffl,PERSON,5,13
pst.000027233092,131,12,1,Josh,PERSON,15,19
pst.000027233092,131,13,0,Josh,PERSON,1,5
pst.000027233092,131,15,0,Josh,PERSON,13,17
pst.000027233092,131,16,0,Pitch,PERSON,8,13
pst.000027233092,131,18,0,Josh,PERSON,21,25
pst.000027233092,131,20,0,Josh,PERSON,0,4
pst.000027233092,131,20,1,only two years ago,DATE,48,66
pst.000027233092,131,21,0,Josh,PERSON,8,12
pst.000027233092,131,23,0,Josh,PERSON,0,4
pst.000027233092,131,24,0,Sheriff,PERSON,28,35
pst.000027233092,131,26,0,one,CARDINAL,55,58
pst.000027233092,132,2,0,twenty,CARDINAL,21,27
pst.000027233092,132,4,0,Sheriff,PERSON,14,21
pst.000027233092,132,5,0,Josh,PERSON,5,9
pst.000027233092,132,10,0,Josh,PERSON,19,23
pst.000027233092,132,11,0,two,CARDINAL,11,14
pst.000027233092,132,15,0,Josh,PERSON,1,5
pst.000027233092,132,21,0,James Edward!,PERSON,0,13
pst.000027233092,132,22,0,J.D.,PERSON,0,4
pst.000027233092,132,23,0,Two,CARDINAL,0,3
pst.000027233092,132,24,0,Josh,PERSON,0,4
pst.000027233092,132,24,1,one,CARDINAL,12,15
pst.000027233092,133,4,0,Josh,PERSON,0,4
pst.000027233092,133,5,0,Negro,NORP,31,36
pst.000027233092,133,6,0,Josh,PERSON,0,4
pst.000027233092,133,8,0,Josh,PERSON,0,4
pst.000027233092,133,8,1,one,CARDINAL,42,45
pst.000027233092,133,10,0,119,CARDINAL,0,3
pst.000027233092,134,0,0,U.S.A. GAYLORD,GPE,58,72
pst.000027233092,135,0,0,14.94Y NOV 1,DATE,2,14
pst.000027233092,135,0,1,1973,DATE,17,21
pst.000027233092,135,0,2,Fair,PERSON,22,26
pst.000027233092,135,0,3,Ronald L,PERSON,28,36
pst.000027233092,135,1,0,Many thousand,DATE,0,13
pst.000027233092,135,1,1,American,NORP,23,31
pst.000027233092,135,1,2,Ronald L. Fair,PERSON,42,56
pst.000027233092,135,2,0,New York,GPE,18,26
pst.000027233092,135,2,1,Bantam,ORG,28,34
pst.000027233092,135,2,2,18,CARDINAL,54,56
pst.000027233092,135,3,0,Bantam,ORG,1,7
pst.000027233092,135,3,1,1971,DATE,26,30
pst.000027233092,135,3,2,1971,DATE,48,52
pst.000027233092,135,4,0,ALLENTOV,PERSON,0,8
pst.000027233092,136,1,0,Many Thousand Gone,WORK_OF_ART,29,47
pst.000027233092,136,3,0,one,CARDINAL,8,11
pst.000027233092,136,3,1,Many Thousand Gone,WORK_OF_ART,114,132
