vol_id,page,sentence_id,ent_id,entity,entity_type,start_char,end_char
uc1.32106014552639,1,0,0,2.50,MONEY,10,14
uc1.32106014552639,1,0,1,SANTA CRUZ,GPE,93,103
uc1.32106014552639,3,0,0,THE BALLAD OF BETA-2 One came,WORK_OF_ART,0,29
uc1.32106014552639,3,0,1,"the City, Over Sand",GPE,38,57
uc1.32106014552639,3,1,0,Joneny,PERSON,0,6
uc1.32106014552639,3,1,1,the Ballad of Beta-2.,WORK_OF_ART,118,139
uc1.32106014552639,3,2,0,Earth,LOC,19,24
uc1.32106014552639,3,2,1,centuries,DATE,25,34
uc1.32106014552639,3,2,2,a dozen,CARDINAL,45,52
uc1.32106014552639,3,3,0,Only eight,CARDINAL,0,10
uc1.32106014552639,3,3,1,ten,CARDINAL,18,21
uc1.32106014552639,3,5,0,Joneny,PERSON,5,11
uc1.32106014552639,3,6,0,one,CARDINAL,38,41
uc1.32106014552639,4,0,0,Bantam,ORG,0,6
uc1.32106014552639,4,1,0,"ALAS, BABYLON",WORK_OF_ART,50,63
uc1.32106014552639,4,1,1,Pat Frank,PERSON,67,76
uc1.32106014552639,4,1,2,Samuel R. Delany,PERSON,89,105
uc1.32106014552639,4,1,3,THE BALLAD OF BETA-2 by Samuel R. Delany,WORK_OF_ART,106,146
uc1.32106014552639,4,1,4,THE BEGINNING PLACE by Ursula Le Quin,WORK_OF_ART,147,184
uc1.32106014552639,4,1,5,"Walter Miller, Jr.",PERSON,213,231
uc1.32106014552639,4,1,6,CENTURY'S END by Russell M. Griffin DHALGREN,WORK_OF_ART,232,276
uc1.32106014552639,4,1,7,Samuel R. Delany,PERSON,280,296
uc1.32106014552639,4,1,8,David A. Kyle,PERSON,315,328
uc1.32106014552639,4,1,9,Samuel R. Delany,PERSON,358,374
uc1.32106014552639,4,1,10,Crawford Kilian,PERSON,383,398
uc1.32106014552639,4,1,11,Issac Asimov,PERSON,419,431
uc1.32106014552639,4,1,12,THE GATES OF HEAVEN,WORK_OF_ART,432,451
uc1.32106014552639,4,1,13,Paul Preuss,PERSON,455,466
uc1.32106014552639,4,1,14,THE GLASS OF DYSKORNIS,WORK_OF_ART,467,489
uc1.32106014552639,4,1,15,Randall Garrett,PERSON,493,508
uc1.32106014552639,4,1,16,Vicki Ann Heydron,PERSON,513,530
uc1.32106014552639,4,1,17,Forest J. Ackerman,PERSON,552,570
uc1.32106014552639,4,2,0,HELLSTROM'S HIVE,WORK_OF_ART,0,16
uc1.32106014552639,4,2,1,Frank Herbert,PERSON,20,33
uc1.32106014552639,4,2,2,THE HEROES OF ZARA KEEP,WORK_OF_ART,34,57
uc1.32106014552639,4,2,3,Guy Gregory,PERSON,61,72
uc1.32106014552639,4,2,4,Fredric Brown,PERSON,94,107
uc1.32106014552639,4,2,5,THE HUMANOID TOUCH by Jack Williamson JEM by Frederik Pohl THE JEWELS OF APTOR,WORK_OF_ART,108,186
uc1.32106014552639,4,2,6,Samuel R. Delany,PERSON,190,206
uc1.32106014552639,4,2,7,A LIFE IN THE DAY OF,WORK_OF_ART,207,227
uc1.32106014552639,4,3,0,Frank Robinson,PERSON,27,41
uc1.32106014552639,4,3,1,Robert Silverberg,PERSON,69,86
uc1.32106014552639,4,3,2,Frederik Pohl,PERSON,99,112
uc1.32106014552639,4,4,0,MATHEW SWAIN,PERSON,0,12
uc1.32106014552639,4,4,1,Mike McQuay MOCKINGBIRD,PERSON,38,61
uc1.32106014552639,4,4,2,Walter Tevis,PERSON,65,77
uc1.32106014552639,4,5,0,NEBULA WINNERS,PERSON,0,14
uc1.32106014552639,4,5,1,Frederik Pohl,PERSON,34,47
uc1.32106014552639,4,5,2,NOVA,PERSON,48,52
uc1.32106014552639,4,5,3,Samuel R. Delany,PERSON,56,72
uc1.32106014552639,4,5,4,QUAS STARBRITE,PERSON,73,87
uc1.32106014552639,4,5,5,James R. Berry,PERSON,91,105
uc1.32106014552639,4,5,6,Robert Sheckley,PERSON,138,153
uc1.32106014552639,4,5,7,SLOW TO FALL DAWN,WORK_OF_ART,154,171
uc1.32106014552639,4,5,8,Stephen Leigh,PERSON,175,188
uc1.32106014552639,4,5,9,Elizabeth Scarborough,PERSON,208,229
uc1.32106014552639,4,5,10,Randall Garrett,PERSON,256,271
uc1.32106014552639,4,5,11,Vicki Ann Heydron,PERSON,276,293
uc1.32106014552639,4,5,12,Kenneth Flint SUNDIVER,PERSON,317,339
uc1.32106014552639,4,5,13,David Brin,PERSON,343,353
uc1.32106014552639,4,5,14,Frederik Pohl,PERSON,364,377
uc1.32106014552639,4,5,15,TALES OF NEVERYON,WORK_OF_ART,378,395
uc1.32106014552639,4,5,16,Samuel R. Delany,PERSON,399,415
uc1.32106014552639,4,5,17,Gordon Dickson TRITON,PERSON,430,451
uc1.32106014552639,4,5,18,Samuel R. Delany,PERSON,455,471
uc1.32106014552639,4,5,19,THE WINDHOVER TAPES: AN IMAGE OF VOICES,WORK_OF_ART,472,511
uc1.32106014552639,4,5,20,Warren Norwood,PERSON,515,529
uc1.32106014552639,5,0,0,TORONTO,GPE,51,58
uc1.32106014552639,5,0,1,NEW YORK,GPE,59,67
uc1.32106014552639,5,0,2,LONDON,GPE,68,74
uc1.32106014552639,5,0,3,SYDNEY,GPE,75,81
uc1.32106014552639,6,0,0,Univ. Library,ORG,0,13
uc1.32106014552639,6,0,1,UC Santa Cruz,ORG,15,28
uc1.32106014552639,6,0,2,1997,DATE,29,33
uc1.32106014552639,6,0,3,THE BALLAD OF BETA-2 A Bantam Book,WORK_OF_ART,34,68
uc1.32106014552639,6,0,4,1977,DATE,159,163
uc1.32106014552639,6,0,5,Bantam,ORG,164,170
uc1.32106014552639,6,0,6,August 1982,DATE,181,192
uc1.32106014552639,6,2,0,1965,DATE,10,14
uc1.32106014552639,6,2,1,Ace Books,ORG,18,27
uc1.32106014552639,6,3,0,1982,DATE,22,26
uc1.32106014552639,6,3,1,"Bantam Books, Inc.",ORG,30,48
uc1.32106014552639,6,5,0,"Bantam Books, Inc.",ORG,25,43
uc1.32106014552639,6,6,0,the United States,GPE,28,45
uc1.32106014552639,6,6,1,Canada,GPE,50,56
uc1.32106014552639,6,6,2,Bantam Books,ORG,57,69
uc1.32106014552639,6,6,3,"Bantam Books, Inc.",ORG,87,105
uc1.32106014552639,6,7,0,Bantam Books,ORG,40,52
uc1.32106014552639,6,7,1,U.S. Patent and Trademark Office,ORG,103,135
uc1.32106014552639,6,8,0,Marca Registrada,ORG,0,16
uc1.32106014552639,6,9,0,"Bantam Books, Inc.",ORG,0,18
uc1.32106014552639,6,9,1,New York,GPE,38,46
uc1.32106014552639,6,9,2,New York,GPE,48,56
uc1.32106014552639,6,9,3,10103,CARDINAL,57,62
uc1.32106014552639,6,10,0,THE UNITED STATES OF AMERICA,GPE,11,39
uc1.32106014552639,6,10,1,0987654321,CARDINAL,40,50
uc1.32106014552639,7,0,0,TWO,CARDINAL,12,15
uc1.32106014552639,7,1,0,Centuries ago,DATE,0,13
uc1.32106014552639,7,1,1,Earth,LOC,38,43
uc1.32106014552639,7,1,2,twelve,CARDINAL,47,53
uc1.32106014552639,7,1,3,generations,DATE,70,81
uc1.32106014552639,7,2,0,Ten,CARDINAL,0,3
uc1.32106014552639,7,3,0,Two,CARDINAL,0,3
uc1.32106014552639,7,3,1,the hundreds of years,DATE,30,51
uc1.32106014552639,7,4,0,Joneny,PERSON,0,6
uc1.32106014552639,7,6,0,two,CARDINAL,42,45
uc1.32106014552639,7,7,0,two,CARDINAL,70,73
uc1.32106014552639,7,8,0,One,CARDINAL,0,3
uc1.32106014552639,7,8,1,"the Sigma-9,",PRODUCT,5,17
uc1.32106014552639,7,9,0,"the Beta-2,",PRODUCT,20,31
uc1.32106014552639,9,0,0,City,GPE,25,29
uc1.32106014552639,9,0,1,The Ballad of Beta-2,WORK_OF_ART,162,182
uc1.32106014552639,11,2,0,Joneny,PERSON,13,19
uc1.32106014552639,11,8,0,Joneny,PERSON,12,18
uc1.32106014552639,11,11,0,the Nukton Civilization of Creton III,WORK_OF_ART,61,98
uc1.32106014552639,12,2,0,Joneny,PERSON,35,41
uc1.32106014552639,12,4,0,Joneny,PERSON,0,6
uc1.32106014552639,12,9,0,Federation,GPE,93,103
uc1.32106014552639,12,9,1,Leffer VI,LOC,143,152
uc1.32106014552639,12,10,0,dozens,CARDINAL,106,112
uc1.32106014552639,12,16,0,Joneny,PERSON,92,98
uc1.32106014552639,13,2,0,Joneny,PERSON,15,21
uc1.32106014552639,13,2,1,Earth,LOC,63,68
uc1.32106014552639,13,2,2,2242,DATE,107,111
uc1.32106014552639,13,2,3,twelve generations,DATE,151,169
uc1.32106014552639,13,3,0,sixty years,DATE,22,33
uc1.32106014552639,13,4,0,ten,CARDINAL,16,19
uc1.32106014552639,13,4,1,the Leffer System,LOC,58,75
uc1.32106014552639,13,4,2,Earth,LOC,77,82
uc1.32106014552639,13,4,3,a hundred or so years old,DATE,164,189
uc1.32106014552639,13,5,0,Earth,LOC,166,171
uc1.32106014552639,13,6,0,ten,CARDINAL,7,10
uc1.32106014552639,13,6,1,Leffer,LOC,47,53
uc1.32106014552639,14,0,0,THE BALLAD OF BETA-2,WORK_OF_ART,0,20
uc1.32106014552639,14,1,0,Joneny,PERSON,0,6
uc1.32106014552639,14,3,0,twelve generations,DATE,31,49
uc1.32106014552639,14,3,1,one,CARDINAL,65,68
uc1.32106014552639,14,3,2,one,CARDINAL,75,78
uc1.32106014552639,14,5,0,Joneny,PERSON,0,6
uc1.32106014552639,14,6,0,Xamol Nella,PERSON,53,64
uc1.32106014552639,14,6,1,'79,DATE,73,76
uc1.32106014552639,14,6,2,a Star Ship,PRODUCT,195,206
uc1.32106014552639,14,16,0,Joneny,PERSON,20,26
uc1.32106014552639,15,1,0,Joneny,PERSON,0,6
uc1.32106014552639,15,4,0,Earthmen,NORP,101,109
uc1.32106014552639,15,4,1,Earth,LOC,113,118
uc1.32106014552639,15,6,0,twelve,CARDINAL,27,33
uc1.32106014552639,15,6,1,Earth,LOC,45,50
uc1.32106014552639,15,6,2,only ten,CARDINAL,52,60
uc1.32106014552639,15,6,3,Leffer,LOC,73,79
uc1.32106014552639,15,6,4,two,CARDINAL,92,95
uc1.32106014552639,15,10,0,Nella,PERSON,35,40
uc1.32106014552639,15,11,0,The Ballad of Beta-2.,WORK_OF_ART,24,45
uc1.32106014552639,16,0,0,Joneny,PERSON,0,6
uc1.32106014552639,16,0,1,Xamol Nella's,PERSON,15,28
uc1.32106014552639,16,0,2,the Leffer System,LOC,115,132
uc1.32106014552639,16,4,0,Joneny,PERSON,43,49
uc1.32106014552639,16,5,0,Three,CARDINAL,0,5
uc1.32106014552639,16,5,1,City,GPE,23,27
uc1.32106014552639,16,6,0,One,CARDINAL,0,3
uc1.32106014552639,16,6,1,two,CARDINAL,18,21
uc1.32106014552639,16,7,0,One,CARDINAL,0,3
uc1.32106014552639,17,2,0,One,CARDINAL,86,89
uc1.32106014552639,17,4,0,City,GPE,75,79
uc1.32106014552639,17,5,0,City,GPE,28,32
uc1.32106014552639,17,8,0,Death's Head,FAC,65,77
uc1.32106014552639,17,9,0,Three,CARDINAL,0,5
uc1.32106014552639,17,9,1,City,GPE,13,17
uc1.32106014552639,17,10,0,City,GPE,17,21
uc1.32106014552639,17,11,0,City,GPE,92,96
uc1.32106014552639,18,2,0,City,GPE,26,30
uc1.32106014552639,18,5,0,Death's Head,FAC,84,96
uc1.32106014552639,18,6,0,Death's Head,FAC,72,84
uc1.32106014552639,18,6,1,City,GPE,110,114
uc1.32106014552639,18,7,0,one,CARDINAL,2,5
uc1.32106014552639,18,9,0,Today,DATE,42,47
uc1.32106014552639,18,10,0,City,GPE,26,30
uc1.32106014552639,19,1,0,at least three,CARDINAL,154,168
uc1.32106014552639,19,2,0,twenty-four hours,TIME,21,38
uc1.32106014552639,19,2,1,a Time Adjustment,WORK_OF_ART,57,74
uc1.32106014552639,19,2,2,the Clearing Center,ORG,83,102
uc1.32106014552639,19,2,3,up to a week,DATE,158,170
uc1.32106014552639,19,2,4,only twenty-four hours,TIME,199,221
uc1.32106014552639,19,3,0,Joneny,PERSON,0,6
uc1.32106014552639,19,4,0,a couple of hours,TIME,91,108
uc1.32106014552639,19,5,0,the Introduction to the Nella Star Folk Ballads,WORK_OF_ART,25,72
uc1.32106014552639,19,10,0,Variorum Edition,WORK_OF_ART,8,24
uc1.32106014552639,19,11,0,Joneny,PERSON,0,6
uc1.32106014552639,20,1,0,Nella,PERSON,32,37
uc1.32106014552639,20,1,1,Leffer,GPE,68,74
uc1.32106014552639,20,1,2,six or seven hours,TIME,273,291
uc1.32106014552639,20,2,0,Joneny,PERSON,39,45
uc1.32106014552639,20,2,1,the Galactic Anthropology Library,ORG,123,156
uc1.32106014552639,20,3,0,the Variorum Edition,WORK_OF_ART,33,53
uc1.32106014552639,20,4,0,"""The Ballad of Beta-2""",WORK_OF_ART,18,40
uc1.32106014552639,20,4,1,Nella,PERSON,46,51
uc1.32106014552639,20,4,2,seventh,ORDINAL,80,87
uc1.32106014552639,20,7,0,Joneny,PERSON,0,6
uc1.32106014552639,20,8,0,Nella,PERSON,16,21
uc1.32106014552639,20,8,1,the Star Folk,ORG,140,153
uc1.32106014552639,20,10,0,a couple 10,CARDINAL,38,49
uc1.32106014552639,21,1,0,only a half-dozen,CARDINAL,11,28
uc1.32106014552639,21,1,1,first,ORDINAL,94,99
uc1.32106014552639,21,2,0,only one,CARDINAL,26,34
uc1.32106014552639,21,4,0,Federation,GPE,195,205
uc1.32106014552639,21,4,1,ninety years before,DATE,207,226
uc1.32106014552639,21,5,0,Earthman,NORP,25,33
uc1.32106014552639,21,5,1,High Centaurian,NORP,93,108
uc1.32106014552639,22,0,0,more than six or seven million miles,QUANTITY,75,111
uc1.32106014552639,22,3,0,English,LANGUAGE,91,98
uc1.32106014552639,22,3,1,English,LANGUAGE,107,114
uc1.32106014552639,22,5,0,Burber,PERSON,20,26
uc1.32106014552639,22,5,1,an hour,TIME,27,34
uc1.32106014552639,22,9,0,Joneny,PERSON,0,6
uc1.32106014552639,22,9,1,two,CARDINAL,41,44
uc1.32106014552639,23,6,0,only half,CARDINAL,40,49
uc1.32106014552639,23,7,0,the Death's Head,FAC,3,19
uc1.32106014552639,23,7,1,Auschwitz,FAC,100,109
uc1.32106014552639,23,7,2,Second World War,EVENT,142,158
uc1.32106014552639,23,9,0,Burber,PERSON,25,31
uc1.32106014552639,23,10,0,Market,FAC,34,40
uc1.32106014552639,23,12,0,two,CARDINAL,44,47
uc1.32106014552639,23,12,1,13,CARDINAL,66,68
uc1.32106014552639,24,1,0,some generations back,DATE,87,108
uc1.32106014552639,24,3,0,the Star-Ships,PRODUCT,100,114
uc1.32106014552639,24,3,1,the days,DATE,118,126
uc1.32106014552639,24,3,2,a Death's Head,PRODUCT,176,190
uc1.32106014552639,24,5,0,Joneny,PERSON,35,41
uc1.32106014552639,24,7,0,The Death's Head,PRODUCT,0,16
uc1.32106014552639,24,8,0,seven,CARDINAL,62,67
uc1.32106014552639,25,0,0,THE BALLAD OF BETA-2,PERSON,0,20
uc1.32106014552639,25,1,0,Death's Head Hill,LOC,137,154
uc1.32106014552639,26,1,0,seconds,DATE,34,41
uc1.32106014552639,26,1,1,the Star Ships,PRODUCT,73,87
uc1.32106014552639,26,1,2,a few thousand miles a second,QUANTITY,113,142
uc1.32106014552639,26,3,0,Nukton,GPE,31,37
uc1.32106014552639,26,3,1,Creton III,FAC,41,51
uc1.32106014552639,26,6,0,Leffer,PERSON,70,76
uc1.32106014552639,26,7,0,16,CARDINAL,22,24
uc1.32106014552639,27,1,0,six,CARDINAL,11,14
uc1.32106014552639,27,2,0,some twelve miles,QUANTITY,26,43
uc1.32106014552639,27,3,0,The other three,CARDINAL,0,15
uc1.32106014552639,27,6,0,ten-year,DATE,135,143
uc1.32106014552639,27,6,1,some two hundred million miles,QUANTITY,150,180
uc1.32106014552639,27,6,2,Leffer,GPE,186,192
uc1.32106014552639,27,8,0,Prussian,NORP,82,90
uc1.32106014552639,27,9,0,Joneny,PERSON,0,6
uc1.32106014552639,27,9,1,fifty-foot,QUANTITY,31,41
uc1.32106014552639,27,9,2,six-week,DATE,62,70
uc1.32106014552639,27,10,0,Central Clearing,ORG,146,162
uc1.32106014552639,27,11,0,a couple of years,DATE,33,50
uc1.32106014552639,27,11,1,more than six weeks,DATE,210,229
uc1.32106014552639,27,13,0,17,CARDINAL,13,15
uc1.32106014552639,28,2,0,a thousand miles,QUANTITY,3,19
uc1.32106014552639,28,2,1,two hundred miles an hour,QUANTITY,47,72
uc1.32106014552639,28,3,0,first,ORDINAL,15,20
uc1.32106014552639,28,3,1,one,CARDINAL,116,119
uc1.32106014552639,28,5,0,the Sigma-9,PRODUCT,88,99
uc1.32106014552639,28,6,0,Leffer,PERSON,112,118
uc1.32106014552639,28,7,0,two,CARDINAL,47,50
uc1.32106014552639,28,14,0,an 18,PRODUCT,27,32
uc1.32106014552639,29,1,0,first,ORDINAL,4,9
uc1.32106014552639,29,2,0,Laws,PERSON,0,4
uc1.32106014552639,29,6,0,seventy miles,QUANTITY,12,25
uc1.32106014552639,29,7,0,only seventy miles an hour,QUANTITY,23,49
uc1.32106014552639,29,8,0,the forty-two second,TIME,3,23
uc1.32106014552639,29,8,1,the Time Stop,PRODUCT,40,53
uc1.32106014552639,29,10,0,ten feet,QUANTITY,94,102
uc1.32106014552639,30,3,0,Fourteen,CARDINAL,0,8
uc1.32106014552639,30,3,1,Earth,LOC,59,64
uc1.32106014552639,30,3,2,the Sigma-9,PRODUCT,71,82
uc1.32106014552639,30,5,0,minutes,TIME,35,42
uc1.32106014552639,30,5,1,a dozen,CARDINAL,53,60
uc1.32106014552639,30,7,0,one,CARDINAL,19,22
uc1.32106014552639,30,8,0,six foot,QUANTITY,63,71
uc1.32106014552639,30,12,0,more than seconds,TIME,127,144
uc1.32106014552639,30,14,0,Joneny,PERSON,0,6
uc1.32106014552639,30,25,0,20,CARDINAL,19,21
uc1.32106014552639,31,2,0,Leffer,PERSON,10,16
uc1.32106014552639,31,5,0,Keefen,PERSON,19,25
uc1.32106014552639,31,7,0,Keefen,PERSON,0,6
uc1.32106014552639,31,10,0,fifteen miles an hour,QUANTITY,14,35
uc1.32106014552639,31,12,0,English,LANGUAGE,61,68
uc1.32106014552639,32,3,0,Joneny,PERSON,5,11
uc1.32106014552639,32,5,0,Joneny,PERSON,28,34
uc1.32106014552639,32,8,0,Just a moment,TIME,0,13
uc1.32106014552639,32,11,0,one,CARDINAL,7,10
uc1.32106014552639,32,12,0,almost three,CARDINAL,56,68
uc1.32106014552639,32,12,1,Joneny,PERSON,87,93
uc1.32106014552639,32,14,0,thirds,CARDINAL,35,41
uc1.32106014552639,32,15,0,Joneny,PERSON,21,27
uc1.32106014552639,32,16,0,Joneny,PERSON,20,26
uc1.32106014552639,32,16,1,the Sigma-9,PRODUCT,36,47
uc1.32106014552639,32,18,0,the Sigma-9,PRODUCT,46,57
uc1.32106014552639,33,2,0,first,ORDINAL,9,14
uc1.32106014552639,33,3,0,first,ORDINAL,27,32
uc1.32106014552639,33,7,0,twenty feet,QUANTITY,77,88
uc1.32106014552639,33,11,0,Joneny,PERSON,19,25
uc1.32106014552639,33,12,0,Earth,LOC,29,34
uc1.32106014552639,33,19,0,Joneny,PERSON,7,13
uc1.32106014552639,34,7,0,Fifteen feet,QUANTITY,0,12
uc1.32106014552639,34,15,0,one,CARDINAL,18,21
uc1.32106014552639,34,16,0,Joneny,PERSON,0,6
uc1.32106014552639,34,16,1,English,LANGUAGE,9,16
uc1.32106014552639,34,17,0,Latin,LANGUAGE,40,45
uc1.32106014552639,34,17,1,Indo-European,NORP,53,66
uc1.32106014552639,34,18,0,the Navigation Offices,FAC,39,61
uc1.32106014552639,34,19,0,first,ORDINAL,60,65
uc1.32106014552639,34,20,0,24,CARDINAL,4,6
uc1.32106014552639,35,4,0,Joneny,PERSON,27,33
uc1.32106014552639,35,7,0,Just a moment,TIME,1,14
uc1.32106014552639,35,9,0,Joneny,PERSON,10,16
uc1.32106014552639,35,14,0,five seconds,TIME,6,18
uc1.32106014552639,35,16,0,Joneny,PERSON,51,57
uc1.32106014552639,35,21,0,Joneny,PERSON,16,22
uc1.32106014552639,35,23,0,Joneny,PERSON,0,6
uc1.32106014552639,35,25,0,today,DATE,9,14
uc1.32106014552639,35,26,0,25,CARDINAL,128,130
uc1.32106014552639,36,1,0,some seventy,CARDINAL,20,32
uc1.32106014552639,36,2,0,the Manhattan Telephone Directory,WORK_OF_ART,69,102
uc1.32106014552639,36,2,1,1975,DATE,107,111
uc1.32106014552639,36,8,0,Joneny,PERSON,35,41
uc1.32106014552639,36,8,1,thirty-nine hours,TIME,90,107
uc1.32106014552639,36,10,0,between fifteen and twenty-two,CARDINAL,18,48
uc1.32106014552639,36,12,0,twelve years ago,DATE,32,48
uc1.32106014552639,36,12,1,fourteen hours,TIME,57,71
uc1.32106014552639,36,13,0,Two years later,DATE,0,15
uc1.32106014552639,36,13,1,nearly eleven months,DATE,71,91
uc1.32106014552639,36,15,0,third,ORDINAL,89,94
uc1.32106014552639,36,16,0,almost six years,DATE,69,85
uc1.32106014552639,36,17,0,almost three hours,TIME,55,73
uc1.32106014552639,36,17,1,one hundred fifty,CARDINAL,99,116
uc1.32106014552639,36,17,2,first,ORDINAL,156,161
uc1.32106014552639,36,17,3,four26,CARDINAL,162,168
uc1.32106014552639,37,0,0,hour,TIME,26,30
uc1.32106014552639,37,2,0,Another hour,TIME,0,12
uc1.32106014552639,37,3,0,A year?,DATE,0,7
uc1.32106014552639,37,4,0,A hundred years,DATE,0,15
uc1.32106014552639,37,5,0,Five hundred,DATE,0,12
uc1.32106014552639,37,6,0,six,CARDINAL,58,61
uc1.32106014552639,37,6,1,the past nine days,DATE,66,84
uc1.32106014552639,37,7,0,one,CARDINAL,50,53
uc1.32106014552639,37,7,1,two,CARDINAL,57,60
uc1.32106014552639,37,8,0,this evening,TIME,8,20
uc1.32106014552639,37,8,1,Afrid Jarin-6 and,PERSON,22,39
uc1.32106014552639,37,8,2,Peggy Ti-17.,PERSON,40,52
uc1.32106014552639,37,12,0,Peggy,PERSON,0,5
uc1.32106014552639,37,13,0,Afrid,PERSON,37,42
uc1.32106014552639,37,13,1,Peggy,PERSON,49,54
uc1.32106014552639,37,13,2,Afrid,ORG,58,63
uc1.32106014552639,37,15,0,Market,FAC,36,42
uc1.32106014552639,37,15,1,Earth,LOC,97,102
uc1.32106014552639,37,18,0,Leela,PERSON,52,57
uc1.32106014552639,37,21,0,27,CARDINAL,50,52
uc1.32106014552639,38,1,0,Hank,PERSON,15,19
uc1.32106014552639,38,4,0,Lee,PERSON,279,282
uc1.32106014552639,38,5,0,Hank,PERSON,27,31
uc1.32106014552639,38,6,0,Lee,PERSON,1,4
uc1.32106014552639,38,10,0,ten minutes,TIME,37,48
uc1.32106014552639,38,11,0,Hank,PERSON,32,36
uc1.32106014552639,38,15,0,North Atlantic,LOC,79,93
uc1.32106014552639,38,16,0,Three hundred years,DATE,0,19
uc1.32106014552639,38,16,1,Leffer,GPE,81,87
uc1.32106014552639,38,17,0,Lee,PERSON,0,3
uc1.32106014552639,38,17,1,28,CARDINAL,44,46
uc1.32106014552639,39,3,0,twenty-two,DATE,42,52
uc1.32106014552639,39,4,0,seventy,DATE,24,31
uc1.32106014552639,39,5,0,Hank,PERSON,1,5
uc1.32106014552639,39,6,0,at least ten years,DATE,9,27
uc1.32106014552639,39,6,1,the next three hundred years,DATE,79,107
uc1.32106014552639,39,8,0,Lee,PERSON,32,35
uc1.32106014552639,39,11,0,maybe six seconds,TIME,16,33
uc1.32106014552639,39,14,0,a hundred and twenty-five,CARDINAL,61,86
uc1.32106014552639,39,14,1,Hank,PERSON,106,110
uc1.32106014552639,39,16,0,a little less than two cents,MONEY,12,40
uc1.32106014552639,39,17,0,Joneny,PERSON,20,26
uc1.32106014552639,39,17,1,eleven,CARDINAL,66,72
uc1.32106014552639,39,17,2,eight,CARDINAL,110,115
uc1.32106014552639,39,17,3,seven,CARDINAL,152,157
uc1.32106014552639,39,17,4,seven,CARDINAL,188,193
uc1.32106014552639,39,18,0,almost a month,DATE,4,18
uc1.32106014552639,39,19,0,nineteen,CARDINAL,35,43
uc1.32106014552639,39,20,0,thirty-two,CARDINAL,18,28
uc1.32106014552639,39,21,0,An hour later,TIME,0,13
uc1.32106014552639,39,21,1,thirty-nine,CARDINAL,33,44
uc1.32106014552639,39,22,0,An hour on,TIME,0,10
uc1.32106014552639,39,22,1,seventy-nine,CARDINAL,24,36
uc1.32106014552639,39,23,0,the next hour,TIME,4,17
uc1.32106014552639,39,23,1,29,CARDINAL,19,21
uc1.32106014552639,40,2,0,the past three hours,TIME,42,62
uc1.32106014552639,40,3,0,ninety-four,CARDINAL,11,22
uc1.32106014552639,40,3,1,one hundred seventeen,CARDINAL,35,56
uc1.32106014552639,40,6,0,Lee,PERSON,35,38
uc1.32106014552639,40,6,1,Hank,PERSON,68,72
uc1.32106014552639,40,9,0,Lee,PERSON,1,4
uc1.32106014552639,40,10,0,Hank,PERSON,15,19
uc1.32106014552639,40,10,1,one-hundred-thirty,CARDINAL,32,50
uc1.32106014552639,40,10,2,one-forty-nine,CARDINAL,58,72
uc1.32106014552639,40,11,0,Hank,PERSON,3,7
uc1.32106014552639,40,16,0,second,ORDINAL,70,76
uc1.32106014552639,40,17,0,a hundred-and-ninety-six,CARDINAL,6,30
uc1.32106014552639,40,17,1,Hank,PERSON,32,36
uc1.32106014552639,40,19,0,Hank,PERSON,24,28
uc1.32106014552639,40,21,0,two-hundred-and-nine,CARDINAL,10,30
uc1.32106014552639,40,23,0,two hundred miles,QUANTITY,56,73
uc1.32106014552639,40,24,0,Lee,PERSON,16,19
uc1.32106014552639,40,25,0,Hank,PERSON,42,46
uc1.32106014552639,40,25,1,three hundred,CARDINAL,89,102
uc1.32106014552639,40,26,0,zero,CARDINAL,54,58
uc1.32106014552639,40,26,1,about three seconds,TIME,72,91
uc1.32106014552639,40,26,2,forty-five,TIME,95,105
uc1.32106014552639,40,27,0,first,ORDINAL,3,8
uc1.32106014552639,40,28,0,30,CARDINAL,0,2
uc1.32106014552639,41,0,0,Lee,PERSON,39,42
uc1.32106014552639,41,1,0,Hank,PERSON,1,5
uc1.32106014552639,41,2,0,Lee,PERSON,1,4
uc1.32106014552639,41,3,0,Hank,PERSON,18,22
uc1.32106014552639,41,6,0,Hank,PERSON,20,24
uc1.32106014552639,41,9,0,Joneny,PERSON,0,6
uc1.32106014552639,41,10,0,half an hour,TIME,4,16
uc1.32106014552639,41,17,0,Hank,PERSON,1,5
uc1.32106014552639,41,17,1,three-quarters,CARDINAL,55,69
uc1.32106014552639,41,21,0,Hank,PERSON,1,5
uc1.32106014552639,41,23,0,Hank,PERSON,16,20
uc1.32106014552639,41,25,0,31,CARDINAL,0,2
uc1.32106014552639,42,0,0,THE BALLAD OF BETA-2,PERSON,0,20
uc1.32106014552639,42,7,0,the forty years,DATE,30,45
uc1.32106014552639,42,7,1,Earth,LOC,69,74
uc1.32106014552639,42,12,0,Hank,PERSON,70,74
uc1.32106014552639,42,14,0,Hank,PERSON,43,47
uc1.32106014552639,42,16,0,Hank,PERSON,16,20
uc1.32106014552639,42,19,0,City,GPE,32,36
uc1.32106014552639,42,28,0,Earth,LOC,19,24
uc1.32106014552639,42,28,1,Earth,LOC,63,68
uc1.32106014552639,42,29,0,Earth,LOC,20,25
uc1.32106014552639,42,29,1,Earth,LOC,36,41
uc1.32106014552639,42,30,0,Hank,PERSON,28,32
uc1.32106014552639,42,31,0,32,CARDINAL,0,2
uc1.32106014552639,43,6,0,Lee,PERSON,1,4
uc1.32106014552639,43,10,0,two,CARDINAL,13,16
uc1.32106014552639,43,14,0,the day,DATE,36,43
uc1.32106014552639,43,19,0,an hour and a half,TIME,14,32
uc1.32106014552639,43,20,0,Joneny,PERSON,0,6
uc1.32106014552639,43,22,0,City,GPE,4,8
uc1.32106014552639,44,0,0,Hank,PERSON,60,64
uc1.32106014552639,44,0,1,Leela,PERSON,69,74
uc1.32106014552639,44,0,2,first,ORDINAL,80,85
uc1.32106014552639,44,2,0,City,GPE,177,181
uc1.32106014552639,45,0,0,IVJoneny,PERSON,0,8
uc1.32106014552639,45,2,0,one,CARDINAL,56,59
uc1.32106014552639,45,4,0,Joneny,PERSON,87,93
uc1.32106014552639,45,5,0,Joneny,PERSON,0,6
uc1.32106014552639,45,9,0,Joneny,PERSON,0,6
uc1.32106014552639,45,9,1,fourteen,DATE,33,41
uc1.32106014552639,45,9,2,fifteen,DATE,45,52
uc1.32106014552639,45,12,0,Joneny,PERSON,35,41
uc1.32106014552639,45,15,0,Joneny,PERSON,0,6
uc1.32106014552639,45,16,0,35,CARDINAL,0,2
uc1.32106014552639,46,0,0,THE BALLAD OF BETA-2,WORK_OF_ART,0,20
uc1.32106014552639,46,3,0,Joneny,PERSON,0,6
uc1.32106014552639,46,5,0,Joneny,PERSON,0,6
uc1.32106014552639,46,9,0,Joneny,PERSON,0,6
uc1.32106014552639,46,10,0,first,ORDINAL,106,111
uc1.32106014552639,46,11,0,the Log Book of Gamma-5 City,WORK_OF_ART,9,37
uc1.32106014552639,46,11,1,Hank Brandt,PERSON,64,75
uc1.32106014552639,46,11,2,the year,DATE,86,94
uc1.32106014552639,46,12,0,Joneny,PERSON,24,30
uc1.32106014552639,46,18,0,Joneny,PERSON,15,21
uc1.32106014552639,46,19,0,English,LANGUAGE,31,38
uc1.32106014552639,46,25,0,Joneny,PERSON,28,34
uc1.32106014552639,46,31,0,36,CARDINAL,0,2
uc1.32106014552639,47,1,0,Joneny,PERSON,15,21
uc1.32106014552639,47,3,0,Fishstore,FAC,53,62
uc1.32106014552639,47,3,1,Mountains,LOC,71,80
uc1.32106014552639,47,3,2,Poolroom,FAC,97,105
uc1.32106014552639,47,4,0,Joneny,PERSON,28,34
uc1.32106014552639,47,13,0,About ninety years ago,DATE,1,23
uc1.32106014552639,47,14,0,Joneny,PERSON,20,26
uc1.32106014552639,47,14,1,Federation,ORG,57,67
uc1.32106014552639,47,16,0,Joneny,PERSON,0,6
uc1.32106014552639,47,19,0,one,CARDINAL,42,45
uc1.32106014552639,47,19,1,one,CARDINAL,55,58
uc1.32106014552639,47,20,0,Joneny,PERSON,30,36
uc1.32106014552639,47,20,1,over half,CARDINAL,62,71
uc1.32106014552639,47,21,0,Joneny,PERSON,32,38
uc1.32106014552639,47,24,0,37,CARDINAL,111,113
uc1.32106014552639,48,6,0,Joneny,PERSON,21,27
uc1.32106014552639,48,9,0,one,CARDINAL,103,106
uc1.32106014552639,48,14,0,Joneny,PERSON,9,15
uc1.32106014552639,48,14,1,the Primary Contact,ORG,48,67
uc1.32106014552639,48,17,0,Joneny,PERSON,0,6
uc1.32106014552639,48,19,0,one,CARDINAL,37,40
uc1.32106014552639,49,4,0,Joneny,PERSON,0,6
uc1.32106014552639,49,7,0,Joneny,PERSON,23,29
uc1.32106014552639,49,8,0,one,CARDINAL,16,19
uc1.32106014552639,49,11,0,Joneny,PERSON,56,62
uc1.32106014552639,49,15,0,Joneny,PERSON,32,38
uc1.32106014552639,49,17,0,City,GPE,21,25
uc1.32106014552639,49,18,0,Joneny,PERSON,11,17
uc1.32106014552639,49,25,0,Joneny,PERSON,16,22
uc1.32106014552639,49,28,0,City,GPE,32,36
uc1.32106014552639,49,29,0,39,CARDINAL,0,2
uc1.32106014552639,50,0,0,THE BALLAD OF BETA-2 99,WORK_OF_ART,0,23
uc1.32106014552639,50,3,0,the Ballad of Beta-2.,WORK_OF_ART,9,30
uc1.32106014552639,50,4,0,City,GPE,37,41
uc1.32106014552639,50,8,0,"Leela RT-857""",PERSON,1,14
uc1.32106014552639,50,8,1,Hank Brandt,PERSON,63,74
uc1.32106014552639,50,17,0,Epsilon-7 City,ORG,13,27
uc1.32106014552639,50,17,1,the Delta-6 were,ORG,32,48
uc1.32106014552639,50,17,2,the Sigma-9 was,ORG,63,78
uc1.32106014552639,50,27,0,a hundred,CARDINAL,23,32
uc1.32106014552639,50,27,1,About two hundred and fifty years,DATE,34,67
uc1.32106014552639,50,27,2,the nd fifty years,DATE,75,93
uc1.32106014552639,50,28,0,Leela RT-857,PRODUCT,4,16
uc1.32106014552639,50,28,1,Capin,PERSON,21,26
uc1.32106014552639,51,0,0,THE BALLAD OF BETA-2,WORK_OF_ART,0,20
uc1.32106014552639,51,4,0,Joneny,PERSON,0,6
uc1.32106014552639,51,5,0,one,CARDINAL,39,42
uc1.32106014552639,51,6,0,Merril,PERSON,14,20
uc1.32106014552639,51,7,0,One,CARDINAL,0,3
uc1.32106014552639,51,7,1,Merril,PERSON,9,15
uc1.32106014552639,51,8,0,one,CARDINAL,21,24
uc1.32106014552639,51,9,0,the One-Eyes,PERSON,15,27
uc1.32106014552639,51,10,0,a minute,TIME,39,47
uc1.32106014552639,51,18,0,Joneny,PERSON,0,6
uc1.32106014552639,51,20,0,City,GPE,37,41
uc1.32106014552639,51,26,0,Joneny,PERSON,0,6
uc1.32106014552639,51,29,0,Joneny,PERSON,23,29
uc1.32106014552639,51,32,0,41,CARDINAL,0,2
uc1.32106014552639,52,2,0,Joneny,PERSON,8,14
uc1.32106014552639,52,3,0,one,CARDINAL,59,62
uc1.32106014552639,52,6,0,Joneny,PERSON,0,6
uc1.32106014552639,52,8,0,Joneny,PERSON,32,38
uc1.32106014552639,52,11,0,Joneny,PERSON,27,33
uc1.32106014552639,52,17,0,Joneny,PERSON,30,36
uc1.32106014552639,53,5,0,two,CARDINAL,195,198
uc1.32106014552639,53,5,1,Joneny,PERSON,269,275
uc1.32106014552639,53,7,0,Joney,PERSON,16,21
uc1.32106014552639,53,12,0,Market,FAC,21,27
uc1.32106014552639,53,13,0,Joneny,PERSON,32,38
uc1.32106014552639,53,15,0,Joneny,PERSON,2,8
uc1.32106014552639,53,17,0,Joneny,PERSON,38,44
uc1.32106014552639,53,19,0,Joneny,PERSON,14,20
uc1.32106014552639,54,3,0,Joneny,PERSON,0,6
uc1.32106014552639,54,9,0,Joneny,PERSON,9,15
uc1.32106014552639,54,12,0,City,GPE,28,32
uc1.32106014552639,54,14,0,Joneny,PERSON,0,6
uc1.32106014552639,54,15,0,44,CARDINAL,0,2
uc1.32106014552639,55,0,0,Joneny,PERSON,61,67
uc1.32106014552639,55,1,0,millions of miles,QUANTITY,90,107
uc1.32106014552639,55,8,0,mechano,PRODUCT,11,18
uc1.32106014552639,56,5,0,"the Sigma-9,",PRODUCT,47,59
uc1.32106014552639,56,16,0,about six hours,TIME,8,23
uc1.32106014552639,56,23,0,46,CARDINAL,0,2
uc1.32106014552639,57,0,0,THE BALLAD OF BETA-2,PERSON,0,20
uc1.32106014552639,57,2,0,three hundred yards,QUANTITY,59,78
uc1.32106014552639,57,4,0,Joneny,PERSON,18,24
uc1.32106014552639,57,12,0,about thirty feet,QUANTITY,12,29
uc1.32106014552639,57,14,0,Joneny,PERSON,0,6
uc1.32106014552639,57,14,1,half a dozen,CARDINAL,28,40
uc1.32106014552639,57,17,0,47,CARDINAL,0,2
uc1.32106014552639,58,4,0,Joneny,PERSON,0,6
uc1.32106014552639,58,10,0,Joneny,PERSON,4,10
uc1.32106014552639,58,12,0,Joneny,PERSON,0,6
uc1.32106014552639,58,14,0,Joneny,PERSON,0,6
uc1.32106014552639,58,17,0,fifteen,CARDINAL,7,14
uc1.32106014552639,58,21,0,Joneny,PERSON,51,57
uc1.32106014552639,58,22,0,48,CARDINAL,55,57
uc1.32106014552639,59,2,0,Joneny,PERSON,8,14
uc1.32106014552639,59,5,0,Joneny,PERSON,8,14
uc1.32106014552639,59,9,0,a hundred miles,QUANTITY,73,88
uc1.32106014552639,59,10,0,Joneny Horatio T'waboga,PERSON,24,47
uc1.32106014552639,59,17,0,the Destroyer's Children,PERSON,20,44
uc1.32106014552639,59,18,0,Joneny,PERSON,0,6
uc1.32106014552639,59,20,0,A Death's Head,WORK_OF_ART,1,15
uc1.32106014552639,59,22,0,One,CARDINAL,0,3
uc1.32106014552639,59,22,1,ten feet,QUANTITY,28,36
uc1.32106014552639,59,22,2,49,CARDINAL,80,82
uc1.32106014552639,60,7,0,Joneny,PERSON,6,12
uc1.32106014552639,60,11,0,Joneny,PERSON,16,22
uc1.32106014552639,60,12,0,six hours,TIME,18,27
uc1.32106014552639,60,12,1,one,CARDINAL,32,35
uc1.32106014552639,60,24,0,Joneny,PERSON,0,6
uc1.32106014552639,60,27,0,two... seconds,TIME,69,83
uc1.32106014552639,60,28,0,Joneny,PERSON,13,19
uc1.32106014552639,60,31,0,50,CARDINAL,0,2
uc1.32106014552639,61,1,0,One,CARDINAL,1,4
uc1.32106014552639,61,2,0,Joneny,PERSON,0,6
uc1.32106014552639,61,7,0,99 and a quarter seconds,TIME,0,24
uc1.32106014552639,61,7,1,Mountains,LOC,65,74
uc1.32106014552639,61,8,0,one,CARDINAL,36,39
uc1.32106014552639,61,8,1,99,CARDINAL,52,54
uc1.32106014552639,61,9,0,Joneny,PERSON,17,23
uc1.32106014552639,61,14,0,Joneny,PERSON,28,34
uc1.32106014552639,61,17,0,Joneny,PERSON,41,47
uc1.32106014552639,61,17,1,Earth,LOC,128,133
uc1.32106014552639,62,1,0,the Court House,ORG,8,23
uc1.32106014552639,62,2,0,The Court House,FAC,1,16
uc1.32106014552639,62,3,0,Joneny,PERSON,0,6
uc1.32106014552639,62,21,0,Joneny,PERSON,0,6
uc1.32106014552639,62,23,0,a drop of an inch,QUANTITY,46,63
uc1.32106014552639,62,25,0,Joneny,PERSON,29,35
uc1.32106014552639,62,26,0,Joneny,PERSON,88,94
uc1.32106014552639,62,28,0,52,CARDINAL,0,2
uc1.32106014552639,63,1,0,Joneny,PERSON,0,6
uc1.32106014552639,63,5,0,Joneny,PERSON,16,22
uc1.32106014552639,63,5,1,two,CARDINAL,92,95
uc1.32106014552639,63,7,0,Joneny,PERSON,0,6
uc1.32106014552639,63,7,1,Khocran,PERSON,45,52
uc1.32106014552639,63,7,2,Travis,PERSON,61,67
uc1.32106014552639,63,7,3,Blodel,PERSON,102,108
uc1.32106014552639,63,7,4,Norm,PERSON,141,145
uc1.32106014552639,63,9,0,five,CARDINAL,32,36
uc1.32106014552639,63,12,0,Joneny,PERSON,0,6
uc1.32106014552639,63,13,0,2338-T87,PRODUCT,19,27
uc1.32106014552639,63,14,0,Jonney,PERSON,0,6
uc1.32106014552639,63,15,0,Joneny,PERSON,29,35
uc1.32106014552639,63,17,0,one,CARDINAL,11,14
uc1.32106014552639,63,21,0,Joneny,PERSON,0,6
uc1.32106014552639,63,23,0,53,CARDINAL,19,21
uc1.32106014552639,64,7,0,Joneny,PERSON,0,6
uc1.32106014552639,64,10,0,Alva,PERSON,8,12
uc1.32106014552639,64,13,0,Joneny,PERSON,23,29
uc1.32106014552639,64,17,0,Court,ORG,22,27
uc1.32106014552639,64,17,1,the City of Sigma-9.,GPE,78,98
uc1.32106014552639,64,18,0,One-Eyed,QUANTITY,121,129
uc1.32106014552639,64,18,1,Sigma-A-9,ORG,174,183
uc1.32106014552639,64,18,2,City,GPE,217,221
uc1.32106014552639,64,20,0,Alva,PERSON,96,100
uc1.32106014552639,65,3,0,Vlyon,PERSON,8,13
uc1.32106014552639,65,3,1,Leela,PERSON,34,39
uc1.32106014552639,65,3,2,Riche,PERSON,59,64
uc1.32106014552639,65,3,3,Cities,GPE,249,255
uc1.32106014552639,65,6,0,Alva,PERSON,96,100
uc1.32106014552639,65,11,0,Case 2338-587,LAW,51,64
uc1.32106014552639,65,11,1,first,ORDINAL,118,123
uc1.32106014552639,65,12,0,Jackson,PERSON,18,25
uc1.32106014552639,65,14,0,Jackson,PERSON,27,34
uc1.32106014552639,65,15,0,Joneny,PERSON,63,69
uc1.32106014552639,65,15,1,55,DATE,97,99
uc1.32106014552639,66,3,0,Norm,LAW,63,67
uc1.32106014552639,66,7,0,Norm,LAW,56,60
uc1.32106014552639,66,15,0,Earth,LOC,81,86
uc1.32106014552639,66,15,1,Norm,PERSON,166,170
uc1.32106014552639,66,16,0,One,CARDINAL,27,30
uc1.32106014552639,66,17,0,Jackson,PERSON,11,18
uc1.32106014552639,66,23,0,56,CARDINAL,35,37
uc1.32106014552639,67,2,0,two days ago,DATE,47,59
uc1.32106014552639,67,2,1,Jackson O-E-5611 correlated,FAC,64,91
uc1.32106014552639,67,3,0,Lang,PERSON,12,16
uc1.32106014552639,67,5,0,Jackson O-E-5611,PERSON,0,16
uc1.32106014552639,67,5,1,"six feet, one and a half inches",QUANTITY,25,56
uc1.32106014552639,67,5,2,the City of Sigma-9 is,GPE,71,93
uc1.32106014552639,67,5,3,five feet-nine and three quarter inches,QUANTITY,94,133
uc1.32106014552639,67,7,0,Jackson O-E-5611 is,PERSON,0,19
uc1.32106014552639,67,8,0,less than,PERCENT,65,74
uc1.32106014552639,67,9,0,Lang,PERSON,59,63
uc1.32106014552639,67,14,0,Alva,PERSON,14,18
uc1.32106014552639,67,16,0,the City of Epsilon-7 is,GPE,45,69
uc1.32106014552639,67,16,1,Lang,PERSON,187,191
uc1.32106014552639,68,0,0,Lang,PERSON,14,18
uc1.32106014552639,68,1,0,Lang,PERSON,36,40
uc1.32106014552639,68,3,0,Lang,PERSON,72,76
uc1.32106014552639,68,5,0,169 pounds,QUANTITY,9,19
uc1.32106014552639,68,5,1,162,CARDINAL,88,91
uc1.32106014552639,68,6,0,Jackson,PERSON,252,259
uc1.32106014552639,68,7,0,three months,DATE,15,27
uc1.32106014552639,68,7,1,Jackson,PERSON,44,51
uc1.32106014552639,68,8,0,Lang,PERSON,4,8
uc1.32106014552639,68,8,1,Norm,PERSON,45,49
uc1.32106014552639,68,8,2,89 per cent,PERCENT,53,64
uc1.32106014552639,68,8,3,City,GPE,72,76
uc1.32106014552639,68,11,0,Lang,PERSON,49,53
uc1.32106014552639,68,12,0,Jackson,PERSON,6,13
uc1.32106014552639,68,13,0,Cities One-Eyes,ORG,0,15
uc1.32106014552639,68,13,1,Jackson,PERSON,51,58
uc1.32106014552639,68,15,0,Alva,PERSON,8,12
uc1.32106014552639,68,17,0,Jackson,PERSON,1,8
uc1.32106014552639,68,17,1,Lang,PERSON,46,50
uc1.32106014552639,69,1,0,nearly a centimeter and a half longer,QUANTITY,59,96
uc1.32106014552639,69,2,0,Norm,PRODUCT,4,8
uc1.32106014552639,69,2,1,only a centimeter,QUANTITY,29,46
uc1.32106014552639,69,4,0,Norm,PRODUCT,0,4
uc1.32106014552639,69,4,1,two millimeter,QUANTITY,21,35
uc1.32106014552639,69,5,0,Norm,PRODUCT,96,100
uc1.32106014552639,69,7,0,1.6 per cent,PERCENT,51,63
uc1.32106014552639,69,8,0,Norm,PRODUCT,42,46
uc1.32106014552639,69,9,0,Norm,PRODUCT,69,73
uc1.32106014552639,69,10,0,9.75,CARDINAL,79,83
uc1.32106014552639,69,10,1,8.91,CARDINAL,98,102
uc1.32106014552639,69,10,2,Norm,PRODUCT,111,115
uc1.32106014552639,69,11,0,Joneny,PERSON,298,304
uc1.32106014552639,69,12,0,fifteen minutes,TIME,6,21
uc1.32106014552639,69,12,1,Joneny,PERSON,74,80
uc1.32106014552639,69,12,2,Lang,PERSON,120,124
uc1.32106014552639,69,14,0,Lang,PERSON,46,50
uc1.32106014552639,69,20,0,59,CARDINAL,42,44
uc1.32106014552639,70,1,0,today,DATE,39,44
uc1.32106014552639,70,3,0,Lang,PERSON,5,9
uc1.32106014552639,70,4,0,Market Research,ORG,49,64
uc1.32106014552639,70,6,0,Lang,PERSON,4,8
uc1.32106014552639,70,7,0,Alva,PERSON,37,41
uc1.32106014552639,70,9,0,Lang,PERSON,9,13
uc1.32106014552639,70,11,0,Lang,PERSON,22,26
uc1.32106014552639,70,11,1,two years ago,DATE,28,41
uc1.32106014552639,70,11,2,thirteen-year-old,DATE,49,66
uc1.32106014552639,70,11,3,Tomasa,PERSON,78,84
uc1.32106014552639,70,11,4,first,ORDINAL,112,117
uc1.32106014552639,70,11,5,ten,CARDINAL,169,172
uc1.32106014552639,70,11,6,City,GPE,192,196
uc1.32106014552639,70,13,0,Tomasa,PERSON,13,19
uc1.32106014552639,70,16,0,Mavle TU-5 who,PERSON,34,48
uc1.32106014552639,70,16,1,six months later,DATE,50,66
uc1.32106014552639,70,16,2,One,CARDINAL,87,90
uc1.32106014552639,70,20,0,half,CARDINAL,15,19
uc1.32106014552639,70,20,1,Jackson,PERSON,42,49
uc1.32106014552639,71,0,0,Ben Holden I-6 for,FAC,52,70
uc1.32106014552639,71,0,1,two-week,DATE,73,81
uc1.32106014552639,71,2,0,Lang,PERSON,36,40
uc1.32106014552639,71,6,0,Norm,PERSON,13,17
uc1.32106014552639,71,7,0,twenty,CARDINAL,13,19
uc1.32106014552639,71,7,1,twenty pound,QUANTITY,139,151
uc1.32106014552639,71,7,2,half-a-dozen,CARDINAL,216,228
uc1.32106014552639,71,7,3,Gödel's Law,WORK_OF_ART,270,281
uc1.32106014552639,71,12,0,One,CARDINAL,25,28
uc1.32106014552639,71,13,0,Three,CARDINAL,0,5
uc1.32106014552639,71,13,1,Jackson,PERSON,52,59
uc1.32106014552639,71,13,2,Lang,PERSON,71,75
uc1.32106014552639,71,14,0,OneEyes,ORG,39,46
uc1.32106014552639,71,14,1,Norm,ORG,170,174
uc1.32106014552639,71,15,0,Fifteen,CARDINAL,0,7
uc1.32106014552639,72,0,0,the Sigma-9 will,ORG,60,76
uc1.32106014552639,72,1,0,Lang,PERSON,79,83
uc1.32106014552639,72,2,0,Alva,PERSON,15,19
uc1.32106014552639,72,7,0,Joneny,PERSON,0,6
uc1.32106014552639,72,14,0,Nearly a quarter,CARDINAL,0,16
uc1.32106014552639,72,15,0,Joneny,PERSON,3,9
uc1.32106014552639,72,15,1,one,CARDINAL,124,127
uc1.32106014552639,72,16,0,Joneny,PERSON,0,6
uc1.32106014552639,72,18,0,Joneny,PERSON,0,6
uc1.32106014552639,73,0,0,Joneny,PERSON,46,52
uc1.32106014552639,73,1,0,the Death's Head,LOC,36,52
uc1.32106014552639,73,2,0,Joneny,PERSON,0,6
uc1.32106014552639,73,12,0,Joneny,PERSON,10,16
uc1.32106014552639,73,13,0,63,CARDINAL,0,2
uc1.32106014552639,74,0,0,Death's Head hill,WORK_OF_ART,40,57
uc1.32106014552639,74,1,0,Joneny,PERSON,15,21
uc1.32106014552639,74,6,0,Joneny,PERSON,0,6
uc1.32106014552639,74,6,1,a full minute,TIME,68,81
uc1.32106014552639,74,14,0,Joneny,PERSON,3,9
uc1.32106014552639,75,0,0,aeons,TIME,59,64
uc1.32106014552639,75,1,0,Joneny,PERSON,20,26
uc1.32106014552639,75,2,0,Moby Dick,WORK_OF_ART,27,36
uc1.32106014552639,75,2,1,Les Illuminations,WORK_OF_ART,38,55
uc1.32106014552639,75,2,2,"Voyage, Orestes",WORK_OF_ART,57,72
uc1.32106014552639,75,2,3,The Worm Ouroboros,WORK_OF_ART,74,92
uc1.32106014552639,75,6,0,One instant,TIME,0,11
uc1.32106014552639,75,9,0,one,CARDINAL,128,131
uc1.32106014552639,75,11,0,two,CARDINAL,57,60
uc1.32106014552639,75,12,0,Joneny,PERSON,0,6
uc1.32106014552639,75,14,0,One,CARDINAL,0,3
uc1.32106014552639,75,16,0,One,CARDINAL,0,3
uc1.32106014552639,75,17,0,Hank Brandt,PERSON,42,53
uc1.32106014552639,75,18,0,Joneny,PERSON,0,6
uc1.32106014552639,75,21,0,65,CARDINAL,34,36
uc1.32106014552639,76,0,0,THE BALLAD OF BETA-2,WORK_OF_ART,0,20
uc1.32106014552639,76,1,0,today,DATE,15,20
uc1.32106014552639,76,1,1,2:00 PM,TIME,24,31
uc1.32106014552639,76,2,0,this morning,TIME,9,21
uc1.32106014552639,76,2,1,6:30,TIME,25,29
uc1.32106014552639,76,3,0,this afternoon,TIME,9,23
uc1.32106014552639,76,4,0,half,CARDINAL,18,22
uc1.32106014552639,76,5,0,Joneny,PERSON,0,6
uc1.32106014552639,76,5,1,this evening at 11:45,TIME,36,57
uc1.32106014552639,76,8,0,Death's Head,LOC,22,34
uc1.32106014552639,76,10,0,Death's Head,FAC,59,71
uc1.32106014552639,76,11,0,Joneny,PERSON,48,54
uc1.32106014552639,76,11,1,the Death's Head,FAC,99,115
uc1.32106014552639,76,12,0,The Destroyer's Children,WORK_OF_ART,50,74
uc1.32106014552639,76,12,1,several hundred,CARDINAL,76,91
uc1.32106014552639,76,16,0,Joneny,PERSON,0,6
uc1.32106014552639,76,18,0,Joneny,PERSON,0,6
uc1.32106014552639,76,18,1,three whole seconds,TIME,24,43
uc1.32106014552639,76,19,0,poy,PERSON,0,3
uc1.32106014552639,76,21,0,Joneny Sid,PERSON,32,42
uc1.32106014552639,77,2,0,Joneny,PERSON,48,54
uc1.32106014552639,77,3,0,third,ORDINAL,2,7
uc1.32106014552639,77,8,0,the Death's Head,FAC,25,41
uc1.32106014552639,77,8,1,Joneny,PERSON,148,154
uc1.32106014552639,77,10,0,A few yards,QUANTITY,0,11
uc1.32106014552639,77,10,1,Joneny,PERSON,27,33
uc1.32106014552639,77,13,0,Joneny,PERSON,0,6
uc1.32106014552639,77,14,0,Joneny,PERSON,39,45
uc1.32106014552639,77,17,0,some twenty feet,QUANTITY,31,47
uc1.32106014552639,77,18,0,Joneny,PERSON,0,6
uc1.32106014552639,77,21,0,Joneny,PERSON,64,70
uc1.32106014552639,77,21,1,one,CARDINAL,153,156
uc1.32106014552639,78,0,0,Joneny,PERSON,43,49
uc1.32106014552639,78,2,0,Joneny,PERSON,0,6
uc1.32106014552639,78,2,1,one,CARDINAL,21,24
uc1.32106014552639,78,2,2,two,CARDINAL,28,31
uc1.32106014552639,78,4,0,Joneny,PERSON,47,53
uc1.32106014552639,78,5,0,the Sigma-9,PRODUCT,69,80
uc1.32106014552639,78,7,0,Joneny,PERSON,0,6
uc1.32106014552639,78,7,1,one,CARDINAL,16,19
uc1.32106014552639,78,7,2,two,CARDINAL,29,32
uc1.32106014552639,78,14,0,Joneny,PERSON,3,9
uc1.32106014552639,78,15,0,quadruple,CARDINAL,22,31
uc1.32106014552639,78,15,1,octuple,CARDINAL,33,40
uc1.32106014552639,78,19,0,68,CARDINAL,63,65
uc1.32106014552639,79,3,0,miles,CARDINAL,91,96
uc1.32106014552639,79,6,0,Joneny,PERSON,17,23
uc1.32106014552639,79,15,0,Joneny,PERSON,36,42
uc1.32106014552639,79,26,0,Joneny,PERSON,0,6
uc1.32106014552639,79,29,0,the Sigma-9,PRODUCT,148,159
uc1.32106014552639,80,2,0,Joneny,PERSON,0,6
uc1.32106014552639,80,3,0,the Sigma-9,PRODUCT,62,73
uc1.32106014552639,80,5,0,two,CARDINAL,30,33
uc1.32106014552639,80,11,0,Joneny,PERSON,0,6
uc1.32106014552639,80,13,0,Joneny,PERSON,7,13
uc1.32106014552639,80,16,0,Joneny,PERSON,9,15
uc1.32106014552639,80,21,0,Destroyer,PRODUCT,12,21
uc1.32106014552639,80,21,1,70,CARDINAL,24,26
uc1.32106014552639,81,3,0,Joneny,PERSON,27,33
uc1.32106014552639,81,6,0,one,CARDINAL,60,63
uc1.32106014552639,81,7,0,Joneny,PERSON,0,6
uc1.32106014552639,81,9,0,Joneny,PERSON,0,6
uc1.32106014552639,81,9,1,first,ORDINAL,12,17
uc1.32106014552639,81,10,0,Market,FAC,26,32
uc1.32106014552639,81,12,0,the Log Book of Beta-2 City,WORK_OF_ART,90,117
uc1.32106014552639,81,12,1,Leela RT-857.,PERSON,148,161
uc1.32106014552639,81,14,0,Joneny,PERSON,0,6
uc1.32106014552639,81,14,1,71,CARDINAL,55,57
uc1.32106014552639,82,0,0,THE BALLAD OF BETA-2,PERSON,0,20
uc1.32106014552639,82,4,0,Joneny,PERSON,16,22
uc1.32106014552639,82,5,0,this afternoon,TIME,40,54
uc1.32106014552639,82,6,0,the first half an hour,TIME,15,37
uc1.32106014552639,82,6,1,the high thirties,DATE,45,62
uc1.32106014552639,82,6,2,the One-Eyes,FAC,164,176
uc1.32106014552639,82,7,0,three,CARDINAL,18,23
uc1.32106014552639,82,7,1,the last couple of hours,TIME,47,71
uc1.32106014552639,82,8,0,a few years,DATE,81,92
uc1.32106014552639,82,10,0,Earlier this evening,TIME,0,20
uc1.32106014552639,82,11,0,Cartrite,PERSON,48,56
uc1.32106014552639,82,14,0,Lee,PERSON,35,38
uc1.32106014552639,82,21,0,Quadrant Two,FAC,76,88
uc1.32106014552639,82,22,0,ten years ago,DATE,83,96
uc1.32106014552639,82,23,0,72,CARDINAL,0,2
uc1.32106014552639,83,2,0,City,GPE,80,84
uc1.32106014552639,83,3,0,Lee,PERSON,35,38
uc1.32106014552639,83,12,0,Cartrite,PERSON,6,14
uc1.32106014552639,83,21,0,more than a hundred yards,QUANTITY,45,70
uc1.32106014552639,83,28,0,More than one,CARDINAL,0,13
uc1.32106014552639,83,28,1,the Death's Head,FAC,33,49
uc1.32106014552639,84,0,0,City,GPE,238,242
uc1.32106014552639,84,1,0,some six or seven hundred,CARDINAL,22,47
uc1.32106014552639,84,2,0,seventy-five feet,QUANTITY,114,131
uc1.32106014552639,84,3,0,one,CARDINAL,15,18
uc1.32106014552639,84,6,0,City,GPE,74,78
uc1.32106014552639,84,6,1,one,CARDINAL,99,102
uc1.32106014552639,84,7,0,Two,CARDINAL,0,3
uc1.32106014552639,84,8,0,one,CARDINAL,28,31
uc1.32106014552639,84,12,0,Ralf,PERSON,25,29
uc1.32106014552639,84,13,0,one,CARDINAL,38,41
uc1.32106014552639,84,13,1,all day,DATE,46,53
uc1.32106014552639,84,15,0,Timme,PERSON,14,19
uc1.32106014552639,84,16,0,five,CARDINAL,49,53
uc1.32106014552639,84,19,0,74,CARDINAL,0,2
uc1.32106014552639,85,1,0,Timme,PERSON,0,5
uc1.32106014552639,85,1,1,seventeen,DATE,15,24
uc1.32106014552639,85,1,2,eighteen,DATE,28,36
uc1.32106014552639,85,3,0,Timme,PERSON,0,5
uc1.32106014552639,85,4,0,Ralf,PERSON,19,23
uc1.32106014552639,85,6,0,Lee,PERSON,19,22
uc1.32106014552639,85,8,0,one,CARDINAL,9,12
uc1.32106014552639,85,10,0,Timme,PERSON,0,5
uc1.32106014552639,85,12,0,two,CARDINAL,48,51
uc1.32106014552639,85,12,1,ten-foot,QUANTITY,73,81
uc1.32106014552639,85,14,0,nearly three,CARDINAL,40,52
uc1.32106014552639,85,14,1,Timme,PERSON,105,110
uc1.32106014552639,85,15,0,two,CARDINAL,4,7
uc1.32106014552639,85,17,0,Every five or six seconds,TIME,0,25
uc1.32106014552639,85,17,1,Timme,ORG,26,31
uc1.32106014552639,85,18,0,75,CARDINAL,0,2
uc1.32106014552639,86,3,0,three hundred feet,QUANTITY,49,67
uc1.32106014552639,86,3,1,thirty or forty feet,QUANTITY,160,180
uc1.32106014552639,86,4,0,the One-Eyes,ORG,6,18
uc1.32106014552639,86,4,1,City,GPE,64,68
uc1.32106014552639,86,4,2,fourfifths,CARDINAL,129,139
uc1.32106014552639,86,6,0,Ring,LOC,77,81
uc1.32106014552639,86,8,0,Timme,PERSON,0,5
uc1.32106014552639,86,10,0,the One-Eyes,ORG,11,23
uc1.32106014552639,86,10,1,Timme,PERSON,69,74
uc1.32106014552639,86,10,2,City,GPE,161,165
uc1.32106014552639,86,11,0,one,CARDINAL,16,19
uc1.32106014552639,86,12,0,Timme,PERSON,23,28
uc1.32106014552639,86,13,0,Merril,PERSON,32,38
uc1.32106014552639,86,13,1,Lee,PERSON,83,86
uc1.32106014552639,86,13,2,this evening,TIME,109,121
uc1.32106014552639,86,14,0,Ralf,PERSON,29,33
uc1.32106014552639,86,18,0,76,DATE,4,6
uc1.32106014552639,87,2,0,Timme,PERSON,46,51
uc1.32106014552639,87,4,0,Ralf,PERSON,4,8
uc1.32106014552639,87,5,0,Merril,PERSON,0,6
uc1.32106014552639,87,6,0,two,CARDINAL,4,7
uc1.32106014552639,87,6,1,Ralf,PERSON,17,21
uc1.32106014552639,87,6,2,Merril,PERSON,26,32
uc1.32106014552639,87,6,3,OneEyes,ORG,71,78
uc1.32106014552639,87,11,0,Ralf,PERSON,34,38
uc1.32106014552639,87,12,0,Leela,PERSON,9,14
uc1.32106014552639,87,14,0,two,CARDINAL,11,14
uc1.32106014552639,87,15,0,One,CARDINAL,0,3
uc1.32106014552639,87,15,1,Titian,PERSON,48,54
uc1.32106014552639,87,16,0,second,ORDINAL,24,30
uc1.32106014552639,87,16,1,City,GPE,56,60
uc1.32106014552639,87,19,0,City,GPE,78,82
uc1.32106014552639,87,22,0,Merril,PERSON,0,6
uc1.32106014552639,88,1,0,Timme,PERSON,0,5
uc1.32106014552639,88,2,0,Ralf,PERSON,18,22
uc1.32106014552639,88,2,1,Merril,PERSON,27,33
uc1.32106014552639,88,3,0,Cartrite,PERSON,42,50
uc1.32106014552639,88,6,0,Timme,PERSON,26,31
uc1.32106014552639,88,7,0,Ralf,PERSON,58,62
uc1.32106014552639,88,9,0,only three,DATE,28,38
uc1.32106014552639,88,11,0,Timme,PERSON,0,5
uc1.32106014552639,88,11,1,Ralf,PERSON,6,10
uc1.32106014552639,88,11,2,more than thirty hours,TIME,106,128
uc1.32106014552639,88,12,0,one,CARDINAL,33,36
uc1.32106014552639,88,12,1,seventy miles an hour,QUANTITY,87,108
uc1.32106014552639,88,13,0,two,CARDINAL,34,37
uc1.32106014552639,88,14,0,Norm,PRODUCT,52,56
uc1.32106014552639,88,14,1,that year,DATE,127,136
uc1.32106014552639,88,14,2,the One-Eyes,FAC,158,170
uc1.32106014552639,88,15,0,hours,TIME,70,75
uc1.32106014552639,88,15,1,five minutes,TIME,171,183
uc1.32106014552639,88,15,2,seventeen,CARDINAL,247,256
uc1.32106014552639,88,15,3,78,CARDINAL,290,292
uc1.32106014552639,89,0,0,seventeen,CARDINAL,25,34
uc1.32106014552639,89,0,1,Poolroom,FAC,53,61
uc1.32106014552639,89,0,2,Sol,PERSON,141,144
uc1.32106014552639,89,0,3,Timme,PERSON,147,152
uc1.32106014552639,89,4,0,Merril,PERSON,22,28
uc1.32106014552639,89,8,0,Ralf,PERSON,0,4
uc1.32106014552639,89,9,0,Leela,PERSON,32,37
uc1.32106014552639,89,11,0,City,GPE,69,73
uc1.32106014552639,89,13,0,Lee,PERSON,12,15
uc1.32106014552639,89,13,1,City,GPE,120,124
uc1.32106014552639,89,14,0,Timme,PERSON,10,15
uc1.32106014552639,89,15,0,Hodge,PERSON,25,30
uc1.32106014552639,89,16,0,Merril,PERSON,16,22
uc1.32106014552639,89,18,0,Ring,FAC,37,41
uc1.32106014552639,89,19,0,79,CARDINAL,0,2
uc1.32106014552639,90,1,0,Hodge,PERSON,1,6
uc1.32106014552639,90,2,0,Merril,PERSON,16,22
uc1.32106014552639,90,12,0,Merril,PERSON,7,13
uc1.32106014552639,90,15,0,Norm,LAW,83,87
uc1.32106014552639,90,16,0,Merril,PERSON,26,32
uc1.32106014552639,90,20,0,Hodge,PERSON,1,6
uc1.32106014552639,90,20,1,Ralf,PERSON,30,34
uc1.32106014552639,90,23,0,Hodge,PERSON,1,6
uc1.32106014552639,90,23,1,Merril,PERSON,37,43
uc1.32106014552639,90,24,0,Ralf,PERSON,60,64
uc1.32106014552639,90,25,0,Twice a week,TIME,1,13
uc1.32106014552639,90,27,0,Hodge,PERSON,47,52
uc1.32106014552639,90,29,0,only two,CARDINAL,19,27
uc1.32106014552639,90,29,1,80,DATE,46,48
uc1.32106014552639,91,1,0,Hodge,PERSON,96,101
uc1.32106014552639,91,2,0,Ralf,PERSON,0,4
uc1.32106014552639,91,4,0,Cartrite,PERSON,11,19
uc1.32106014552639,91,4,1,the One-Eyes,FAC,55,67
uc1.32106014552639,91,5,0,City,GPE,58,62
uc1.32106014552639,91,7,0,Ralf,PERSON,34,38
uc1.32106014552639,91,7,1,Merril,PERSON,40,46
uc1.32106014552639,91,9,0,the Journey to the Stars,WORK_OF_ART,206,230
uc1.32106014552639,91,10,0,Timme,PERSON,75,80
uc1.32106014552639,91,11,0,One,CARDINAL,0,3
uc1.32106014552639,91,11,1,Timme,PERSON,17,22
uc1.32106014552639,91,12,0,Parks,PERSON,14,19
uc1.32106014552639,91,13,0,Parks,PERSON,0,5
uc1.32106014552639,91,14,0,Ralf,PERSON,0,4
uc1.32106014552639,92,0,0,Cities,GPE,106,112
uc1.32106014552639,92,2,0,five or six hundred years,DATE,53,78
uc1.32106014552639,92,3,0,one,CARDINAL,4,7
uc1.32106014552639,92,3,1,Timme,PERSON,50,55
uc1.32106014552639,92,3,2,Parks,PERSON,104,109
uc1.32106014552639,92,4,0,City,GPE,13,17
uc1.32106014552639,92,5,0,seconds,TIME,22,29
uc1.32106014552639,92,5,1,Ralf,PERSON,33,37
uc1.32106014552639,92,7,0,Merril,PERSON,0,6
uc1.32106014552639,92,8,0,Timme,PERSON,10,15
uc1.32106014552639,92,8,1,Hodge,PERSON,35,40
uc1.32106014552639,92,9,0,Hodge,PERSON,12,17
uc1.32106014552639,92,13,0,Timme,PERSON,74,79
uc1.32106014552639,92,15,0,the One-Eyes,ORG,14,26
uc1.32106014552639,93,1,0,Timme,PERSON,0,5
uc1.32106014552639,93,2,0,Hodge,PERSON,10,15
uc1.32106014552639,93,7,0,Timme,PERSON,33,38
uc1.32106014552639,94,0,0,Second,ORDINAL,5,11
uc1.32106014552639,94,1,0,Parks,PERSON,0,5
uc1.32106014552639,94,1,1,three thirty,TIME,20,32
uc1.32106014552639,94,1,2,first,ORDINAL,61,66
uc1.32106014552639,94,2,0,Night Watch,WORK_OF_ART,10,21
uc1.32106014552639,94,2,1,first,ORDINAL,64,69
uc1.32106014552639,94,5,0,Parks,PERSON,54,59
uc1.32106014552639,94,5,1,Market,LOC,72,78
uc1.32106014552639,94,6,0,this hour of the morning,TIME,34,58
uc1.32106014552639,94,11,0,City,GPE,33,37
uc1.32106014552639,95,5,0,City,GPE,29,33
uc1.32106014552639,95,7,0,Cities,GPE,36,42
uc1.32106014552639,95,8,0,first,ORDINAL,22,27
uc1.32106014552639,95,11,0,Nine,PRODUCT,10,14
uc1.32106014552639,95,11,1,about five minutes,TIME,30,48
uc1.32106014552639,95,11,2,Riche,PERSON,53,58
uc1.32106014552639,95,12,0,Leela,PERSON,30,35
uc1.32106014552639,95,12,1,today,DATE,56,61
uc1.32106014552639,95,14,0,City,GPE,34,38
uc1.32106014552639,95,18,0,About twenty minutes ago,TIME,1,25
uc1.32106014552639,95,20,0,Philots,PERSON,48,55
uc1.32106014552639,95,21,0,one,CARDINAL,12,15
uc1.32106014552639,95,21,1,Two One-Eyes,ORG,83,95
uc1.32106014552639,96,1,0,all evening,TIME,19,30
uc1.32106014552639,96,5,0,nearly a minute,TIME,84,99
uc1.32106014552639,96,6,0,Riche,PERSON,28,33
uc1.32106014552639,96,11,0,Meeker,PERSON,0,6
uc1.32106014552639,96,11,1,Communications,ORG,12,26
uc1.32106014552639,96,16,0,Meeker,PERSON,0,6
uc1.32106014552639,96,20,0,one,CARDINAL,76,79
uc1.32106014552639,97,3,0,Vlyon,PERSON,63,68
uc1.32106014552639,97,3,1,Delta6,PRODUCT,72,78
uc1.32106014552639,97,7,0,66,CARDINAL,0,2
uc1.32106014552639,97,9,0,One-Eyed Pike,PERSON,8,21
uc1.32106014552639,97,9,1,the One-Eyed Quarter of Epsilon-7.,LOC,36,70
uc1.32106014552639,97,13,0,Vlyon,PERSON,42,47
uc1.32106014552639,97,14,0,Pike,PERSON,18,22
uc1.32106014552639,97,16,0,forty minutes ago,TIME,6,23
uc1.32106014552639,97,17,0,City,GPE,26,30
uc1.32106014552639,97,19,0,Concourse,FAC,11,20
uc1.32106014552639,97,22,0,Twenty minutes ago,TIME,0,18
uc1.32106014552639,98,0,0,a minute,TIME,31,39
uc1.32106014552639,98,0,1,Pike,PERSON,41,45
uc1.32106014552639,98,4,0,Pike,PERSON,5,9
uc1.32106014552639,98,4,1,Pike,PERSON,38,42
uc1.32106014552639,98,5,0,Meeker,PERSON,15,21
uc1.32106014552639,98,6,0,One,CARDINAL,0,3
uc1.32106014552639,98,9,0,First,ORDINAL,0,5
uc1.32106014552639,98,9,1,five or six,CARDINAL,26,37
uc1.32106014552639,98,11,0,five minutes,TIME,7,19
uc1.32106014552639,98,11,1,twelve-mile,QUANTITY,24,35
uc1.32106014552639,98,12,0,eleven,CARDINAL,42,48
uc1.32106014552639,98,13,0,ten minutes,TIME,4,15
uc1.32106014552639,98,15,0,Alva,PERSON,16,20
uc1.32106014552639,98,16,0,Vlyon,PERSON,9,14
uc1.32106014552639,98,23,0,Vlyon,PERSON,28,33
uc1.32106014552639,99,1,0,Third,ORDINAL,0,5
uc1.32106014552639,99,2,0,City,GPE,74,78
uc1.32106014552639,99,3,0,City,GPE,59,63
uc1.32106014552639,99,5,0,Cartrite,PERSON,6,14
uc1.32106014552639,99,5,1,this morning,TIME,34,46
uc1.32106014552639,99,5,2,at least one,CARDINAL,55,67
uc1.32106014552639,99,8,0,Meeker,PERSON,0,6
uc1.32106014552639,99,8,1,three,CARDINAL,11,16
uc1.32106014552639,99,8,2,three,CARDINAL,50,55
uc1.32106014552639,99,8,3,that evening,TIME,131,143
uc1.32106014552639,99,9,0,all morning,TIME,24,35
uc1.32106014552639,99,10,0,perhaps ten,CARDINAL,16,27
uc1.32106014552639,99,10,1,the end of the afternoon,TIME,42,66
uc1.32106014552639,99,11,0,that afternoon,TIME,45,59
uc1.32106014552639,99,12,0,First,ORDINAL,0,5
uc1.32106014552639,99,12,1,five minutes,TIME,7,19
uc1.32106014552639,99,12,2,fifteen minutes,TIME,37,52
uc1.32106014552639,99,14,0,dinner hour,TIME,14,25
uc1.32106014552639,99,14,1,Alva,PERSON,39,43
uc1.32106014552639,99,18,0,the One-Eyes on Epsilon-7 had,ORG,31,60
uc1.32106014552639,99,18,1,89,CARDINAL,61,63
uc1.32106014552639,100,2,0,Norm,ORG,80,84
uc1.32106014552639,100,5,0,City,GPE,18,22
uc1.32106014552639,100,9,0,City,GPE,157,161
uc1.32106014552639,100,10,0,City,GPE,34,38
uc1.32106014552639,100,12,0,One,CARDINAL,0,3
uc1.32106014552639,100,20,0,This afternoon,TIME,0,14
uc1.32106014552639,100,20,1,Market Research,ORG,56,71
uc1.32106014552639,100,20,2,about 90,CARDINAL,76,84
uc1.32106014552639,101,0,0,THE BALLAD OF BETA-2 the,PERSON,0,24
uc1.32106014552639,101,1,0,Parks,PERSON,0,5
uc1.32106014552639,101,2,0,Parks,PERSON,0,5
uc1.32106014552639,101,3,0,today,DATE,25,30
uc1.32106014552639,101,3,1,Parks,PERSON,31,36
uc1.32106014552639,101,4,0,Parks,PERSON,40,45
uc1.32106014552639,101,6,0,Alva,PERSON,28,32
uc1.32106014552639,101,7,0,the day,DATE,61,68
uc1.32106014552639,101,8,0,Fourth,ORDINAL,0,6
uc1.32106014552639,101,8,1,perhaps fifteen minutes,TIME,50,73
uc1.32106014552639,101,8,2,Cartrite,PERSON,85,93
uc1.32106014552639,101,10,0,morning,TIME,6,13
uc1.32106014552639,101,10,1,morning,TIME,20,27
uc1.32106014552639,101,14,0,91,DATE,43,45
uc1.32106014552639,102,3,0,Cartrite,PERSON,27,35
uc1.32106014552639,102,6,0,City,GPE,18,22
uc1.32106014552639,102,7,0,City,GPE,21,25
uc1.32106014552639,102,8,0,One,CARDINAL,10,13
uc1.32106014552639,102,8,1,City,GPE,64,68
uc1.32106014552639,102,14,0,the night,TIME,92,101
uc1.32106014552639,102,15,0,Meeker,PERSON,9,15
uc1.32106014552639,102,17,0,fifteen,CARDINAL,12,19
uc1.32106014552639,102,17,1,first,ORDINAL,60,65
uc1.32106014552639,103,1,0,Parks,PERSON,22,27
uc1.32106014552639,103,5,0,Parks,PERSON,53,58
uc1.32106014552639,103,7,0,Market,FAC,4,10
uc1.32106014552639,103,8,0,Market,FAC,17,23
uc1.32106014552639,103,8,1,City,GPE,115,119
uc1.32106014552639,103,9,0,Parks,PERSON,0,5
uc1.32106014552639,103,10,0,Parks,PERSON,15,20
uc1.32106014552639,103,18,0,four months,DATE,28,39
uc1.32106014552639,103,19,0,One,CARDINAL,0,3
uc1.32106014552639,103,20,0,thousands,CARDINAL,113,122
uc1.32106014552639,103,20,1,93,CARDINAL,133,135
uc1.32106014552639,104,1,0,Parks,PERSON,15,20
uc1.32106014552639,104,4,0,Parks,PERSON,0,5
uc1.32106014552639,104,5,0,Market,FAC,11,17
uc1.32106014552639,104,6,0,Fifth,ORDINAL,0,5
uc1.32106014552639,104,6,1,Alva,PERSON,21,25
uc1.32106014552639,104,6,2,this evening,TIME,33,45
uc1.32106014552639,104,7,0,Lee,PERSON,1,4
uc1.32106014552639,104,7,1,the One-Eyes,ORG,33,45
uc1.32106014552639,104,8,0,Cartrite,ORG,1,9
uc1.32106014552639,104,13,0,Cites,ORG,81,86
uc1.32106014552639,104,13,1,the One-Eyes,ORG,104,116
uc1.32106014552639,104,17,0,Lee,PERSON,1,4
uc1.32106014552639,104,18,0,Alva,PERSON,10,14
uc1.32106014552639,104,20,0,the 94,CARDINAL,34,40
uc1.32106014552639,105,2,0,Alva,PERSON,37,41
uc1.32106014552639,105,3,0,Lee,PERSON,9,12
uc1.32106014552639,105,5,0,third,ORDINAL,12,17
uc1.32106014552639,105,6,0,City,GPE,67,71
uc1.32106014552639,105,8,0,Alva,PERSON,8,12
uc1.32106014552639,105,10,0,Lee,PERSON,16,19
uc1.32106014552639,105,11,0,Sixth,ORDINAL,0,5
uc1.32106014552639,105,12,0,the City of Delta-6 is,GPE,18,40
uc1.32106014552639,105,13,0,ten hours,TIME,18,27
uc1.32106014552639,105,14,0,One-Eyed Jack's,PERSON,64,79
uc1.32106014552639,105,15,0,the Communications Department,ORG,98,127
uc1.32106014552639,105,21,0,City,GPE,56,60
uc1.32106014552639,105,22,0,the One-Eyes,ORG,48,60
uc1.32106014552639,105,24,0,95,CARDINAL,26,28
uc1.32106014552639,106,0,0,ten hours,TIME,122,131
uc1.32106014552639,106,1,0,Alva,PERSON,33,37
uc1.32106014552639,106,3,0,Lee,PERSON,17,20
uc1.32106014552639,106,8,0,Lee,PERSON,36,39
uc1.32106014552639,107,1,0,Joneny,PERSON,3,9
uc1.32106014552639,107,2,0,Alva,PERSON,71,75
uc1.32106014552639,107,3,0,Meeker,PERSON,18,24
uc1.32106014552639,107,5,0,Meeker,PERSON,15,21
uc1.32106014552639,107,6,0,ten hours,TIME,21,30
uc1.32106014552639,107,8,0,sixteen minutes,TIME,28,43
uc1.32106014552639,107,11,0,Meeker,PERSON,12,18
uc1.32106014552639,107,13,0,five minutes later,TIME,37,55
uc1.32106014552639,107,14,0,Cartrite,PERSON,19,27
uc1.32106014552639,107,14,1,97,CARDINAL,30,32
uc1.32106014552639,108,0,0,THE BALLAD OF BETA-2,PERSON,0,20
uc1.32106014552639,108,1,0,Meeker,PERSON,1,7
uc1.32106014552639,108,13,0,Destroyer,PRODUCT,28,37
uc1.32106014552639,108,14,0,Destroyer,PRODUCT,5,14
uc1.32106014552639,108,16,0,the One-Eyes,PRODUCT,41,53
uc1.32106014552639,108,21,0,three,CARDINAL,15,20
uc1.32106014552639,108,21,1,seven,CARDINAL,27,32
uc1.32106014552639,108,22,0,The Sigma-9,PRODUCT,0,11
uc1.32106014552639,108,23,0,98,CARDINAL,107,109
uc1.32106014552639,109,3,0,first,ORDINAL,52,57
uc1.32106014552639,109,5,0,the City Plaza,FAC,16,30
uc1.32106014552639,109,8,0,One,CARDINAL,0,3
uc1.32106014552639,109,8,1,two,CARDINAL,15,18
uc1.32106014552639,109,10,0,City,GPE,91,95
uc1.32106014552639,109,15,0,Destroyer,PRODUCT,10,19
uc1.32106014552639,109,16,0,Destroyer,PRODUCT,24,33
uc1.32106014552639,109,17,0,Destroyer,PRODUCT,30,39
uc1.32106014552639,109,19,0,99,CARDINAL,25,27
uc1.32106014552639,110,2,0,two,CARDINAL,17,20
uc1.32106014552639,111,9,0,Three,CARDINAL,0,5
uc1.32106014552639,111,19,0,Alva,PERSON,18,22
uc1.32106014552639,112,6,0,City,GPE,22,26
uc1.32106014552639,112,23,0,102,CARDINAL,0,3
uc1.32106014552639,113,4,0,one,CARDINAL,26,29
uc1.32106014552639,114,28,0,1,CARDINAL,0,1
uc1.32106014552639,114,28,1,1,CARDINAL,2,3
uc1.32106014552639,115,0,0,THE BALLAD OF BETA-2,PERSON,0,20
uc1.32106014552639,115,15,0,105,CARDINAL,39,42
uc1.32106014552639,116,2,0,The Sigma-9 tore,PRODUCT,12,28
uc1.32106014552639,116,2,1,two minutes,TIME,45,56
uc1.32106014552639,116,5,0,Smythers,PERSON,9,17
uc1.32106014552639,116,5,1,Lee,PERSON,50,53
uc1.32106014552639,116,6,0,Cartrite,PERSON,6,14
uc1.32106014552639,116,6,1,City,GPE,67,71
uc1.32106014552639,116,8,0,Cartrite,PERSON,14,22
uc1.32106014552639,116,10,0,Cartrite,PERSON,5,13
uc1.32106014552639,116,11,0,City,GPE,44,48
uc1.32106014552639,116,12,0,two,CARDINAL,9,12
uc1.32106014552639,116,12,1,three,CARDINAL,33,38
uc1.32106014552639,116,12,2,106,CARDINAL,42,45
uc1.32106014552639,117,1,0,Cartrite,PERSON,60,68
uc1.32106014552639,117,7,0,Cartrite,PERSON,54,62
uc1.32106014552639,117,19,0,one,CARDINAL,18,21
uc1.32106014552639,117,19,1,two,CARDINAL,25,28
uc1.32106014552639,117,20,0,third,ORDINAL,30,35
uc1.32106014552639,118,1,0,Cartrite,PERSON,24,32
uc1.32106014552639,118,2,0,Two minutes later,TIME,0,17
uc1.32106014552639,118,2,1,one,CARDINAL,47,50
uc1.32106014552639,118,6,0,Twenty minutes later,TIME,0,20
uc1.32106014552639,118,6,1,Cartrite,PERSON,44,52
uc1.32106014552639,118,8,0,The first day,DATE,40,53
uc1.32106014552639,118,10,0,Markets,ORG,27,34
uc1.32106014552639,118,11,0,Parks,ORG,1,6
uc1.32106014552639,118,14,0,Parks,PERSON,1,6
uc1.32106014552639,118,16,0,Parks,PERSON,15,20
uc1.32106014552639,119,7,0,Parks,PERSON,16,21
uc1.32106014552639,119,9,0,Parks,PERSON,23,28
uc1.32106014552639,119,13,0,Parks,PERSON,22,27
uc1.32106014552639,119,14,0,Lee,PERSON,9,12
uc1.32106014552639,119,14,1,Lee,PERSON,22,25
uc1.32106014552639,119,19,0,half,CARDINAL,10,14
uc1.32106014552639,119,21,0,first,ORDINAL,3,8
uc1.32106014552639,119,21,1,Destroyer,PRODUCT,30,39
uc1.32106014552639,119,22,0,the Sigma-9,PRODUCT,17,28
uc1.32106014552639,119,28,0,109,CARDINAL,76,79
uc1.32106014552639,120,0,0,half,CARDINAL,45,49
uc1.32106014552639,120,6,0,Parks,PERSON,21,26
uc1.32106014552639,120,7,0,Cartrite,PERSON,6,14
uc1.32106014552639,120,13,0,Leela,PERSON,1,6
uc1.32106014552639,120,20,0,Parks,PERSON,19,24
uc1.32106014552639,120,22,0,Parks,ORG,1,6
uc1.32106014552639,121,2,0,Joneny,PERSON,0,6
uc1.32106014552639,121,4,0,Hodge,PERSON,13,18
uc1.32106014552639,121,5,0,Hodge,PERSON,1,6
uc1.32106014552639,121,6,0,Joneny,PERSON,0,6
uc1.32106014552639,121,6,1,Market,FAC,226,232
uc1.32106014552639,121,6,2,Death's Head hill,LOC,339,356
uc1.32106014552639,121,7,0,one,CARDINAL,10,13
uc1.32106014552639,121,8,0,Hodge,PERSON,40,45
uc1.32106014552639,121,8,1,444,CARDINAL,59,62
uc1.32106014552639,122,5,0,every few hours,TIME,28,43
uc1.32106014552639,122,9,0,Hodge,PERSON,86,91
uc1.32106014552639,122,9,1,City,GPE,129,133
uc1.32106014552639,122,11,0,the One-Eyes,FAC,85,97
uc1.32106014552639,122,13,0,Ralf,PERSON,0,4
uc1.32106014552639,122,16,0,Parks,PERSON,13,18
uc1.32106014552639,122,19,0,Parks,PERSON,0,5
uc1.32106014552639,122,19,1,Market,FAC,16,22
uc1.32106014552639,122,24,0,Parks,PERSON,8,13
uc1.32106014552639,122,28,0,112,CARDINAL,14,17
uc1.32106014552639,123,4,0,one,CARDINAL,7,10
uc1.32106014552639,123,4,1,Ralf,PERSON,41,45
uc1.32106014552639,123,4,2,Merril,PERSON,58,64
uc1.32106014552639,123,7,0,a week,DATE,24,30
uc1.32106014552639,123,11,0,Parks,PERSON,0,5
uc1.32106014552639,123,13,0,the Sigma-9?,PRODUCT,35,47
uc1.32106014552639,123,17,0,Parks,PERSON,65,70
uc1.32106014552639,123,19,0,The One-Eyes,PERSON,0,12
uc1.32106014552639,123,20,0,Merril,PERSON,0,6
uc1.32106014552639,123,23,0,Merril,PERSON,1,7
uc1.32106014552639,123,27,0,113,CARDINAL,0,3
uc1.32106014552639,124,1,0,two,CARDINAL,9,12
uc1.32106014552639,124,1,1,Hodge,PERSON,24,29
uc1.32106014552639,124,2,0,today,DATE,15,20
uc1.32106014552639,124,2,1,four o'clock in the afternoon,TIME,22,51
uc1.32106014552639,124,3,0,Joneny,PERSON,0,6
uc1.32106014552639,124,3,1,Destroyer,PRODUCT,21,30
uc1.32106014552639,124,7,0,Joneny,PERSON,0,6
uc1.32106014552639,124,10,0,Joneny,PERSON,9,15
uc1.32106014552639,124,13,0,University,ORG,40,50
uc1.32106014552639,124,15,0,Joneny,PERSON,9,15
uc1.32106014552639,125,1,0,Joneny,PERSON,0,6
uc1.32106014552639,125,6,0,one,CARDINAL,21,24
uc1.32106014552639,125,7,0,Joneny,PERSON,21,27
uc1.32106014552639,125,7,1,the Ballad of Beta-2,WORK_OF_ART,60,80
uc1.32106014552639,125,8,0,Leela,PERSON,13,18
uc1.32106014552639,125,9,0,Ballad,WORK_OF_ART,20,26
uc1.32106014552639,125,12,0,Creton III,PERSON,89,99
uc1.32106014552639,125,13,0,Today,DATE,43,48
uc1.32106014552639,125,14,0,"August, 1964",DATE,11,23
uc1.32106014552639,127,1,0,1942,DATE,8,12
uc1.32106014552639,127,1,1,Samuel R. DelANY,PERSON,14,30
uc1.32106014552639,127,1,2,New York City,GPE,42,55
uc1.32106014552639,127,2,0,The Jewels of Aptor,WORK_OF_ART,35,54
uc1.32106014552639,127,2,1,1962,DATE,56,60
uc1.32106014552639,127,2,2,The Fall of the Towers,WORK_OF_ART,113,135
uc1.32106014552639,127,2,3,1966,DATE,162,166
uc1.32106014552639,127,2,4,The Einstein Intersection,WORK_OF_ART,169,194
uc1.32106014552639,127,2,5,1976,DATE,196,200
uc1.32106014552639,127,2,6,two,CARDINAL,212,215
uc1.32106014552639,127,2,7,Nebula Awards,WORK_OF_ART,229,242
uc1.32106014552639,127,2,8,their respective years,DATE,261,283
uc1.32106014552639,127,2,9,Nova,WORK_OF_ART,289,293
uc1.32106014552639,127,2,10,1968,DATE,295,299
uc1.32106014552639,127,3,0,Dhalgren,WORK_OF_ART,40,48
uc1.32106014552639,127,3,1,1975,DATE,50,54
uc1.32106014552639,127,3,2,Triton,WORK_OF_ART,57,63
uc1.32106014552639,127,3,3,1976,DATE,65,69
uc1.32106014552639,127,3,4,Tales of Nevèrÿon,WORK_OF_ART,100,117
uc1.32106014552639,127,3,5,1978,DATE,119,123
uc1.32106014552639,127,3,6,Distant Stars,WORK_OF_ART,194,207
uc1.32106014552639,127,3,7,1981,DATE,209,213
uc1.32106014552639,127,4,0,two,CARDINAL,34,37
uc1.32106014552639,127,4,1,The Jewel-Hinged Jaw,WORK_OF_ART,47,67
uc1.32106014552639,127,4,2,1977,DATE,69,73
uc1.32106014552639,127,4,3,Starboard Wine,WORK_OF_ART,79,93
uc1.32106014552639,127,4,4,1982,DATE,95,99
uc1.32106014552639,127,5,0,Heavenly Breakfast,WORK_OF_ART,57,75
uc1.32106014552639,127,5,1,1978,DATE,77,81
uc1.32106014552639,127,5,2,Angouleme,WORK_OF_ART,140,149
uc1.32106014552639,127,5,3,Thomas Disch,PERSON,154,166
uc1.32106014552639,127,5,4,The American Shore,WORK_OF_ART,168,186
uc1.32106014552639,127,5,5,1978,DATE,188,192
uc1.32106014552639,127,6,0,some years,DATE,6,16
uc1.32106014552639,127,6,1,Europe,LOC,27,33
uc1.32106014552639,127,6,2,San Francisco,GPE,38,51
uc1.32106014552639,127,6,3,Midwest,LOC,72,79
uc1.32106014552639,127,6,4,New York,GPE,99,107
uc1.32106014552639,128,0,0,1,CARDINAL,0,1
uc1.32106014552639,129,0,0,SAMUEL R. DELANY NEVERYÓNA,PERSON,47,73
uc1.32106014552639,129,0,1,1982,DATE,109,113
uc1.32106014552639,129,0,2,Samuel R. Delany,PERSON,117,133
uc1.32106014552639,130,0,0,1,CARDINAL,0,1
uc1.32106014552639,131,0,0,Pryn,PERSON,4,8
uc1.32106014552639,131,0,1,Ellamon,GPE,48,55
uc1.32106014552639,131,0,2,Neveryóna,GPE,79,88
uc1.32106014552639,131,1,0,Kolhari,GPE,48,55
uc1.32106014552639,131,1,1,Gorgik the Liberator,PERSON,78,98
uc1.32106014552639,131,1,2,the Court of Eagles,ORG,121,140
uc1.32106014552639,131,2,0,Keyne,PERSON,37,42
uc1.32106014552639,131,3,0,Pryn,PERSON,13,17
uc1.32106014552639,132,0,0,1,CARDINAL,0,1
uc1.32106014552639,133,1,0,the High Court of Eagles,FAC,47,71
uc1.32106014552639,133,2,0,betweenBlack Avenue,FAC,47,66
uc1.32106014552639,133,2,1,New Pavē,FAC,85,93
uc1.32106014552639,133,3,0,Ellamon,GPE,29,36
uc1.32106014552639,133,4,0,Pryrt,ORG,0,5
uc1.32106014552639,133,10,0,Kolhari,LOC,112,119
uc1.32106014552639,133,11,0,Sallese,GPE,113,120
uc1.32106014552639,133,11,1,Neveryóna,GPE,169,178
uc1.32106014552639,133,12,0,Pryn,PERSON,12,16
uc1.32106014552639,133,15,0,Pryn,PERSON,0,4
uc1.32106014552639,133,15,1,Pryn,PERSON,54,58
uc1.32106014552639,133,16,0,Pryn,PERSON,45,49
uc1.32106014552639,133,16,1,Ellamon,GPE,102,109
uc1.32106014552639,133,16,2,Pryn,PERSON,132,136
uc1.32106014552639,133,16,3,barbarian,NORP,176,185
uc1.32106014552639,133,17,0,Pryn,PERSON,19,23
uc1.32106014552639,134,3,0,evening,TIME,135,142
uc1.32106014552639,134,3,1,noon,TIME,212,216
uc1.32106014552639,134,4,0,One,CARDINAL,0,3
uc1.32106014552639,134,6,0,Pryn,PERSON,0,4
uc1.32106014552639,134,14,0,Pryn,PERSON,0,4
uc1.32106014552639,134,15,0,Pryn,PERSON,0,4
uc1.32106014552639,134,20,0,Pryn,PERSON,11,15
uc1.32106014552639,134,23,0,third,ORDINAL,4,9
uc1.32106014552639,134,26,0,Pryn,PERSON,35,39
uc1.32106014552639,135,0,0,Pryn,PERSON,0,4
uc1.32106014552639,135,3,0,pryn,PERSON,20,24
uc1.32106014552639,135,3,1,a year older,DATE,45,57
uc1.32106014552639,135,5,0,Gorgik the Liberator,PERSON,12,32
uc1.32106014552639,135,7,0,the other two,CARDINAL,20,33
uc1.32106014552639,135,8,0,half,CARDINAL,19,23
uc1.32106014552639,135,11,0,one,CARDINAL,42,45
uc1.32106014552639,135,11,1,the High Court of Eagles,ORG,90,114
uc1.32106014552639,135,12,0,Pryn,PERSON,10,14
uc1.32106014552639,135,17,0,Liberator,PRODUCT,5,14
uc1.32106014552639,135,17,1,Nevèrÿon,GPE,45,53
uc1.32106014552639,135,19,0,Pryn,PERSON,0,4
uc1.32106014552639,135,26,0,Pryn,PERSON,0,4
uc1.32106014552639,135,29,0,one,CARDINAL,5,8
uc1.32106014552639,135,31,0,Faltha,LOC,78,84
uc1.32106014552639,135,31,1,Kolhari,GPE,103,110
uc1.32106014552639,135,34,0,Pryn,PERSON,0,4
uc1.32106014552639,135,38,0,Pryn,PERSON,6,10
uc1.32106014552639,135,40,0,four-foot,QUANTITY,27,36
uc1.32106014552639,136,0,0,Pryn,PERSON,0,4
uc1.32106014552639,136,8,0,Pryn,PERSON,0,4
uc1.32106014552639,136,11,0,Pryn,PERSON,22,26
uc1.32106014552639,136,13,0,Pryn,PERSON,65,69
uc1.32106014552639,136,13,1,one,CARDINAL,114,117
uc1.32106014552639,136,15,0,one,CARDINAL,30,33
uc1.32106014552639,136,20,0,Pryn,PERSON,0,4
uc1.32106014552639,136,22,0,Liberator,PERSON,12,21
uc1.32106014552639,136,25,0,Gorgik,PERSON,24,30
uc1.32106014552639,136,26,0,Nevèrÿon,GPE,66,74
uc1.32106014552639,136,28,0,years ago,DATE,19,28
uc1.32106014552639,136,35,0,one,CARDINAL,21,24
uc1.32106014552639,137,0,0,Pryn,PERSON,46,50
uc1.32106014552639,137,1,0,a month,DATE,15,22
uc1.32106014552639,137,8,0,three,CARDINAL,16,21
uc1.32106014552639,137,9,0,Pryn,PERSON,0,4
uc1.32106014552639,137,21,0,Pryn,PERSON,11,15
uc1.32106014552639,137,21,1,one,CARDINAL,47,50
uc1.32106014552639,137,21,2,one,CARDINAL,62,65
uc1.32106014552639,137,21,3,the week,DATE,91,99
uc1.32106014552639,137,23,0,Pryn,PERSON,40,44
uc1.32106014552639,137,27,0,one,CARDINAL,15,18
uc1.32106014552639,137,30,0,Pryn,PERSON,32,36
uc1.32106014552639,138,3,0,Gorgik the Liberator,PERSON,26,46
uc1.32106014552639,138,7,0,Pryn,PERSON,7,11
uc1.32106014552639,138,9,0,half a dozen,CARDINAL,26,38
uc1.32106014552639,138,11,0,Pryn,PERSON,0,4
uc1.32106014552639,138,12,0,half,CARDINAL,13,17
uc1.32106014552639,138,13,0,the Liberator Gorgik,PERSON,203,223
uc1.32106014552639,138,13,1,three,CARDINAL,230,235
uc1.32106014552639,138,14,0,Ellamon,GPE,87,94
uc1.32106014552639,138,15,0,Gorgik,PERSON,38,44
uc1.32106014552639,138,15,1,the Southern Fox-,PERSON,51,68
uc1.32106014552639,138,15,2,Pryn,PERSON,89,93
uc1.32106014552639,138,15,3,the Red Badger-,PERSON,107,122
uc1.32106014552639,138,15,4,the Western Wolf-,PERSON,176,193
uc1.32106014552639,138,18,0,a few hours,TIME,19,30
uc1.32106014552639,138,19,0,1,CARDINAL,0,1
uc1.32106014552639,139,0,0,Pryn,PERSON,34,38
uc1.32106014552639,139,0,1,four,CARDINAL,91,95
uc1.32106014552639,139,3,0,Wolf,PERSON,5,9
uc1.32106014552639,139,3,1,Badger,PERSON,11,17
uc1.32106014552639,139,3,2,Fox,PERSON,23,26
uc1.32106014552639,139,3,3,Raven,PERSON,63,68
uc1.32106014552639,139,6,0,Pryn,PERSON,0,4
uc1.32106014552639,139,8,0,Fox,PERSON,4,7
uc1.32106014552639,139,12,0,Pryn,PERSON,10,14
uc1.32106014552639,139,13,0,Pryn,PERSON,0,4
uc1.32106014552639,139,13,1,half,CARDINAL,49,53
uc1.32106014552639,139,14,0,Pryn,PERSON,21,25
uc1.32106014552639,139,15,0,three,CARDINAL,26,31
uc1.32106014552639,139,15,1,fifty,CARDINAL,88,93
uc1.32106014552639,139,15,2,half a minute,TIME,121,134
uc1.32106014552639,139,18,0,Pryn,PERSON,0,4
uc1.32106014552639,139,18,1,hours,TIME,16,21
uc1.32106014552639,139,20,0,Pryn,PERSON,0,4
uc1.32106014552639,139,21,0,Two,CARDINAL,0,3
uc1.32106014552639,140,1,0,Pryn,PERSON,0,4
uc1.32106014552639,140,1,1,only fifteen feet,QUANTITY,66,83
uc1.32106014552639,140,2,0,one,CARDINAL,57,60
uc1.32106014552639,140,4,0,Pryn,PERSON,0,4
uc1.32106014552639,140,8,0,first,ORDINAL,11,16
uc1.32106014552639,140,13,0,one,CARDINAL,27,30
uc1.32106014552639,140,13,1,one,CARDINAL,44,47
uc1.32106014552639,140,14,0,one,CARDINAL,65,68
uc1.32106014552639,140,14,1,only half,CARDINAL,73,82
uc1.32106014552639,140,23,0,Pryn,PERSON,4,8
uc1.32106014552639,140,31,0,two,CARDINAL,47,50
uc1.32106014552639,140,31,1,three,CARDINAL,52,57
uc1.32106014552639,140,31,2,two,CARDINAL,85,88
uc1.32106014552639,140,32,0,Pryn,PERSON,53,57
uc1.32106014552639,140,32,1,moments,TIME,58,65
uc1.32106014552639,141,5,0,Pryn,PERSON,0,4
uc1.32106014552639,141,8,0,Pryn,PERSON,0,4
uc1.32106014552639,141,10,0,Ellamon,GPE,71,78
uc1.32106014552639,141,15,0,Pryn,PERSON,26,30
uc1.32106014552639,141,18,0,Raven,PERSON,104,109
uc1.32106014552639,141,21,0,Liberator,PRODUCT,71,80
uc1.32106014552639,141,21,1,Gorgik,PERSON,93,99
uc1.32106014552639,141,25,0,first,ORDINAL,45,50
uc1.32106014552639,142,4,0,Raven,PERSON,51,56
uc1.32106014552639,142,6,0,Pryn,PERSON,11,15
uc1.32106014552639,142,7,0,Faltha,LOC,51,57
uc1.32106014552639,142,9,0,A third,CARDINAL,0,7
uc1.32106014552639,142,9,1,one,CARDINAL,11,14
uc1.32106014552639,142,10,0,Falthas,LOC,36,43
uc1.32106014552639,142,10,1,Hold,GPE,79,83
uc1.32106014552639,142,10,2,Ellamon,GPE,94,101
uc1.32106014552639,142,12,0,Pryn,PERSON,22,26
uc1.32106014552639,142,12,1,three,CARDINAL,49,54
uc1.32106014552639,142,18,0,Pryn,PERSON,0,4
uc1.32106014552639,142,20,0,Ellamon,GPE,136,143
uc1.32106014552639,142,25,0,Pryn,PERSON,0,4
uc1.32106014552639,142,29,0,Pryn,PERSON,0,4
uc1.32106014552639,142,33,0,Pryn,PERSON,43,47
uc1.32106014552639,143,5,0,Pryn,PERSON,0,4
uc1.32106014552639,143,7,0,Pryn,PERSON,19,23
uc1.32106014552639,143,14,0,five,CARDINAL,8,12
uc1.32106014552639,143,14,1,six,CARDINAL,16,19
uc1.32106014552639,143,16,0,one,CARDINAL,5,8
uc1.32106014552639,143,20,0,Pryn,PERSON,0,4
uc1.32106014552639,143,29,0,this morning,TIME,7,19
uc1.32106014552639,143,33,0,Kolhari,GPE,13,20
uc1.32106014552639,144,0,0,Kolhari,GPE,22,29
uc1.32106014552639,144,1,0,Pryn,PERSON,0,4
uc1.32106014552639,144,3,0,the Khora Spur,LOC,71,85
uc1.32106014552639,144,4,0,Three quarters of a mile,QUANTITY,0,24
uc1.32106014552639,144,4,1,the Big Khora,LOC,41,54
uc1.32106014552639,144,10,0,a moment,TIME,23,31
uc1.32106014552639,144,11,0,Pryn,PERSON,35,39
uc1.32106014552639,144,12,0,New Pavē,FAC,66,74
uc1.32106014552639,144,13,0,Black Avenue,FAC,62,74
uc1.32106014552639,144,13,1,Kolhari,LOC,130,137
uc1.32106014552639,144,14,0,Old Pave,FAC,31,39
uc1.32106014552639,144,16,0,the Bridge of Lost Desire,FAC,11,36
uc1.32106014552639,144,16,1,thirty years ago,DATE,78,94
uc1.32106014552639,144,16,2,Kolhari,GPE,108,115
uc1.32106014552639,144,16,3,Neveryóna,GPE,129,138
uc1.32106014552639,144,17,0,The Bridge of Lost Desire,FAC,0,25
uc1.32106014552639,144,19,0,Pryn,PERSON,0,4
uc1.32106014552639,144,20,0,NEVERYÓNA,WORK_OF_ART,0,9
uc1.32106014552639,144,22,0,NEVERYONA,WORK_OF_ART,0,9
uc1.32106014552639,144,23,0,Samuel R. Delany,PERSON,70,86
uc1.32106014552639,144,23,1,one,CARDINAL,88,91
uc1.32106014552639,144,24,0,NEVERYÓNA,WORK_OF_ART,5,14
uc1.32106014552639,144,24,1,"September 15, 1982",DATE,50,68
uc1.32106014552639,144,24,2,Bantam Books,ORG,78,90
uc1.32106014552639,145,0,0,Bantam,ORG,38,44
uc1.32106014552639,145,1,0,Conan,PERSON,31,36
uc1.32106014552639,145,2,0,22532,CARDINAL,0,5
uc1.32106014552639,145,2,1,GEORGE O. George Smith,PERSON,20,42
uc1.32106014552639,145,2,2,Joy Chant,PERSON,74,83
uc1.32106014552639,145,3,0,NEBULA,NORP,0,6
uc1.32106014552639,145,4,0,Frederik Pohl,PERSON,0,13
uc1.32106014552639,145,4,1,20527,CARDINAL,14,19
uc1.32106014552639,145,4,2,Frederik Pohl,PERSON,27,40
uc1.32106014552639,145,4,3,Janet Morris,PERSON,67,79
uc1.32106014552639,145,4,4,2.50,MONEY,165,169
uc1.32106014552639,145,4,5,3.50,MONEY,171,175
uc1.32106014552639,145,4,6,2.95,MONEY,177,181
uc1.32106014552639,145,4,7,3.50,MONEY,183,187
uc1.32106014552639,145,4,8,2.50,MONEY,189,193
uc1.32106014552639,145,4,9,2.50,MONEY,195,199
uc1.32106014552639,145,4,10,Kevin O'Donnell,PERSON,200,215
uc1.32106014552639,145,4,11,2.50,MONEY,217,221
uc1.32106014552639,145,4,12,2.50,MONEY,223,227
uc1.32106014552639,145,4,13,3.50,MONEY,229,233
uc1.32106014552639,145,4,14,2.50,MONEY,235,239
uc1.32106014552639,145,4,15,2.25,MONEY,241,245
uc1.32106014552639,145,4,16,2.95,MONEY,247,251
uc1.32106014552639,145,4,17,2.50,MONEY,253,257
uc1.32106014552639,145,4,18,2.50,MONEY,259,263
uc1.32106014552639,145,4,19,2.50,MONEY,265,269
uc1.32106014552639,145,4,20,2.75,MONEY,271,275
uc1.32106014552639,145,4,21,2.75,MONEY,277,281
uc1.32106014552639,145,4,22,2.50,MONEY,283,287
uc1.32106014552639,145,4,23,2.95,MONEY,289,293
uc1.32106014552639,145,5,0,J. Michael Reeves,PERSON,20,37
uc1.32106014552639,145,5,1,ZARA Guy Gregory,PERSON,68,84
uc1.32106014552639,145,5,2,VALENTINE,PERSON,90,99
uc1.32106014552639,145,5,3,Robert Silverberg,PERSON,109,126
uc1.32106014552639,145,5,4,Samuel R. Delany,PERSON,136,152
uc1.32106014552639,145,5,5,Paul Preuss,PERSON,169,180
uc1.32106014552639,145,5,6,Frederik Pohl,PERSON,185,198
uc1.32106014552639,145,5,7,CONAN,PERSON,199,204
uc1.32106014552639,145,5,8,de Camp,PERSON,225,232
uc1.32106014552639,145,5,9,Pratt CONAN,PERSON,235,246
uc1.32106014552639,145,5,10,Paul Anderson,PERSON,260,273
uc1.32106014552639,145,5,11,Janet Morris,PERSON,297,309
uc1.32106014552639,145,5,12,DRAGONSONG,PERSON,310,320
uc1.32106014552639,145,5,13,Anne McCaffrey,PERSON,321,335
uc1.32106014552639,145,5,14,Frederik Pohl,PERSON,345,358
uc1.32106014552639,145,5,15,Janet Morris,PERSON,376,388
uc1.32106014552639,145,5,16,Gordon R. Dickson,PERSON,400,417
uc1.32106014552639,145,6,0,Bantam Books Inc.,ORG,72,89
uc1.32106014552639,145,6,1,Des Plaines,GPE,120,131
uc1.32106014552639,145,6,2,Ill.,GPE,133,137
uc1.32106014552639,145,8,0,1.00,MONEY,30,34
uc1.32106014552639,145,12,0,four to six weeks,DATE,13,30
uc1.32106014552639,145,13,0,2/83.,DATE,19,24
uc1.32106014552639,146,0,0,"THE UNIVERSITY LIBRARY UNIVERSITY OF CALIFORNIA,",ORG,0,48
uc1.32106014552639,146,0,1,SANTA CRUZ,GPE,49,59
uc1.32106014552639,146,2,0,459-2756,CARDINAL,24,32
uc1.32106014552639,146,3,0,14 days,DATE,37,44
uc1.32106014552639,146,4,0,APR 1 5,DATE,41,48
uc1.32106014552639,146,4,1,OCT 3 1,DATE,54,61
uc1.32106014552639,147,0,0,CALIFORNIA,GPE,14,24
uc1.32106014552639,147,1,0,SANTA CRUZ,GPE,0,10
uc1.32106014552639,148,3,0,The New York Times,ORG,10,28
uc1.32106014552639,148,3,1,English,LANGUAGE,91,98
uc1.32106014552639,148,3,2,today,DATE,99,104
uc1.32106014552639,148,3,3,Hugo,PERSON,107,111
uc1.32106014552639,148,3,4,four,CARDINAL,116,120
uc1.32106014552639,148,3,5,Nebula Award,WORK_OF_ART,126,138
uc1.32106014552639,148,3,6,DHALGREN,WORK_OF_ART,157,165
uc1.32106014552639,148,3,7,NOVA,WORK_OF_ART,167,171
uc1.32106014552639,148,3,8,TRITON,WORK_OF_ART,176,182
uc1.32106014552639,148,3,9,Samuel R. Delany,PERSON,184,200
uc1.32106014552639,148,4,0,20312 76783 00250,CARDINAL,0,17
uc1.32106014552639,148,4,1,0-553-20312-6,CARDINAL,23,36
