vol_id,page,sentence_id,ent_id,entity,entity_type,start_char,end_char
uc1.32106012002603,1,0,0,SANTA CRUZ,GPE,67,77
uc1.32106012002603,2,0,0,1,CARDINAL,0,1
uc1.32106012002603,2,0,1,1,CARDINAL,6,7
uc1.32106012002603,2,0,2,1,CARDINAL,8,9
uc1.32106012002603,5,0,0,Tragic Magic,WORK_OF_ART,1,13
uc1.32106012002603,5,0,1,WESLEY BROWN,PERSON,25,37
uc1.32106012002603,5,0,2,THE ECCO PRESS,ORG,38,52
uc1.32106012002603,6,0,0,1978,DATE,24,28
uc1.32106012002603,6,0,1,1995,DATE,30,34
uc1.32106012002603,6,0,2,Wesley Brown,PERSON,38,50
uc1.32106012002603,6,0,3,The Ecco Press,ORG,84,98
uc1.32106012002603,6,0,4,1995,DATE,102,106
uc1.32106012002603,6,0,5,Hopewell,GPE,129,137
uc1.32106012002603,6,0,6,New Jersey,GPE,139,149
uc1.32106012002603,6,1,0,Canada,GPE,28,34
uc1.32106012002603,6,1,1,Penguin Books Canada Ltd.,ORG,38,63
uc1.32106012002603,6,1,2,Ontario,GPE,65,72
uc1.32106012002603,6,1,3,the United States of America,GPE,84,112
uc1.32106012002603,6,3,0,Arc Music Corporation:,ORG,0,22
uc1.32106012002603,6,3,1,Mannish Boy,WORK_OF_ART,36,47
uc1.32106012002603,6,3,2,Melvin London,PERSON,52,65
uc1.32106012002603,6,3,3,Elias McDaniel,PERSON,67,81
uc1.32106012002603,6,3,4,McKinley Moganfield,PERSON,86,105
uc1.32106012002603,6,4,0,1955,DATE,12,16
uc1.32106012002603,6,4,1,Arc Music Corporation,ORG,20,41
uc1.32106012002603,6,5,0,"Persea: An International Review, Volume I",WORK_OF_ART,0,41
uc1.32106012002603,6,5,1,1977,DATE,53,57
uc1.32106012002603,6,6,0,The Pushcart Prize III: Best of the Small Presses,WORK_OF_ART,0,49
uc1.32106012002603,6,6,1,1978-79,DATE,51,58
uc1.32106012002603,6,7,0,Regent Music Corporation,ORG,0,24
uc1.32106012002603,6,7,1,The Richmond Organization,ORG,29,54
uc1.32106012002603,6,7,2,Trouble is a Man,WORK_OF_ART,69,85
uc1.32106012002603,6,8,0,Alec Wilder,PERSON,17,28
uc1.32106012002603,6,9,0,1944,DATE,10,14
uc1.32106012002603,6,9,1,1972,DATE,27,31
uc1.32106012002603,6,9,2,"Ludlow Music, Inc.",ORG,32,50
uc1.32106012002603,6,9,3,New York,GPE,52,60
uc1.32106012002603,6,9,4,N.Y.,GPE,62,66
uc1.32106012002603,6,11,0,Canadian,NORP,23,31
uc1.32106012002603,6,11,1,United States,GPE,36,49
uc1.32106012002603,6,12,0,Warner Bros. Inc.,ORG,0,17
uc1.32106012002603,6,12,1,The Birth of the Blues,WORK_OF_ART,32,54
uc1.32106012002603,6,13,0,Ray Henderson,PERSON,9,22
uc1.32106012002603,6,13,1,B. G. DeSylva,PERSON,37,50
uc1.32106012002603,6,13,2,Lew Brown,PERSON,55,64
uc1.32106012002603,6,14,0,1926,DATE,2,6
uc1.32106012002603,6,14,1,Warner Bros. Inc.,ORG,7,24
uc1.32106012002603,6,18,0,Library of Congress,ORG,0,19
uc1.32106012002603,6,18,1,Wesley,PERSON,58,64
uc1.32106012002603,6,19,0,Wesley Brown,PERSON,27,39
uc1.32106012002603,6,21,0,1,CARDINAL,0,1
uc1.32106012002603,6,22,0,2,CARDINAL,0,1
uc1.32106012002603,6,22,1,Afro-American,NORP,3,16
uc1.32106012002603,7,0,0,Ted Solotaroff,PERSON,32,46
uc1.32106012002603,7,0,1,1995,DATE,61,65
uc1.32106012002603,10,0,0,1,CARDINAL,0,1
uc1.32106012002603,10,0,1,1,CARDINAL,4,5
uc1.32106012002603,10,0,2,1,CARDINAL,6,7
uc1.32106012002603,11,0,0,A Few Words Before the Get Go A s,WORK_OF_ART,0,33
uc1.32106012002603,11,2,0,"To Get Along, You Go Along.",WORK_OF_ART,76,103
uc1.32106012002603,11,4,0,Duke Ellington,PERSON,42,56
uc1.32106012002603,11,4,1,Dad Cook,PERSON,94,102
uc1.32106012002603,11,8,0,New Orleans,GPE,14,25
uc1.32106012002603,11,8,1,"Charles ""Buddy"" Bolden",PERSON,40,62
uc1.32106012002603,11,8,2,1907,DATE,132,136
uc1.32106012002603,11,9,0,S. B. Hays,PERSON,39,49
uc1.32106012002603,11,9,1,Bolden,PERSON,74,80
uc1.32106012002603,12,11,0,Harlem,GPE,27,33
uc1.32106012002603,12,11,1,Charlie Parker's,PERSON,89,105
uc1.32106012002603,12,12,0,one night,TIME,11,20
uc1.32106012002603,12,12,1,Monroe,PERSON,28,34
uc1.32106012002603,12,12,2,Seventh Avenue,FAC,71,85
uc1.32106012002603,12,13,0,"December, 1939",DATE,7,21
uc1.32106012002603,12,17,0,that night,TIME,6,16
uc1.32106012002603,12,17,1,Cherokee,WORK_OF_ART,38,46
uc1.32106012002603,12,19,0,Charlie Parker,PERSON,0,14
uc1.32106012002603,12,20,0,Bird,PERSON,28,32
uc1.32106012002603,12,22,0,Bird,PERSON,0,4
uc1.32106012002603,12,22,1,Seventh,ORDINAL,112,119
uc1.32106012002603,13,1,0,the years,DATE,5,14
uc1.32106012002603,13,2,0,Bird,PERSON,15,19
uc1.32106012002603,13,4,0,Bird,PERSON,7,11
uc1.32106012002603,13,5,0,one night,TIME,19,28
uc1.32106012002603,13,5,1,Birdland,FAC,32,40
uc1.32106012002603,13,5,2,You Go to My Head,WORK_OF_ART,65,82
uc1.32106012002603,13,8,0,Ella Fitzgerald,PERSON,0,15
uc1.32106012002603,13,10,0,Berlin,GPE,25,31
uc1.32106012002603,13,10,1,Ella,PERSON,32,36
uc1.32106012002603,13,10,2,Mack the Knife,WORK_OF_ART,58,72
uc1.32106012002603,13,13,0,New Orleans,GPE,120,131
uc1.32106012002603,14,0,0,Tut,WORK_OF_ART,32,35
uc1.32106012002603,14,2,0,New Orleans,GPE,45,56
uc1.32106012002603,14,2,1,Mutt Carey,PERSON,84,94
uc1.32106012002603,14,3,0,Apollo,FAC,26,32
uc1.32106012002603,15,0,0,S ome years ago,DATE,0,15
uc1.32106012002603,15,1,0,Tonya,PERSON,13,18
uc1.32106012002603,15,4,0,Tonya,PERSON,84,89
uc1.32106012002603,15,6,0,Tonya,PERSON,93,98
uc1.32106012002603,15,8,0,Tonya,PERSON,94,99
uc1.32106012002603,15,12,0,Tonya,PERSON,28,33
uc1.32106012002603,16,10,0,first,ORDINAL,23,28
uc1.32106012002603,16,26,0,About two years,DATE,0,15
uc1.32106012002603,16,26,1,Tonya,PERSON,40,45
uc1.32106012002603,16,26,2,United States,GPE,66,79
uc1.32106012002603,17,2,0,Tonya,PERSON,36,41
uc1.32106012002603,17,3,0,three years,DATE,105,116
uc1.32106012002603,17,4,0,two years later,DATE,9,24
uc1.32106012002603,17,11,0,last week,DATE,27,36
uc1.32106012002603,17,12,0,Miles Davis,PERSON,16,27
uc1.32106012002603,17,15,0,Ellington,PERSON,1,10
uc1.32106012002603,17,18,0,Pennsylvania,GPE,16,28
uc1.32106012002603,17,18,1,New York,GPE,32,40
uc1.32106012002603,18,2,0,the Port of Authority,FAC,35,56
uc1.32106012002603,18,2,1,New York,GPE,62,70
uc1.32106012002603,18,12,0,New York,GPE,46,54
uc1.32106012002603,18,12,1,five,CARDINAL,66,70
uc1.32106012002603,18,13,0,the Big Apple,LOC,4,17
uc1.32106012002603,18,14,0,Queens,GPE,101,107
uc1.32106012002603,18,15,0,morning,TIME,4,11
uc1.32106012002603,18,16,0,only a few hours before,TIME,76,99
uc1.32106012002603,18,20,0,every day,DATE,22,31
uc1.32106012002603,18,23,0,Xerox,ORG,20,25
uc1.32106012002603,19,0,0,11,CARDINAL,0,2
uc1.32106012002603,19,3,0,about ten,TIME,17,26
uc1.32106012002603,19,4,0,One night,TIME,0,9
uc1.32106012002603,19,5,0,the next morning,TIME,20,36
uc1.32106012002603,19,5,1,Angelo,PERSON,53,59
uc1.32106012002603,19,9,0,only one,CARDINAL,58,66
uc1.32106012002603,19,9,1,Cassioni,PERSON,93,101
uc1.32106012002603,19,10,0,Cassionis,PERSON,23,32
uc1.32106012002603,19,15,0,Cassionis,PERSON,20,29
uc1.32106012002603,20,12,0,second,ORDINAL,55,61
uc1.32106012002603,20,12,1,Moors,PERSON,76,81
uc1.32106012002603,20,13,0,the Long Island Sound,LOC,13,34
uc1.32106012002603,20,13,1,Nassau County,GPE,57,70
uc1.32106012002603,20,14,0,Columbus,GPE,40,48
uc1.32106012002603,21,0,0,East,LOC,100,104
uc1.32106012002603,21,14,0,New York,GPE,53,61
uc1.32106012002603,21,18,0,Cotton,PERSON,5,11
uc1.32106012002603,21,19,0,Cotton,PERSON,6,12
uc1.32106012002603,21,19,1,Melvin Ellington,PERSON,22,38
uc1.32106012002603,22,1,0,Melvin,PERSON,15,21
uc1.32106012002603,22,4,0,Melvin,PERSON,31,37
uc1.32106012002603,22,8,0,ages,DATE,22,26
uc1.32106012002603,22,13,0,Melvin,PERSON,7,13
uc1.32106012002603,22,14,0,Cotton,PERSON,14,20
uc1.32106012002603,22,15,0,Cotton,PERSON,19,25
uc1.32106012002603,22,19,0,Cotton,PERSON,14,20
uc1.32106012002603,22,21,0,Brooklyn Dodgers,ORG,49,65
uc1.32106012002603,22,22,0,Bristol,GPE,162,169
uc1.32106012002603,22,23,0,Cotton,PERSON,46,52
uc1.32106012002603,22,24,0,two,CARDINAL,44,47
uc1.32106012002603,23,1,0,Cotton,PERSON,13,19
uc1.32106012002603,23,3,0,Ray Charles,PERSON,131,142
uc1.32106012002603,23,4,0,Cotton,PERSON,24,30
uc1.32106012002603,23,6,0,Cotton,PERSON,8,14
uc1.32106012002603,23,9,0,first,ORDINAL,17,22
uc1.32106012002603,23,9,1,two years,DATE,31,40
uc1.32106012002603,24,5,0,Goliath,PERSON,63,70
uc1.32106012002603,24,6,0,Philistine,NORP,82,92
uc1.32106012002603,24,8,0,six o'clock,TIME,72,83
uc1.32106012002603,24,11,0,Cowboys to Girls,WORK_OF_ART,10,26
uc1.32106012002603,24,11,1,Intruders,ORG,35,44
uc1.32106012002603,24,14,0,John Wayne,PERSON,74,84
uc1.32106012002603,24,14,1,Randolph Scott,PERSON,89,103
uc1.32106012002603,25,2,0,Otis,PERSON,30,34
uc1.32106012002603,25,3,0,Melvin,PERSON,30,36
uc1.32106012002603,25,16,0,first,ORDINAL,10,15
uc1.32106012002603,25,17,0,about ten,CARDINAL,11,20
uc1.32106012002603,25,19,0,Pearl,PERSON,24,29
uc1.32106012002603,25,21,0,Pearl,PERSON,12,17
uc1.32106012002603,25,25,0,a minute,TIME,24,32
uc1.32106012002603,26,0,0,18,CARDINAL,0,2
uc1.32106012002603,26,2,0,Pearl,PERSON,31,36
uc1.32106012002603,26,4,0,about the twenty-third,CARDINAL,3,25
uc1.32106012002603,26,5,0,Molly,PERSON,16,21
uc1.32106012002603,26,8,0,the following Monday,DATE,3,23
uc1.32106012002603,26,8,1,Pearl,PERSON,48,53
uc1.32106012002603,26,11,0,Pearl,PERSON,1,6
uc1.32106012002603,26,13,0,a minute,TIME,25,33
uc1.32106012002603,26,24,0,Pearl,PERSON,6,11
uc1.32106012002603,27,0,0,19,CARDINAL,0,2
uc1.32106012002603,27,0,1,Pennsylvania,GPE,30,42
uc1.32106012002603,27,2,0,about five,CARDINAL,23,33
uc1.32106012002603,27,2,1,one,CARDINAL,83,86
uc1.32106012002603,28,0,0,20,CARDINAL,0,2
uc1.32106012002603,28,0,1,one,CARDINAL,41,44
uc1.32106012002603,28,0,2,two,CARDINAL,48,51
uc1.32106012002603,28,0,3,one,CARDINAL,115,118
uc1.32106012002603,28,3,0,no Elgin Baylor,PERSON,17,32
uc1.32106012002603,28,7,0,Swanson Johnson,PERSON,97,112
uc1.32106012002603,28,13,0,Martin Luther King,PERSON,5,23
uc1.32106012002603,29,0,0,21,DATE,0,2
uc1.32106012002603,29,0,1,about ten years before,DATE,13,35
uc1.32106012002603,29,0,2,eighteen,DATE,49,57
uc1.32106012002603,29,1,0,Debra,PERSON,0,5
uc1.32106012002603,29,2,0,the past few years,DATE,40,58
uc1.32106012002603,29,7,0,Debra,PERSON,12,17
uc1.32106012002603,29,8,0,one,CARDINAL,4,7
uc1.32106012002603,29,8,1,Debra,PERSON,16,21
uc1.32106012002603,29,14,0,Pops,PERSON,4,8
uc1.32106012002603,30,0,0,Pops,PERSON,3,7
uc1.32106012002603,30,2,0,Egyptian,NORP,56,64
uc1.32106012002603,30,4,0,Pops,PERSON,40,44
uc1.32106012002603,30,5,0,Pops,PERSON,44,48
uc1.32106012002603,30,12,0,first,ORDINAL,16,21
uc1.32106012002603,30,13,0,second,ORDINAL,45,51
uc1.32106012002603,31,2,0,six,TIME,60,63
uc1.32106012002603,31,5,0,Debra,PERSON,4,9
uc1.32106012002603,31,7,0,two years,DATE,66,75
uc1.32106012002603,31,9,0,Otis,PERSON,9,13
uc1.32106012002603,31,10,0,about four years,DATE,21,37
uc1.32106012002603,31,12,0,Otis,PERSON,24,28
uc1.32106012002603,31,14,0,Otis,PERSON,57,61
uc1.32106012002603,31,16,0,Otis,PERSON,22,26
uc1.32106012002603,31,16,1,Marines,ORG,41,48
uc1.32106012002603,32,2,0,Rocky's Bar,FAC,26,37
uc1.32106012002603,32,6,0,the day,DATE,39,46
uc1.32106012002603,32,6,1,U.S.,GPE,86,90
uc1.32106012002603,32,7,0,about forty,CARDINAL,11,22
uc1.32106012002603,32,15,0,first,ORDINAL,8,13
uc1.32106012002603,32,16,0,About sixty,CARDINAL,0,11
uc1.32106012002603,33,1,0,first,ORDINAL,4,9
uc1.32106012002603,33,5,0,two,CARDINAL,10,13
uc1.32106012002603,33,8,0,one,CARDINAL,9,12
uc1.32106012002603,33,10,0,Three years,DATE,1,12
uc1.32106012002603,33,28,0,Melvin Ellington,PERSON,1,17
uc1.32106012002603,33,29,0,Mel,PERSON,7,10
uc1.32106012002603,33,29,1,Chilly,PERSON,16,22
uc1.32106012002603,33,34,0,first,ORDINAL,29,34
uc1.32106012002603,34,10,0,whitey,PERSON,28,34
uc1.32106012002603,34,17,0,the month,DATE,84,93
uc1.32106012002603,34,29,0,Chilly,PERSON,47,53
uc1.32106012002603,35,0,0,27,CARDINAL,0,2
uc1.32106012002603,35,3,0,Chilly,PERSON,35,41
uc1.32106012002603,35,6,0,One afternoon,TIME,0,13
uc1.32106012002603,35,6,1,two,CARDINAL,60,63
uc1.32106012002603,35,8,0,One,CARDINAL,0,3
uc1.32106012002603,35,9,0,two,CARDINAL,40,43
uc1.32106012002603,35,16,0,two,CARDINAL,42,45
uc1.32106012002603,35,21,0,MagicShave,PRODUCT,4,14
uc1.32106012002603,36,6,0,Chilly,PERSON,4,10
uc1.32106012002603,36,14,0,the day before,DATE,23,37
uc1.32106012002603,36,20,0,Chilly,PERSON,18,24
uc1.32106012002603,36,20,1,that afternoon,TIME,30,44
uc1.32106012002603,36,24,0,Chilly,PERSON,8,14
uc1.32106012002603,36,25,0,Showboat,PERSON,36,44
uc1.32106012002603,37,0,0,29,CARDINAL,0,2
uc1.32106012002603,37,0,1,Showboat,PERSON,38,46
uc1.32106012002603,37,15,0,Ellington,PERSON,1,10
uc1.32106012002603,37,22,0,this afternoon,TIME,149,163
uc1.32106012002603,38,14,0,Chilly,PERSON,0,6
uc1.32106012002603,38,19,0,Showboat,PERSON,33,41
uc1.32106012002603,38,28,0,Hardknocks,WORK_OF_ART,37,47
uc1.32106012002603,38,29,0,Later that evening,TIME,0,18
uc1.32106012002603,38,29,1,Chilly,PERSON,19,25
uc1.32106012002603,38,31,0,The next day,DATE,0,12
uc1.32106012002603,38,32,0,Chilly,PERSON,37,43
uc1.32106012002603,38,33,0,Ellington,PERSON,6,15
uc1.32106012002603,39,3,0,Chilly,PERSON,39,45
uc1.32106012002603,39,11,0,Chilly,PERSON,14,20
uc1.32106012002603,39,12,0,Chilly,PERSON,54,60
uc1.32106012002603,39,14,0,Chilly,PERSON,0,6
uc1.32106012002603,39,17,0,Brown Sugar,PERSON,0,11
uc1.32106012002603,39,20,0,Chilly,PERSON,15,21
uc1.32106012002603,39,22,0,Chilly,PERSON,0,6
uc1.32106012002603,39,24,0,Chilly,PERSON,4,10
uc1.32106012002603,40,10,0,the first day,DATE,23,36
uc1.32106012002603,40,13,0,Chilly,PERSON,25,31
uc1.32106012002603,40,17,0,Chilly,PERSON,9,15
uc1.32106012002603,40,21,0,Chilly,PERSON,0,6
uc1.32106012002603,40,25,0,first,ORDINAL,3,8
uc1.32106012002603,40,26,0,Chilly,PERSON,6,12
uc1.32106012002603,40,28,0,Chilly,PERSON,14,20
uc1.32106012002603,41,7,0,just one,CARDINAL,66,74
uc1.32106012002603,42,2,0,Ellington,PERSON,6,15
uc1.32106012002603,42,3,0,third,ORDINAL,10,15
uc1.32106012002603,42,10,0,Mount Rushmore,LOC,80,94
uc1.32106012002603,42,11,0,Ellington,PERSON,37,46
uc1.32106012002603,42,16,0,day one,DATE,26,33
uc1.32106012002603,42,19,0,Hardknocks,PERSON,28,38
uc1.32106012002603,43,6,0,Hardknocks,PERSON,60,70
uc1.32106012002603,43,6,1,two,CARDINAL,75,78
uc1.32106012002603,43,6,2,Cadillac,PERSON,97,105
uc1.32106012002603,43,6,3,Shoobbee Doobbee,PERSON,110,126
uc1.32106012002603,43,7,0,Cadillac,ORG,0,8
uc1.32106012002603,43,8,0,days,DATE,51,55
uc1.32106012002603,43,9,0,two,CARDINAL,73,76
uc1.32106012002603,43,10,0,Cleveland,GPE,48,57
uc1.32106012002603,43,10,1,Fleetwood,PRODUCT,128,137
uc1.32106012002603,43,12,0,War and Peace,WORK_OF_ART,1,14
uc1.32106012002603,43,16,0,Tolstoy,PERSON,1,8
uc1.32106012002603,43,21,0,one,CARDINAL,8,11
uc1.32106012002603,44,1,0,every day,DATE,25,34
uc1.32106012002603,44,4,0,Cadillac,PRODUCT,17,25
uc1.32106012002603,44,5,0,Caddy,PRODUCT,20,25
uc1.32106012002603,44,12,0,only two,CARDINAL,8,16
uc1.32106012002603,44,18,0,Hardknocks,PERSON,25,35
uc1.32106012002603,44,20,0,Coupe de Ville,ORG,11,25
uc1.32106012002603,44,20,1,Cadillac,ORG,32,40
uc1.32106012002603,44,20,2,Pinto,ORG,68,73
uc1.32106012002603,45,0,0,37,CARDINAL,0,2
uc1.32106012002603,45,1,0,Shoobbee Doobbee,PERSON,14,30
uc1.32106012002603,45,5,0,Miles,PERSON,61,66
uc1.32106012002603,45,5,1,Coltrane,PERSON,80,88
uc1.32106012002603,45,8,0,Trane,PERSON,4,9
uc1.32106012002603,45,11,0,Bird,PERSON,19,23
uc1.32106012002603,45,12,0,ten to two,TIME,73,83
uc1.32106012002603,45,12,1,twenty after eight,TIME,119,137
uc1.32106012002603,45,13,0,Shoobbee Doobbee,PERSON,40,56
uc1.32106012002603,45,15,0,Hundreds,CARDINAL,0,8
uc1.32106012002603,45,16,0,Thelonious Monk,PERSON,45,60
uc1.32106012002603,45,17,0,Shoob,PERSON,19,24
uc1.32106012002603,45,19,0,"Straight, No Chaser",WORK_OF_ART,10,29
uc1.32106012002603,45,20,0,All day,DATE,1,8
uc1.32106012002603,46,0,0,Ellington,PERSON,3,12
uc1.32106012002603,46,7,0,Miles,PERSON,5,10
uc1.32106012002603,46,9,0,Miles,PERSON,42,47
uc1.32106012002603,46,11,0,Miles,PERSON,0,5
uc1.32106012002603,46,12,0,Miles,PERSON,16,21
uc1.32106012002603,46,15,0,Duke,ORG,24,28
uc1.32106012002603,46,15,1,three,CARDINAL,129,134
uc1.32106012002603,46,15,2,Japanese,NORP,167,175
uc1.32106012002603,46,15,3,Turkey,GPE,199,205
uc1.32106012002603,46,16,0,Shoobbee,PERSON,25,33
uc1.32106012002603,46,19,0,Shoobbee Doobbee,PERSON,19,35
uc1.32106012002603,46,19,1,a couple of hours,TIME,65,82
uc1.32106012002603,46,20,0,Chilly,PERSON,22,28
uc1.32106012002603,46,24,0,One,CARDINAL,0,3
uc1.32106012002603,46,28,0,Chilly,PERSON,34,40
uc1.32106012002603,47,1,0,Hardknocks,PERSON,4,14
uc1.32106012002603,47,3,0,eight,CARDINAL,114,119
uc1.32106012002603,47,5,0,first,ORDINAL,11,16
uc1.32106012002603,47,5,1,the day,DATE,60,67
uc1.32106012002603,47,5,2,Chilly,PERSON,68,74
uc1.32106012002603,47,5,3,first,ORDINAL,86,91
uc1.32106012002603,47,6,0,Hardknocks,PERSON,16,26
uc1.32106012002603,47,7,0,Chilly,PERSON,17,23
uc1.32106012002603,47,16,0,Chilly,PERSON,37,43
uc1.32106012002603,47,17,0,Ellington,PERSON,7,16
uc1.32106012002603,47,18,0,Chilly,PERSON,0,6
uc1.32106012002603,47,22,0,Chilly,PERSON,12,18
uc1.32106012002603,47,22,1,more than one,CARDINAL,23,36
uc1.32106012002603,47,23,0,Ellington,PERSON,29,38
uc1.32106012002603,47,23,1,Chilly,PERSON,105,111
uc1.32106012002603,47,25,0,Chilly,PERSON,35,41
uc1.32106012002603,47,26,0,first,ORDINAL,21,26
uc1.32106012002603,48,0,0,40,CARDINAL,0,2
uc1.32106012002603,48,6,0,Cadillac,ORG,33,41
uc1.32106012002603,48,6,1,Chilly,PERSON,83,89
uc1.32106012002603,48,8,0,Ellington,PERSON,37,46
uc1.32106012002603,48,12,0,Muslims,NORP,19,26
uc1.32106012002603,48,24,0,Gene Ammons,PERSON,49,60
uc1.32106012002603,48,24,1,Willow Weep for Me,WORK_OF_ART,70,88
uc1.32106012002603,48,25,0,Hardknocks,ORG,13,23
uc1.32106012002603,48,25,1,the Count Basie Band,ORG,46,66
uc1.32106012002603,48,25,2,April in Paris,WORK_OF_ART,74,88
uc1.32106012002603,48,26,0,one,CARDINAL,78,81
uc1.32106012002603,48,27,0,Chilly,PERSON,0,6
uc1.32106012002603,49,0,0,41,CARDINAL,0,2
uc1.32106012002603,49,3,0,Sandstone,ORG,34,43
uc1.32106012002603,49,3,1,Minnesota,GPE,56,65
uc1.32106012002603,49,4,0,A few months later,DATE,0,18
uc1.32106012002603,49,4,1,Chilly,PERSON,38,44
uc1.32106012002603,49,5,0,half,CARDINAL,21,25
uc1.32106012002603,49,6,0,Hardknocks,PERSON,24,34
uc1.32106012002603,49,7,0,Melvin,PERSON,7,13
uc1.32106012002603,49,20,0,Ellington,PERSON,12,21
uc1.32106012002603,50,2,0,Hardknocks,PERSON,0,10
uc1.32106012002603,50,6,0,September twenty-seventh,DATE,1,25
uc1.32106012002603,50,10,0,Hardknocks,PERSON,1,11
uc1.32106012002603,50,16,0,Six years,DATE,1,10
uc1.32106012002603,51,0,0,Rocky's Bar,FAC,76,87
uc1.32106012002603,51,2,0,Alice Turner,PERSON,7,19
uc1.32106012002603,51,11,0,Alice,PERSON,0,5
uc1.32106012002603,51,14,0,Alice,PERSON,0,5
uc1.32106012002603,52,4,0,Alice,PERSON,43,48
uc1.32106012002603,52,5,0,Alice,PERSON,0,5
uc1.32106012002603,52,9,0,Alice,PERSON,0,5
uc1.32106012002603,52,11,0,Alice,PERSON,20,25
uc1.32106012002603,52,17,0,Alice,PERSON,16,21
uc1.32106012002603,52,21,0,Mouth,PERSON,14,19
uc1.32106012002603,52,22,0,Melvin,PERSON,7,13
uc1.32106012002603,52,28,0,Today,DATE,1,6
uc1.32106012002603,53,2,0,Melvin,PERSON,16,22
uc1.32106012002603,53,8,0,Jersey,GPE,23,29
uc1.32106012002603,53,8,1,a few months ago,DATE,30,46
uc1.32106012002603,53,9,0,Rocky,PERSON,33,38
uc1.32106012002603,53,13,0,Rocky,PERSON,0,5
uc1.32106012002603,53,14,0,Alice,PERSON,41,46
uc1.32106012002603,53,15,0,Midgy,PERSON,0,5
uc1.32106012002603,53,16,0,Midgy,PERSON,6,11
uc1.32106012002603,53,18,0,Midgy,PERSON,15,20
uc1.32106012002603,53,23,0,Today,DATE,1,6
uc1.32106012002603,53,25,0,Alice,PERSON,8,13
uc1.32106012002603,54,0,0,another five years,DATE,65,83
uc1.32106012002603,54,4,0,Melvin,PERSON,32,38
uc1.32106012002603,54,8,0,Alice,PERSON,21,26
uc1.32106012002603,54,11,0,tonight,TIME,20,27
uc1.32106012002603,54,12,0,Melvin,PERSON,7,13
uc1.32106012002603,54,18,0,Alice,PERSON,7,12
uc1.32106012002603,55,3,0,a few feet,QUANTITY,69,79
uc1.32106012002603,55,8,0,Pauline,PERSON,6,13
uc1.32106012002603,55,8,1,Alice,PERSON,16,21
uc1.32106012002603,55,9,0,Pauline,PERSON,15,22
uc1.32106012002603,55,11,0,two,CARDINAL,33,36
uc1.32106012002603,55,12,0,two,CARDINAL,40,43
uc1.32106012002603,55,15,0,Mouth,PERSON,35,40
uc1.32106012002603,55,22,0,two,CARDINAL,12,15
uc1.32106012002603,55,23,0,Alice,PERSON,43,48
uc1.32106012002603,55,29,0,Mouth,PERSON,9,14
uc1.32106012002603,56,0,0,48,CARDINAL,0,2
uc1.32106012002603,56,1,0,Mouth,PERSON,28,33
uc1.32106012002603,56,4,0,Reatha,PERSON,62,68
uc1.32106012002603,56,6,0,Anita,PERSON,26,31
uc1.32106012002603,56,6,1,days,DATE,36,40
uc1.32106012002603,56,7,0,Melvin,PERSON,26,32
uc1.32106012002603,56,9,0,first,ORDINAL,49,54
uc1.32106012002603,56,18,0,Otis,PERSON,0,4
uc1.32106012002603,56,22,0,Loretta,PERSON,39,46
uc1.32106012002603,56,26,0,Melvin,PERSON,7,13
uc1.32106012002603,57,2,0,a few feet,QUANTITY,6,16
uc1.32106012002603,57,8,0,Loretta,PERSON,29,36
uc1.32106012002603,57,11,0,Loretta,PERSON,51,58
uc1.32106012002603,57,12,0,mackland,GPE,73,81
uc1.32106012002603,57,12,1,just one,CARDINAL,88,96
uc1.32106012002603,57,13,0,One,CARDINAL,1,4
uc1.32106012002603,57,13,1,Pauline,PERSON,23,30
uc1.32106012002603,57,13,2,Alice,PERSON,33,38
uc1.32106012002603,57,18,0,Alice,PERSON,31,36
uc1.32106012002603,57,23,0,Terry's,ORG,32,39
uc1.32106012002603,58,3,0,Otis,PERSON,15,19
uc1.32106012002603,58,8,0,Vietnam,EVENT,19,26
uc1.32106012002603,58,8,1,Alice,PERSON,29,34
uc1.32106012002603,58,11,0,Otis,PERSON,124,128
uc1.32106012002603,58,13,0,Harlem,GPE,64,70
uc1.32106012002603,58,13,1,WHIP,ORG,72,76
uc1.32106012002603,58,14,0,Pauline,PERSON,52,59
uc1.32106012002603,58,19,0,Mouth,PERSON,36,41
uc1.32106012002603,58,22,0,Mouth,PERSON,5,10
uc1.32106012002603,58,23,0,Otis,PERSON,55,59
uc1.32106012002603,59,1,0,Pauline,PERSON,12,19
uc1.32106012002603,59,6,0,Otis,PERSON,24,28
uc1.32106012002603,59,8,0,four-to-,TIME,14,22
uc1.32106012002603,59,10,0,128th,FAC,9,14
uc1.32106012002603,59,10,1,Seventh,FAC,19,26
uc1.32106012002603,59,12,0,six,TIME,13,16
uc1.32106012002603,59,15,0,Alice,PERSON,23,28
uc1.32106012002603,59,15,1,La Magnifique,FAC,107,120
uc1.32106012002603,59,18,0,Otis,PERSON,49,53
uc1.32106012002603,59,19,0,Fiftieth,FAC,38,46
uc1.32106012002603,59,19,1,Broadway,FAC,51,59
uc1.32106012002603,59,22,0,Pauline,PERSON,11,18
uc1.32106012002603,60,3,0,Otis,PERSON,0,4
uc1.32106012002603,60,6,0,125th Street,FAC,20,32
uc1.32106012002603,60,7,0,Seventh Avenue,FAC,17,31
uc1.32106012002603,61,3,0,more than thirteen,DATE,26,44
uc1.32106012002603,61,9,0,two,CARDINAL,45,48
uc1.32106012002603,61,14,0,Seventh Avenue,FAC,57,71
uc1.32106012002603,62,0,0,54,CARDINAL,0,2
uc1.32106012002603,62,1,0,Manhattan,GPE,95,104
uc1.32106012002603,62,15,0,about fifteen minutes,TIME,6,27
uc1.32106012002603,63,33,0,Otis,PERSON,33,37
uc1.32106012002603,64,17,0,Otis,PERSON,0,4
uc1.32106012002603,64,19,0,Otis,PERSON,42,46
uc1.32106012002603,64,20,0,one,CARDINAL,54,57
uc1.32106012002603,64,21,0,Otis,PERSON,52,56
uc1.32106012002603,64,21,1,Marines,ORG,80,87
uc1.32106012002603,64,22,0,One afternoon,TIME,0,13
uc1.32106012002603,64,22,1,my first semester,DATE,21,38
uc1.32106012002603,64,22,2,City College,ORG,42,54
uc1.32106012002603,64,24,0,third,ORDINAL,103,108
uc1.32106012002603,65,2,0,South,LOC,48,53
uc1.32106012002603,65,5,0,Theodore Sutherland,PERSON,11,30
uc1.32106012002603,65,7,0,Melvin Ellington,PERSON,1,17
uc1.32106012002603,65,8,0,about twenty,CARDINAL,11,23
uc1.32106012002603,65,11,0,Theodore,PERSON,0,8
uc1.32106012002603,65,11,1,one,CARDINAL,18,21
uc1.32106012002603,65,11,2,first,ORDINAL,64,69
uc1.32106012002603,65,12,0,second,ORDINAL,76,82
uc1.32106012002603,65,12,1,The Movement in the South,ORG,93,118
uc1.32106012002603,65,13,0,Alabama,GPE,71,78
uc1.32106012002603,65,13,1,Congress,ORG,143,151
uc1.32106012002603,65,13,2,the Justice Department,ORG,184,206
uc1.32106012002603,65,14,0,Secondly,ORDINAL,1,9
uc1.32106012002603,65,14,1,weekly,DATE,36,42
uc1.32106012002603,65,14,2,American,NORP,112,120
uc1.32106012002603,65,15,0,every Friday,DATE,142,154
uc1.32106012002603,65,17,0,Keith McDermott,PERSON,24,39
uc1.32106012002603,65,18,0,Theodore,PERSON,20,28
uc1.32106012002603,66,0,0,58,CARDINAL,0,2
uc1.32106012002603,66,0,1,one,CARDINAL,97,100
uc1.32106012002603,66,1,0,Theo,PERSON,6,10
uc1.32106012002603,66,5,0,one,CARDINAL,127,130
uc1.32106012002603,66,5,1,Ralph Ginzburg's,PERSON,139,155
uc1.32106012002603,66,5,2,One Hundred Years of Lynching,WORK_OF_ART,156,185
uc1.32106012002603,66,5,3,Theo,PERSON,205,209
uc1.32106012002603,66,5,4,one,CARDINAL,213,216
uc1.32106012002603,66,9,0,Theo,PERSON,19,23
uc1.32106012002603,66,12,0,next week,DATE,17,26
uc1.32106012002603,66,12,1,One Hundred Years of Lynching,WORK_OF_ART,97,126
uc1.32106012002603,66,14,0,one,CARDINAL,14,17
uc1.32106012002603,66,15,0,America,GPE,60,67
uc1.32106012002603,66,15,1,hundred-year,DATE,75,87
uc1.32106012002603,66,15,2,thousands,CARDINAL,121,130
uc1.32106012002603,67,1,0,Theo,PERSON,21,25
uc1.32106012002603,67,11,0,Movement,ORG,160,168
uc1.32106012002603,67,15,0,Theo,PERSON,9,13
uc1.32106012002603,67,16,0,Keith,PERSON,1,6
uc1.32106012002603,67,16,1,one,CARDINAL,31,34
uc1.32106012002603,67,17,0,Keith,PERSON,0,5
uc1.32106012002603,67,17,1,two,CARDINAL,39,42
uc1.32106012002603,67,18,0,Melvin,PERSON,13,19
uc1.32106012002603,68,19,0,Movement,ORG,36,44
uc1.32106012002603,69,0,0,Theo,PERSON,14,18
uc1.32106012002603,69,2,0,Theo,PERSON,0,4
uc1.32106012002603,69,2,1,Keith,PERSON,9,14
uc1.32106012002603,69,4,0,Theo,PERSON,11,15
uc1.32106012002603,69,16,0,"""Don't Make Me Over""",WORK_OF_ART,0,20
uc1.32106012002603,69,16,1,Dionne Warwick,PERSON,24,38
uc1.32106012002603,69,18,0,Two,CARDINAL,0,3
uc1.32106012002603,69,18,1,one,CARDINAL,11,14
uc1.32106012002603,69,22,0,first,ORDINAL,8,13
uc1.32106012002603,70,0,0,62,CARDINAL,0,2
uc1.32106012002603,70,16,0,Thunderbird,PERSON,1,12
uc1.32106012002603,70,31,0,Keith,PERSON,28,33
uc1.32106012002603,71,0,0,second,ORDINAL,23,29
uc1.32106012002603,71,2,0,Keith,PERSON,25,30
uc1.32106012002603,71,3,0,Melvin,PERSON,8,14
uc1.32106012002603,71,5,0,Geneva,PERSON,5,11
uc1.32106012002603,71,6,0,Theo,PERSON,0,4
uc1.32106012002603,71,14,0,Alabama,GPE,64,71
uc1.32106012002603,71,17,0,Geneva,PERSON,0,6
uc1.32106012002603,71,19,0,Theo,PERSON,19,23
uc1.32106012002603,71,25,0,City,GPE,11,15
uc1.32106012002603,71,27,0,Hunter,PERSON,9,15
uc1.32106012002603,71,28,0,Theo,PERSON,6,10
uc1.32106012002603,71,32,0,Keith,PERSON,28,33
uc1.32106012002603,72,2,0,Theo,PERSON,34,38
uc1.32106012002603,72,7,0,Theo,PERSON,28,32
uc1.32106012002603,72,8,0,Gandhi,PERSON,28,34
uc1.32106012002603,72,9,0,Geneva,PERSON,0,6
uc1.32106012002603,72,11,0,Gandhi,PERSON,21,27
uc1.32106012002603,72,14,0,Theo,PERSON,4,8
uc1.32106012002603,72,18,0,two,CARDINAL,10,13
uc1.32106012002603,72,18,1,Theo,PERSON,47,51
uc1.32106012002603,72,19,0,Geneva,PERSON,30,36
uc1.32106012002603,72,20,0,Geneva,PERSON,26,32
uc1.32106012002603,73,0,0,Theo,PERSON,4,8
uc1.32106012002603,73,4,0,Theo,PERSON,0,4
uc1.32106012002603,73,4,1,Geneva,PERSON,65,71
uc1.32106012002603,73,5,0,Geneva,PERSON,21,27
uc1.32106012002603,73,13,0,the Five Per-Centers,ORG,27,47
uc1.32106012002603,73,13,1,only five percent,PERCENT,66,83
uc1.32106012002603,73,15,0,Five,CARDINAL,0,4
uc1.32106012002603,73,19,0,Geneva,PERSON,0,6
uc1.32106012002603,73,19,1,two,CARDINAL,12,15
uc1.32106012002603,73,20,0,Friday,DATE,4,10
uc1.32106012002603,73,20,1,night,TIME,11,16
uc1.32106012002603,74,0,0,66,CARDINAL,0,2
uc1.32106012002603,74,1,0,Malcolm,PERSON,5,12
uc1.32106012002603,74,1,1,Lewisohn Stadium,FAC,56,72
uc1.32106012002603,74,2,0,one,CARDINAL,6,9
uc1.32106012002603,74,2,1,hundred,CARDINAL,21,28
uc1.32106012002603,74,2,2,Malcolm,PERSON,115,122
uc1.32106012002603,74,3,0,first,ORDINAL,10,15
uc1.32106012002603,74,4,0,125th Street,FAC,61,73
uc1.32106012002603,74,6,0,Theo,PERSON,9,13
uc1.32106012002603,74,8,0,Malcolm,PERSON,23,30
uc1.32106012002603,74,11,0,America,GPE,40,47
uc1.32106012002603,74,11,1,the Declaration of Independence,WORK_OF_ART,148,179
uc1.32106012002603,74,14,0,Malcolm,PERSON,1,8
uc1.32106012002603,75,3,0,Malcolm,PERSON,10,17
uc1.32106012002603,75,6,0,Theo,PERSON,0,4
uc1.32106012002603,75,8,0,American,NORP,92,100
uc1.32106012002603,75,11,0,Malcolm,PERSON,5,12
uc1.32106012002603,75,21,0,Theo,PERSON,48,52
uc1.32106012002603,76,0,0,68,CARDINAL,0,2
uc1.32106012002603,76,1,0,the next few days,DATE,4,21
uc1.32106012002603,76,3,0,Theo,PERSON,0,4
uc1.32106012002603,76,8,0,Theo,PERSON,5,9
uc1.32106012002603,76,8,1,Keith,PERSON,50,55
uc1.32106012002603,76,9,0,Theo,PERSON,19,23
uc1.32106012002603,76,11,0,Theo,PERSON,32,36
uc1.32106012002603,76,15,0,Theo,PERSON,7,11
uc1.32106012002603,76,19,0,Theo,PERSON,16,20
uc1.32106012002603,76,23,0,a penny,MONEY,18,25
uc1.32106012002603,76,26,0,Johnson,PERSON,132,139
uc1.32106012002603,76,28,0,Theo,PERSON,28,32
uc1.32106012002603,76,31,0,Theo,PERSON,23,27
uc1.32106012002603,77,1,0,Geneva,PERSON,0,6
uc1.32106012002603,77,3,0,Theo,PERSON,0,4
uc1.32106012002603,77,3,1,Keith,PERSON,12,17
uc1.32106012002603,77,3,2,Manila,GPE,38,44
uc1.32106012002603,77,4,0,Keith,PERSON,60,65
uc1.32106012002603,77,5,0,Geneva,PERSON,41,47
uc1.32106012002603,77,7,0,Theo,PERSON,4,8
uc1.32106012002603,77,8,0,Keith,PERSON,21,26
uc1.32106012002603,77,8,1,Theo,PERSON,28,32
uc1.32106012002603,77,9,0,The Five Per-Centers,ORG,16,36
uc1.32106012002603,77,9,1,Theo,PERSON,69,73
uc1.32106012002603,77,16,0,a Minute Ago,TIME,55,67
uc1.32106012002603,77,17,0,Theo,PERSON,0,4
uc1.32106012002603,77,17,1,City,GPE,25,29
uc1.32106012002603,77,18,0,Thelonious Monk,PERSON,132,147
uc1.32106012002603,77,18,1,"Little Rootie Tootie,",WORK_OF_ART,160,181
uc1.32106012002603,77,18,2,"Straight, suit",WORK_OF_ART,184,198
uc1.32106012002603,78,0,0,70 No Chaser,WORK_OF_ART,0,12
uc1.32106012002603,78,0,1,Off Minor,WORK_OF_ART,51,60
uc1.32106012002603,78,0,2,"Ruby, My Dear",WORK_OF_ART,64,77
uc1.32106012002603,78,0,3,Crepuscule with Nellie,WORK_OF_ART,81,103
uc1.32106012002603,78,0,4,Round Midnight,WORK_OF_ART,112,126
uc1.32106012002603,78,1,0,our senior year,DATE,3,18
uc1.32106012002603,78,1,1,City,ORG,22,26
uc1.32106012002603,78,1,2,the Vietnam war,EVENT,152,167
uc1.32106012002603,78,2,0,Theo,PERSON,0,4
uc1.32106012002603,78,3,0,the “No Vietnamese Ever Called Me,ORG,13,46
uc1.32106012002603,78,4,0,"the ""Hell No, We Won't Go"" Brigade",ORG,31,65
uc1.32106012002603,78,5,0,Theo,PERSON,0,4
uc1.32106012002603,78,7,0,first,ORDINAL,7,12
uc1.32106012002603,78,7,1,Geneva,PERSON,59,65
uc1.32106012002603,78,10,0,Geneva,PERSON,1,7
uc1.32106012002603,78,18,0,Theo,PERSON,57,61
uc1.32106012002603,78,19,0,Theo,PERSON,15,19
uc1.32106012002603,78,21,0,Keith,PERSON,45,50
uc1.32106012002603,78,23,0,Keith,PERSON,17,22
uc1.32106012002603,78,24,0,Melvin,PERSON,0,6
uc1.32106012002603,79,1,0,Theo,PERSON,0,4
uc1.32106012002603,79,1,1,Keith,PERSON,108,113
uc1.32106012002603,79,1,2,first,ORDINAL,137,142
uc1.32106012002603,79,2,0,Keith,PERSON,46,51
uc1.32106012002603,79,7,0,Theo,PERSON,16,20
uc1.32106012002603,79,12,0,Theo,PERSON,31,35
uc1.32106012002603,79,15,0,Geneva,PERSON,27,33
uc1.32106012002603,79,15,1,Theo,PERSON,39,43
uc1.32106012002603,79,17,0,Melvin,PERSON,22,28
uc1.32106012002603,79,24,0,Theo,PERSON,7,11
uc1.32106012002603,79,26,0,Theo,PERSON,31,35
uc1.32106012002603,79,26,1,City,GPE,96,100
uc1.32106012002603,80,2,0,Geneva,PERSON,33,39
uc1.32106012002603,80,3,0,the 'No Vietnamese Ever Called Me a Nigger' Caucus,ORG,10,60
uc1.32106012002603,80,4,0,first,ORDINAL,17,22
uc1.32106012002603,80,4,1,the Selective Service System,ORG,80,108
uc1.32106012002603,80,6,0,Johnson,PERSON,51,58
uc1.32106012002603,80,6,1,Vietnam,GPE,70,77
uc1.32106012002603,80,10,0,a minute,TIME,6,14
uc1.32106012002603,80,12,0,Melvin,PERSON,1,7
uc1.32106012002603,80,12,1,Theo,PERSON,10,14
uc1.32106012002603,81,0,0,73,CARDINAL,0,2
uc1.32106012002603,81,9,0,Theo,PERSON,16,20
uc1.32106012002603,81,12,0,Theo,PERSON,73,77
uc1.32106012002603,81,17,0,an Uncle Tom,PERSON,16,28
uc1.32106012002603,81,18,0,Gunga Din,PERSON,5,14
uc1.32106012002603,81,19,0,Tom,PERSON,2,5
uc1.32106012002603,81,19,1,a Gunga Din,PERSON,31,42
uc1.32106012002603,81,21,0,Geneva,PERSON,20,26
uc1.32106012002603,82,0,0,74,CARDINAL,0,2
uc1.32106012002603,82,1,0,a Gunga Din,NORP,47,58
uc1.32106012002603,82,3,0,a minute,TIME,6,14
uc1.32106012002603,82,4,0,Theo,PERSON,25,29
uc1.32106012002603,82,7,0,Vietnamese,NORP,40,50
uc1.32106012002603,82,8,0,Vietnamese,NORP,17,27
uc1.32106012002603,82,9,0,Theo,PERSON,3,7
uc1.32106012002603,82,11,0,"the ""No Vietnamese",ORG,29,47
uc1.32106012002603,82,13,0,Geneva,PERSON,12,18
uc1.32106012002603,82,15,0,Theo,PERSON,54,58
uc1.32106012002603,82,15,1,dozens,CARDINAL,87,93
uc1.32106012002603,82,15,2,America,GPE,99,106
uc1.32106012002603,82,16,0,the Selective Service System,ORG,51,79
uc1.32106012002603,82,16,1,Mississippi,GPE,191,202
uc1.32106012002603,83,0,0,75,CARDINAL,0,2
uc1.32106012002603,83,0,1,a matter of weeks,DATE,10,27
uc1.32106012002603,83,2,0,Theo,PERSON,38,42
uc1.32106012002603,83,3,0,Theo,PERSON,95,99
uc1.32106012002603,83,7,0,today,DATE,29,34
uc1.32106012002603,83,7,1,Keith,PERSON,41,46
uc1.32106012002603,83,9,0,Johnson,PERSON,89,96
uc1.32106012002603,83,11,0,Keith,PERSON,0,5
uc1.32106012002603,83,13,0,Keith,PERSON,0,5
uc1.32106012002603,83,18,0,Theo,PERSON,1,5
uc1.32106012002603,83,20,0,Keith,PERSON,4,9
uc1.32106012002603,84,2,0,every day,DATE,33,42
uc1.32106012002603,84,3,0,Keith,PERSON,29,34
uc1.32106012002603,84,7,0,Geneva,GPE,11,17
uc1.32106012002603,84,13,0,First,ORDINAL,0,5
uc1.32106012002603,84,13,1,Malcolm,PERSON,6,13
uc1.32106012002603,84,13,2,Keith,PERSON,19,24
uc1.32106012002603,84,14,0,America,GPE,81,88
uc1.32106012002603,84,16,0,Theo,PERSON,0,4
uc1.32106012002603,84,18,0,Theo,PERSON,49,53
uc1.32106012002603,84,18,1,one,CARDINAL,60,63
uc1.32106012002603,84,18,2,Harlem,GPE,142,148
uc1.32106012002603,84,19,0,Theo,PERSON,7,11
uc1.32106012002603,84,20,0,Theo,PERSON,20,24
uc1.32106012002603,84,22,0,Keith,PERSON,16,21
uc1.32106012002603,85,0,0,Keith,PERSON,56,61
uc1.32106012002603,85,0,1,Theo,PERSON,66,70
uc1.32106012002603,85,1,0,Pauline,PERSON,24,31
uc1.32106012002603,85,2,0,Chilly,PERSON,0,6
uc1.32106012002603,85,3,0,Geneva,GPE,0,6
uc1.32106012002603,86,7,0,Pops,PERSON,0,4
uc1.32106012002603,86,7,1,about two hundred pounds,QUANTITY,63,87
uc1.32106012002603,86,8,0,Melvin,PERSON,1,7
uc1.32106012002603,86,14,0,Melvin,PERSON,28,34
uc1.32106012002603,86,15,0,Clara,PERSON,14,19
uc1.32106012002603,86,16,0,Clara,PERSON,22,27
uc1.32106012002603,86,17,0,Melvin,PERSON,10,16
uc1.32106012002603,86,19,0,Arthur,PERSON,19,25
uc1.32106012002603,87,0,0,79,CARDINAL,0,2
uc1.32106012002603,87,2,0,Watusi,PERSON,43,49
uc1.32106012002603,87,2,1,Pygmy,PRODUCT,56,61
uc1.32106012002603,87,8,0,Debra,PERSON,7,12
uc1.32106012002603,87,10,0,Melvin,PERSON,10,16
uc1.32106012002603,87,11,0,a minute,TIME,6,14
uc1.32106012002603,87,11,1,Rachel,PERSON,16,22
uc1.32106012002603,87,13,0,first,ORDINAL,21,26
uc1.32106012002603,87,15,0,Melvin,PERSON,32,38
uc1.32106012002603,87,18,0,Ellington,PERSON,21,30
uc1.32106012002603,87,20,0,Ellington,PERSON,27,36
uc1.32106012002603,87,21,0,Duke Ellington,PERSON,35,49
uc1.32106012002603,87,22,0,Ellington,PERSON,37,46
uc1.32106012002603,87,24,0,Pops,PERSON,46,50
uc1.32106012002603,87,25,0,Ellington,PERSON,54,63
uc1.32106012002603,87,25,1,Diminuendo and Crescendo in Blue,WORK_OF_ART,79,111
uc1.32106012002603,87,25,2,Ellington at Newport,WORK_OF_ART,135,155
uc1.32106012002603,87,25,3,1956,DATE,156,160
uc1.32106012002603,87,26,0,Pops,PERSON,0,4
uc1.32106012002603,88,2,0,Paul Gonsalves,PERSON,69,83
uc1.32106012002603,88,2,1,twenty-seven,CARDINAL,100,112
uc1.32106012002603,88,3,0,Gonsalves,PERSON,46,55
uc1.32106012002603,88,3,1,twenty-seven,CARDINAL,145,157
uc1.32106012002603,88,4,0,Duke Ellington,PERSON,54,68
uc1.32106012002603,88,4,1,twenty-seven,CARDINAL,91,103
uc1.32106012002603,88,4,2,Paul Gonsalves,PERSON,119,133
uc1.32106012002603,88,9,0,Melvin,PERSON,35,41
uc1.32106012002603,88,12,0,Rachel,PERSON,1,7
uc1.32106012002603,88,14,0,Walter,PERSON,33,39
uc1.32106012002603,88,15,0,Melvin,PERSON,7,13
uc1.32106012002603,89,0,0,Pops,PERSON,15,19
uc1.32106012002603,89,9,0,Melvin,PERSON,1,7
uc1.32106012002603,89,10,0,Muslim,NORP,13,19
uc1.32106012002603,89,11,0,Muslim,NORP,21,27
uc1.32106012002603,89,12,0,Pops,PERSON,45,49
uc1.32106012002603,89,14,0,Walter,PERSON,17,23
uc1.32106012002603,89,15,0,Melvin,PERSON,3,9
uc1.32106012002603,89,19,0,Debra,PERSON,75,80
uc1.32106012002603,89,24,0,Pops,PERSON,14,18
uc1.32106012002603,90,4,0,Arthur,PERSON,87,93
uc1.32106012002603,90,7,0,Arthur,PERSON,112,118
uc1.32106012002603,91,1,0,Melvin,PERSON,31,37
uc1.32106012002603,91,12,0,years before,DATE,39,51
uc1.32106012002603,91,13,0,Melvin,PERSON,23,29
uc1.32106012002603,91,14,0,Fifteen,DATE,1,8
uc1.32106012002603,92,6,0,first,ORDINAL,37,42
uc1.32106012002603,92,6,1,about a month,DATE,97,110
uc1.32106012002603,92,12,0,Pops,PERSON,14,18
uc1.32106012002603,93,11,0,Pops,PERSON,14,18
uc1.32106012002603,93,12,0,two years ago,DATE,26,39
uc1.32106012002603,93,14,0,Pops,PERSON,23,27
uc1.32106012002603,94,0,0,Ellington,PERSON,10,19
uc1.32106012002603,94,8,0,one,CARDINAL,67,70
uc1.32106012002603,94,10,0,three,CARDINAL,65,70
uc1.32106012002603,94,13,0,Melvin,PERSON,0,6
uc1.32106012002603,94,13,1,Muslim,NORP,59,65
uc1.32106012002603,94,17,0,Muslim,NORP,46,52
uc1.32106012002603,94,19,0,Muslim,NORP,29,35
uc1.32106012002603,94,21,0,Muslims,NORP,5,12
uc1.32106012002603,94,23,0,Melvin,PERSON,1,7
uc1.32106012002603,94,23,1,only one,CARDINAL,17,25
uc1.32106012002603,94,23,2,only one,CARDINAL,45,53
uc1.32106012002603,94,24,0,Arabic,LANGUAGE,16,22
uc1.32106012002603,94,25,0,Arabic,LANGUAGE,30,36
uc1.32106012002603,94,26,0,English,LANGUAGE,47,54
uc1.32106012002603,94,27,0,English,LANGUAGE,11,18
uc1.32106012002603,95,1,0,America,GPE,27,34
uc1.32106012002603,95,2,0,English,LANGUAGE,42,49
uc1.32106012002603,95,4,0,Arabic,LANGUAGE,24,30
uc1.32106012002603,95,4,1,Arabia,GPE,51,57
uc1.32106012002603,95,7,0,Melvin,PERSON,27,33
uc1.32106012002603,95,10,0,Melvin,PERSON,1,7
uc1.32106012002603,95,18,0,The day,DATE,0,7
uc1.32106012002603,95,19,0,Melvin,PERSON,16,22
uc1.32106012002603,95,22,0,three years,DATE,7,18
uc1.32106012002603,95,25,0,Your Honor,PERSON,1,11
uc1.32106012002603,95,25,1,first,ORDINAL,94,99
uc1.32106012002603,96,8,0,Melvin,PERSON,44,50
uc1.32106012002603,96,9,0,Miz Cotton,PERSON,16,26
uc1.32106012002603,96,18,0,Melvin,PERSON,1,7
uc1.32106012002603,96,20,0,Melvin,PERSON,11,17
uc1.32106012002603,97,0,0,Otis,PERSON,33,37
uc1.32106012002603,97,1,0,Debra,PERSON,0,5
uc1.32106012002603,97,1,1,Manhattan,GPE,65,74
uc1.32106012002603,97,9,0,the Metropolitan Transit Authority,ORG,29,63
uc1.32106012002603,97,11,0,Otis,PERSON,41,45
uc1.32106012002603,98,1,0,Eighth Avenue,FAC,3,16
uc1.32106012002603,98,2,0,Muhammad Speaks,PERSON,1,16
uc1.32106012002603,98,8,0,Muhammad Speaks,PERSON,13,28
uc1.32106012002603,98,16,0,quarter,CARDINAL,7,14
uc1.32106012002603,98,18,0,America,GPE,38,45
uc1.32106012002603,100,1,0,Balling the Jack,WORK_OF_ART,31,47
uc1.32106012002603,100,1,1,the Eagle Rock,WORK_OF_ART,49,63
uc1.32106012002603,100,1,2,the Camel Walk,WORK_OF_ART,69,83
uc1.32106012002603,100,7,0,Four,CARDINAL,0,4
uc1.32106012002603,100,9,0,third,ORDINAL,7,12
uc1.32106012002603,100,11,0,Otis Edwards,PERSON,17,29
uc1.32106012002603,100,15,0,Melvin Ellington,PERSON,1,17
uc1.32106012002603,100,22,0,Otis,PERSON,7,11
uc1.32106012002603,101,0,0,93,CARDINAL,0,2
uc1.32106012002603,101,6,0,Otis,PERSON,15,19
uc1.32106012002603,101,7,0,Mouth,PERSON,25,30
uc1.32106012002603,101,8,0,Nam,EVENT,37,40
uc1.32106012002603,101,16,0,Pauline,PERSON,12,19
uc1.32106012002603,101,16,1,Alice,PERSON,24,29
uc1.32106012002603,101,16,2,Rocky's,ORG,33,40
uc1.32106012002603,101,20,0,Almost six years,DATE,0,16
uc1.32106012002603,101,25,0,Today,DATE,1,6
uc1.32106012002603,102,0,0,a minute,TIME,27,35
uc1.32106012002603,102,3,0,A few feet,QUANTITY,0,10
uc1.32106012002603,102,5,0,Otis,PERSON,29,33
uc1.32106012002603,102,17,0,Otis,PERSON,15,19
uc1.32106012002603,102,18,0,a minute,TIME,6,14
uc1.32106012002603,103,0,0,95,CARDINAL,0,2
uc1.32106012002603,103,10,0,Otis,PERSON,27,31
uc1.32106012002603,103,14,0,Vietnam,FAC,13,20
uc1.32106012002603,103,14,1,Vietnam,GPE,45,52
uc1.32106012002603,103,19,0,Mouth,PERSON,22,27
uc1.32106012002603,103,22,0,Two years,DATE,1,10
uc1.32106012002603,104,0,0,96,CARDINAL,0,2
uc1.32106012002603,104,12,0,Otis,PERSON,7,11
uc1.32106012002603,104,12,1,Nam,EVENT,78,81
uc1.32106012002603,104,18,0,Marines,ORG,43,50
uc1.32106012002603,104,19,0,Otis,PERSON,15,19
uc1.32106012002603,104,23,0,the Marine Prayer,WORK_OF_ART,13,30
uc1.32106012002603,104,26,0,Nam,GPE,44,47
uc1.32106012002603,104,27,0,Vietnamese,NORP,4,14
uc1.32106012002603,104,31,0,the next morning,TIME,41,57
uc1.32106012002603,104,32,0,Halls,PERSON,65,70
uc1.32106012002603,104,32,1,Montezuma,GPE,74,83
uc1.32106012002603,105,3,0,Three,CARDINAL,0,5
uc1.32106012002603,105,3,1,one,CARDINAL,44,47
uc1.32106012002603,105,9,0,tonight,TIME,23,30
uc1.32106012002603,105,10,0,Alice,PERSON,1,6
uc1.32106012002603,105,10,1,Pauline,PERSON,11,18
uc1.32106012002603,105,10,2,La Magnifique,FAC,51,64
uc1.32106012002603,105,12,0,the Queen Bee,WORK_OF_ART,12,25
uc1.32106012002603,105,12,1,the Goodyear Blimp,WORK_OF_ART,30,48
uc1.32106012002603,105,13,0,La Magnifique,FAC,0,13
uc1.32106012002603,105,15,0,two years,DATE,105,114
uc1.32106012002603,105,24,0,Otis,PERSON,0,4
uc1.32106012002603,105,27,0,John Wayne,PERSON,71,81
uc1.32106012002603,106,0,0,John Wayne,PERSON,29,39
uc1.32106012002603,106,0,1,West,LOC,95,99
uc1.32106012002603,106,1,0,World War II,EVENT,97,109
uc1.32106012002603,106,2,0,Yakima Canutt,PERSON,77,90
uc1.32106012002603,106,3,0,Duke,PERSON,31,35
uc1.32106012002603,106,3,1,the Department of Interior,ORG,100,126
uc1.32106012002603,106,3,2,Indians,NORP,148,155
uc1.32106012002603,106,4,0,Indians,NORP,47,54
uc1.32106012002603,106,5,0,Duke,PERSON,4,8
uc1.32106012002603,106,5,1,Yakima,GPE,23,29
uc1.32106012002603,106,6,0,first,ORDINAL,13,18
uc1.32106012002603,106,6,1,John Wayne,PERSON,25,35
uc1.32106012002603,106,7,0,Alcatraz,FAC,36,44
uc1.32106012002603,106,7,1,Indian,NORP,56,62
uc1.32106012002603,106,8,0,Duke,PERSON,27,31
uc1.32106012002603,106,8,1,Iron Eyes Cody,PERSON,43,57
uc1.32106012002603,106,8,2,Indian,NORP,63,69
uc1.32106012002603,106,9,0,the Pacific Ocean,LOC,25,42
uc1.32106012002603,106,9,1,Bogart,PERSON,56,62
uc1.32106012002603,106,10,0,Woody Strode,PERSON,27,39
uc1.32106012002603,106,10,1,Sergeant Rutledge,ORG,58,75
uc1.32106012002603,106,16,0,John Wayne,PERSON,11,21
uc1.32106012002603,107,2,0,Nam,GPE,102,105
uc1.32106012002603,107,6,0,WHIP,ORG,27,31
uc1.32106012002603,107,7,0,one,CARDINAL,8,11
uc1.32106012002603,107,7,1,T.V.,ORG,12,16
uc1.32106012002603,107,8,0,late night,TIME,38,48
uc1.32106012002603,107,9,0,John Wayne's,PERSON,58,70
uc1.32106012002603,107,12,0,Mouth,PERSON,11,16
uc1.32106012002603,107,17,0,tonight,TIME,12,19
uc1.32106012002603,107,18,0,John Wayne,PERSON,88,98
uc1.32106012002603,107,19,0,the two years,DATE,31,44
uc1.32106012002603,107,21,0,Mouth,PERSON,27,32
uc1.32106012002603,108,1,0,Otis,PERSON,19,23
uc1.32106012002603,108,7,0,Otis,PERSON,78,82
uc1.32106012002603,108,9,0,first,ORDINAL,42,47
uc1.32106012002603,108,10,0,first,ORDINAL,8,13
uc1.32106012002603,109,0,0,Ellington,PERSON,26,35
uc1.32106012002603,109,1,0,Jason Rich,PERSON,5,15
uc1.32106012002603,109,8,0,Three years,DATE,1,12
uc1.32106012002603,109,9,0,nickel,MONEY,16,22
uc1.32106012002603,109,10,0,two years,DATE,18,27
uc1.32106012002603,109,20,0,Vietnam,GPE,97,104
uc1.32106012002603,109,21,0,Southeast Asia,LOC,69,83
uc1.32106012002603,109,22,0,Atticas,NORP,49,56
uc1.32106012002603,109,23,0,Jason,PERSON,31,36
uc1.32106012002603,109,26,0,Attica,PRODUCT,0,6
uc1.32106012002603,110,0,0,102,CARDINAL,0,3
uc1.32106012002603,110,0,1,Attica,PERSON,71,77
uc1.32106012002603,110,3,0,Jason,PERSON,38,43
uc1.32106012002603,110,13,0,one minute,TIME,85,95
uc1.32106012002603,110,17,0,a minute,TIME,91,99
uc1.32106012002603,111,5,0,a minute,TIME,6,14
uc1.32106012002603,111,5,1,Ellington,PERSON,16,25
uc1.32106012002603,112,0,0,Otis,PERSON,8,12
uc1.32106012002603,112,0,1,my first day,DATE,135,147
uc1.32106012002603,112,2,0,La Magnifique,FAC,22,35
uc1.32106012002603,112,4,0,Lenox Avenue,FAC,19,31
uc1.32106012002603,112,5,0,Fiftieth,FAC,1,9
uc1.32106012002603,112,5,1,Broadway,FAC,14,22
uc1.32106012002603,112,5,2,Otis,PERSON,25,29
uc1.32106012002603,112,7,0,night,TIME,48,53
uc1.32106012002603,112,8,0,weekends,DATE,15,23
uc1.32106012002603,112,10,0,a Friday,DATE,12,20
uc1.32106012002603,112,11,0,Two,CARDINAL,0,3
uc1.32106012002603,112,13,0,Otis,PERSON,75,79
uc1.32106012002603,112,14,0,two,CARDINAL,5,8
uc1.32106012002603,112,16,0,Otis,PERSON,30,34
uc1.32106012002603,113,1,0,Otis,PERSON,30,34
uc1.32106012002603,113,3,0,Alice,PERSON,28,33
uc1.32106012002603,113,7,0,all day,DATE,52,59
uc1.32106012002603,113,8,0,Alice,PERSON,30,35
uc1.32106012002603,113,13,0,the last two years,DATE,39,57
uc1.32106012002603,113,15,0,Otis,PERSON,22,26
uc1.32106012002603,113,16,0,these days,DATE,36,46
uc1.32106012002603,113,20,0,Pops,PERSON,48,52
uc1.32106012002603,113,27,0,Mason-Dixon,FAC,67,78
uc1.32106012002603,113,29,0,Pops,PERSON,18,22
uc1.32106012002603,113,32,0,Friday,DATE,34,40
uc1.32106012002603,113,32,1,the weekend,DATE,63,74
uc1.32106012002603,114,1,0,Otis,PERSON,39,43
uc1.32106012002603,114,9,0,V.D.,PERSON,44,48
uc1.32106012002603,114,12,0,Jubilee,PERSON,25,32
uc1.32106012002603,114,13,0,Jubilee,PERSON,41,48
uc1.32106012002603,114,14,0,first,ORDINAL,3,8
uc1.32106012002603,114,15,0,this year,DATE,50,59
uc1.32106012002603,114,22,0,next month,DATE,87,97
uc1.32106012002603,114,23,0,eighteen months,DATE,74,89
uc1.32106012002603,115,0,0,107,CARDINAL,0,3
uc1.32106012002603,115,4,0,Ellington,PERSON,6,15
uc1.32106012002603,115,4,1,V.D.,PERSON,60,64
uc1.32106012002603,115,4,2,Hardknocks,PERSON,76,86
uc1.32106012002603,115,6,0,V.D.,PERSON,40,44
uc1.32106012002603,115,9,0,Jubilee,PERSON,0,7
uc1.32106012002603,115,10,0,V.D.,PERSON,0,4
uc1.32106012002603,115,14,0,Mouth,PERSON,10,15
uc1.32106012002603,115,16,0,Otis,PERSON,0,4
uc1.32106012002603,116,0,0,L a Magnifique,ORG,0,14
uc1.32106012002603,116,1,0,two years,DATE,21,30
uc1.32106012002603,116,1,1,Pennsylvania,GPE,40,52
uc1.32106012002603,116,2,0,Otis,PERSON,13,17
uc1.32106012002603,116,8,0,Jungle Boogie,WORK_OF_ART,89,102
uc1.32106012002603,116,8,1,Kool and the Gang,ORG,109,126
uc1.32106012002603,117,0,0,I'll Be Sweeter Today Than,WORK_OF_ART,67,93
uc1.32106012002603,117,0,1,Yesterday,DATE,100,109
uc1.32106012002603,117,2,0,third,ORDINAL,52,57
uc1.32106012002603,117,3,0,Mouth,PERSON,25,30
uc1.32106012002603,117,3,1,one,CARDINAL,62,65
uc1.32106012002603,117,4,0,Otis,PERSON,0,4
uc1.32106012002603,117,10,0,first,ORDINAL,27,32
uc1.32106012002603,118,3,0,Pauline,PERSON,7,14
uc1.32106012002603,118,3,1,Alice,PERSON,21,26
uc1.32106012002603,118,4,0,Mouth,PERSON,7,12
uc1.32106012002603,118,4,1,Pauline,PERSON,15,22
uc1.32106012002603,118,4,2,Indian,NORP,59,65
uc1.32106012002603,118,8,0,this week,DATE,14,23
uc1.32106012002603,118,8,1,Slick Swanson,PERSON,159,172
uc1.32106012002603,118,8,2,WHIP,ORG,190,194
uc1.32106012002603,118,10,0,a week,DATE,44,50
uc1.32106012002603,118,10,1,WHIP,ORG,64,68
uc1.32106012002603,118,13,0,Otis,PERSON,0,4
uc1.32106012002603,118,14,0,Otis,PERSON,5,9
uc1.32106012002603,118,14,1,Alice,PERSON,12,17
uc1.32106012002603,118,19,0,Alice,PERSON,10,15
uc1.32106012002603,118,21,0,Pauline,PERSON,0,7
uc1.32106012002603,118,26,0,Pauline,PERSON,7,14
uc1.32106012002603,119,0,0,111,CARDINAL,0,3
uc1.32106012002603,119,4,0,Pauline,PERSON,0,7
uc1.32106012002603,119,6,0,Alice,PERSON,39,44
uc1.32106012002603,119,9,0,Alice,PERSON,35,40
uc1.32106012002603,119,11,0,Otis,PERSON,17,21
uc1.32106012002603,119,13,0,Otis,PERSON,40,44
uc1.32106012002603,119,14,0,Mouth,PERSON,27,32
uc1.32106012002603,119,21,0,one,CARDINAL,134,137
uc1.32106012002603,119,21,1,two,QUANTITY,164,167
uc1.32106012002603,120,0,0,112,CARDINAL,0,3
uc1.32106012002603,120,3,0,second,ORDINAL,14,20
uc1.32106012002603,120,7,0,Alice,PERSON,25,30
uc1.32106012002603,120,9,0,two years,DATE,45,54
uc1.32106012002603,120,20,0,Otis,PERSON,6,10
uc1.32106012002603,120,21,0,second,ORDINAL,51,57
uc1.32106012002603,121,0,0,Alice,PERSON,12,17
uc1.32106012002603,121,6,0,Pauline,PERSON,20,27
uc1.32106012002603,121,7,0,Pauline,PERSON,9,16
uc1.32106012002603,121,13,0,three o'clock in the morning,TIME,64,92
uc1.32106012002603,121,14,0,tonight,TIME,18,25
uc1.32106012002603,121,19,0,Alice,PERSON,7,12
uc1.32106012002603,122,0,0,114,CARDINAL,0,3
uc1.32106012002603,122,0,1,Pauline,PERSON,65,72
uc1.32106012002603,122,2,0,Melvin,PERSON,25,31
uc1.32106012002603,122,5,0,Pauline,PERSON,18,25
uc1.32106012002603,122,6,0,Mouth,PERSON,27,32
uc1.32106012002603,122,11,0,Pauline,PERSON,23,30
uc1.32106012002603,122,15,0,Otis,PERSON,7,11
uc1.32106012002603,122,23,0,Johnny,PERSON,10,16
uc1.32106012002603,122,26,0,Otis,GPE,46,50
uc1.32106012002603,123,0,0,Otis,PERSON,13,17
uc1.32106012002603,123,10,0,Otis,PERSON,0,4
uc1.32106012002603,123,11,0,Pauline,PERSON,30,37
uc1.32106012002603,123,15,0,Muhammad Ali,PERSON,33,45
uc1.32106012002603,123,20,0,Johnny,PERSON,9,15
uc1.32106012002603,123,24,0,Johnny,PERSON,9,15
uc1.32106012002603,124,0,0,116,CARDINAL,0,3
uc1.32106012002603,124,0,1,Otis,PERSON,27,31
uc1.32106012002603,124,5,0,a minute,TIME,57,65
uc1.32106012002603,124,7,0,Pauline,PERSON,36,43
uc1.32106012002603,124,10,0,two,CARDINAL,10,13
uc1.32106012002603,124,15,0,Alice,PERSON,0,5
uc1.32106012002603,124,29,0,Pauline,PERSON,10,17
uc1.32106012002603,125,6,0,the World Series,EVENT,43,59
uc1.32106012002603,126,0,0,Riverside Drive,FAC,46,61
uc1.32106012002603,126,0,1,the Hudson River,LOC,74,90
uc1.32106012002603,126,0,2,the George Washington Bridge,FAC,109,137
uc1.32106012002603,126,1,0,Alice,PERSON,1,6
uc1.32106012002603,126,4,0,Norma,PERSON,45,50
uc1.32106012002603,126,6,0,Pauline,PERSON,8,15
uc1.32106012002603,126,6,1,Melvin,PERSON,17,23
uc1.32106012002603,126,6,2,Otis,PERSON,29,33
uc1.32106012002603,126,11,0,years,DATE,36,41
uc1.32106012002603,126,12,0,Herbie Mann,PERSON,132,143
uc1.32106012002603,126,12,1,Johnny Pacheco,PERSON,148,162
uc1.32106012002603,126,12,2,Esquire,ORG,178,185
uc1.32106012002603,126,12,3,Coattails,ORG,204,213
uc1.32106012002603,126,12,4,Thursday,DATE,217,225
uc1.32106012002603,126,12,5,City College,ORG,236,248
uc1.32106012002603,126,12,6,the Kappa House,FAC,261,276
uc1.32106012002603,127,0,0,Central State,ORG,33,46
uc1.32106012002603,127,0,1,Hampton Institute,ORG,48,65
uc1.32106012002603,127,0,2,Virginia Union,ORG,71,85
uc1.32106012002603,127,4,0,I Only Have Eyes for You,WORK_OF_ART,1,25
uc1.32106012002603,127,4,1,Flamingos,ORG,44,53
uc1.32106012002603,127,5,0,Lonnie Youngbloods,PERSON,89,107
uc1.32106012002603,127,5,1,Sassy Shirleys,PERSON,112,126
uc1.32106012002603,127,9,0,Alice,PERSON,57,62
uc1.32106012002603,127,12,0,Otis,PERSON,0,4
uc1.32106012002603,127,13,0,Norma,PERSON,7,12
uc1.32106012002603,127,16,0,Norma,PERSON,6,11
uc1.32106012002603,128,4,0,Two,CARDINAL,0,3
uc1.32106012002603,128,16,0,Mouth,PERSON,5,10
uc1.32106012002603,128,18,0,Alice,PERSON,20,25
uc1.32106012002603,128,25,0,Norma,PERSON,41,46
uc1.32106012002603,128,28,0,Alice,PERSON,0,5
uc1.32106012002603,128,28,1,Norma,PERSON,10,15
uc1.32106012002603,128,32,0,Alice,PERSON,17,22
uc1.32106012002603,128,34,0,two,CARDINAL,67,70
uc1.32106012002603,129,12,0,Peter Prep,PERSON,8,18
uc1.32106012002603,129,20,0,British,NORP,22,29
uc1.32106012002603,129,20,1,Scotland,GPE,57,65
uc1.32106012002603,129,20,2,three,CARDINAL,69,74
uc1.32106012002603,130,9,0,five,CARDINAL,60,64
uc1.32106012002603,130,12,0,the Gentlemen of Quality,WORK_OF_ART,47,71
uc1.32106012002603,130,15,0,Peter Prep,PERSON,20,30
uc1.32106012002603,130,18,0,1964,DATE,16,20
uc1.32106012002603,130,18,1,the Forty-Second Street Library,ORG,24,55
uc1.32106012002603,130,26,0,Peter Prep,PERSON,14,24
uc1.32106012002603,131,2,0,Booksnake,PERSON,16,25
uc1.32106012002603,131,4,0,Booksnake,PERSON,8,17
uc1.32106012002603,131,6,0,Booksnake,PERSON,20,29
uc1.32106012002603,131,6,1,Forty-Second Street Library,FAC,54,81
uc1.32106012002603,131,6,2,one,CARDINAL,100,103
uc1.32106012002603,131,7,0,Creedmoor,FAC,20,29
uc1.32106012002603,131,25,0,about five or six,CARDINAL,12,29
uc1.32106012002603,131,25,1,one,CARDINAL,48,51
uc1.32106012002603,131,26,0,Gloria Lynne,PERSON,145,157
uc1.32106012002603,132,0,0,Gloria,PERSON,73,79
uc1.32106012002603,132,3,0,a day,DATE,43,48
uc1.32106012002603,132,4,0,Trouble,PERSON,0,7
uc1.32106012002603,132,6,0,Gloria,PERSON,47,53
uc1.32106012002603,132,11,0,Sir Rap a Lot,PERSON,5,18
uc1.32106012002603,132,12,0,the Dixie Peach,LOC,14,29
uc1.32106012002603,132,12,1,the Big Apple,LOC,44,57
uc1.32106012002603,133,0,0,125,CARDINAL,0,3
uc1.32106012002603,133,17,0,Just a minute,TIME,1,14
uc1.32106012002603,133,20,0,Rap a Lot,PERSON,21,30
uc1.32106012002603,133,20,1,Trouble Is a Man,WORK_OF_ART,170,186
uc1.32106012002603,133,23,0,one,CARDINAL,72,75
uc1.32106012002603,133,28,0,the last two years,DATE,101,119
uc1.32106012002603,134,3,0,Pauline,PERSON,42,49
uc1.32106012002603,134,11,0,Pauline,PERSON,13,20
uc1.32106012002603,134,25,0,five,CARDINAL,58,62
uc1.32106012002603,134,26,0,Alice,PERSON,58,63
uc1.32106012002603,135,0,0,week,DATE,17,21
uc1.32106012002603,135,1,0,Pauline,PERSON,22,29
uc1.32106012002603,135,2,0,Alice,PERSON,66,71
uc1.32106012002603,135,8,0,Otis,PERSON,27,31
uc1.32106012002603,135,8,1,Pauline,PERSON,36,43
uc1.32106012002603,135,13,0,Mouth,PERSON,22,27
uc1.32106012002603,135,17,0,Pauline,PERSON,18,25
uc1.32106012002603,135,26,0,Melvin,PERSON,16,22
uc1.32106012002603,136,1,0,Marcy Jones,PERSON,25,36
uc1.32106012002603,136,5,0,about seventeen,DATE,7,22
uc1.32106012002603,136,5,1,Easter,DATE,66,72
uc1.32106012002603,136,7,0,The Heartbeats,WORK_OF_ART,31,45
uc1.32106012002603,136,8,0,You're a Thousand Miles Away,WORK_OF_ART,1,29
uc1.32106012002603,136,9,0,Marcy,PERSON,46,51
uc1.32106012002603,136,14,0,Melvin,PERSON,15,21
uc1.32106012002603,136,28,0,almost four,TIME,6,17
uc1.32106012002603,136,30,0,first,ORDINAL,16,21
uc1.32106012002603,137,9,0,Melvin,PERSON,25,31
uc1.32106012002603,137,12,0,Melvin,PERSON,24,30
uc1.32106012002603,137,16,0,Pauline,PERSON,38,45
uc1.32106012002603,137,16,1,Otis,PERSON,50,54
uc1.32106012002603,137,18,0,Otis,PERSON,32,36
uc1.32106012002603,137,19,0,Alice,PERSON,39,44
uc1.32106012002603,137,22,0,Alice,PERSON,1,6
uc1.32106012002603,137,23,0,a minute,TIME,17,25
uc1.32106012002603,137,23,1,Mouth,PERSON,27,32
uc1.32106012002603,137,25,0,Alice,PERSON,16,21
uc1.32106012002603,137,26,0,Pauline,PERSON,18,25
uc1.32106012002603,137,28,0,Otis,PERSON,32,36
uc1.32106012002603,137,29,0,John Wayne,PERSON,18,28
uc1.32106012002603,138,1,0,Mouth,PERSON,7,12
uc1.32106012002603,138,3,0,about an hour,TIME,16,29
uc1.32106012002603,138,5,0,Mouth,PERSON,23,28
uc1.32106012002603,138,7,0,Audie Murphy,PERSON,16,28
uc1.32106012002603,138,8,0,World War II,EVENT,37,49
uc1.32106012002603,138,9,0,German,NORP,54,60
uc1.32106012002603,138,10,0,Nam,GPE,56,59
uc1.32106012002603,138,16,0,John Wayne,PERSON,56,66
uc1.32106012002603,138,17,0,tonight,TIME,31,38
uc1.32106012002603,138,18,0,about an hour,TIME,22,35
uc1.32106012002603,138,20,0,Otis,PERSON,11,15
uc1.32106012002603,138,26,0,John Wayne,PERSON,23,33
uc1.32106012002603,138,27,0,an hour,TIME,14,21
uc1.32106012002603,138,27,1,Mouth,PERSON,36,41
uc1.32106012002603,138,28,0,An hour,TIME,0,7
uc1.32106012002603,138,29,0,Alice,PERSON,0,5
uc1.32106012002603,138,29,1,Pauline,PERSON,10,17
uc1.32106012002603,138,30,0,Wells',ORG,21,27
uc1.32106012002603,138,30,1,Alice,PERSON,59,64
uc1.32106012002603,139,3,0,Otis,PERSON,20,24
uc1.32106012002603,139,6,0,Wells',ORG,17,23
uc1.32106012002603,139,6,1,about an hour,TIME,27,40
uc1.32106012002603,139,7,0,Melvin,PERSON,1,7
uc1.32106012002603,139,9,0,Wells',ORG,11,17
uc1.32106012002603,139,9,1,an hour,TIME,21,28
uc1.32106012002603,139,10,0,Pauline,PERSON,27,34
uc1.32106012002603,139,12,0,Otis,PERSON,79,83
uc1.32106012002603,139,13,0,Cecil Pendergrass,PERSON,31,48
uc1.32106012002603,139,14,0,the Hotel Theresa,ORG,20,37
uc1.32106012002603,139,14,1,125th Street,FAC,41,53
uc1.32106012002603,139,17,0,Pendergrass,PERSON,0,11
uc1.32106012002603,139,18,0,one,CARDINAL,33,36
uc1.32106012002603,139,19,0,two,CARDINAL,21,24
uc1.32106012002603,139,25,0,Melvin Ellington,PERSON,1,17
uc1.32106012002603,140,10,0,Malcolm,PERSON,153,160
uc1.32106012002603,140,10,1,Rap,PERSON,164,167
uc1.32106012002603,140,10,2,Huey,PERSON,171,175
uc1.32106012002603,140,15,0,America,GPE,84,91
uc1.32106012002603,140,15,1,American,NORP,157,165
uc1.32106012002603,141,4,0,American,NORP,58,66
uc1.32106012002603,141,4,1,the whole five years,DATE,119,139
uc1.32106012002603,141,12,0,Martin Luther King,PERSON,14,32
uc1.32106012002603,141,17,0,Americans,NORP,128,137
uc1.32106012002603,141,18,0,America,GPE,42,49
uc1.32106012002603,141,20,0,Harlem,GPE,37,43
uc1.32106012002603,142,0,0,City Hall,FAC,26,35
uc1.32106012002603,142,2,0,the City of New York,GPE,84,104
uc1.32106012002603,142,3,0,Lindsay,PERSON,131,138
uc1.32106012002603,142,3,1,Harlem,GPE,150,156
uc1.32106012002603,142,5,0,City Hall,ORG,74,83
uc1.32106012002603,142,8,0,thirty days,DATE,8,19
uc1.32106012002603,142,11,0,one,CARDINAL,106,109
uc1.32106012002603,142,11,1,American,NORP,142,150
uc1.32106012002603,142,13,0,three,CARDINAL,47,52
uc1.32106012002603,142,14,0,Bobby Seale,PERSON,141,152
uc1.32106012002603,143,8,0,Cecil Pendergrass',PERSON,133,151
uc1.32106012002603,144,0,0,San Juan Hill,LOC,7,20
uc1.32106012002603,144,0,1,Tenth,LOC,29,34
uc1.32106012002603,144,0,2,America,GPE,132,139
uc1.32106012002603,144,0,3,over thirty years,DATE,144,161
uc1.32106012002603,144,1,0,about three,TIME,21,32
uc1.32106012002603,144,1,1,Otis,PERSON,72,76
uc1.32106012002603,144,2,0,one,CARDINAL,15,18
uc1.32106012002603,144,7,0,a couple of hours,TIME,12,29
uc1.32106012002603,144,10,0,Conelrad,PRODUCT,38,46
uc1.32106012002603,144,12,0,hundreds of feet,QUANTITY,9,25
uc1.32106012002603,144,15,0,seven,CARDINAL,23,28
uc1.32106012002603,145,3,0,Westerns,WORK_OF_ART,5,13
uc1.32106012002603,145,3,1,two,CARDINAL,45,48
uc1.32106012002603,145,7,0,one,CARDINAL,13,16
uc1.32106012002603,145,8,0,Paul Muni,PERSON,0,9
uc1.32106012002603,145,8,1,I Am a Fugitive from a Chain Gang,WORK_OF_ART,35,68
uc1.32106012002603,145,9,0,Muni,PERSON,4,8
uc1.32106012002603,145,10,0,Martha Vickers,PERSON,0,14
uc1.32106012002603,145,10,1,The Big Sleep,WORK_OF_ART,18,31
uc1.32106012002603,145,10,2,Humphrey Bogart,PERSON,46,61
uc1.32106012002603,145,10,3,first,ORDINAL,87,92
uc1.32106012002603,145,11,0,Bogart,PERSON,4,10
uc1.32106012002603,145,12,0,Gloria Swanson,PERSON,0,14
uc1.32106012002603,145,12,1,Sunset Boulevard,FAC,29,45
uc1.32106012002603,145,13,0,Spencer Tracy,PERSON,0,13
uc1.32106012002603,145,13,1,Stanley,PERSON,17,24
uc1.32106012002603,145,13,2,Livingstone,PERSON,41,52
uc1.32106012002603,145,13,3,Stanley,PERSON,56,63
uc1.32106012002603,145,13,4,Livingstone,PERSON,68,79
uc1.32106012002603,145,13,5,East African,NORP,93,105
uc1.32106012002603,145,14,0,Livingstone,PERSON,28,39
uc1.32106012002603,145,15,0,Stanley,PERSON,5,12
uc1.32106012002603,145,15,1,one,CARDINAL,29,32
uc1.32106012002603,145,16,0,John Wayne,PERSON,12,22
uc1.32106012002603,145,16,1,Otis,PERSON,33,37
uc1.32106012002603,145,17,0,1939,DATE,45,49
uc1.32106012002603,145,17,1,Stagecoach,ORG,63,73
uc1.32106012002603,146,0,0,138,CARDINAL,0,3
uc1.32106012002603,146,0,1,They Were Expendable,WORK_OF_ART,11,31
uc1.32106012002603,146,0,2,The Fighting Seabees,WORK_OF_ART,33,53
uc1.32106012002603,146,0,3,Back to Bataan,WORK_OF_ART,55,69
uc1.32106012002603,146,0,4,Sands of Iwo Jima,WORK_OF_ART,75,92
uc1.32106012002603,146,2,0,Otis,PERSON,5,9
uc1.32106012002603,146,5,0,Nam,GPE,28,31
uc1.32106012002603,146,5,1,Ben Suc,GPE,62,69
uc1.32106012002603,146,8,0,Ben Suc,GPE,31,38
uc1.32106012002603,146,10,0,Ben Suc,GPE,56,63
uc1.32106012002603,146,12,0,Nam,GPE,61,64
uc1.32106012002603,146,13,0,A Walk in the Sun,WORK_OF_ART,13,30
uc1.32106012002603,146,18,0,Nam,GPE,29,32
uc1.32106012002603,146,20,0,Sands of Iwo Jima,WORK_OF_ART,24,41
uc1.32106012002603,146,23,0,Jap,NORP,10,13
uc1.32106012002603,146,27,0,Ira Hayes,PERSON,0,9
uc1.32106012002603,147,0,0,Otis,PERSON,5,9
uc1.32106012002603,147,1,0,John Wayne,PERSON,15,25
uc1.32106012002603,147,2,0,Jap,PERSON,10,13
uc1.32106012002603,147,3,0,Duke,PERSON,25,29
uc1.32106012002603,147,7,0,Stryker,PERSON,76,83
uc1.32106012002603,147,8,0,John Agar,PERSON,6,15
uc1.32106012002603,147,8,1,Jap,PERSON,43,46
uc1.32106012002603,147,9,0,Japanese,NORP,25,33
uc1.32106012002603,147,9,1,rupture-One Ball Hung Lo,PRODUCT,34,58
uc1.32106012002603,147,10,0,Otis,PERSON,1,5
uc1.32106012002603,147,11,0,John Agar,PERSON,31,40
uc1.32106012002603,147,13,0,Marines,NORP,15,22
uc1.32106012002603,147,14,0,The Longest Day,WORK_OF_ART,33,48
uc1.32106012002603,147,14,1,Normandy,GPE,60,68
uc1.32106012002603,147,14,2,Omaha Beach,GPE,119,130
uc1.32106012002603,147,15,0,Robert Mitchum,PERSON,5,19
uc1.32106012002603,147,15,1,only two,CARDINAL,48,56
uc1.32106012002603,147,17,0,Otis,PERSON,1,5
uc1.32106012002603,147,28,0,Otis,PERSON,18,22
uc1.32106012002603,148,0,0,140,CARDINAL,0,3
uc1.32106012002603,148,0,1,Tenth Avenue,FAC,91,103
uc1.32106012002603,148,2,0,two,CARDINAL,16,19
uc1.32106012002603,148,2,1,one,CARDINAL,61,64
uc1.32106012002603,148,3,0,two,CARDINAL,79,82
uc1.32106012002603,148,6,0,One,CARDINAL,0,3
uc1.32106012002603,148,6,1,a few feet,QUANTITY,16,26
uc1.32106012002603,148,8,0,one,CARDINAL,31,34
uc1.32106012002603,148,9,0,Otis,PERSON,33,37
uc1.32106012002603,148,10,0,third,ORDINAL,16,21
uc1.32106012002603,148,14,0,Otis,PERSON,18,22
uc1.32106012002603,148,20,0,first,ORDINAL,14,19
uc1.32106012002603,148,20,1,two,CARDINAL,31,34
uc1.32106012002603,149,0,0,141,CARDINAL,0,3
uc1.32106012002603,149,6,0,two,CARDINAL,33,36
uc1.32106012002603,149,8,0,all night,TIME,25,34
uc1.32106012002603,149,9,0,two,CARDINAL,4,7
uc1.32106012002603,149,12,0,Otis,PERSON,0,4
uc1.32106012002603,149,15,0,Mantan Moreland,PERSON,36,51
uc1.32106012002603,149,15,1,Birmingham Brown,PERSON,85,101
uc1.32106012002603,149,15,2,Charlie Chan,PERSON,120,132
uc1.32106012002603,149,16,0,Birmingham,PERSON,14,24
uc1.32106012002603,149,17,0,Birmingham,PERSON,62,72
uc1.32106012002603,149,18,0,From the Back of the Bus to the Driver's Seat,WORK_OF_ART,20,65
uc1.32106012002603,149,18,1,the Deep South,LOC,84,98
uc1.32106012002603,149,19,0,Charlie Chan,PERSON,0,12
uc1.32106012002603,149,19,1,Birmingham,PERSON,17,27
uc1.32106012002603,149,19,2,two,CARDINAL,59,62
uc1.32106012002603,149,19,3,Plessy,PERSON,75,81
uc1.32106012002603,149,19,4,Ferguson,PERSON,86,94
uc1.32106012002603,149,19,5,Separate but Equal Unlimited,ORG,151,179
uc1.32106012002603,149,20,0,Plessy,PERSON,1,7
uc1.32106012002603,149,20,1,Ferguson,PERSON,12,20
uc1.32106012002603,149,20,2,Birmingham,GPE,95,105
uc1.32106012002603,149,20,3,second,ORDINAL,274,280
uc1.32106012002603,150,1,0,Birmingham,PERSON,42,52
uc1.32106012002603,150,1,1,the Limousine and Rickshaw Union,ORG,72,104
uc1.32106012002603,150,2,0,Birmingham,PERSON,56,66
uc1.32106012002603,150,2,1,Booker T. Washington,PERSON,133,153
uc1.32106012002603,150,3,0,One,CARDINAL,0,3
uc1.32106012002603,150,3,1,one,CARDINAL,56,59
uc1.32106012002603,150,3,2,Separate but Equal Unlimited,WORK_OF_ART,104,132
uc1.32106012002603,150,4,0,Plessy,PERSON,46,52
uc1.32106012002603,150,5,0,Plessy,PERSON,9,15
uc1.32106012002603,150,5,1,Ferguson,PERSON,37,45
uc1.32106012002603,150,5,2,Charlie Chan,PERSON,73,85
uc1.32106012002603,150,6,0,Charlie Chan's,PERSON,3,17
uc1.32106012002603,150,6,1,Birmingham,GPE,32,42
uc1.32106012002603,150,6,2,Separate but Equal Unlimited,WORK_OF_ART,79,107
uc1.32106012002603,150,7,0,Birmingham Brown,PERSON,33,49
uc1.32106012002603,150,10,0,two,CARDINAL,4,7
uc1.32106012002603,150,13,0,Otis,PERSON,8,12
uc1.32106012002603,151,1,0,Wells',ORG,15,21
uc1.32106012002603,151,1,1,dawn,TIME,29,33
uc1.32106012002603,151,2,0,Alice,PERSON,10,15
uc1.32106012002603,151,2,1,over an hour,TIME,52,64
uc1.32106012002603,151,3,0,Wells',ORG,0,6
uc1.32106012002603,151,3,1,Friday,DATE,88,94
uc1.32106012002603,151,3,2,night,TIME,95,100
uc1.32106012002603,151,4,0,Alice,PERSON,0,5
uc1.32106012002603,151,4,1,Pauline,PERSON,10,17
uc1.32106012002603,151,5,0,two,CARDINAL,29,32
uc1.32106012002603,151,5,1,Pauline,PERSON,38,45
uc1.32106012002603,151,6,0,Alice,PERSON,0,5
uc1.32106012002603,151,6,1,Otis,PERSON,27,31
uc1.32106012002603,151,7,0,Alice,PERSON,28,33
uc1.32106012002603,151,9,0,Alice,PERSON,112,117
uc1.32106012002603,151,10,0,Otis,PERSON,42,46
uc1.32106012002603,152,3,0,Otis,PERSON,12,16
uc1.32106012002603,152,14,0,Slick Swanson,PERSON,21,34
uc1.32106012002603,152,17,0,Otis,PERSON,21,25
uc1.32106012002603,152,22,0,Otis,PERSON,19,23
uc1.32106012002603,152,22,1,Slick Swanson,PERSON,74,87
uc1.32106012002603,153,5,0,Otis,PERSON,24,28
uc1.32106012002603,153,6,0,Otis,PERSON,12,16
uc1.32106012002603,153,8,0,Otis,PERSON,16,20
uc1.32106012002603,153,16,0,Otis,PERSON,12,16
uc1.32106012002603,153,16,1,Wells,PERSON,48,53
uc1.32106012002603,153,20,0,Otis,PERSON,69,73
uc1.32106012002603,153,22,0,Otis,PERSON,0,4
uc1.32106012002603,154,0,0,146,CARDINAL,0,3
uc1.32106012002603,155,11,0,Otis,GPE,59,63
uc1.32106012002603,155,11,1,two,CARDINAL,88,91
uc1.32106012002603,155,13,0,two,CARDINAL,66,69
uc1.32106012002603,156,8,0,Just a minute,TIME,1,14
uc1.32106012002603,156,8,1,Melvin,PERSON,16,22
uc1.32106012002603,156,12,0,Melvin,PERSON,19,25
uc1.32106012002603,156,16,0,Melvin,PERSON,5,11
uc1.32106012002603,157,0,0,Melvin,PERSON,22,28
uc1.32106012002603,157,2,0,Brooklyn Dodger,ORG,130,145
uc1.32106012002603,157,3,0,Cotton,PERSON,12,18
uc1.32106012002603,157,4,0,Miz Cotton,PERSON,1,11
uc1.32106012002603,157,5,0,Melvin,PERSON,20,26
uc1.32106012002603,157,7,0,Cotton,PERSON,62,68
uc1.32106012002603,157,12,0,seconds,TIME,7,14
uc1.32106012002603,157,14,0,About eight,CARDINAL,0,11
uc1.32106012002603,157,21,0,Nelly,PERSON,22,27
uc1.32106012002603,157,30,0,Melvin,PERSON,31,37
uc1.32106012002603,158,3,0,Doc Holliday,PERSON,4,16
uc1.32106012002603,158,4,0,Melvin,PERSON,7,13
uc1.32106012002603,158,11,0,Doc Holliday,PERSON,38,50
uc1.32106012002603,158,12,0,Melvin,PERSON,27,33
uc1.32106012002603,158,12,1,John Wayne,PERSON,56,66
uc1.32106012002603,158,22,0,one,CARDINAL,10,13
uc1.32106012002603,159,2,0,Doc Holliday,PERSON,41,53
uc1.32106012002603,159,3,0,three years,DATE,60,71
uc1.32106012002603,159,5,0,two,CARDINAL,82,85
uc1.32106012002603,159,10,0,Two,CARDINAL,0,3
uc1.32106012002603,159,11,0,One,CARDINAL,0,3
uc1.32106012002603,159,11,1,Otis,PERSON,16,20
uc1.32106012002603,159,19,0,Otis,PERSON,8,12
uc1.32106012002603,159,20,0,two,CARDINAL,14,17
uc1.32106012002603,159,21,0,Chilly,PERSON,0,6
uc1.32106012002603,160,2,0,Chilly,PERSON,43,49
uc1.32106012002603,160,9,0,Chilly,PERSON,3,9
uc1.32106012002603,160,18,0,Sonny Liston,PERSON,36,48
uc1.32106012002603,160,19,0,Ellington,PERSON,21,30
uc1.32106012002603,161,8,0,Timex,PRODUCT,58,63
uc1.32106012002603,161,14,0,first,ORDINAL,54,59
uc1.32106012002603,161,18,0,hundreds,CARDINAL,11,19
uc1.32106012002603,162,7,0,KoolAid,PRODUCT,33,40
uc1.32106012002603,162,9,0,Chinese,NORP,11,18
uc1.32106012002603,162,9,1,thirty-six,CARDINAL,35,45
uc1.32106012002603,162,10,0,first,ORDINAL,36,41
uc1.32106012002603,162,11,0,first,ORDINAL,23,28
uc1.32106012002603,162,17,0,Debra,PERSON,10,15
uc1.32106012002603,162,17,1,Alice,PERSON,17,22
uc1.32106012002603,162,17,2,Pauline,PERSON,24,31
uc1.32106012002603,162,17,3,Otis,PERSON,33,37
uc1.32106012002603,162,17,4,Chilly,PERSON,43,49
uc1.32106012002603,162,20,0,Melvin,PERSON,25,31
uc1.32106012002603,163,3,0,today,DATE,196,201
uc1.32106012002603,163,14,0,a minute,TIME,6,14
uc1.32106012002603,163,17,0,one,CARDINAL,27,30
uc1.32106012002603,164,3,0,Chilly,PERSON,7,13
uc1.32106012002603,164,20,0,Melvin,PERSON,1,7
uc1.32106012002603,164,22,0,Hardknocks,WORK_OF_ART,9,19
uc1.32106012002603,164,26,0,Chilly,PERSON,4,10
uc1.32106012002603,164,28,0,Chilly,PERSON,9,15
uc1.32106012002603,165,11,0,Melvin,PERSON,24,30
uc1.32106012002603,167,4,0,Harlem Hospital,ORG,33,48
uc1.32106012002603,167,13,0,over an hour,TIME,18,30
uc1.32106012002603,167,15,0,Blue,PERSON,12,16
uc1.32106012002603,167,16,0,Otis,PERSON,9,13
uc1.32106012002603,168,8,0,one night,TIME,30,39
uc1.32106012002603,168,15,0,every weekend,DATE,68,81
uc1.32106012002603,168,30,0,Otis,PERSON,16,20
uc1.32106012002603,169,5,0,Blue,PERSON,19,23
uc1.32106012002603,169,16,0,Ellington,PERSON,6,15
uc1.32106012002603,169,16,1,yesterday,DATE,88,97
uc1.32106012002603,169,19,0,Alice,PERSON,39,44
uc1.32106012002603,169,22,0,your first day,DATE,63,77
uc1.32106012002603,169,31,0,Melvin,PERSON,13,19
uc1.32106012002603,170,6,0,Otis,PERSON,13,17
uc1.32106012002603,170,9,0,last night,TIME,49,59
uc1.32106012002603,170,17,0,a minute,TIME,25,33
uc1.32106012002603,170,23,0,Every weekend,DATE,0,13
uc1.32106012002603,170,30,0,Miles Davis,PERSON,7,18
uc1.32106012002603,170,30,1,So What,WORK_OF_ART,32,39
uc1.32106012002603,171,0,0,163,CARDINAL,0,3
uc1.32106012002603,171,6,0,Miles,PERSON,192,197
uc1.32106012002603,171,7,0,Miles,PERSON,4,9
uc1.32106012002603,171,8,0,Miles,PERSON,0,5
uc1.32106012002603,171,10,0,Miles,PERSON,0,5
uc1.32106012002603,171,14,0,Miles,PERSON,0,5
uc1.32106012002603,171,16,0,dozens,CARDINAL,48,54
uc1.32106012002603,173,0,0,Blue,PERSON,26,30
uc1.32106012002603,173,2,0,Alice,PERSON,33,38
uc1.32106012002603,173,2,1,Pauline,PERSON,40,47
uc1.32106012002603,173,2,2,Debra,PERSON,85,90
uc1.32106012002603,173,3,0,So What,WORK_OF_ART,52,59
uc1.32106012002603,173,4,0,Otis,PERSON,41,45
uc1.32106012002603,173,5,0,Alice,PERSON,6,11
uc1.32106012002603,173,5,1,the wee hours,TIME,40,53
uc1.32106012002603,173,6,0,Pauline,PERSON,6,13
uc1.32106012002603,173,7,0,Debra,PERSON,6,11
uc1.32106012002603,173,8,0,Blue,PERSON,11,15
uc1.32106012002603,174,1,0,a week later,DATE,35,47
uc1.32106012002603,174,1,1,Alice,PERSON,74,79
uc1.32106012002603,174,2,0,Otis,PERSON,130,134
uc1.32106012002603,174,2,1,earlier in the day,TIME,160,178
uc1.32106012002603,174,3,0,Otis,PERSON,40,44
uc1.32106012002603,174,9,0,Melvin,PERSON,14,20
uc1.32106012002603,174,10,0,Otis,PERSON,0,4
uc1.32106012002603,175,0,0,Melvin,PERSON,4,10
uc1.32106012002603,175,19,0,Alice,PERSON,53,58
uc1.32106012002603,176,2,0,Alice,PERSON,71,76
uc1.32106012002603,176,18,0,Alice,PERSON,46,51
uc1.32106012002603,176,23,0,Alice,PERSON,113,118
uc1.32106012002603,176,24,0,Melvin,PERSON,1,7
uc1.32106012002603,177,8,0,Melvin,PERSON,12,18
uc1.32106012002603,177,11,0,the last week,DATE,34,47
uc1.32106012002603,177,11,1,Alice,PERSON,92,97
uc1.32106012002603,177,18,0,Alice,PERSON,9,14
uc1.32106012002603,178,0,0,"THE UNIVERSITY LIBRARY UNIVERSITY OF CALIFORNIA,",ORG,0,48
uc1.32106012002603,178,0,1,SANTA CRUZ,GPE,49,59
uc1.32106012002603,178,2,0,459-2756,CARDINAL,24,32
uc1.32106012002603,178,3,0,14 days,DATE,37,44
uc1.32106012002603,178,4,0,DEC 13'96 DEC 22 1996,DATE,0,21
uc1.32106012002603,179,0,0,SANTA CRUZ,GPE,26,36
uc1.32106012002603,180,1,0,Tragic Magic,WORK_OF_ART,12,24
uc1.32106012002603,180,1,1,Wesley Brown,PERSON,26,38
uc1.32106012002603,180,2,0,Melvin Ellington,PERSON,14,30
uc1.32106012002603,180,2,1,Duke Ellington,PERSON,104,118
uc1.32106012002603,180,2,2,Charlie Parker,PERSON,120,134
uc1.32106012002603,180,2,3,Ella Fitzgerald,PERSON,136,151
uc1.32106012002603,180,5,0,Lorraine Louie,PERSON,10,24
uc1.32106012002603,180,5,1,THE ECCO PRESS,ORG,25,39
uc1.32106012002603,180,5,2,Hopewell,GPE,62,70
uc1.32106012002603,180,5,3,NJ,GPE,72,74
uc1.32106012002603,180,6,0,"W.W. Norton & Company, Inc.",ORG,15,42
uc1.32106012002603,180,6,1,New York,GPE,61,69
uc1.32106012002603,180,6,2,NY,GPE,71,73
uc1.32106012002603,180,6,3,13.00,MONEY,81,86
uc1.32106012002603,180,6,4,Canada,GPE,87,93
uc1.32106012002603,180,6,5,17.50,MONEY,95,100
uc1.32106012002603,180,6,6,THE DARK TOWER SERIES,WORK_OF_ART,125,146
