vol_id,page,sentence_id,ent_id,entity,entity_type,start_char,end_char
uc1.b3457590,7,0,0,Many Thousand,CARDINAL,0,13
uc1.b3457590,9,0,0,American,NORP,22,30
uc1.b3457590,9,0,1,RONALD L. FAIR,PERSON,40,54
uc1.b3457590,9,0,2,"Harcourt, Brace & World, Inc.",ORG,58,87
uc1.b3457590,9,0,3,New York,GPE,88,96
uc1.b3457590,10,0,0,1965,DATE,17,21
uc1.b3457590,10,0,1,Ronald L. Fair,PERSON,25,39
uc1.b3457590,10,3,0,Library of Congress,ORG,7,26
uc1.b3457590,10,3,1,65-11987,CARDINAL,48,56
uc1.b3457590,10,3,2,the United States of America,GPE,68,96
uc1.b3457590,11,0,0,Robert H. Ingalls,PERSON,40,57
uc1.b3457590,11,0,1,Alex Wilson,PERSON,68,79
uc1.b3457590,11,0,2,Jewel Coleman,PERSON,86,99
uc1.b3457590,11,0,3,Edwin G. Schwenn,PERSON,101,117
uc1.b3457590,11,0,4,Lucy,PERSON,134,138
uc1.b3457590,13,0,0,Many thousand,CARDINAL,78,91
uc1.b3457590,13,2,0,Many thousand,CARDINAL,29,42
uc1.b3457590,13,4,0,Many thousand,CARDINAL,0,13
uc1.b3457590,15,0,0,One,CARDINAL,5,8
uc1.b3457590,16,0,0,3,CARDINAL,0,1
uc1.b3457590,17,0,0,One,CARDINAL,0,3
uc1.b3457590,17,0,1,the County of Jacobs,GPE,38,58
uc1.b3457590,17,0,2,Mississippi,GPE,75,86
uc1.b3457590,17,1,0,Samuel Jacobs,PERSON,22,35
uc1.b3457590,17,1,1,Natchez,GPE,73,80
uc1.b3457590,17,1,2,Mississippi,GPE,82,93
uc1.b3457590,17,1,3,one hundred thousand dollars,MONEY,258,286
uc1.b3457590,17,3,0,3,CARDINAL,0,1
uc1.b3457590,18,0,0,tenyear-old,DATE,44,55
uc1.b3457590,18,1,0,Jacobs,PERSON,4,10
uc1.b3457590,18,2,0,Jacobs,PERSON,107,113
uc1.b3457590,18,2,1,ten thousand dollars,MONEY,119,139
uc1.b3457590,18,3,0,Jacobs,PERSON,31,37
uc1.b3457590,18,5,0,1832,DATE,92,96
uc1.b3457590,18,5,1,Jacobs,PERSON,102,108
uc1.b3457590,18,6,0,two,CARDINAL,17,20
uc1.b3457590,18,6,1,one,CARDINAL,31,34
uc1.b3457590,18,6,2,Indians,NORP,52,59
uc1.b3457590,18,6,3,Negroes,NORP,139,146
uc1.b3457590,18,6,4,Indians,NORP,201,208
uc1.b3457590,18,7,0,Negroes,NORP,14,21
uc1.b3457590,18,7,1,Indians,NORP,41,48
uc1.b3457590,18,7,2,years,DATE,53,58
uc1.b3457590,18,8,0,Negroes,NORP,11,18
uc1.b3457590,18,8,1,Indians,NORP,84,91
uc1.b3457590,18,9,0,Jacobs,PERSON,4,10
uc1.b3457590,18,9,1,one-hundred-per-cent,CARDINAL,44,64
uc1.b3457590,18,10,0,half 4,CARDINAL,16,22
uc1.b3457590,19,0,0,Indian,NORP,0,6
uc1.b3457590,19,1,0,1835,DATE,3,7
uc1.b3457590,19,1,1,Chickasaws,NORP,24,34
uc1.b3457590,19,1,2,Jacobs,PERSON,58,64
uc1.b3457590,19,1,3,Indians,NORP,214,221
uc1.b3457590,19,2,0,Jacob's Section,LOC,45,60
uc1.b3457590,19,3,0,Jacobs,PERSON,4,10
uc1.b3457590,19,6,0,1836,DATE,3,7
uc1.b3457590,19,6,1,the State of Mississippi,GPE,8,32
uc1.b3457590,19,6,2,Jacobs,PERSON,50,56
uc1.b3457590,19,6,3,Mississippi,GPE,99,110
uc1.b3457590,19,7,0,Jacobsville,GPE,24,35
uc1.b3457590,19,7,1,Jacobs,PERSON,79,85
uc1.b3457590,19,7,2,the Civil War,EVENT,123,136
uc1.b3457590,19,8,0,The Civil War years,DATE,0,19
uc1.b3457590,19,8,1,Jacobs County,GPE,33,46
uc1.b3457590,19,10,0,Jacobs,PERSON,4,10
uc1.b3457590,19,10,1,Sam,PERSON,73,76
uc1.b3457590,19,11,0,Yankee,NORP,27,33
uc1.b3457590,19,11,1,Jacobs County,GPE,71,84
uc1.b3457590,19,11,2,one,CARDINAL,187,190
uc1.b3457590,20,0,0,Negroes,NORP,42,49
uc1.b3457590,20,0,1,Jacobs,PERSON,126,132
uc1.b3457590,20,0,2,fifty,CARDINAL,149,154
uc1.b3457590,20,0,3,day,DATE,191,194
uc1.b3457590,20,1,0,Negroes,NORP,13,20
uc1.b3457590,20,2,0,Mississippi,GPE,17,28
uc1.b3457590,20,2,1,Negro,NORP,127,132
uc1.b3457590,20,3,0,Jacobs County,GPE,8,21
uc1.b3457590,20,4,0,Samuel Jacobs,PERSON,4,17
uc1.b3457590,20,4,1,1892,DATE,32,36
uc1.b3457590,20,4,2,the age of eighty,DATE,40,57
uc1.b3457590,20,4,3,"Sam, Jr.",PERSON,63,71
uc1.b3457590,20,5,0,1920,DATE,3,7
uc1.b3457590,20,5,1,fewer than a dozen,CARDINAL,9,27
uc1.b3457590,20,5,2,Negroes,NORP,28,35
uc1.b3457590,20,5,3,the Civil War,EVENT,66,79
uc1.b3457590,20,8,0,one,CARDINAL,28,31
uc1.b3457590,20,8,1,three,CARDINAL,44,49
uc1.b3457590,20,8,2,Jacobs County,GPE,84,97
uc1.b3457590,21,0,0,Two,CARDINAL,0,3
uc1.b3457590,21,0,1,GRANNY Jacobs,PERSON,20,33
uc1.b3457590,21,0,2,Jacobsville,GPE,68,79
uc1.b3457590,21,2,0,Granny,PERSON,37,43
uc1.b3457590,22,3,0,half,CARDINAL,37,41
uc1.b3457590,22,3,1,Jacobs County,GPE,62,75
uc1.b3457590,22,3,2,Granny Jacobs,PERSON,124,137
uc1.b3457590,22,5,0,Jesse,PERSON,12,17
uc1.b3457590,22,7,0,a quarter of a mile,QUANTITY,106,125
uc1.b3457590,22,7,1,Go Tell It on the Mountain,WORK_OF_ART,158,184
uc1.b3457590,22,7,2,Rock My Soul in the Bosom of Abraham,WORK_OF_ART,190,226
uc1.b3457590,22,7,3,"Swing Low, Sweet Chariot",WORK_OF_ART,232,256
uc1.b3457590,22,8,0,Six days,DATE,0,8
uc1.b3457590,22,9,0,the seventh day,DATE,3,18
uc1.b3457590,22,9,1,the Mt. Zion Baptist Church,ORG,99,126
uc1.b3457590,22,10,0,six days,DATE,15,23
uc1.b3457590,23,0,0,enth,ORDINAL,0,4
uc1.b3457590,23,0,1,Jesse,PERSON,38,43
uc1.b3457590,23,1,0,Granny,PERSON,17,23
uc1.b3457590,23,1,1,sundown,TIME,83,90
uc1.b3457590,23,2,0,Jacobs,PERSON,79,85
uc1.b3457590,23,2,1,Jacobs,PERSON,107,113
uc1.b3457590,23,3,0,the summer,DATE,77,87
uc1.b3457590,23,3,1,Granny,PERSON,95,101
uc1.b3457590,23,3,2,Jesse,PERSON,107,112
uc1.b3457590,23,3,3,first,ORDINAL,168,173
uc1.b3457590,23,3,4,twenty years,DATE,191,203
uc1.b3457590,23,4,0,Granny,PERSON,14,20
uc1.b3457590,23,4,1,Sunday,DATE,86,92
uc1.b3457590,23,4,2,mornings,TIME,93,101
uc1.b3457590,23,5,0,Lawd,PERSON,1,5
uc1.b3457590,23,6,0,winter,DATE,138,144
uc1.b3457590,23,7,0,The House of God,FAC,0,16
uc1.b3457590,23,7,1,Harris,PERSON,64,70
uc1.b3457590,23,7,2,Granny,PERSON,131,137
uc1.b3457590,23,8,0,Granny,PERSON,40,46
uc1.b3457590,23,8,1,one,CARDINAL,122,125
uc1.b3457590,24,0,0,Jesse,PERSON,20,25
uc1.b3457590,24,0,1,Bible,WORK_OF_ART,139,144
uc1.b3457590,24,1,0,Monday,DATE,0,6
uc1.b3457590,24,1,1,morning,TIME,7,14
uc1.b3457590,24,1,2,Sunday,DATE,79,85
uc1.b3457590,25,0,0,Three,CARDINAL,0,5
uc1.b3457590,25,0,1,JACOBS County,GPE,24,37
uc1.b3457590,25,3,0,the years,DATE,55,64
uc1.b3457590,25,3,1,11,CARDINAL,140,142
uc1.b3457590,26,0,0,first,ORDINAL,26,31
uc1.b3457590,26,0,1,Negro,NORP,57,62
uc1.b3457590,26,2,0,the hot summer months,DATE,82,103
uc1.b3457590,26,4,0,days,DATE,144,148
uc1.b3457590,26,5,0,Jacobsville,GPE,24,35
uc1.b3457590,26,5,1,Bessie James,PERSON,84,96
uc1.b3457590,26,5,2,Lula Ferguson,PERSON,101,114
uc1.b3457590,26,5,3,Negroes,NORP,130,137
uc1.b3457590,26,6,0,Bessie,PERSON,0,6
uc1.b3457590,26,6,1,Lula,PERSON,11,15
uc1.b3457590,26,7,0,Negroes,NORP,39,46
uc1.b3457590,26,7,1,Bessie James,PERSON,93,105
uc1.b3457590,26,7,2,Lula Ferguson,PERSON,110,123
uc1.b3457590,27,1,0,Bessie,PERSON,150,156
uc1.b3457590,27,1,1,Lula,PERSON,161,165
uc1.b3457590,27,2,0,Lula,PERSON,0,4
uc1.b3457590,27,3,0,Negro,NORP,31,36
uc1.b3457590,27,4,0,one,CARDINAL,12,15
uc1.b3457590,27,7,0,Bessie,PERSON,2,8
uc1.b3457590,27,8,0,first,ORDINAL,14,19
uc1.b3457590,27,8,1,Jacobs,PERSON,129,135
uc1.b3457590,27,9,0,the year,DATE,20,28
uc1.b3457590,27,9,1,Bessie,PERSON,29,35
uc1.b3457590,27,9,2,13,DATE,43,45
uc1.b3457590,28,0,0,twelve,DATE,0,6
uc1.b3457590,28,1,0,Jacobsville,GPE,77,88
uc1.b3457590,28,2,0,Bessie,PERSON,0,6
uc1.b3457590,28,2,1,Clay Jenkins,PERSON,69,81
uc1.b3457590,28,2,2,sixteen,DATE,110,117
uc1.b3457590,28,3,0,Five,CARDINAL,0,4
uc1.b3457590,28,3,1,Jacobsville,GPE,54,65
uc1.b3457590,28,3,2,one,CARDINAL,131,134
uc1.b3457590,28,4,0,one,CARDINAL,3,6
uc1.b3457590,28,11,0,One,CARDINAL,0,3
uc1.b3457590,28,14,0,Bessie,PERSON,38,44
uc1.b3457590,28,14,1,Clay,PERSON,49,53
uc1.b3457590,28,14,2,Bessie,PERSON,138,144
uc1.b3457590,28,15,0,Clay,PERSON,11,15
uc1.b3457590,28,15,1,Bessie,PERSON,20,26
uc1.b3457590,28,15,2,14,CARDINAL,90,92
uc1.b3457590,29,0,0,Clay,PERSON,0,4
uc1.b3457590,29,0,1,Bessie,PERSON,35,41
uc1.b3457590,29,1,0,Bessie,PERSON,6,12
uc1.b3457590,29,8,0,One,CARDINAL,0,3
uc1.b3457590,29,8,1,Clay,PERSON,33,37
uc1.b3457590,29,8,2,Bessie,PERSON,56,62
uc1.b3457590,29,9,0,Clay,PERSON,0,4
uc1.b3457590,29,9,1,one,CARDINAL,76,79
uc1.b3457590,29,10,0,Bessie,PERSON,57,63
uc1.b3457590,29,11,0,first,ORDINAL,11,16
uc1.b3457590,29,12,0,second,ORDINAL,4,10
uc1.b3457590,29,12,1,Clay,PERSON,61,65
uc1.b3457590,29,13,0,third,ORDINAL,4,9
uc1.b3457590,29,14,0,Clay,PERSON,0,4
uc1.b3457590,29,14,1,only a few seconds,TIME,42,60
uc1.b3457590,29,15,0,Bessie,PERSON,17,23
uc1.b3457590,30,4,0,Negro,NORP,56,61
uc1.b3457590,30,9,0,three,CARDINAL,22,27
uc1.b3457590,30,13,0,Bessie,PERSON,20,26
uc1.b3457590,30,13,1,second,ORDINAL,57,63
uc1.b3457590,30,15,0,Clay,PERSON,4,8
uc1.b3457590,31,0,0,Clay,PERSON,0,4
uc1.b3457590,31,0,1,Negroes,NORP,49,56
uc1.b3457590,31,0,2,Jacobsville,GPE,60,71
uc1.b3457590,31,1,0,three,CARDINAL,18,23
uc1.b3457590,31,1,1,months,DATE,38,44
uc1.b3457590,31,2,0,Negroes,NORP,14,21
uc1.b3457590,31,2,1,the night,TIME,223,232
uc1.b3457590,31,2,2,Negroes,NORP,255,262
uc1.b3457590,31,3,0,Negroes,NORP,4,11
uc1.b3457590,31,3,1,Clay,PERSON,122,126
uc1.b3457590,31,6,0,Clay,PERSON,60,64
uc1.b3457590,31,8,0,Clay,PERSON,43,47
uc1.b3457590,31,9,0,one,CARDINAL,13,16
uc1.b3457590,31,10,0,Clay,PERSON,45,49
uc1.b3457590,31,10,1,Chicago,GPE,85,92
uc1.b3457590,31,11,0,the night,TIME,10,19
uc1.b3457590,31,11,1,Clay,PERSON,23,27
uc1.b3457590,31,11,2,Bessie,PERSON,42,48
uc1.b3457590,32,1,0,Lawd,PERSON,40,44
uc1.b3457590,32,3,0,first,ORDINAL,90,95
uc1.b3457590,32,4,0,Bessie,PERSON,0,6
uc1.b3457590,32,4,1,Lula,PERSON,11,15
uc1.b3457590,32,5,0,first,ORDINAL,29,34
uc1.b3457590,32,5,1,Granny Jacobs,PERSON,49,62
uc1.b3457590,32,5,2,first,ORDINAL,74,79
uc1.b3457590,32,5,3,Jesse Black,PERSON,116,127
uc1.b3457590,32,6,0,Granny,PERSON,0,6
uc1.b3457590,32,6,1,Bertha,PERSON,76,82
uc1.b3457590,32,7,0,Negro,NORP,23,28
uc1.b3457590,32,8,0,first,ORDINAL,95,100
uc1.b3457590,32,8,1,Jacobsville Negroes,NORP,139,158
uc1.b3457590,32,9,0,Granny,PERSON,30,36
uc1.b3457590,32,9,1,Bertha,PERSON,49,55
uc1.b3457590,33,3,0,Bertha,PERSON,0,6
uc1.b3457590,33,3,1,first,ORDINAL,20,25
uc1.b3457590,33,3,2,Negroes,NORP,110,117
uc1.b3457590,33,5,0,Bertha,PERSON,0,6
uc1.b3457590,33,5,1,Jesse Black,PERSON,26,37
uc1.b3457590,33,5,2,Jacobs,PERSON,60,66
uc1.b3457590,33,6,0,Jesse,PERSON,0,5
uc1.b3457590,33,6,1,eighteen years old,DATE,10,28
uc1.b3457590,33,6,2,Jacobs County,GPE,99,112
uc1.b3457590,33,7,0,Negroes,NORP,60,67
uc1.b3457590,33,7,1,Jesse,PERSON,72,77
uc1.b3457590,33,7,2,Bertha,PERSON,103,109
uc1.b3457590,33,9,0,Bertha,PERSON,1,7
uc1.b3457590,33,9,1,Jesse,PERSON,46,51
uc1.b3457590,33,11,0,Lawd,PERSON,122,126
uc1.b3457590,33,12,0,Jacobs County,GPE,85,98
uc1.b3457590,33,13,0,19,CARDINAL,40,42
uc1.b3457590,34,0,0,Granny,PERSON,7,13
uc1.b3457590,34,0,1,Bertha,PERSON,16,22
uc1.b3457590,34,0,2,Jesse,PERSON,59,64
uc1.b3457590,34,1,0,Granny Jacobs,PERSON,0,13
uc1.b3457590,34,4,0,two,CARDINAL,4,7
uc1.b3457590,34,5,0,Jesse,PERSON,35,40
uc1.b3457590,34,5,1,Bertha,PERSON,45,51
uc1.b3457590,34,5,2,a few moments',TIME,79,93
uc1.b3457590,34,5,3,Jesse,PERSON,125,130
uc1.b3457590,34,5,4,first,ORDINAL,157,162
uc1.b3457590,34,5,5,first,ORDINAL,217,222
uc1.b3457590,34,5,6,one-hundred-per-cent,CARDINAL,245,265
uc1.b3457590,34,5,7,Negro,NORP,266,271
uc1.b3457590,34,6,0,Jesse,PERSON,2,7
uc1.b3457590,34,7,0,Bertha,PERSON,96,102
uc1.b3457590,34,7,1,first,ORDINAL,144,149
uc1.b3457590,34,7,2,first,ORDINAL,181,186
uc1.b3457590,34,9,0,Jesse,PERSON,0,5
uc1.b3457590,34,9,1,Bertha,PERSON,10,16
uc1.b3457590,34,9,2,Jacobs County,GPE,62,75
uc1.b3457590,34,11,0,week,DATE,59,63
uc1.b3457590,34,11,1,Granny,PERSON,78,84
uc1.b3457590,34,12,0,Granny,PERSON,0,6
uc1.b3457590,34,12,1,Jesse,PERSON,52,57
uc1.b3457590,34,12,2,Bertha,PERSON,62,68
uc1.b3457590,34,13,0,Lawd,PERSON,74,78
uc1.b3457590,34,15,0,Jesse,PERSON,1,6
uc1.b3457590,34,15,1,20,CARDINAL,26,28
uc1.b3457590,35,2,0,Jesse,PERSON,14,19
uc1.b3457590,35,3,0,three,CARDINAL,13,18
uc1.b3457590,35,4,0,all summer,DATE,24,34
uc1.b3457590,35,5,0,Jesse,PERSON,0,5
uc1.b3457590,35,5,1,night,TIME,19,24
uc1.b3457590,35,5,2,the day,DATE,73,80
uc1.b3457590,35,6,0,Bertha,PERSON,7,13
uc1.b3457590,35,6,1,Jacobsville,GPE,80,91
uc1.b3457590,35,7,0,That September,DATE,0,14
uc1.b3457590,35,7,1,Bertha,PERSON,82,88
uc1.b3457590,35,7,2,Jesse,PERSON,98,103
uc1.b3457590,35,8,0,a joyous day,DATE,7,19
uc1.b3457590,35,8,1,Negroes,NORP,28,35
uc1.b3457590,35,8,2,Jacobsville,GPE,39,50
uc1.b3457590,35,8,3,Bertha,PERSON,111,117
uc1.b3457590,35,8,4,three months,DATE,122,134
uc1.b3457590,35,9,0,Jacobs,PERSON,7,13
uc1.b3457590,35,9,1,Bertha,PERSON,57,63
uc1.b3457590,35,10,0,Jesse,PERSON,4,9
uc1.b3457590,35,11,0,Bertha,PERSON,0,6
uc1.b3457590,35,12,0,twenty-four hours,TIME,103,120
uc1.b3457590,35,13,0,Jesse,PERSON,0,5
uc1.b3457590,35,13,1,one,CARDINAL,31,34
uc1.b3457590,35,13,2,Jacobs,PERSON,101,107
uc1.b3457590,35,14,0,Jacobs,PERSON,4,10
uc1.b3457590,35,14,1,Jesse,PERSON,67,72
uc1.b3457590,35,14,2,Bertha,PERSON,77,83
uc1.b3457590,36,1,0,Jesse,PERSON,12,17
uc1.b3457590,36,1,1,Jacobs,PERSON,32,38
uc1.b3457590,36,1,2,years,DATE,75,80
uc1.b3457590,36,2,0,Bertha,PERSON,0,6
uc1.b3457590,36,2,1,two months,DATE,12,22
uc1.b3457590,36,2,2,Jesse,PERSON,109,114
uc1.b3457590,36,5,0,Jesse,PERSON,0,5
uc1.b3457590,36,9,0,Jesse,PERSON,0,5
uc1.b3457590,36,11,0,Jesse,PERSON,0,5
uc1.b3457590,36,13,0,Jesse,PERSON,0,5
uc1.b3457590,36,13,1,Jacobsville,GPE,26,37
uc1.b3457590,36,14,0,Granny Jacobs,PERSON,73,86
uc1.b3457590,36,15,0,first,ORDINAL,32,37
uc1.b3457590,36,17,0,Chicago,GPE,42,49
uc1.b3457590,36,17,1,one,CARDINAL,56,59
uc1.b3457590,36,17,2,Harris,PERSON,103,109
uc1.b3457590,36,17,3,22,DATE,240,242
uc1.b3457590,37,0,0,Jacobs,PERSON,8,14
uc1.b3457590,37,2,0,Jesse,PERSON,0,5
uc1.b3457590,37,2,1,K.C.,PERSON,36,40
uc1.b3457590,37,3,0,three days,DATE,64,74
uc1.b3457590,37,3,1,K.C.,PERSON,102,106
uc1.b3457590,37,3,2,Jesse,PERSON,111,116
uc1.b3457590,37,3,3,Mississippi,GPE,131,142
uc1.b3457590,37,4,0,Two months later,DATE,0,16
uc1.b3457590,37,4,1,Harris,PERSON,26,32
uc1.b3457590,37,4,2,Michigan Avenue,FAC,117,132
uc1.b3457590,37,5,0,Hebbin,PERSON,46,52
uc1.b3457590,37,5,1,K.C.,PERSON,69,73
uc1.b3457590,37,5,2,Jesse,PERSON,78,83
uc1.b3457590,37,5,3,23,CARDINAL,108,110
uc1.b3457590,38,0,0,Four,CARDINAL,0,4
uc1.b3457590,38,1,0,Negro,NORP,101,106
uc1.b3457590,38,2,0,five,DATE,19,23
uc1.b3457590,38,3,0,six,DATE,12,15
uc1.b3457590,38,3,1,Jacobs,PERSON,20,26
uc1.b3457590,38,3,2,RANNY,GPE,72,77
uc1.b3457590,39,3,0,seven,TIME,3,8
uc1.b3457590,39,3,1,ten-year-old,DATE,56,68
uc1.b3457590,39,4,0,Jacobs,PERSON,4,10
uc1.b3457590,39,4,1,Granny,PERSON,23,29
uc1.b3457590,39,4,2,the age of,DATE,109,119
uc1.b3457590,39,4,3,eight,DATE,120,125
uc1.b3457590,39,4,4,Jesse,PERSON,133,138
uc1.b3457590,39,4,5,Jacobs,PERSON,166,172
uc1.b3457590,39,5,0,Jacobs,PERSON,9,15
uc1.b3457590,39,5,1,Jesse,PERSON,105,110
uc1.b3457590,39,5,2,Granny,PERSON,116,122
uc1.b3457590,39,5,3,Jacobs,PERSON,155,161
uc1.b3457590,39,5,4,Jackson,GPE,184,191
uc1.b3457590,39,5,5,five o'clock in the afternoon,TIME,238,267
uc1.b3457590,39,5,6,nine or ten at night,TIME,274,294
uc1.b3457590,39,6,0,Jacobs,PERSON,56,62
uc1.b3457590,39,6,1,Jacobs,PERSON,94,100
uc1.b3457590,39,6,2,Jesse,PERSON,115,120
uc1.b3457590,39,7,0,Granny,PERSON,17,23
uc1.b3457590,39,8,0,that year,DATE,38,47
uc1.b3457590,39,8,1,Jacobs,PERSON,79,85
uc1.b3457590,39,9,0,Jacobs,PERSON,12,18
uc1.b3457590,39,9,1,Jesse,PERSON,45,50
uc1.b3457590,39,10,0,Granny,PERSON,0,6
uc1.b3457590,39,10,1,Negro,NORP,85,90
uc1.b3457590,39,10,2,Jesse,PERSON,128,133
uc1.b3457590,39,10,3,Chicago,GPE,156,163
uc1.b3457590,39,11,0,Jesse,PERSON,26,31
uc1.b3457590,39,11,1,Negroes,NORP,52,59
uc1.b3457590,39,11,2,the 25,DATE,115,121
uc1.b3457590,40,0,0,Chicago,GPE,27,34
uc1.b3457590,40,0,1,Jesse,PERSON,61,66
uc1.b3457590,40,0,2,K.C.,PERSON,70,74
uc1.b3457590,40,1,0,Negro,NORP,19,24
uc1.b3457590,40,1,1,Jackson County,GPE,53,67
uc1.b3457590,40,2,0,Jesse,PERSON,37,42
uc1.b3457590,40,2,1,Negro,NORP,102,107
uc1.b3457590,40,2,2,Minnott,GPE,131,138
uc1.b3457590,40,2,3,Jesse,PERSON,206,211
uc1.b3457590,40,2,4,Jacobsville,GPE,227,238
uc1.b3457590,40,3,0,at least three days,DATE,33,52
uc1.b3457590,40,4,0,night,TIME,54,59
uc1.b3457590,40,5,0,Negroes,NORP,70,77
uc1.b3457590,40,5,1,Jacobs,PERSON,211,217
uc1.b3457590,40,6,0,Granny,PERSON,23,29
uc1.b3457590,40,7,0,Jesse,PERSON,58,63
uc1.b3457590,40,8,0,Jacobs,PERSON,35,41
uc1.b3457590,40,8,1,Jesse,PERSON,94,99
uc1.b3457590,40,8,2,Negro,NORP,175,180
uc1.b3457590,40,9,0,the Black Prince,PERSON,31,47
uc1.b3457590,40,9,1,first,ORDINAL,68,73
uc1.b3457590,40,9,2,26,CARDINAL,84,86
uc1.b3457590,41,0,0,Jacobsville,GPE,42,53
uc1.b3457590,41,2,0,Granny Jacobs,PERSON,0,13
uc1.b3457590,41,2,1,six days,DATE,35,43
uc1.b3457590,41,2,2,Granny Jones,PERSON,110,122
uc1.b3457590,41,2,3,Granny Jacobs,PERSON,193,206
uc1.b3457590,41,2,4,Granny Jones,PERSON,222,234
uc1.b3457590,41,3,0,Granny Jones,PERSON,67,79
uc1.b3457590,41,5,0,Granny Jacobs,PERSON,24,37
uc1.b3457590,41,8,0,Granny,PERSON,62,68
uc1.b3457590,41,8,1,Jacobsville,GPE,95,106
uc1.b3457590,41,9,0,Jesse,PERSON,95,100
uc1.b3457590,41,10,0,Granny,PERSON,67,73
uc1.b3457590,41,10,1,Jesse,PERSON,141,146
uc1.b3457590,41,11,0,Jesse,PERSON,90,95
uc1.b3457590,41,12,0,Jacobs,PERSON,8,14
uc1.b3457590,41,13,0,Lawd,PERSON,4,8
uc1.b3457590,41,13,1,Clyde,PERSON,58,63
uc1.b3457590,41,14,0,Granny,PERSON,24,30
uc1.b3457590,42,0,0,Prince,PERSON,0,6
uc1.b3457590,42,2,0,Granny,PERSON,20,26
uc1.b3457590,42,2,1,Thursday,DATE,39,47
uc1.b3457590,42,2,2,night,TIME,48,53
uc1.b3457590,42,2,3,two hours,TIME,55,64
uc1.b3457590,42,3,0,Agnes,PERSON,16,21
uc1.b3457590,42,3,1,three days,DATE,54,64
uc1.b3457590,42,3,2,the weekends,DATE,155,167
uc1.b3457590,42,4,0,the day after Sunday,DATE,59,79
uc1.b3457590,42,4,1,Friday,DATE,116,122
uc1.b3457590,42,4,2,Saturday,DATE,127,135
uc1.b3457590,42,4,3,Sunday,DATE,155,161
uc1.b3457590,42,5,0,Granny,PERSON,5,11
uc1.b3457590,42,6,0,"Thursday, Friday",DATE,10,26
uc1.b3457590,42,6,1,Saturday,DATE,28,36
uc1.b3457590,42,6,2,Sunday,DATE,38,44
uc1.b3457590,42,6,3,Monday,DATE,46,52
uc1.b3457590,42,6,4,Tuesday,DATE,54,61
uc1.b3457590,42,6,5,Wednesday,DATE,63,72
uc1.b3457590,42,7,0,the day,DATE,8,15
uc1.b3457590,42,9,0,Granny,PERSON,39,45
uc1.b3457590,42,9,1,Jesse,PERSON,50,55
uc1.b3457590,42,9,2,two,CARDINAL,76,79
uc1.b3457590,42,10,0,Jesse,PERSON,0,5
uc1.b3457590,42,10,1,Granny,PERSON,66,72
uc1.b3457590,42,11,0,Thursday,DATE,0,8
uc1.b3457590,42,11,1,night,TIME,9,14
uc1.b3457590,42,11,2,Otis,PERSON,53,57
uc1.b3457590,42,11,3,Granny,PERSON,88,94
uc1.b3457590,42,11,4,Sunday,DATE,142,148
uc1.b3457590,42,12,0,Granny,PERSON,35,41
uc1.b3457590,43,0,0,Jacobs,PERSON,5,11
uc1.b3457590,43,1,0,Granny,PERSON,33,39
uc1.b3457590,43,3,0,Otis,PERSON,33,37
uc1.b3457590,43,6,0,Otis,PERSON,0,4
uc1.b3457590,43,6,1,Granny,PERSON,34,40
uc1.b3457590,43,7,0,sixty-five years old,DATE,7,27
uc1.b3457590,43,7,1,three years older,DATE,33,50
uc1.b3457590,43,7,2,Barnes,PERSON,110,116
uc1.b3457590,43,8,0,Barnes,PERSON,50,56
uc1.b3457590,43,9,0,Barnes,PERSON,4,10
uc1.b3457590,43,10,0,Otis,PERSON,0,4
uc1.b3457590,43,10,1,years before,DATE,41,53
uc1.b3457590,43,10,2,Granny,PERSON,65,71
uc1.b3457590,43,10,3,ten years,DATE,167,176
uc1.b3457590,43,10,4,Otis,PERSON,186,190
uc1.b3457590,43,10,5,three,CARDINAL,201,206
uc1.b3457590,43,12,0,Granny,PERSON,0,6
uc1.b3457590,43,12,1,those days,DATE,30,40
uc1.b3457590,43,13,0,almost every week,DATE,102,119
uc1.b3457590,43,13,1,29,CARDINAL,132,134
uc1.b3457590,44,0,0,hundreds,CARDINAL,55,63
uc1.b3457590,44,1,0,Granny,PERSON,22,28
uc1.b3457590,44,1,1,hundreds,CARDINAL,152,160
uc1.b3457590,44,3,0,Barnes,PERSON,52,58
uc1.b3457590,44,4,0,Barnes,PERSON,9,15
uc1.b3457590,44,4,1,almost fifty,DATE,78,90
uc1.b3457590,44,14,0,Granny,PERSON,0,6
uc1.b3457590,44,15,0,sixty-two,DATE,8,17
uc1.b3457590,44,18,0,30,CARDINAL,43,45
uc1.b3457590,45,0,0,Otis,PERSON,0,4
uc1.b3457590,45,0,1,the past twenty years,DATE,43,64
uc1.b3457590,45,1,0,that night,TIME,10,20
uc1.b3457590,45,2,0,Jesse,PERSON,0,5
uc1.b3457590,45,2,1,all day,DATE,16,23
uc1.b3457590,45,3,0,Jacobs,PERSON,20,26
uc1.b3457590,45,3,1,two,CARDINAL,53,56
uc1.b3457590,45,3,2,Granny,PERSON,93,99
uc1.b3457590,45,3,3,Otis,PERSON,104,108
uc1.b3457590,45,4,0,Clyde,PERSON,60,65
uc1.b3457590,45,4,1,Jacobs,PERSON,75,81
uc1.b3457590,45,5,0,Negro,NORP,24,29
uc1.b3457590,45,5,1,Jacobs County,GPE,33,46
uc1.b3457590,45,6,0,a few miles,QUANTITY,125,136
uc1.b3457590,45,8,0,Otis,PERSON,0,4
uc1.b3457590,45,9,0,four miles,QUANTITY,11,21
uc1.b3457590,45,9,1,Jacobs,PERSON,27,33
uc1.b3457590,45,12,0,Jacobs,PERSON,4,10
uc1.b3457590,45,14,0,this week,DATE,29,38
uc1.b3457590,45,15,0,Next week,DATE,0,9
uc1.b3457590,45,15,1,Clyde,PERSON,17,22
uc1.b3457590,45,16,0,Granny,PERSON,0,6
uc1.b3457590,45,18,0,a hundred,CARDINAL,76,85
uc1.b3457590,45,19,0,The Black Prince of 31,PERSON,0,22
uc1.b3457590,46,0,0,Jacobsville,PERSON,0,11
uc1.b3457590,46,5,0,Jacobs,PERSON,36,42
uc1.b3457590,46,8,0,Lawd,PERSON,105,109
uc1.b3457590,46,11,0,Granny,PERSON,8,14
uc1.b3457590,46,11,1,Otis,PERSON,19,23
uc1.b3457590,46,12,0,Jesse,PERSON,0,5
uc1.b3457590,46,12,1,a full minute,TIME,29,42
uc1.b3457590,46,12,2,Jacobs,PERSON,193,199
uc1.b3457590,46,14,0,Granny,PERSON,14,20
uc1.b3457590,46,15,0,Jacobs,PERSON,5,11
uc1.b3457590,46,16,0,32,CARDINAL,74,76
uc1.b3457590,47,0,0,Granny,PERSON,0,6
uc1.b3457590,47,1,0,Otis,PERSON,0,4
uc1.b3457590,47,1,1,Jesse,PERSON,31,36
uc1.b3457590,47,1,2,Clyde,PERSON,81,86
uc1.b3457590,47,2,0,Otis,PERSON,29,33
uc1.b3457590,47,2,1,Granny,PERSON,47,53
uc1.b3457590,47,6,0,Granny,PERSON,0,6
uc1.b3457590,47,6,1,Jacobs County,GPE,106,119
uc1.b3457590,47,7,0,Lawd,PERSON,0,4
uc1.b3457590,47,7,1,Lawd,PERSON,6,10
uc1.b3457590,47,7,2,Lawd,PERSON,119,123
uc1.b3457590,47,8,0,Jesse,PERSON,11,16
uc1.b3457590,47,8,1,Bible,WORK_OF_ART,129,134
uc1.b3457590,47,8,2,one,CARDINAL,136,139
uc1.b3457590,47,8,3,Harris,PERSON,175,181
uc1.b3457590,47,9,0,Granny,PERSON,1,7
uc1.b3457590,47,9,1,Jesse,PERSON,10,15
uc1.b3457590,47,11,0,Clyde,PERSON,15,20
uc1.b3457590,47,12,0,Jacobs,PERSON,36,42
uc1.b3457590,47,13,0,Clyde,PERSON,0,5
uc1.b3457590,47,15,0,Otis,PERSON,0,4
uc1.b3457590,47,15,1,two,CARDINAL,9,12
uc1.b3457590,47,16,0,333,CARDINAL,0,3
uc1.b3457590,48,0,0,Five T,TIME,0,6
uc1.b3457590,48,1,0,The next night,TIME,0,14
uc1.b3457590,48,1,1,only a few hours,TIME,46,62
uc1.b3457590,48,2,0,Minnott,GPE,31,38
uc1.b3457590,48,3,0,Jacobs County,GPE,42,55
uc1.b3457590,48,4,0,Jacobs County,GPE,77,90
uc1.b3457590,49,0,0,Jacobsville,GPE,8,19
uc1.b3457590,49,0,1,Minnott,GPE,29,36
uc1.b3457590,49,0,2,first,ORDINAL,45,50
uc1.b3457590,49,3,0,Jacobs County,GPE,25,38
uc1.b3457590,49,4,0,Mississippi,GPE,20,31
uc1.b3457590,49,4,1,Jacobs County,GPE,46,59
uc1.b3457590,49,5,0,Granny,PERSON,40,46
uc1.b3457590,49,5,1,Otis,PERSON,51,55
uc1.b3457590,49,5,2,Jesse,PERSON,60,65
uc1.b3457590,49,6,0,Otis,PERSON,42,46
uc1.b3457590,49,6,1,Jesse,PERSON,51,56
uc1.b3457590,49,6,2,Granny,PERSON,64,70
uc1.b3457590,49,7,0,hours,TIME,112,117
uc1.b3457590,49,8,0,Granny,PERSON,19,25
uc1.b3457590,49,8,1,Otis,PERSON,28,32
uc1.b3457590,49,9,0,Granny,PERSON,0,6
uc1.b3457590,49,9,1,Jesse,PERSON,40,45
uc1.b3457590,49,13,0,Otis,PERSON,0,4
uc1.b3457590,49,16,0,Bertha,PERSON,15,21
uc1.b3457590,49,17,0,Granny,PERSON,0,6
uc1.b3457590,49,19,0,one,CARDINAL,23,26
uc1.b3457590,49,21,0,35,CARDINAL,0,2
uc1.b3457590,50,2,0,Otis,PERSON,0,4
uc1.b3457590,50,2,1,a minute,TIME,17,25
uc1.b3457590,50,3,0,every fifty yards,QUANTITY,132,149
uc1.b3457590,50,8,0,four,CARDINAL,156,160
uc1.b3457590,50,9,0,one,CARDINAL,85,88
uc1.b3457590,50,13,0,Lawd,PERSON,4,8
uc1.b3457590,50,14,0,Jesse,PERSON,10,15
uc1.b3457590,50,16,0,36,CARDINAL,0,2
uc1.b3457590,51,0,0,Otis,PERSON,16,20
uc1.b3457590,51,2,0,Granny,PERSON,0,6
uc1.b3457590,51,4,0,Jesse,PERSON,8,13
uc1.b3457590,51,4,1,a few seconds,TIME,68,81
uc1.b3457590,51,7,0,a half-mile,QUANTITY,93,104
uc1.b3457590,51,9,0,Granny,PERSON,57,63
uc1.b3457590,51,9,1,Jesse,PERSON,173,178
uc1.b3457590,51,11,0,Granny,PERSON,46,52
uc1.b3457590,51,14,0,Granny Jacobs,PERSON,4,17
uc1.b3457590,51,14,1,Otis,PERSON,35,39
uc1.b3457590,51,14,2,Jesse Jacobs,PERSON,57,69
uc1.b3457590,51,14,3,Jesse,PERSON,78,83
uc1.b3457590,51,14,4,first,ORDINAL,88,93
uc1.b3457590,51,14,5,the Black Prince,PERSON,100,116
uc1.b3457590,51,15,0,Chicago,GPE,42,49
uc1.b3457590,51,16,0,Jesse,PERSON,59,64
uc1.b3457590,51,16,1,Granny,PERSON,69,75
uc1.b3457590,51,16,2,Jesse,PERSON,103,108
uc1.b3457590,51,17,0,Jesse Jacobs,PERSON,5,17
uc1.b3457590,52,2,0,two,CARDINAL,27,30
uc1.b3457590,52,3,0,Jacobs,PERSON,46,52
uc1.b3457590,52,4,0,all night,TIME,19,28
uc1.b3457590,52,4,1,Granny,PERSON,36,42
uc1.b3457590,52,5,0,Jacobsville,GPE,53,64
uc1.b3457590,52,5,1,daybreak,TIME,72,80
uc1.b3457590,52,10,0,one,CARDINAL,64,67
uc1.b3457590,52,11,0,Robert Lee Brown,PERSON,12,28
uc1.b3457590,52,13,0,Granny,PERSON,38,44
uc1.b3457590,52,18,0,Jacobsville,GPE,18,29
uc1.b3457590,52,24,0,Robert,PERSON,1,7
uc1.b3457590,52,25,0,Robert,PERSON,0,6
uc1.b3457590,52,25,1,Junior,PERSON,8,14
uc1.b3457590,52,26,0,Ruth Ellen,PERSON,0,10
uc1.b3457590,52,28,0,Robert,PERSON,7,13
uc1.b3457590,53,0,0,Two,CARDINAL,0,3
uc1.b3457590,53,3,0,Granny,PERSON,15,21
uc1.b3457590,53,4,0,Jacobsville,GPE,14,25
uc1.b3457590,53,5,0,Jacobsville,GPE,13,24
uc1.b3457590,53,6,0,Granny Jacobs,PERSON,5,18
uc1.b3457590,53,6,1,Otis,PERSON,36,40
uc1.b3457590,53,6,2,Jesse,PERSON,58,63
uc1.b3457590,53,6,3,first,ORDINAL,86,91
uc1.b3457590,53,7,0,Jesse,PERSON,0,5
uc1.b3457590,53,8,0,Robert Brown,PERSON,31,43
uc1.b3457590,53,10,0,Jesse,PERSON,22,27
uc1.b3457590,53,12,0,Clare Brown,PERSON,18,29
uc1.b3457590,53,13,0,Jesse,PERSON,0,5
uc1.b3457590,53,14,0,Robert Lee,PERSON,21,31
uc1.b3457590,53,15,0,Chicago,GPE,24,31
uc1.b3457590,53,17,0,Robert,PERSON,0,6
uc1.b3457590,53,18,0,Robert,PERSON,13,19
uc1.b3457590,53,18,1,Ruth Ellen,PERSON,28,38
uc1.b3457590,53,19,0,Ruth,PERSON,0,4
uc1.b3457590,53,19,1,Jesse,PERSON,23,28
uc1.b3457590,53,20,0,Granny,PERSON,0,6
uc1.b3457590,53,23,0,Lawd,PERSON,11,15
uc1.b3457590,53,24,0,Jesus,PERSON,11,16
uc1.b3457590,53,25,0,Brown,PERSON,37,42
uc1.b3457590,53,28,0,Ruth Ellen,PERSON,0,10
uc1.b3457590,53,30,0,Ruth Ellen,PERSON,39,49
uc1.b3457590,53,31,0,39,CARDINAL,0,2
uc1.b3457590,54,1,0,Jesse,PERSON,0,5
uc1.b3457590,54,1,1,Jacobs,PERSON,95,101
uc1.b3457590,54,2,0,Granny,PERSON,0,6
uc1.b3457590,54,3,0,Lawd,ORG,11,15
uc1.b3457590,54,4,0,Lawd,ORG,11,15
uc1.b3457590,54,8,0,LeRoy,PERSON,1,6
uc1.b3457590,54,9,0,LeRoy Davis,PERSON,0,11
uc1.b3457590,54,9,1,a thousand years old,DATE,33,53
uc1.b3457590,54,10,0,Granny,PERSON,15,21
uc1.b3457590,54,10,1,Brown,PERSON,48,53
uc1.b3457590,54,10,2,Jacobs County,GPE,143,156
uc1.b3457590,54,11,0,Granny,PERSON,32,38
uc1.b3457590,54,11,1,Brown,PERSON,45,50
uc1.b3457590,54,14,0,Granny,PERSON,23,29
uc1.b3457590,54,14,1,LeRoy,PERSON,32,37
uc1.b3457590,54,15,0,Robert,PERSON,69,75
uc1.b3457590,54,15,1,Ruth Ellen,PERSON,80,90
uc1.b3457590,54,16,0,Granny,PERSON,0,6
uc1.b3457590,54,16,1,40,CARDINAL,45,47
uc1.b3457590,55,0,0,first,ORDINAL,4,9
uc1.b3457590,55,0,1,days,DATE,18,22
uc1.b3457590,55,3,0,Brown,PERSON,30,35
uc1.b3457590,55,5,0,years,DATE,40,45
uc1.b3457590,55,5,1,first,ORDINAL,71,76
uc1.b3457590,55,5,2,Jacobs County,GPE,91,104
uc1.b3457590,55,9,0,Lawd,PERSON,0,4
uc1.b3457590,55,9,1,first,ORDINAL,36,41
uc1.b3457590,55,14,0,Jacobs County,GPE,26,39
uc1.b3457590,55,14,1,the same year,DATE,61,74
uc1.b3457590,55,15,0,Chicago,GPE,20,27
uc1.b3457590,55,16,0,two,CARDINAL,11,14
uc1.b3457590,55,16,1,Brown,PERSON,36,41
uc1.b3457590,55,16,2,one night,TIME,97,106
uc1.b3457590,55,17,0,some Uncle Tom Negro,PERSON,17,37
uc1.b3457590,55,18,0,two,CARDINAL,97,100
uc1.b3457590,55,19,0,Granny,PERSON,31,37
uc1.b3457590,56,1,0,Jacobs,PERSON,45,51
uc1.b3457590,56,3,0,Ruth Ellen,PERSON,1,11
uc1.b3457590,56,3,1,Chicago,GPE,42,49
uc1.b3457590,56,3,2,next week,DATE,50,59
uc1.b3457590,56,3,3,tomorrow,DATE,95,103
uc1.b3457590,56,4,0,Granny,PERSON,24,30
uc1.b3457590,56,6,0,Lawd,PERSON,57,61
uc1.b3457590,56,9,0,LeRoy Davis,PERSON,22,33
uc1.b3457590,56,10,0,Otis,PERSON,13,17
uc1.b3457590,56,11,0,one night,TIME,6,15
uc1.b3457590,56,11,1,Barnes,PERSON,20,26
uc1.b3457590,56,11,2,Jacobs County,GPE,204,217
uc1.b3457590,56,12,0,Barnes,PERSON,4,10
uc1.b3457590,56,12,1,Jacobs County,GPE,53,66
uc1.b3457590,56,12,2,42,CARDINAL,80,82
uc1.b3457590,57,1,0,last week,DATE,21,30
uc1.b3457590,57,1,1,Jesse,PERSON,158,163
uc1.b3457590,57,2,0,Robert,PERSON,53,59
uc1.b3457590,57,5,0,Ruth Ellen,PERSON,31,41
uc1.b3457590,57,6,0,Jacobs County,GPE,50,63
uc1.b3457590,57,7,0,Brown,PERSON,31,36
uc1.b3457590,57,13,0,Negroes,NORP,79,86
uc1.b3457590,57,14,0,Granny,PERSON,0,6
uc1.b3457590,57,14,1,Lawd,PERSON,84,88
uc1.b3457590,57,15,0,Brown,PERSON,5,10
uc1.b3457590,57,15,1,Granny,PERSON,18,24
uc1.b3457590,57,15,2,Otis,PERSON,29,33
uc1.b3457590,57,15,3,43,CARDINAL,43,45
uc1.b3457590,58,2,0,Granny,PERSON,0,6
uc1.b3457590,58,4,0,Brown,PERSON,72,77
uc1.b3457590,58,6,0,five dollars,MONEY,9,21
uc1.b3457590,58,7,0,Big Jesse,PERSON,14,23
uc1.b3457590,58,10,0,Granny,PERSON,0,6
uc1.b3457590,58,12,0,Chicago,GPE,42,49
uc1.b3457590,58,12,1,first,ORDINAL,79,84
uc1.b3457590,58,17,0,Jacobsville,GPE,70,81
uc1.b3457590,58,23,0,Jesse,PERSON,0,5
uc1.b3457590,58,24,0,Jesse,PERSON,0,5
uc1.b3457590,58,25,0,Otis,PERSON,43,47
uc1.b3457590,58,25,1,a full minute,TIME,78,91
uc1.b3457590,58,26,0,Jesse,PERSON,1,6
uc1.b3457590,58,27,0,44,DATE,5,7
uc1.b3457590,59,1,0,Granny,PERSON,6,12
uc1.b3457590,59,3,0,Jacobsville,GPE,44,55
uc1.b3457590,59,5,0,Granny,PERSON,6,12
uc1.b3457590,59,10,0,Granny,PERSON,1,7
uc1.b3457590,59,14,0,Granny,PERSON,25,31
uc1.b3457590,59,19,0,Granny,PERSON,13,19
uc1.b3457590,59,19,1,Granny,PERSON,56,62
uc1.b3457590,59,23,0,Otis,PERSON,10,14
uc1.b3457590,59,25,0,Ruth Ellen,PERSON,31,41
uc1.b3457590,59,25,1,Jesse,PERSON,71,76
uc1.b3457590,59,26,0,Granny,PERSON,20,26
uc1.b3457590,59,28,0,Brown,PERSON,15,20
uc1.b3457590,59,28,1,Granny,PERSON,41,47
uc1.b3457590,59,28,2,Otis,PERSON,52,56
uc1.b3457590,59,29,0,Lawd,PERSON,12,16
uc1.b3457590,59,29,1,Otis,PERSON,49,53
uc1.b3457590,59,30,0,45,CARDINAL,0,2
uc1.b3457590,60,0,0,Six,CARDINAL,0,3
uc1.b3457590,60,0,1,Jacobsville,GPE,56,67
uc1.b3457590,60,1,0,Negro,NORP,38,43
uc1.b3457590,60,4,0,46,CARDINAL,0,2
uc1.b3457590,61,1,0,Harris,PERSON,15,21
uc1.b3457590,61,1,1,Jacobs,PERSON,161,167
uc1.b3457590,61,2,0,Granny,PERSON,54,60
uc1.b3457590,61,3,0,Lawd,PERSON,4,8
uc1.b3457590,61,4,0,Lawd,PERSON,4,8
uc1.b3457590,61,5,0,Jacobs,PERSON,29,35
uc1.b3457590,61,9,0,two,CARDINAL,4,7
uc1.b3457590,61,10,0,Jacobs,PERSON,4,10
uc1.b3457590,61,13,0,Harris,PERSON,9,15
uc1.b3457590,61,13,1,one,CARDINAL,52,55
uc1.b3457590,61,14,0,Otis,PERSON,0,4
uc1.b3457590,61,14,1,Granny,PERSON,19,25
uc1.b3457590,61,14,2,Jacobs,PERSON,56,62
uc1.b3457590,61,15,0,Bertha,PERSON,12,18
uc1.b3457590,61,17,0,Granny,PERSON,28,34
uc1.b3457590,62,2,0,Jacobs,PERSON,4,10
uc1.b3457590,62,2,1,Harris,PERSON,74,80
uc1.b3457590,62,2,2,Harris,PERSON,121,127
uc1.b3457590,62,3,0,first,ORDINAL,68,73
uc1.b3457590,62,6,0,Jacobs,PERSON,15,21
uc1.b3457590,62,7,0,Harris,PERSON,20,26
uc1.b3457590,62,8,0,number 225,CARDINAL,6,16
uc1.b3457590,62,8,1,Jesus Is the Light of the World,WORK_OF_ART,19,50
uc1.b3457590,62,10,0,three miles,QUANTITY,42,53
uc1.b3457590,62,11,0,Jacobs,PERSON,4,10
uc1.b3457590,62,11,1,Granny,PERSON,21,27
uc1.b3457590,62,11,2,Bertha,PERSON,110,116
uc1.b3457590,62,13,0,Clyde,PERSON,45,50
uc1.b3457590,62,15,0,Granny,PERSON,0,6
uc1.b3457590,62,16,0,A few years,DATE,0,11
uc1.b3457590,62,16,1,Bertha,PERSON,65,71
uc1.b3457590,62,16,2,Granny Jacobs,PERSON,95,108
uc1.b3457590,62,16,3,Negroes,NORP,124,131
uc1.b3457590,62,17,0,Jacobsville,GPE,41,52
uc1.b3457590,62,17,1,48,CARDINAL,103,105
uc1.b3457590,63,0,0,Granny,PERSON,49,55
uc1.b3457590,63,1,0,Negro,NORP,82,87
uc1.b3457590,63,3,0,Granny Jacobs,PERSON,40,53
uc1.b3457590,65,0,0,Two,CARDINAL,5,8
uc1.b3457590,67,0,0,Seven,CARDINAL,0,5
uc1.b3457590,67,0,1,THE NEXT TWENTYfive years,DATE,15,40
uc1.b3457590,67,0,2,Jesse,PERSON,42,47
uc1.b3457590,67,0,3,Granny,PERSON,66,72
uc1.b3457590,67,0,4,Harris,PERSON,90,96
uc1.b3457590,67,3,0,January,DATE,6,13
uc1.b3457590,67,3,1,first,ORDINAL,34,39
uc1.b3457590,67,3,2,two,CARDINAL,40,43
uc1.b3457590,68,0,0,year,DATE,22,26
uc1.b3457590,68,0,1,year,DATE,33,37
uc1.b3457590,68,0,2,the Baptist Church,ORG,94,112
uc1.b3457590,68,3,0,Harris,PERSON,13,19
uc1.b3457590,68,3,1,Sheriff,PERSON,56,63
uc1.b3457590,68,5,0,Sunday,DATE,43,49
uc1.b3457590,68,6,0,Sheriff,PERSON,16,23
uc1.b3457590,68,8,0,Sheriff,PERSON,14,21
uc1.b3457590,68,9,0,Lawd,PERSON,29,33
uc1.b3457590,68,15,0,one,CARDINAL,6,9
uc1.b3457590,68,15,1,thousand,CARDINAL,19,27
uc1.b3457590,68,15,2,niggers,NORP,28,35
uc1.b3457590,68,18,0,Sheriff,PERSON,11,18
uc1.b3457590,68,19,0,Sheriff,PERSON,14,21
uc1.b3457590,68,20,0,Jesse,PERSON,27,32
uc1.b3457590,68,20,1,Harris,PERSON,52,58
uc1.b3457590,68,20,2,annual,DATE,111,117
uc1.b3457590,68,21,0,54,DATE,101,103
uc1.b3457590,69,2,0,one,CARDINAL,39,42
uc1.b3457590,69,3,0,Granny,PERSON,7,13
uc1.b3457590,69,4,0,Granny,PERSON,19,25
uc1.b3457590,69,5,0,Jacobsville,ORG,23,34
uc1.b3457590,69,5,1,Chicago,GPE,123,130
uc1.b3457590,69,7,0,Granny,PERSON,0,6
uc1.b3457590,69,7,1,Jesse,PERSON,24,29
uc1.b3457590,69,7,2,Preacher Harris,PERSON,132,147
uc1.b3457590,69,7,3,two months from now,DATE,158,177
uc1.b3457590,69,7,4,Ebony,ORG,178,183
uc1.b3457590,69,8,0,Granny,PERSON,12,18
uc1.b3457590,69,10,0,Jesus,PERSON,5,10
uc1.b3457590,69,11,0,Harris,PERSON,10,16
uc1.b3457590,69,11,1,one,CARDINAL,52,55
uc1.b3457590,69,12,0,Harris,PERSON,9,15
uc1.b3457590,69,12,1,one,CARDINAL,113,116
uc1.b3457590,70,3,0,Granny,PERSON,28,34
uc1.b3457590,70,5,0,Harris,PERSON,13,19
uc1.b3457590,70,6,0,Jacobs,PERSON,4,10
uc1.b3457590,70,6,1,Negroes,NORP,131,138
uc1.b3457590,70,6,2,the same year,DATE,385,398
uc1.b3457590,70,6,3,Mississippi,GPE,465,476
uc1.b3457590,70,7,0,Harris,PERSON,9,15
uc1.b3457590,70,8,0,Bible,WORK_OF_ART,27,32
uc1.b3457590,70,9,0,Jesse,PERSON,41,46
uc1.b3457590,70,10,0,one,CARDINAL,75,78
uc1.b3457590,71,1,0,two,CARDINAL,20,23
uc1.b3457590,71,1,1,Jesse,PERSON,64,69
uc1.b3457590,71,1,2,Jesse,PERSON,87,92
uc1.b3457590,71,2,0,twenty-five years,DATE,67,84
uc1.b3457590,71,3,0,Jacobs,PERSON,4,10
uc1.b3457590,71,3,1,Harris,PERSON,61,67
uc1.b3457590,71,4,0,Granny,ORG,54,60
uc1.b3457590,71,4,1,Harris,PERSON,71,77
uc1.b3457590,71,4,2,five dollars,MONEY,83,95
uc1.b3457590,71,4,3,Ebony Magazine,ORG,205,219
uc1.b3457590,71,4,4,Chicago,GPE,221,228
uc1.b3457590,71,4,5,Illinois,GPE,230,238
uc1.b3457590,71,4,6,The Baptist Periodical,ORG,292,314
uc1.b3457590,71,4,7,Jesse,PERSON,358,363
uc1.b3457590,71,5,0,Granny,PERSON,7,13
uc1.b3457590,71,5,1,a full twenty minutes,TIME,34,55
uc1.b3457590,71,6,0,first,ORDINAL,4,9
uc1.b3457590,71,6,1,two weeks later,DATE,51,66
uc1.b3457590,71,7,0,Negroes,NORP,82,89
uc1.b3457590,71,8,0,Negro,NORP,46,51
uc1.b3457590,72,3,0,Jews,NORP,36,40
uc1.b3457590,72,6,0,Negroes,NORP,4,11
uc1.b3457590,72,22,0,Bertha Jacobs,PERSON,15,28
uc1.b3457590,72,22,1,Jacobsville,GPE,30,41
uc1.b3457590,72,22,2,Mississippi,GPE,43,54
uc1.b3457590,72,23,0,Granny Jacobs,PERSON,25,38
uc1.b3457590,72,26,0,Granny,PERSON,38,44
uc1.b3457590,72,26,1,58,DATE,47,49
uc1.b3457590,73,3,0,Granny,PERSON,0,6
uc1.b3457590,73,4,0,Howard,PERSON,32,38
uc1.b3457590,73,5,0,Granny,PERSON,44,50
uc1.b3457590,73,6,0,Granny,PERSON,1,7
uc1.b3457590,73,8,0,Granny,PERSON,0,6
uc1.b3457590,73,9,0,years,DATE,37,42
uc1.b3457590,73,14,0,Lawd,PERSON,3,7
uc1.b3457590,73,15,0,Sheriff,PERSON,10,17
uc1.b3457590,73,15,1,Granny,PERSON,62,68
uc1.b3457590,73,16,0,one,CARDINAL,15,18
uc1.b3457590,73,17,0,Harris,PERSON,21,27
uc1.b3457590,74,0,0,Sheriff,PERSON,129,136
uc1.b3457590,74,1,0,Ebony Magazine,ORG,36,50
uc1.b3457590,74,3,0,Sheriff,PERSON,34,41
uc1.b3457590,74,4,0,a year older,DATE,128,140
uc1.b3457590,74,10,0,Matthews,PERSON,5,13
uc1.b3457590,74,12,0,Howard,PERSON,20,26
uc1.b3457590,74,17,0,first,ORDINAL,29,34
uc1.b3457590,74,18,0,Bertha,PERSON,0,6
uc1.b3457590,75,3,0,Sheriff,PERSON,5,12
uc1.b3457590,75,5,0,Sheriff,PERSON,28,35
uc1.b3457590,75,6,0,Sheriff,PERSON,15,22
uc1.b3457590,75,7,0,Bible,WORK_OF_ART,67,72
uc1.b3457590,75,11,0,Big Jesse,PERSON,78,87
uc1.b3457590,75,14,0,a Granny Jacobs,PERSON,71,86
uc1.b3457590,75,15,0,Sheriff,PERSON,30,37
uc1.b3457590,75,18,0,Bertha,PERSON,27,33
uc1.b3457590,76,2,0,Sheriff,PERSON,15,22
uc1.b3457590,76,2,1,Lawd,ORG,32,36
uc1.b3457590,76,2,2,Granny,PERSON,67,73
uc1.b3457590,76,3,0,Granny,PERSON,26,32
uc1.b3457590,77,0,0,Eight,CARDINAL,0,5
uc1.b3457590,77,0,1,Jacobs County,GPE,80,93
uc1.b3457590,77,0,2,years,DATE,106,111
uc1.b3457590,77,1,0,The day,DATE,0,7
uc1.b3457590,77,3,0,Negroes,NORP,39,46
uc1.b3457590,77,5,0,63,CARDINAL,0,2
uc1.b3457590,78,0,0,one,CARDINAL,53,56
uc1.b3457590,78,2,0,Negroes,NORP,44,51
uc1.b3457590,78,4,0,Jacobs,PERSON,4,10
uc1.b3457590,78,4,1,three days,DATE,37,47
uc1.b3457590,78,7,0,Negroes,NORP,106,113
uc1.b3457590,78,7,1,Jacobs County,GPE,158,171
uc1.b3457590,78,8,0,days,DATE,242,246
uc1.b3457590,78,10,0,ten years ago,DATE,14,27
uc1.b3457590,78,10,1,one,CARDINAL,51,54
uc1.b3457590,78,10,2,Negroes,NORP,201,208
uc1.b3457590,78,11,0,64,CARDINAL,0,2
uc1.b3457590,79,5,0,thirty,CARDINAL,13,19
uc1.b3457590,79,6,0,one,CARDINAL,16,19
uc1.b3457590,79,7,0,niggers,NORP,25,32
uc1.b3457590,79,9,0,the next hundred or so years,DATE,109,137
uc1.b3457590,79,10,0,Jacobs County,GPE,131,144
uc1.b3457590,79,11,0,Negroes,NORP,15,22
uc1.b3457590,79,14,0,65,DATE,45,47
uc1.b3457590,80,2,0,night,TIME,26,31
uc1.b3457590,80,3,0,Negro,NORP,11,16
uc1.b3457590,80,4,0,Jacobs County,GPE,83,96
uc1.b3457590,80,6,0,Granny Jacobs,PERSON,220,233
uc1.b3457590,80,7,0,Jacobsville,PERSON,93,104
uc1.b3457590,80,8,0,Jacobs,PERSON,136,142
uc1.b3457590,80,8,1,Negroes,NORP,308,315
uc1.b3457590,80,9,0,Jacobs,PERSON,155,161
uc1.b3457590,80,11,0,days,DATE,29,33
uc1.b3457590,80,12,0,66,CARDINAL,80,82
uc1.b3457590,81,5,0,Jacobs County,GPE,243,256
uc1.b3457590,81,7,0,Twenty-five years ago,DATE,0,21
uc1.b3457590,81,7,1,Granny Jacobs,PERSON,49,62
uc1.b3457590,81,9,0,Granny,PERSON,28,34
uc1.b3457590,81,10,0,Negroes,NORP,17,24
uc1.b3457590,81,10,1,Granny,PERSON,80,86
uc1.b3457590,82,0,0,Jacobsville,GPE,85,96
uc1.b3457590,82,1,0,Granny Jacobs,PERSON,13,26
uc1.b3457590,82,3,0,Granny Jacobs,PERSON,4,17
uc1.b3457590,82,3,1,Jacobsville,GPE,102,113
uc1.b3457590,82,4,0,Jacobs,PERSON,100,106
uc1.b3457590,82,6,0,Granny,PERSON,5,11
uc1.b3457590,82,8,0,Minnott,GPE,25,32
uc1.b3457590,82,9,0,one,CARDINAL,7,10
uc1.b3457590,82,9,1,Little Jesse,PERSON,57,69
uc1.b3457590,82,9,2,God,PERSON,108,111
uc1.b3457590,82,13,0,State,GPE,73,78
uc1.b3457590,82,13,1,Mississippi,GPE,82,93
uc1.b3457590,83,5,0,Granny,PERSON,13,19
uc1.b3457590,83,9,0,Harris,PERSON,9,15
uc1.b3457590,83,11,0,Mississippi,GPE,78,89
uc1.b3457590,83,15,0,Harris,PERSON,51,57
uc1.b3457590,83,16,0,Mississippi,GPE,64,75
uc1.b3457590,83,16,1,69,CARDINAL,79,81
uc1.b3457590,84,3,0,Jacobs County,GPE,63,76
uc1.b3457590,84,5,0,Harris,PERSON,36,42
uc1.b3457590,84,5,1,Bible,WORK_OF_ART,98,103
uc1.b3457590,84,5,2,Jacobs County,GPE,171,184
uc1.b3457590,84,6,0,Josh Black,PERSON,43,53
uc1.b3457590,84,7,0,Josh,PERSON,0,4
uc1.b3457590,84,7,1,Jacobsville,GPE,74,85
uc1.b3457590,84,9,0,Josh,PERSON,35,39
uc1.b3457590,84,10,0,Josh,PERSON,60,64
uc1.b3457590,84,14,0,Harris,PERSON,13,19
uc1.b3457590,84,14,1,Granny Jacobs,PERSON,82,95
uc1.b3457590,84,15,0,70,CARDINAL,0,2
uc1.b3457590,85,0,0,Josh,PERSON,0,4
uc1.b3457590,85,0,1,first,ORDINAL,16,21
uc1.b3457590,85,1,0,five,CARDINAL,31,35
uc1.b3457590,85,4,0,Jacobs,PERSON,88,94
uc1.b3457590,85,5,0,Jacobs County,GPE,77,90
uc1.b3457590,85,11,0,Josh,PERSON,0,4
uc1.b3457590,85,11,1,Preacher Harris,PERSON,17,32
uc1.b3457590,85,11,2,Preacher Harris,PERSON,146,161
uc1.b3457590,85,11,3,71,CARDINAL,195,197
uc1.b3457590,86,0,0,Josh,PERSON,85,89
uc1.b3457590,86,2,0,niggers,NORP,64,71
uc1.b3457590,86,4,0,Sheehan,PERSON,11,18
uc1.b3457590,86,4,1,Josh,PERSON,121,125
uc1.b3457590,86,4,2,two,CARDINAL,156,159
uc1.b3457590,86,4,3,only twelve,DATE,180,191
uc1.b3457590,86,5,0,Sheehan,PERSON,88,95
uc1.b3457590,86,5,1,Josh,PERSON,212,216
uc1.b3457590,86,6,0,Josh,PERSON,14,18
uc1.b3457590,86,6,1,Sheehan,PERSON,57,64
uc1.b3457590,86,7,0,Josh,PERSON,0,4
uc1.b3457590,86,7,1,Sheehan,PERSON,174,181
uc1.b3457590,86,8,0,Sheehan,PERSON,71,78
uc1.b3457590,86,9,0,Lawd,PERSON,27,31
uc1.b3457590,86,13,0,72,CARDINAL,36,38
uc1.b3457590,87,3,0,Lawd,PERSON,4,8
uc1.b3457590,87,6,0,Josh,PERSON,0,4
uc1.b3457590,87,6,1,fifteen,DATE,9,16
uc1.b3457590,87,8,0,Josh,PERSON,23,27
uc1.b3457590,87,9,0,Josh,PERSON,12,16
uc1.b3457590,87,11,0,Sheriff,PERSON,15,22
uc1.b3457590,87,18,0,Sheriff,PERSON,9,16
uc1.b3457590,87,22,0,Sheriff,PERSON,36,43
uc1.b3457590,87,26,0,Josh,PERSON,0,4
uc1.b3457590,87,30,0,Bob,PERSON,23,26
uc1.b3457590,87,30,1,73,CARDINAL,35,37
uc1.b3457590,88,1,0,Josh,PERSON,30,34
uc1.b3457590,88,6,0,Josh,PERSON,11,15
uc1.b3457590,88,6,1,Josh,PERSON,32,36
uc1.b3457590,88,7,0,Josh,PERSON,46,50
uc1.b3457590,88,9,0,Sheriff,PERSON,35,42
uc1.b3457590,88,14,0,Josh,PERSON,0,4
uc1.b3457590,88,20,0,Sheriff,PERSON,17,24
uc1.b3457590,88,24,0,74,CARDINAL,11,13
uc1.b3457590,89,2,0,Sheriff,PERSON,32,39
uc1.b3457590,89,5,0,one,CARDINAL,7,10
uc1.b3457590,89,13,0,Josh,PERSON,29,33
uc1.b3457590,89,17,0,Josh,PERSON,0,4
uc1.b3457590,89,21,0,Harris,PERSON,56,62
uc1.b3457590,89,23,0,Lawd,ORG,4,8
uc1.b3457590,89,23,1,Josh,PERSON,31,35
uc1.b3457590,90,8,0,Josh,PERSON,55,59
uc1.b3457590,90,11,0,Lawd,PERSON,3,7
uc1.b3457590,90,16,0,ten years,DATE,47,56
uc1.b3457590,90,17,0,ten years,DATE,10,19
uc1.b3457590,90,17,1,a day,DATE,28,33
uc1.b3457590,90,18,0,ten years,DATE,19,28
uc1.b3457590,90,19,0,four or five years,DATE,45,63
uc1.b3457590,91,3,0,the winter,DATE,154,164
uc1.b3457590,91,8,0,Sheriff,PERSON,16,23
uc1.b3457590,91,9,0,Horace,PERSON,1,7
uc1.b3457590,91,9,1,Harris,PERSON,114,120
uc1.b3457590,91,9,2,third,ORDINAL,188,193
uc1.b3457590,91,11,0,Chicago,GPE,126,133
uc1.b3457590,91,11,1,Washington,GPE,167,177
uc1.b3457590,91,12,0,Josh,PERSON,19,23
uc1.b3457590,91,13,0,Harris,PERSON,20,26
uc1.b3457590,91,13,1,Granny,PERSON,31,37
uc1.b3457590,92,6,0,one,CARDINAL,54,57
uc1.b3457590,92,8,0,fifth,ORDINAL,117,122
uc1.b3457590,92,9,0,President,PERSON,9,18
uc1.b3457590,92,9,1,George Harris,PERSON,55,68
uc1.b3457590,92,9,2,Granny Jacobs,PERSON,80,93
uc1.b3457590,92,9,3,Jacobs County,GPE,188,201
uc1.b3457590,92,9,4,Mississippi,GPE,202,213
uc1.b3457590,92,10,0,Granny,PERSON,0,6
uc1.b3457590,92,10,1,Chicago,GPE,99,106
uc1.b3457590,92,10,2,ebony,ORG,135,140
uc1.b3457590,92,10,3,Granny,PERSON,206,212
uc1.b3457590,92,10,4,Howard,PERSON,238,244
uc1.b3457590,92,12,0,Granny,PERSON,0,6
uc1.b3457590,92,13,0,78,CARDINAL,10,12
uc1.b3457590,93,3,0,Jacobs County,GPE,211,224
uc1.b3457590,93,5,0,sixty years,DATE,57,68
uc1.b3457590,93,5,1,Granny Jacobs,PERSON,73,86
uc1.b3457590,93,5,2,more than eighty years,DATE,97,119
uc1.b3457590,93,6,0,Jacobs,PERSON,20,26
uc1.b3457590,93,6,1,Jacobs County,GPE,336,349
uc1.b3457590,93,7,0,one,CARDINAL,5,8
uc1.b3457590,93,12,0,George Harris,PERSON,11,24
uc1.b3457590,93,12,1,Jacobsville,GPE,39,50
uc1.b3457590,93,13,0,79,CARDINAL,0,2
uc1.b3457590,94,0,0,next week,DATE,148,157
uc1.b3457590,94,2,0,Granny,PERSON,10,16
uc1.b3457590,94,4,0,Horace,PERSON,47,53
uc1.b3457590,94,5,0,Granny,PERSON,8,14
uc1.b3457590,94,6,0,Harris,PERSON,49,55
uc1.b3457590,94,6,1,Granny,PERSON,58,64
uc1.b3457590,94,7,0,Lawd,PERSON,62,66
uc1.b3457590,94,8,0,80,CARDINAL,0,2
uc1.b3457590,95,0,0,Nine A WEEK LATER,DATE,0,17
uc1.b3457590,95,0,1,TWO,CARDINAL,18,21
uc1.b3457590,95,0,2,Jacobsville,GPE,51,62
uc1.b3457590,95,4,0,81,CARDINAL,0,2
uc1.b3457590,96,4,0,Negro,NORP,11,16
uc1.b3457590,96,5,0,Mo,PERSON,17,19
uc1.b3457590,96,8,0,today,DATE,45,50
uc1.b3457590,96,11,0,two,CARDINAL,27,30
uc1.b3457590,96,12,0,one,CARDINAL,8,11
uc1.b3457590,96,16,0,one,CARDINAL,33,36
uc1.b3457590,96,20,0,sundown,TIME,24,31
uc1.b3457590,96,25,0,one,CARDINAL,17,20
uc1.b3457590,96,33,0,82,CARDINAL,36,38
uc1.b3457590,97,4,0,Yankees,NORP,4,11
uc1.b3457590,97,10,0,ten,CARDINAL,17,20
uc1.b3457590,97,10,1,one,CARDINAL,32,35
uc1.b3457590,97,12,0,ten,CARDINAL,14,17
uc1.b3457590,97,12,1,one,CARDINAL,27,30
uc1.b3457590,97,13,0,Negro,NORP,22,27
uc1.b3457590,97,13,1,first,ORDINAL,36,41
uc1.b3457590,97,18,0,ten,CARDINAL,77,80
uc1.b3457590,97,18,1,one,CARDINAL,90,93
uc1.b3457590,97,20,0,Maryland,GPE,10,18
uc1.b3457590,97,22,0,Yankees,NORP,20,27
uc1.b3457590,97,24,0,three dollars and fifteen cents,MONEY,7,38
uc1.b3457590,98,11,0,several minutes,TIME,31,46
uc1.b3457590,98,12,0,84,CARDINAL,0,2
uc1.b3457590,99,0,0,Ten,CARDINAL,0,3
uc1.b3457590,99,0,1,TWO,CARDINAL,8,11
uc1.b3457590,99,0,2,TWO,CARDINAL,15,18
uc1.b3457590,99,0,3,one mile,QUANTITY,53,61
uc1.b3457590,99,2,0,some seven levels,QUANTITY,227,244
uc1.b3457590,99,2,1,85,CARDINAL,245,247
uc1.b3457590,100,2,0,Negro,NORP,64,69
uc1.b3457590,100,3,0,two,CARDINAL,32,35
uc1.b3457590,100,3,1,Negro,NORP,36,41
uc1.b3457590,100,5,0,morning,TIME,6,13
uc1.b3457590,100,7,0,Harris,PERSON,46,52
uc1.b3457590,100,7,1,Jacobs,PERSON,64,70
uc1.b3457590,100,14,0,Negro,NORP,90,95
uc1.b3457590,100,15,0,one,CARDINAL,94,97
uc1.b3457590,101,1,0,four,CARDINAL,195,199
uc1.b3457590,101,7,0,two,CARDINAL,74,77
uc1.b3457590,101,8,0,two,CARDINAL,112,115
uc1.b3457590,101,10,0,one,CARDINAL,5,8
uc1.b3457590,101,10,1,Jacobs,PERSON,42,48
uc1.b3457590,101,16,0,First,ORDINAL,1,6
uc1.b3457590,101,19,0,87,CARDINAL,25,27
uc1.b3457590,102,1,0,Negroes,NORP,31,38
uc1.b3457590,102,2,0,first,ORDINAL,23,28
uc1.b3457590,102,2,1,Granny,PERSON,109,115
uc1.b3457590,102,3,0,Granny,PERSON,87,93
uc1.b3457590,102,5,0,one,CARDINAL,25,28
uc1.b3457590,102,5,1,Josh,PERSON,96,100
uc1.b3457590,102,7,0,Granny,PERSON,107,113
uc1.b3457590,102,8,0,first,ORDINAL,151,156
uc1.b3457590,102,8,1,Granny,PERSON,192,198
uc1.b3457590,102,8,2,three,CARDINAL,211,216
uc1.b3457590,102,8,3,Negro,NORP,272,277
uc1.b3457590,102,11,0,88,CARDINAL,0,2
uc1.b3457590,103,0,0,Jacobs,PERSON,18,24
uc1.b3457590,103,1,0,two,CARDINAL,42,45
uc1.b3457590,103,3,0,Granny Jacobs,PERSON,14,27
uc1.b3457590,103,4,0,morning,TIME,6,13
uc1.b3457590,103,5,0,Ernest Wright,PERSON,20,33
uc1.b3457590,103,6,0,Granny,PERSON,0,6
uc1.b3457590,103,8,0,Jesus,PERSON,12,17
uc1.b3457590,103,8,1,Granny,PERSON,20,26
uc1.b3457590,103,9,0,Jesus,PERSON,12,17
uc1.b3457590,103,11,0,Harris,PERSON,37,43
uc1.b3457590,103,11,1,Josh,PERSON,48,52
uc1.b3457590,103,12,0,Granny,PERSON,14,20
uc1.b3457590,103,13,0,Josh,PERSON,32,36
uc1.b3457590,103,15,0,Ernest Wright,PERSON,0,13
uc1.b3457590,103,15,1,one hundred or so,CARDINAL,73,90
uc1.b3457590,103,16,0,Fred Worthington,PERSON,13,29
uc1.b3457590,103,16,1,Jacobs,PERSON,36,42
uc1.b3457590,103,19,0,Granny,PERSON,0,6
uc1.b3457590,103,20,0,89,CARDINAL,0,2
uc1.b3457590,104,0,0,Three,CARDINAL,0,5
uc1.b3457590,104,1,0,one,CARDINAL,13,16
uc1.b3457590,104,2,0,two,CARDINAL,4,7
uc1.b3457590,104,2,1,Granny,PERSON,25,31
uc1.b3457590,104,3,0,Josh,PERSON,74,78
uc1.b3457590,104,3,1,Granny,PERSON,81,87
uc1.b3457590,104,4,0,well over two hundred,CARDINAL,30,51
uc1.b3457590,104,6,0,Granny,PERSON,0,6
uc1.b3457590,104,7,0,Granny,PERSON,38,44
uc1.b3457590,104,8,0,Granny,PERSON,57,63
uc1.b3457590,104,9,0,Harris,PERSON,31,37
uc1.b3457590,104,17,0,Jacobsville,GPE,57,68
uc1.b3457590,104,19,0,90,DATE,39,41
uc1.b3457590,105,4,0,Harris,PERSON,9,15
uc1.b3457590,105,4,1,one,CARDINAL,84,87
uc1.b3457590,105,6,0,Granny Jacobs,PERSON,28,41
uc1.b3457590,105,6,1,two,CARDINAL,75,78
uc1.b3457590,105,6,2,Jacobs County,GPE,130,143
uc1.b3457590,105,9,0,Wright,PERSON,8,14
uc1.b3457590,105,10,0,Jacobs,PERSON,95,101
uc1.b3457590,105,11,0,an hour,TIME,7,14
uc1.b3457590,105,11,1,Jacobs County,GPE,107,120
uc1.b3457590,105,12,0,Wright,PERSON,8,14
uc1.b3457590,105,13,0,Granny,PERSON,75,81
uc1.b3457590,105,15,0,some thirty,CARDINAL,22,33
uc1.b3457590,105,17,0,91,CARDINAL,32,34
uc1.b3457590,106,2,0,Granny,PERSON,30,36
uc1.b3457590,106,5,0,Two,CARDINAL,0,3
uc1.b3457590,106,5,1,third,ORDINAL,94,99
uc1.b3457590,106,7,0,Granny Jacobs,PERSON,81,94
uc1.b3457590,106,8,0,Harris,PERSON,9,15
uc1.b3457590,106,9,0,Afternoon,TIME,1,10
uc1.b3457590,106,9,1,Granny,PERSON,22,28
uc1.b3457590,106,13,0,Wright,PERSON,8,14
uc1.b3457590,106,15,0,92,CARDINAL,0,2
uc1.b3457590,107,0,0,Wright,PERSON,43,49
uc1.b3457590,107,3,0,Washington,GPE,93,103
uc1.b3457590,107,4,0,Jacobs County,GPE,58,71
uc1.b3457590,107,7,0,a minute,TIME,31,39
uc1.b3457590,107,9,0,Negroes,NORP,4,11
uc1.b3457590,107,10,0,Wright,PERSON,26,32
uc1.b3457590,107,11,0,one,CARDINAL,27,30
uc1.b3457590,107,11,1,Worthington,PERSON,53,64
uc1.b3457590,107,11,2,today,DATE,114,119
uc1.b3457590,107,12,0,one day,DATE,48,55
uc1.b3457590,107,18,0,93,CARDINAL,26,28
uc1.b3457590,108,1,0,Oxford,GPE,36,42
uc1.b3457590,108,1,1,1962,DATE,46,50
uc1.b3457590,108,1,2,Jacobs County,GPE,77,90
uc1.b3457590,108,4,0,Pitch,PERSON,12,17
uc1.b3457590,108,5,0,Negroes,NORP,39,46
uc1.b3457590,108,6,0,three,CARDINAL,14,19
uc1.b3457590,108,7,0,Jacobs,PERSON,86,92
uc1.b3457590,108,12,0,Wright,PERSON,35,41
uc1.b3457590,108,13,0,Worthington,PERSON,43,54
uc1.b3457590,108,15,0,about an hour,TIME,23,36
uc1.b3457590,108,16,0,One,CARDINAL,0,3
uc1.b3457590,108,19,0,94,CARDINAL,52,54
uc1.b3457590,109,2,0,Wright,PERSON,26,32
uc1.b3457590,109,7,0,Negro,NORP,46,51
uc1.b3457590,109,9,0,Worthington,PERSON,0,11
uc1.b3457590,109,19,0,Just a minute,TIME,1,14
uc1.b3457590,109,20,0,a second,TIME,24,32
uc1.b3457590,109,21,0,Pitch,PERSON,8,13
uc1.b3457590,109,26,0,95,CARDINAL,43,45
uc1.b3457590,110,1,0,Worthington,PERSON,8,19
uc1.b3457590,110,2,0,twenty,CARDINAL,39,45
uc1.b3457590,110,2,1,Negroes,NORP,46,53
uc1.b3457590,110,4,0,Pitch,PERSON,8,13
uc1.b3457590,110,5,0,Worthington,PERSON,5,16
uc1.b3457590,110,5,1,nigras,NORP,33,39
uc1.b3457590,110,6,0,nigras,NORP,9,15
uc1.b3457590,110,10,0,96,CARDINAL,31,33
uc1.b3457590,111,0,0,Eleven THA HAT,DATE,0,14
uc1.b3457590,111,1,0,MARSHAL Wright,PERSON,0,14
uc1.b3457590,111,1,1,Jacobsville,GPE,38,49
uc1.b3457590,111,1,2,five,CARDINAL,63,67
uc1.b3457590,111,1,3,Minnott,GPE,102,109
uc1.b3457590,111,1,4,Washington,GPE,143,153
uc1.b3457590,111,3,0,Jacobs County,GPE,23,36
uc1.b3457590,111,3,1,Jacobsville,GPE,76,87
uc1.b3457590,111,4,0,97,CARDINAL,78,80
uc1.b3457590,112,0,0,Jacobsville,GPE,14,25
uc1.b3457590,112,3,0,Negroes,NORP,4,11
uc1.b3457590,112,3,1,the years,DATE,159,168
uc1.b3457590,112,5,0,one hour,TIME,40,48
uc1.b3457590,112,5,1,Mississippi,GPE,93,104
uc1.b3457590,112,6,0,Jacobs County,GPE,36,49
uc1.b3457590,112,7,0,six,CARDINAL,18,21
uc1.b3457590,112,7,1,six,CARDINAL,41,44
uc1.b3457590,112,7,2,Jacobsville,GPE,76,87
uc1.b3457590,112,8,0,two-week,DATE,197,205
uc1.b3457590,112,9,0,Jacobs County,GPE,172,185
uc1.b3457590,113,2,0,Negroes,NORP,48,55
uc1.b3457590,113,3,0,Jacobs,PERSON,20,26
uc1.b3457590,113,3,1,the night,TIME,41,50
uc1.b3457590,113,4,0,Jacobs,PERSON,41,47
uc1.b3457590,113,4,1,Pitch,PERSON,68,73
uc1.b3457590,113,4,2,three,CARDINAL,117,122
uc1.b3457590,113,11,0,early the next morning,TIME,52,74
uc1.b3457590,113,12,0,later in the day,TIME,34,50
uc1.b3457590,113,12,1,99,CARDINAL,69,71
uc1.b3457590,114,2,0,the day,DATE,4,11
uc1.b3457590,114,2,1,any minute,TIME,78,88
uc1.b3457590,114,4,0,The next morning,TIME,0,16
uc1.b3457590,114,4,1,Wright,PERSON,26,32
uc1.b3457590,114,4,2,Johnson,PERSON,65,72
uc1.b3457590,114,5,0,Wright,PERSON,51,57
uc1.b3457590,114,5,1,Johnson,PERSON,60,67
uc1.b3457590,114,6,0,fifty yards,QUANTITY,78,89
uc1.b3457590,114,7,0,just about an hour before,TIME,41,66
uc1.b3457590,114,7,1,Johnson,PERSON,122,129
uc1.b3457590,114,9,0,Wright,PERSON,34,40
uc1.b3457590,114,9,1,three,CARDINAL,83,88
uc1.b3457590,114,9,2,Negro,NORP,104,109
uc1.b3457590,114,11,0,One,CARDINAL,0,3
uc1.b3457590,115,1,0,Wright,PERSON,8,14
uc1.b3457590,115,1,1,Johnson,PERSON,81,88
uc1.b3457590,115,2,0,Johnson,PERSON,49,56
uc1.b3457590,115,7,0,Wright,PERSON,8,14
uc1.b3457590,115,8,0,Fahey,PERSON,1,6
uc1.b3457590,115,8,1,Granny Jacobs,PERSON,15,28
uc1.b3457590,115,8,2,Harris,PERSON,42,48
uc1.b3457590,115,10,0,Goldberg,PERSON,0,8
uc1.b3457590,115,12,0,Wilson,PERSON,0,6
uc1.b3457590,115,12,1,Jacobs,PERSON,45,51
uc1.b3457590,115,12,2,the night,TIME,113,122
uc1.b3457590,115,13,0,Johnson,PERSON,0,7
uc1.b3457590,115,15,0,Goldberg,PERSON,8,16
uc1.b3457590,115,15,1,first,ORDINAL,25,30
uc1.b3457590,115,20,0,Wright,PERSON,24,30
uc1.b3457590,115,21,0,an awful early hour,TIME,5,24
uc1.b3457590,116,1,0,a minute,TIME,16,24
uc1.b3457590,116,9,0,Negroes,NORP,27,34
uc1.b3457590,116,15,0,night,TIME,17,22
uc1.b3457590,116,16,0,Pitch,PERSON,8,13
uc1.b3457590,116,16,1,Granny,PERSON,28,34
uc1.b3457590,116,16,2,Preacher Harris,PERSON,36,51
uc1.b3457590,116,16,3,Josh,PERSON,57,61
uc1.b3457590,116,18,0,three,CARDINAL,17,22
uc1.b3457590,116,18,1,last night,TIME,51,61
uc1.b3457590,116,18,2,Josh,PERSON,64,68
uc1.b3457590,116,19,0,102,CARDINAL,0,3
uc1.b3457590,117,0,0,Wright,PERSON,8,14
uc1.b3457590,117,3,0,Granny,PERSON,16,22
uc1.b3457590,117,5,0,Harris,PERSON,9,15
uc1.b3457590,117,6,0,Josh,PERSON,0,4
uc1.b3457590,117,6,1,White Man,PERSON,16,25
uc1.b3457590,117,7,0,three,CARDINAL,9,14
uc1.b3457590,117,8,0,all night,TIME,28,37
uc1.b3457590,117,9,0,all night long,TIME,87,101
uc1.b3457590,117,10,0,Johnson,PERSON,1,8
uc1.b3457590,117,11,0,Josh,PERSON,28,32
uc1.b3457590,117,15,0,Josh,PERSON,31,35
uc1.b3457590,117,17,0,Washington,GPE,27,37
uc1.b3457590,117,21,0,Josh,PERSON,0,4
uc1.b3457590,118,3,0,Just a minute,TIME,1,14
uc1.b3457590,118,5,0,Josh,PERSON,0,4
uc1.b3457590,118,12,0,one,CARDINAL,29,32
uc1.b3457590,118,17,0,104,CARDINAL,0,3
uc1.b3457590,119,1,0,Jacobsville,GPE,37,48
uc1.b3457590,119,2,0,105,CARDINAL,43,46
uc1.b3457590,120,0,0,Wright,PERSON,8,14
uc1.b3457590,120,0,1,Jacobsville,GPE,75,86
uc1.b3457590,120,0,2,five,CARDINAL,114,118
uc1.b3457590,120,1,0,United States,GPE,56,69
uc1.b3457590,120,2,0,Yankee,NORP,31,37
uc1.b3457590,120,5,0,three o'clock,TIME,3,16
uc1.b3457590,120,5,1,Wright,PERSON,45,51
uc1.b3457590,120,5,2,one,CARDINAL,84,87
uc1.b3457590,120,6,0,Wright,PERSON,0,6
uc1.b3457590,120,6,1,two,CARDINAL,11,14
uc1.b3457590,120,9,0,two,CARDINAL,9,12
uc1.b3457590,120,9,1,one,CARDINAL,53,56
uc1.b3457590,120,10,0,eight o'clock.,TIME,11,25
uc1.b3457590,120,11,0,three,CARDINAL,60,65
uc1.b3457590,120,12,0,106,CARDINAL,12,15
uc1.b3457590,121,0,0,half,CARDINAL,0,4
uc1.b3457590,121,0,1,Harris,PERSON,52,58
uc1.b3457590,121,0,2,half,CARDINAL,73,77
uc1.b3457590,121,0,3,Granny Jacobs,PERSON,93,106
uc1.b3457590,121,1,0,Negroes,NORP,42,49
uc1.b3457590,121,2,0,Granny,PERSON,25,31
uc1.b3457590,121,2,1,Harris,PERSON,45,51
uc1.b3457590,121,2,2,Jacobs County,GPE,179,192
uc1.b3457590,121,5,0,three thousand,CARDINAL,23,37
uc1.b3457590,121,5,1,Negroes,NORP,38,45
uc1.b3457590,121,5,2,tonight,TIME,91,98
uc1.b3457590,121,6,0,tonight,TIME,7,14
uc1.b3457590,121,6,1,one,CARDINAL,41,44
uc1.b3457590,121,6,2,earlier that day,TIME,61,77
uc1.b3457590,121,6,3,Jacobs County,GPE,125,138
uc1.b3457590,121,6,4,five hundred years old,DATE,171,193
uc1.b3457590,121,7,0,that night,TIME,61,71
uc1.b3457590,121,12,0,northerners,NORP,37,48
uc1.b3457590,121,12,1,niggers,NORP,117,124
uc1.b3457590,121,13,0,107,CARDINAL,14,17
uc1.b3457590,122,2,0,Wright,PERSON,93,99
uc1.b3457590,122,4,0,Yankee,NORP,76,82
uc1.b3457590,122,11,0,all day,DATE,27,34
uc1.b3457590,122,16,0,all night,TIME,43,52
uc1.b3457590,122,17,0,three,CARDINAL,28,33
uc1.b3457590,122,17,1,two,CARDINAL,56,59
uc1.b3457590,122,19,0,Bobbie Joe Willis,PERSON,0,17
uc1.b3457590,122,20,0,a minute,TIME,6,14
uc1.b3457590,122,21,0,Bobbie Joe,PERSON,11,21
uc1.b3457590,122,24,0,108,CARDINAL,0,3
uc1.b3457590,123,5,0,Pitch,PERSON,8,13
uc1.b3457590,123,6,0,tonight,TIME,31,38
uc1.b3457590,123,7,0,Bobbie Joe,PERSON,10,20
uc1.b3457590,123,11,0,four hundred,CARDINAL,25,37
uc1.b3457590,123,12,0,the years,DATE,58,67
uc1.b3457590,123,14,0,about twelve,DATE,29,41
uc1.b3457590,124,5,0,Jacobs,PERSON,115,121
uc1.b3457590,124,9,0,tonight,TIME,69,76
uc1.b3457590,124,12,0,a minute,TIME,14,22
uc1.b3457590,124,14,0,tonight,TIME,71,78
uc1.b3457590,124,21,0,110,CARDINAL,93,96
uc1.b3457590,125,5,0,Jacobs,PERSON,110,116
uc1.b3457590,125,19,0,niggers,NORP,5,12
uc1.b3457590,126,9,0,Jacobsville,GPE,64,75
uc1.b3457590,126,11,0,Jacobsville,GPE,32,43
uc1.b3457590,126,12,0,two hundred yards,QUANTITY,58,75
uc1.b3457590,126,14,0,Negroes,NORP,16,23
uc1.b3457590,126,27,0,112,CARDINAL,0,3
uc1.b3457590,127,0,0,Sheriff,PERSON,5,12
uc1.b3457590,127,1,0,Josh,PERSON,0,4
uc1.b3457590,127,2,0,Josh,PERSON,1,5
uc1.b3457590,127,4,0,Josh,PERSON,13,17
uc1.b3457590,127,5,0,Pitch,PERSON,8,13
uc1.b3457590,127,7,0,Josh,PERSON,21,25
uc1.b3457590,127,9,0,Josh,PERSON,0,4
uc1.b3457590,127,9,1,only two years ago,DATE,48,66
uc1.b3457590,127,10,0,Josh,PERSON,8,12
uc1.b3457590,127,12,0,Josh,PERSON,0,4
uc1.b3457590,127,13,0,Sheriff,PERSON,28,35
uc1.b3457590,127,15,0,one,CARDINAL,55,58
uc1.b3457590,127,17,0,twenty,CARDINAL,21,27
uc1.b3457590,127,19,0,Sheriff,PERSON,14,21
uc1.b3457590,127,20,0,Josh,PERSON,5,9
uc1.b3457590,127,23,0,113,CARDINAL,10,13
uc1.b3457590,128,3,0,Josh,PERSON,0,4
uc1.b3457590,128,4,0,two,CARDINAL,11,14
uc1.b3457590,128,8,0,Josh,PERSON,1,5
uc1.b3457590,128,14,0,James Edward!,PERSON,0,13
uc1.b3457590,128,15,0,J.D.,PERSON,0,4
uc1.b3457590,128,16,0,Two,CARDINAL,0,3
uc1.b3457590,128,17,0,Josh,PERSON,0,4
uc1.b3457590,128,17,1,one,CARDINAL,12,15
uc1.b3457590,128,20,0,Josh,PERSON,0,4
uc1.b3457590,128,21,0,Negro,NORP,31,36
uc1.b3457590,128,22,0,Josh,PERSON,0,4
uc1.b3457590,128,24,0,Josh,PERSON,0,4
uc1.b3457590,128,24,1,one,CARDINAL,42,45
uc1.b3457590,128,26,0,114,CARDINAL,0,3
uc1.b3457590,134,0,0,14 DAY,DATE,1,7
uc1.b3457590,134,3,0,4 days priod,DATE,39,51
uc1.b3457590,134,5,0,University of California Berkeley,ORG,93,126
