vol_id,page,sentence_id,ent_id,entity,entity_type,start_char,end_char
uc1.$b182883,2,0,0,BURKOLIY LIBRARY UNIVERSITY OF CALIFORNIA,ORG,0,41
uc1.$b182883,4,0,0,RIIKITTY LIBRARY UNIVERSITY,ORG,0,27
uc1.$b182883,4,0,1,CALIFORNIA,GPE,31,41
uc1.$b182883,8,0,0,1,CARDINAL,0,1
uc1.$b182883,8,0,1,1,CARDINAL,6,7
uc1.$b182883,8,0,2,1,CARDINAL,8,9
uc1.$b182883,9,0,0,THE CLARION PEOPLE,WORK_OF_ART,0,18
uc1.$b182883,9,0,1,Audrey Lee McGRAW-HILL,PERSON,22,44
uc1.$b182883,9,0,2,NEW YORK,GPE,58,66
uc1.$b182883,9,0,3,TORONTO,GPE,67,74
uc1.$b182883,9,0,4,LONDON,GPE,75,81
uc1.$b182883,9,0,5,SYDNEY,GPE,82,88
uc1.$b182883,10,0,0,LOAN STACK THE CLARION PEOPLE,WORK_OF_ART,0,29
uc1.$b182883,10,1,0,1968,DATE,12,16
uc1.$b182883,10,1,1,Audrey Lee,PERSON,20,30
uc1.$b182883,10,3,0,the United States of America,GPE,11,39
uc1.$b182883,10,5,0,Library of Congress,ORG,0,19
uc1.$b182883,11,0,0,Catherine,PERSON,55,64
uc1.$b182883,11,0,1,Joan,PERSON,69,73
uc1.$b182883,11,0,2,Charles,PERSON,86,93
uc1.$b182883,11,0,3,Herbert Young,PERSON,101,114
uc1.$b182883,15,20,0,Herbert Young,PERSON,0,13
uc1.$b182883,15,23,0,a week ago,DATE,17,27
uc1.$b182883,16,9,0,night,TIME,3,8
uc1.$b182883,16,12,0,the early morning,TIME,17,34
uc1.$b182883,16,12,1,night,TIME,42,47
uc1.$b182883,16,48,0,4,CARDINAL,47,48
uc1.$b182883,18,0,0,1,CARDINAL,0,1
uc1.$b182883,18,0,1,1,CARDINAL,6,7
uc1.$b182883,18,0,2,1,CARDINAL,8,9
uc1.$b182883,18,0,3,1,CARDINAL,10,11
uc1.$b182883,19,0,0,1,CARDINAL,8,9
uc1.$b182883,19,3,0,Lillian Peoples,PERSON,0,15
uc1.$b182883,19,5,0,five,CARDINAL,51,55
uc1.$b182883,19,35,0,second,ORDINAL,27,33
uc1.$b182883,20,21,0,a mile,QUANTITY,31,37
uc1.$b182883,20,31,0,days,DATE,14,18
uc1.$b182883,20,32,0,Days,DATE,0,4
uc1.$b182883,21,2,0,these days,DATE,31,41
uc1.$b182883,21,6,0,one,CARDINAL,4,7
uc1.$b182883,21,9,0,one hundred miles,QUANTITY,20,37
uc1.$b182883,21,17,0,age twenty-one,DATE,99,113
uc1.$b182883,21,17,1,age twenty-one to twenty-five,DATE,155,184
uc1.$b182883,21,28,0,a perfect day,DATE,7,20
uc1.$b182883,21,36,0,The Hotel for Permanent and Transient Guests,ORG,0,44
uc1.$b182883,21,38,0,Negro,NORP,2,7
uc1.$b182883,21,38,1,third,ORDINAL,23,28
uc1.$b182883,21,39,0,Two,CARDINAL,0,3
uc1.$b182883,21,39,1,one,CARDINAL,32,35
uc1.$b182883,22,8,0,the winter,DATE,37,47
uc1.$b182883,22,13,0,Three,CARDINAL,0,5
uc1.$b182883,22,24,0,the morning,TIME,16,27
uc1.$b182883,22,29,0,Four,CARDINAL,0,4
uc1.$b182883,22,31,0,three,CARDINAL,42,47
uc1.$b182883,23,19,0,one,CARDINAL,53,56
uc1.$b182883,23,35,0,11,CARDINAL,1,3
uc1.$b182883,24,0,0,2,CARDINAL,8,9
uc1.$b182883,24,0,1,1,CARDINAL,10,11
uc1.$b182883,24,7,0,Jack,PERSON,13,17
uc1.$b182883,24,12,0,four o'clock in the morning,TIME,6,33
uc1.$b182883,24,17,0,second,ORDINAL,4,10
uc1.$b182883,24,28,0,Larry,PERSON,1,6
uc1.$b182883,24,29,0,Larry,PERSON,0,5
uc1.$b182883,24,32,0,Larry,PERSON,13,18
uc1.$b182883,24,36,0,Larry,PERSON,13,18
uc1.$b182883,24,40,0,Larry,PERSON,0,5
uc1.$b182883,25,0,0,three,CARDINAL,48,53
uc1.$b182883,25,1,0,a minute,TIME,10,18
uc1.$b182883,25,6,0,three,CARDINAL,4,9
uc1.$b182883,25,7,0,Larry,PERSON,12,17
uc1.$b182883,25,9,0,half,CARDINAL,24,28
uc1.$b182883,25,13,0,three,CARDINAL,4,9
uc1.$b182883,25,14,0,one,CARDINAL,35,38
uc1.$b182883,25,15,0,two,CARDINAL,34,37
uc1.$b182883,25,16,0,two,CARDINAL,4,7
uc1.$b182883,25,22,0,Ten,CARDINAL,0,3
uc1.$b182883,25,22,1,twelve,CARDINAL,5,11
uc1.$b182883,25,30,0,the evening,TIME,47,58
uc1.$b182883,26,3,0,the night,TIME,19,28
uc1.$b182883,26,4,0,the night,TIME,15,24
uc1.$b182883,26,5,0,ten,CARDINAL,9,12
uc1.$b182883,26,6,0,Ten,CARDINAL,1,4
uc1.$b182883,26,7,0,ten dollars,MONEY,9,20
uc1.$b182883,26,9,0,Ten,CARDINAL,1,4
uc1.$b182883,26,16,0,twenty,CARDINAL,9,15
uc1.$b182883,26,18,0,Thirty,CARDINAL,0,6
uc1.$b182883,26,19,0,Fifty,CARDINAL,0,5
uc1.$b182883,26,22,0,a hundred,CARDINAL,13,22
uc1.$b182883,26,27,0,two,CARDINAL,30,33
uc1.$b182883,26,34,0,first,ORDINAL,22,27
uc1.$b182883,27,2,0,Twenty dollars,MONEY,1,15
uc1.$b182883,27,9,0,Emma,PERSON,28,32
uc1.$b182883,27,12,0,Emma,PERSON,34,38
uc1.$b182883,27,17,0,One,CARDINAL,1,4
uc1.$b182883,27,17,1,two,CARDINAL,6,9
uc1.$b182883,27,17,2,three,CARDINAL,11,16
uc1.$b182883,27,18,0,One,CARDINAL,0,3
uc1.$b182883,27,18,1,two,CARDINAL,5,8
uc1.$b182883,27,18,2,three,CARDINAL,10,15
uc1.$b182883,27,21,0,Three,CARDINAL,0,5
uc1.$b182883,28,3,0,Nat,PERSON,16,19
uc1.$b182883,28,6,0,Nat,PERSON,0,3
uc1.$b182883,28,15,0,Nat,PERSON,6,9
uc1.$b182883,29,16,0,Nat,PERSON,0,3
uc1.$b182883,30,4,0,Dizzy,PERSON,32,37
uc1.$b182883,30,9,0,Dizzy,PERSON,19,24
uc1.$b182883,30,15,0,four in the morning,TIME,11,30
uc1.$b182883,30,27,0,Thirty-two,CARDINAL,1,11
uc1.$b182883,30,43,0,Rosa,PERSON,1,5
uc1.$b182883,30,45,0,Rosa,PERSON,0,4
uc1.$b182883,30,49,0,Rosa,PERSON,4,8
uc1.$b182883,30,55,0,18,CARDINAL,2,4
uc1.$b182883,31,34,0,19,CARDINAL,1,3
uc1.$b182883,32,0,0,3,CARDINAL,8,9
uc1.$b182883,32,1,0,The Hotel for Permanent and Transient Guests,ORG,0,44
uc1.$b182883,32,1,1,eight,CARDINAL,71,76
uc1.$b182883,32,1,2,five,CARDINAL,89,93
uc1.$b182883,32,15,0,early-morning,TIME,32,45
uc1.$b182883,32,19,0,every day,DATE,35,44
uc1.$b182883,32,24,0,Irishman,NORP,3,11
uc1.$b182883,32,24,1,one,CARDINAL,17,20
uc1.$b182883,32,29,0,20,CARDINAL,2,4
uc1.$b182883,33,1,0,Nat,PERSON,0,3
uc1.$b182883,33,8,0,one,CARDINAL,75,78
uc1.$b182883,33,27,0,21,CARDINAL,2,4
uc1.$b182883,34,0,0,third,ORDINAL,11,16
uc1.$b182883,34,2,0,every day,DATE,22,31
uc1.$b182883,34,13,0,his middle years,DATE,25,41
uc1.$b182883,35,17,0,a few inches,QUANTITY,52,64
uc1.$b182883,35,39,0,Nat,PERSON,0,3
uc1.$b182883,36,2,0,Two,CARDINAL,0,3
uc1.$b182883,36,4,0,Nat,PERSON,85,88
uc1.$b182883,36,5,0,Adam,PERSON,11,15
uc1.$b182883,36,15,0,several inches,QUANTITY,30,44
uc1.$b182883,36,30,0,Nat,PERSON,0,3
uc1.$b182883,36,34,0,24,CARDINAL,53,55
uc1.$b182883,37,8,0,Nat,PERSON,18,21
uc1.$b182883,37,13,0,Adam,PERSON,39,43
uc1.$b182883,37,13,1,Pete,PERSON,53,57
uc1.$b182883,37,17,0,Whitey,PERSON,0,6
uc1.$b182883,37,21,0,three,CARDINAL,31,36
uc1.$b182883,37,27,0,Pete,PERSON,0,4
uc1.$b182883,37,34,0,Pete,PERSON,0,4
uc1.$b182883,37,37,0,Celeste,PERSON,0,7
uc1.$b182883,37,42,0,Whitey,PERSON,25,31
uc1.$b182883,37,43,0,three,CARDINAL,4,9
uc1.$b182883,38,2,0,Nat,PERSON,0,3
uc1.$b182883,38,8,0,Whitey,PERSON,24,30
uc1.$b182883,38,14,0,Pete,PERSON,0,4
uc1.$b182883,38,15,0,three,CARDINAL,4,9
uc1.$b182883,38,19,0,Nat,PERSON,0,3
uc1.$b182883,38,20,0,Celeste,PERSON,0,7
uc1.$b182883,38,21,0,Whitey,PERSON,34,40
uc1.$b182883,38,21,1,Pete,PERSON,44,48
uc1.$b182883,38,24,0,three,CARDINAL,32,37
uc1.$b182883,38,33,0,Celeste,PERSON,17,24
uc1.$b182883,38,40,0,26,CARDINAL,2,4
uc1.$b182883,39,8,0,Pete,PERSON,2,6
uc1.$b182883,39,17,0,Nat,PERSON,42,45
uc1.$b182883,39,19,0,Pete,PERSON,16,20
uc1.$b182883,39,27,0,Celeste,PERSON,0,7
uc1.$b182883,39,30,0,Nat,PERSON,28,31
uc1.$b182883,39,32,0,Pete,PERSON,40,44
uc1.$b182883,39,44,0,One hundred dollars,MONEY,0,19
uc1.$b182883,39,45,0,two years,DATE,53,62
uc1.$b182883,39,46,0,Two years,DATE,0,9
uc1.$b182883,40,10,0,two,CARDINAL,32,35
uc1.$b182883,40,18,0,Cathedral,FAC,53,62
uc1.$b182883,40,19,0,Cathedral,FAC,33,42
uc1.$b182883,40,24,0,one,CARDINAL,104,107
uc1.$b182883,40,24,1,at least one,CARDINAL,170,182
uc1.$b182883,40,25,0,one,CARDINAL,23,26
uc1.$b182883,40,44,0,( 28,DATE,23,27
uc1.$b182883,41,15,0,winter,DATE,7,13
uc1.$b182883,41,24,0,Bible,WORK_OF_ART,30,35
uc1.$b182883,41,27,0,Jezebel,PERSON,1,8
uc1.$b182883,41,29,0,Jezebel,PERSON,0,7
uc1.$b182883,41,31,0,Jezebel,PERSON,10,17
uc1.$b182883,41,32,0,Delilah,PERSON,7,14
uc1.$b182883,41,40,0,29,CARDINAL,25,27
uc1.$b182883,42,0,0,first,ORDINAL,48,53
uc1.$b182883,42,13,0,four,CARDINAL,17,21
uc1.$b182883,42,22,0,tonight,TIME,28,35
uc1.$b182883,42,31,0,Nat,PERSON,0,3
uc1.$b182883,42,40,0,30,CARDINAL,2,4
uc1.$b182883,43,0,0,4,CARDINAL,8,9
uc1.$b182883,43,20,0,seconds,TIME,79,86
uc1.$b182883,43,21,0,degrees of,TIME,3,13
uc1.$b182883,43,21,1,minutes,TIME,14,21
uc1.$b182883,43,22,0,those seconds,TIME,49,62
uc1.$b182883,43,22,1,minutes,TIME,64,71
uc1.$b182883,43,41,0,31,CARDINAL,28,30
uc1.$b182883,44,54,0,32,CARDINAL,32,34
uc1.$b182883,45,2,0,first,ORDINAL,31,36
uc1.$b182883,45,3,0,morning,TIME,31,38
uc1.$b182883,45,4,0,the night,TIME,23,32
uc1.$b182883,45,5,0,Herbert,PERSON,0,7
uc1.$b182883,45,18,0,Herbert,PERSON,16,23
uc1.$b182883,45,23,0,Herbert,PERSON,31,38
uc1.$b182883,45,31,0,six feet something,QUANTITY,10,28
uc1.$b182883,45,32,0,at least two hundred pounds,QUANTITY,4,31
uc1.$b182883,45,36,0,33,DATE,12,14
uc1.$b182883,46,20,0,Herbert,PERSON,1,8
uc1.$b182883,46,25,0,Herbert,PERSON,1,8
uc1.$b182883,46,32,0,Herbert,PERSON,1,8
uc1.$b182883,46,36,0,Herbert,PERSON,1,8
uc1.$b182883,47,14,0,one,CARDINAL,10,13
uc1.$b182883,47,14,1,one,CARDINAL,23,26
uc1.$b182883,47,37,0,Day,DATE,0,3
uc1.$b182883,47,42,0,35,CARDINAL,10,12
uc1.$b182883,48,14,0,Bible,WORK_OF_ART,35,40
uc1.$b182883,48,15,0,first,ORDINAL,68,73
uc1.$b182883,48,30,0,night,TIME,99,104
uc1.$b182883,48,35,0,Spring,DATE,0,6
uc1.$b182883,48,36,0,the summer,DATE,35,45
uc1.$b182883,48,36,1,the fall,DATE,57,65
uc1.$b182883,48,36,2,winter,DATE,75,81
uc1.$b182883,48,41,0,36,CARDINAL,2,4
uc1.$b182883,49,2,0,one,CARDINAL,17,20
uc1.$b182883,49,44,0,37,CARDINAL,22,24
uc1.$b182883,50,3,0,one day,DATE,64,71
uc1.$b182883,50,10,0,Two,CARDINAL,0,3
uc1.$b182883,50,31,0,Santa Claus,PERSON,48,59
uc1.$b182883,50,35,0,38,CARDINAL,2,4
uc1.$b182883,51,5,0,twenty,CARDINAL,15,21
uc1.$b182883,51,5,1,American,NORP,75,83
uc1.$b182883,51,17,0,the lunch hour,TIME,35,49
uc1.$b182883,51,27,0,39,CARDINAL,5,7
uc1.$b182883,52,1,0,half,CARDINAL,50,54
uc1.$b182883,52,2,0,a minute,TIME,6,14
uc1.$b182883,52,3,0,a dollar,MONEY,11,19
uc1.$b182883,53,33,0,ten,CARDINAL,17,20
uc1.$b182883,53,34,0,41,CARDINAL,53,55
uc1.$b182883,54,0,0,1 1,CARDINAL,0,3
uc1.$b182883,54,2,0,Four,CARDINAL,0,4
uc1.$b182883,54,2,1,a month,DATE,46,53
uc1.$b182883,54,3,0,Nat,PERSON,7,10
uc1.$b182883,54,5,0,Nat,PERSON,0,3
uc1.$b182883,54,8,0,Nat,PERSON,0,3
uc1.$b182883,54,34,0,Nat,PERSON,0,3
uc1.$b182883,54,43,0,1,CARDINAL,4,5
uc1.$b182883,54,43,1,42,CARDINAL,8,10
uc1.$b182883,55,20,0,Nat,PERSON,0,3
uc1.$b182883,55,24,0,Nat,PERSON,57,60
uc1.$b182883,55,26,0,6,CARDINAL,8,9
uc1.$b182883,55,35,0,a full night's,TIME,13,27
uc1.$b182883,55,36,0,43,CARDINAL,6,8
uc1.$b182883,56,14,0,today,DATE,46,51
uc1.$b182883,56,36,0,Three,CARDINAL,0,5
uc1.$b182883,56,49,0,44,CARDINAL,10,12
uc1.$b182883,57,5,0,one,CARDINAL,81,84
uc1.$b182883,57,17,0,Two,CARDINAL,0,3
uc1.$b182883,57,27,0,Lillian,PERSON,35,42
uc1.$b182883,57,31,0,Lillian,PERSON,22,29
uc1.$b182883,57,32,0,Lillian,PERSON,0,7
uc1.$b182883,57,34,0,Nat,PERSON,6,9
uc1.$b182883,57,43,0,45,CARDINAL,2,4
uc1.$b182883,58,0,0,Lillian,PERSON,38,45
uc1.$b182883,58,2,0,Nat,PERSON,18,21
uc1.$b182883,58,38,0,46,CARDINAL,2,4
uc1.$b182883,59,2,0,first,ORDINAL,32,37
uc1.$b182883,59,36,0,Two,CARDINAL,0,3
uc1.$b182883,59,36,1,47,CARDINAL,20,22
uc1.$b182883,60,21,0,Amy,PERSON,55,58
uc1.$b182883,60,31,0,Amy,PERSON,5,8
uc1.$b182883,60,32,0,Amy,PERSON,23,26
uc1.$b182883,60,42,0,Amy,PERSON,37,40
uc1.$b182883,60,45,0,two,CARDINAL,36,39
uc1.$b182883,60,56,0,48,CARDINAL,12,14
uc1.$b182883,61,0,0,the cold days,DATE,6,19
uc1.$b182883,61,10,0,The first week,DATE,0,14
uc1.$b182883,61,20,0,Nat,PERSON,22,25
uc1.$b182883,61,43,0,49,CARDINAL,16,18
uc1.$b182883,62,1,0,the Middle Ages,DATE,37,52
uc1.$b182883,62,17,0,these days,DATE,29,39
uc1.$b182883,62,39,0,these days,DATE,13,23
uc1.$b182883,62,51,0,a ( 50 ),CARDINAL,58,66
uc1.$b182883,63,10,0,One,CARDINAL,0,3
uc1.$b182883,63,12,0,7,CARDINAL,8,9
uc1.$b182883,63,12,1,Nat,PERSON,11,14
uc1.$b182883,63,13,0,the other day,DATE,27,40
uc1.$b182883,63,24,0,Lillian,PERSON,1,8
uc1.$b182883,63,33,0,Nat,PERSON,1,4
uc1.$b182883,64,27,0,Lillian,PERSON,28,35
uc1.$b182883,64,36,0,Nat,PERSON,9,12
uc1.$b182883,64,56,0,52,CARDINAL,3,5
uc1.$b182883,65,0,0,Nat,PERSON,1,4
uc1.$b182883,65,3,0,Nat,PERSON,7,10
uc1.$b182883,65,15,0,half,CARDINAL,23,27
uc1.$b182883,65,15,1,Bible,WORK_OF_ART,90,95
uc1.$b182883,65,39,0,Lillian,PERSON,29,36
uc1.$b182883,65,40,0,a minute,TIME,29,37
uc1.$b182883,65,43,0,Lillian,PERSON,30,37
uc1.$b182883,65,48,0,third,ORDINAL,37,42
uc1.$b182883,66,0,0,Nat,PERSON,20,23
uc1.$b182883,66,5,0,Nat,PERSON,19,22
uc1.$b182883,66,13,0,Lillian,PERSON,17,24
uc1.$b182883,66,29,0,Peoples,PERSON,31,38
uc1.$b182883,66,45,0,One,CARDINAL,0,3
uc1.$b182883,66,46,0,One,CARDINAL,0,3
uc1.$b182883,66,49,0,54,CARDINAL,2,4
uc1.$b182883,67,0,0,Lillian,PERSON,1,8
uc1.$b182883,67,2,0,a bad day,DATE,6,15
uc1.$b182883,67,6,0,night,TIME,6,11
uc1.$b182883,67,7,0,8,CARDINAL,8,9
uc1.$b182883,67,26,0,all night,TIME,37,46
uc1.$b182883,67,35,0,55,CARDINAL,16,18
uc1.$b182883,68,27,0,Peoples,PERSON,22,29
uc1.$b182883,68,33,0,Lillian,PERSON,39,46
uc1.$b182883,68,37,0,Arnold,PERSON,17,23
uc1.$b182883,68,40,0,56,CARDINAL,2,4
uc1.$b182883,69,14,0,one,CARDINAL,44,47
uc1.$b182883,69,36,0,57,CARDINAL,2,4
uc1.$b182883,70,16,0,all day,DATE,15,22
uc1.$b182883,70,31,0,a minute ago,TIME,28,40
uc1.$b182883,70,34,0,Bible,WORK_OF_ART,19,24
uc1.$b182883,70,38,0,58,CARDINAL,2,4
uc1.$b182883,71,12,0,second,ORDINAL,83,89
uc1.$b182883,71,15,0,Nat,PERSON,0,3
uc1.$b182883,71,16,0,Pete,PERSON,0,4
uc1.$b182883,71,16,1,Celeste,PERSON,6,13
uc1.$b182883,71,16,2,Whitey,PERSON,19,25
uc1.$b182883,71,17,0,Nat,PERSON,38,41
uc1.$b182883,71,19,0,Pete,PERSON,0,4
uc1.$b182883,71,20,0,Celeste,PERSON,0,7
uc1.$b182883,71,21,0,Whitey,PERSON,0,6
uc1.$b182883,71,22,0,Nat,PERSON,24,27
uc1.$b182883,71,27,0,Nat,PERSON,6,9
uc1.$b182883,71,28,0,Nat,PERSON,4,7
uc1.$b182883,71,31,0,Pete,PERSON,18,22
uc1.$b182883,71,36,0,Celeste,PERSON,0,7
uc1.$b182883,71,37,0,59,CARDINAL,19,21
uc1.$b182883,72,3,0,Nat,PERSON,0,3
uc1.$b182883,72,3,1,Pete,PERSON,9,13
uc1.$b182883,72,4,0,Two,CARDINAL,0,3
uc1.$b182883,72,5,0,Pete,PERSON,27,31
uc1.$b182883,72,6,0,Pete,PERSON,0,4
uc1.$b182883,72,7,0,five years,DATE,29,39
uc1.$b182883,72,8,0,Nat,PERSON,29,32
uc1.$b182883,72,10,0,Celeste,PERSON,0,7
uc1.$b182883,72,11,0,Nat,PERSON,0,3
uc1.$b182883,72,12,0,Whitey,PERSON,0,6
uc1.$b182883,72,13,0,Whitey,PERSON,25,31
uc1.$b182883,72,14,0,Nat,PERSON,22,25
uc1.$b182883,72,15,0,Pete,PERSON,41,45
uc1.$b182883,72,15,1,Whitey,PERSON,47,53
uc1.$b182883,72,15,2,Celeste,PERSON,55,62
uc1.$b182883,72,36,0,60,CARDINAL,2,4
uc1.$b182883,73,26,0,first,ORDINAL,16,21
uc1.$b182883,73,28,0,two,CARDINAL,31,34
uc1.$b182883,73,37,0,61,DATE,5,7
uc1.$b182883,74,19,0,Nat,PERSON,0,3
uc1.$b182883,74,33,0,at least an hour,TIME,21,37
uc1.$b182883,75,0,0,Spanish,LANGUAGE,9,16
uc1.$b182883,75,2,0,the night,TIME,79,88
uc1.$b182883,76,21,0,one,CARDINAL,102,105
uc1.$b182883,76,31,0,two hours,TIME,6,15
uc1.$b182883,76,44,0,1,CARDINAL,0,1
uc1.$b182883,77,11,0,a moment,TIME,26,34
uc1.$b182883,77,13,0,first,ORDINAL,32,37
uc1.$b182883,77,13,1,Bibles,PRODUCT,57,63
uc1.$b182883,77,14,0,the Sons and Daughters of the Faith Church,ORG,23,65
uc1.$b182883,77,16,0,two,CARDINAL,17,20
uc1.$b182883,77,25,0,two,CARDINAL,42,45
uc1.$b182883,77,25,1,Bibles,PRODUCT,63,69
uc1.$b182883,77,35,0,Scripture,WORK_OF_ART,17,26
uc1.$b182883,78,11,0,twelve,CARDINAL,157,163
uc1.$b182883,78,11,1,every month,DATE,204,215
uc1.$b182883,78,14,0,Jesus,PERSON,20,25
uc1.$b182883,79,0,0,minutes,TIME,19,26
uc1.$b182883,79,9,0,third,ORDINAL,2,7
uc1.$b182883,79,9,1,several feet,QUANTITY,31,43
uc1.$b182883,79,11,0,one,CARDINAL,7,10
uc1.$b182883,80,13,0,first,ORDINAL,5,10
uc1.$b182883,81,0,0,ten,CARDINAL,0,3
uc1.$b182883,81,11,0,Herbert,PERSON,0,7
uc1.$b182883,81,14,0,today,DATE,26,31
uc1.$b182883,81,21,0,two,CARDINAL,45,48
uc1.$b182883,81,22,0,Lillian,PERSON,47,54
uc1.$b182883,81,35,0,Herbert,PERSON,9,16
uc1.$b182883,81,49,0,22,CARDINAL,17,19
uc1.$b182883,82,12,0,Herbert,PERSON,17,24
uc1.$b182883,82,18,0,today,DATE,36,41
uc1.$b182883,82,19,0,moments,TIME,30,37
uc1.$b182883,82,21,0,first,ORDINAL,53,58
uc1.$b182883,82,22,0,between that time,DATE,28,45
uc1.$b182883,82,29,0,yesterday,DATE,49,58
uc1.$b182883,82,29,1,the day before,DATE,60,74
uc1.$b182883,82,38,0,evening,TIME,4,11
uc1.$b182883,82,43,0,Herbert,PERSON,0,7
uc1.$b182883,82,45,0,70,CARDINAL,54,56
uc1.$b182883,83,3,0,the other day,DATE,35,48
uc1.$b182883,83,17,0,Herbert,PERSON,42,49
uc1.$b182883,83,32,0,171,CARDINAL,0,3
uc1.$b182883,84,11,0,five o'clock in the morning,TIME,16,43
uc1.$b182883,84,27,0,second,ORDINAL,4,10
uc1.$b182883,85,10,0,Two,CARDINAL,0,3
uc1.$b182883,85,25,0,autumn,DATE,21,27
uc1.$b182883,85,26,0,autumn,DATE,4,10
uc1.$b182883,85,36,0,Nat,PERSON,0,3
uc1.$b182883,85,39,0,Nat,PERSON,17,20
uc1.$b182883,86,6,0,Nat,PERSON,0,3
uc1.$b182883,86,16,0,today,DATE,20,25
uc1.$b182883,86,25,0,tomorrow,DATE,19,27
uc1.$b182883,86,28,0,TWENTY-FIVE-DOLLAR,CARDINAL,30,48
uc1.$b182883,86,39,0,Nat,PERSON,33,36
uc1.$b182883,86,40,0,Nat,PERSON,0,3
uc1.$b182883,87,11,0,Nat,PERSON,0,3
uc1.$b182883,88,3,0,Nat,PERSON,0,3
uc1.$b182883,88,4,0,three,CARDINAL,50,55
uc1.$b182883,88,19,0,Nat,PERSON,41,44
uc1.$b182883,88,22,0,Nat,PERSON,0,3
uc1.$b182883,88,23,0,one,CARDINAL,29,32
uc1.$b182883,88,25,0,Nat,PERSON,99,102
uc1.$b182883,88,26,0,Nat,PERSON,15,18
uc1.$b182883,88,33,0,Nat,PERSON,0,3
uc1.$b182883,88,33,1,about thirty-five,DATE,7,24
uc1.$b182883,89,6,0,Celeste,PERSON,0,7
uc1.$b182883,89,14,0,Nathanielyou've,PERSON,19,34
uc1.$b182883,89,15,0,Nathaniel,PERSON,5,14
uc1.$b182883,89,15,1,Nathaniel,PERSON,32,41
uc1.$b182883,89,17,0,Five years ago,DATE,0,14
uc1.$b182883,89,18,0,twenty-six,DATE,37,47
uc1.$b182883,89,20,0,sixty-six,DATE,21,30
uc1.$b182883,89,21,0,Twenty-six,DATE,0,10
uc1.$b182883,89,26,0,Nathaniel,PERSON,0,9
uc1.$b182883,89,33,0,Lillian,PERSON,1,8
uc1.$b182883,89,36,0,Nathaniel,PERSON,27,36
uc1.$b182883,89,45,0,Lillian,PERSON,6,13
uc1.$b182883,89,47,0,Nathaniel,PERSON,0,9
uc1.$b182883,89,49,0,7,CARDINAL,13,14
uc1.$b182883,89,50,0,77,CARDINAL,2,4
uc1.$b182883,90,4,0,Twenty-one,DATE,0,10
uc1.$b182883,90,5,0,more than twenty-one,CARDINAL,13,33
uc1.$b182883,90,6,0,Nat,PERSON,4,7
uc1.$b182883,90,12,0,Nathaniel,PERSON,0,9
uc1.$b182883,90,22,0,twenty-one,DATE,30,40
uc1.$b182883,90,22,1,that night,TIME,47,57
uc1.$b182883,90,22,2,six years old,DATE,69,82
uc1.$b182883,90,44,0,days,DATE,8,12
uc1.$b182883,90,46,0,one day,DATE,15,22
uc1.$b182883,90,46,1,twenty-one,DATE,35,45
uc1.$b182883,90,46,2,that night,TIME,61,71
uc1.$b182883,91,12,0,a day,DATE,22,27
uc1.$b182883,91,13,0,The next day,DATE,0,12
uc1.$b182883,91,23,0,the first month,DATE,6,21
uc1.$b182883,91,29,0,twenty-one,DATE,7,17
uc1.$b182883,91,29,1,that night,TIME,50,60
uc1.$b182883,92,5,0,one,CARDINAL,9,12
uc1.$b182883,92,6,0,Nathaniel,PERSON,6,15
uc1.$b182883,92,8,0,Nathaniel,PERSON,8,17
uc1.$b182883,92,14,0,Nat,PERSON,6,9
uc1.$b182883,92,17,0,Nathaniel,PERSON,0,9
uc1.$b182883,92,21,0,first,ORDINAL,9,14
uc1.$b182883,92,28,0,Celeste,PERSON,0,7
uc1.$b182883,92,30,0,first,ORDINAL,24,29
uc1.$b182883,92,31,0,only a minute ago,TIME,44,61
uc1.$b182883,92,32,0,Nat,PERSON,0,3
uc1.$b182883,92,33,0,Celeste,PERSON,52,59
uc1.$b182883,92,35,0,only an hour,TIME,9,21
uc1.$b182883,92,37,0,Celeste,PERSON,17,24
uc1.$b182883,92,40,0,80,CARDINAL,2,4
uc1.$b182883,93,0,0,a few minutes,TIME,15,28
uc1.$b182883,93,0,1,Nat,PERSON,30,33
uc1.$b182883,93,5,0,only two,CARDINAL,10,18
uc1.$b182883,93,13,0,Celeste,PERSON,11,18
uc1.$b182883,93,13,1,Nat,PERSON,31,34
uc1.$b182883,93,24,0,Nat,PERSON,40,43
uc1.$b182883,93,30,0,Lil,PERSON,34,37
uc1.$b182883,93,33,0,Celeste,PERSON,26,33
uc1.$b182883,93,44,0,81,CARDINAL,2,4
uc1.$b182883,94,0,0,12,CARDINAL,8,10
uc1.$b182883,94,15,0,One,CARDINAL,0,3
uc1.$b182883,95,11,0,One,CARDINAL,0,3
uc1.$b182883,95,14,0,Nat,PERSON,8,11
uc1.$b182883,95,45,0,83,CARDINAL,4,6
uc1.$b182883,96,6,0,Nat,PERSON,20,23
uc1.$b182883,96,7,0,Lil,PERSON,1,4
uc1.$b182883,96,8,0,Nat,PERSON,12,15
uc1.$b182883,96,16,0,Lil,PERSON,17,20
uc1.$b182883,96,40,0,Lillian,PERSON,18,25
uc1.$b182883,96,49,0,Lillian,PERSON,37,44
uc1.$b182883,97,16,0,Lillian,PERSON,13,20
uc1.$b182883,97,38,0,Lillian,PERSON,1,8
uc1.$b182883,98,2,0,first,ORDINAL,76,81
uc1.$b182883,98,7,0,13,CARDINAL,8,10
uc1.$b182883,98,17,0,this noon,TIME,40,49
uc1.$b182883,98,32,0,86,CARDINAL,40,42
uc1.$b182883,99,10,0,seasons,DATE,30,37
uc1.$b182883,99,29,0,Eden,LOC,56,60
uc1.$b182883,99,31,0,Herbert,PERSON,1,8
uc1.$b182883,99,37,0,One day,DATE,0,7
uc1.$b182883,100,5,0,Herbert,PERSON,1,8
uc1.$b182883,100,31,0,Herbert,PERSON,1,8
uc1.$b182883,100,33,0,the day before yesterday,DATE,51,75
uc1.$b182883,100,34,0,your day,DATE,35,43
uc1.$b182883,101,1,0,yesterday,DATE,19,28
uc1.$b182883,101,1,1,the first day,DATE,32,45
uc1.$b182883,101,5,0,half,CARDINAL,13,17
uc1.$b182883,101,5,1,one half,CARDINAL,29,37
uc1.$b182883,101,16,0,Herbert,PERSON,9,16
uc1.$b182883,101,26,0,Mary,PERSON,19,23
uc1.$b182883,101,30,0,Arnold,PERSON,4,10
uc1.$b182883,101,33,0,Herbert,PERSON,3,10
uc1.$b182883,102,7,0,Herbert,PERSON,16,23
uc1.$b182883,102,8,0,Herbert Young,PERSON,16,29
uc1.$b182883,103,6,0,14,CARDINAL,8,10
uc1.$b182883,103,8,0,Nat,PERSON,53,56
uc1.$b182883,103,22,0,Nat,PERSON,0,3
uc1.$b182883,103,28,0,autumn,DATE,10,16
uc1.$b182883,104,12,0,Nat,PERSON,0,3
uc1.$b182883,104,40,0,Pete,PERSON,0,4
uc1.$b182883,104,40,1,Nat,PERSON,19,22
uc1.$b182883,104,40,2,Adam,PERSON,61,65
uc1.$b182883,104,43,0,Lillian,PERSON,1,8
uc1.$b182883,105,0,0,one,CARDINAL,32,35
uc1.$b182883,105,1,0,Pete,PERSON,1,5
uc1.$b182883,105,10,0,One,CARDINAL,0,3
uc1.$b182883,105,12,0,Pete,PERSON,5,9
uc1.$b182883,105,36,0,Pete,PERSON,1,5
uc1.$b182883,105,39,0,Nat,PERSON,0,3
uc1.$b182883,105,40,0,Pete,PERSON,1,5
uc1.$b182883,105,40,1,Nat,PERSON,28,31
uc1.$b182883,105,42,0,Nat,PERSON,22,25
uc1.$b182883,105,43,0,Nathaniel,PERSON,26,35
uc1.$b182883,106,1,0,Pete,PERSON,1,5
uc1.$b182883,106,2,0,Lillian,PERSON,27,34
uc1.$b182883,106,3,0,Nathaniel,PERSON,20,29
uc1.$b182883,106,21,0,tomato,PERSON,18,24
uc1.$b182883,106,27,0,tomato,PERSON,15,21
uc1.$b182883,106,29,0,Pete,PERSON,30,34
uc1.$b182883,106,35,0,first,ORDINAL,9,14
uc1.$b182883,106,43,0,first,ORDINAL,21,26
uc1.$b182883,106,45,0,Celeste,PERSON,0,7
uc1.$b182883,106,46,0,Whitey,PERSON,0,6
uc1.$b182883,106,47,0,( 94,DATE,37,41
uc1.$b182883,107,2,0,Nat,PERSON,4,7
uc1.$b182883,107,3,0,Pete,PERSON,0,4
uc1.$b182883,107,9,0,Pete,PERSON,32,36
uc1.$b182883,107,18,0,the hours,TIME,17,26
uc1.$b182883,107,19,0,half the night,TIME,12,26
uc1.$b182883,107,20,0,five minutes,TIME,15,27
uc1.$b182883,107,26,0,Pete,PERSON,8,12
uc1.$b182883,107,26,1,Pete,PERSON,16,20
uc1.$b182883,107,38,0,Pete,PERSON,28,32
uc1.$b182883,107,43,0,95,CARDINAL,72,74
uc1.$b182883,108,28,0,all night,TIME,38,47
uc1.$b182883,108,31,0,Pete,PERSON,0,4
uc1.$b182883,108,32,0,Pete,PERSON,11,15
uc1.$b182883,108,34,0,Pete,PERSON,25,29
uc1.$b182883,109,1,0,Pete,PERSON,2,6
uc1.$b182883,109,5,0,Pete,PERSON,0,4
uc1.$b182883,109,24,0,Pete,PERSON,18,22
uc1.$b182883,109,25,0,Pete,PERSON,0,4
uc1.$b182883,109,30,0,Pete,PERSON,19,23
uc1.$b182883,109,44,0,97,CARDINAL,3,5
uc1.$b182883,110,0,0,Pete,PERSON,22,26
uc1.$b182883,110,5,0,Pete,PERSON,0,4
uc1.$b182883,110,27,0,Pete,PERSON,12,16
uc1.$b182883,110,29,0,Pete,PERSON,11,15
uc1.$b182883,110,31,0,Lil,PERSON,5,8
uc1.$b182883,110,32,0,Nat,PERSON,7,10
uc1.$b182883,110,32,1,a minute,TIME,28,36
uc1.$b182883,110,32,2,Pete,PERSON,38,42
uc1.$b182883,110,33,0,tomorrow,DATE,18,26
uc1.$b182883,110,33,1,Lillian,PERSON,28,35
uc1.$b182883,110,34,0,Pete,PERSON,35,39
uc1.$b182883,110,35,0,Nat,PERSON,12,15
uc1.$b182883,110,36,0,98,CARDINAL,3,5
uc1.$b182883,111,2,0,about midnight,TIME,5,19
uc1.$b182883,111,9,0,Negro,NORP,4,9
uc1.$b182883,111,10,0,about twelve years old,DATE,7,29
uc1.$b182883,111,11,0,Two,CARDINAL,0,3
uc1.$b182883,111,13,0,two,CARDINAL,18,21
uc1.$b182883,111,20,0,two,CARDINAL,19,22
uc1.$b182883,112,3,0,Two,CARDINAL,0,3
uc1.$b182883,112,4,0,one,CARDINAL,35,38
uc1.$b182883,112,35,0,1,CARDINAL,6,7
uc1.$b182883,112,35,1,100,CARDINAL,12,15
uc1.$b182883,113,5,0,one,CARDINAL,7,10
uc1.$b182883,113,5,1,three,CARDINAL,72,77
uc1.$b182883,113,12,0,two,CARDINAL,4,7
uc1.$b182883,113,17,0,two,CARDINAL,4,7
uc1.$b182883,114,21,0,tonight,TIME,33,40
uc1.$b182883,114,25,0,the night,TIME,15,24
uc1.$b182883,114,25,1,tomorrow,DATE,104,112
uc1.$b182883,114,27,0,two,CARDINAL,4,7
uc1.$b182883,115,25,0,15 7,CARDINAL,8,12
uc1.$b182883,115,60,0,103,CARDINAL,1,4
uc1.$b182883,116,2,0,Mary Anne,PERSON,44,53
uc1.$b182883,116,20,0,Mary Anne,PERSON,5,14
uc1.$b182883,116,71,0,Lillian-Lillian,PERSON,1,16
uc1.$b182883,116,79,0,Celeste,PERSON,0,7
uc1.$b182883,117,1,0,Celeste,PERSON,1,8
uc1.$b182883,117,7,0,Nathaniel,PERSON,7,16
uc1.$b182883,117,16,0,Nat,PERSON,31,34
uc1.$b182883,117,25,0,Nat,PERSON,1,4
uc1.$b182883,118,0,0,Celeste,PERSON,10,17
uc1.$b182883,118,6,0,Celeste,PERSON,1,8
uc1.$b182883,118,11,0,Celeste,PERSON,20,27
uc1.$b182883,118,14,0,Nat,PERSON,19,22
uc1.$b182883,118,18,0,Celeste,PERSON,17,24
uc1.$b182883,118,21,0,Sanitation Department,ORG,4,25
uc1.$b182883,118,23,0,night,TIME,11,16
uc1.$b182883,118,26,0,early in the morning,TIME,12,32
uc1.$b182883,118,27,0,noontime,TIME,3,11
uc1.$b182883,118,28,0,night,TIME,3,8
uc1.$b182883,118,33,0,Pete,PERSON,30,34
uc1.$b182883,118,50,0,106,CARDINAL,2,5
uc1.$b182883,119,0,0,Pete,PERSON,27,31
uc1.$b182883,119,9,0,thirty-five,DATE,9,20
uc1.$b182883,119,10,0,Pete,PERSON,20,24
uc1.$b182883,119,28,0,Lillian,PERSON,11,18
uc1.$b182883,119,31,0,Nat,PERSON,0,3
uc1.$b182883,119,33,0,Pete,PERSON,0,4
uc1.$b182883,119,36,0,107,CARDINAL,2,5
uc1.$b182883,120,0,0,Lil,PERSON,26,29
uc1.$b182883,120,4,0,Nat,PERSON,24,27
uc1.$b182883,120,12,0,Nat,PERSON,24,27
uc1.$b182883,120,15,0,Nat,PERSON,76,79
uc1.$b182883,120,15,1,two,CARDINAL,121,124
uc1.$b182883,120,16,0,Nat,PERSON,14,17
uc1.$b182883,120,16,1,Nat,PERSON,41,44
uc1.$b182883,120,22,0,Lillian,PERSON,41,48
uc1.$b182883,120,23,0,Halloween,DATE,59,68
uc1.$b182883,120,24,0,the day before,DATE,50,64
uc1.$b182883,120,28,0,Celeste,PERSON,64,71
uc1.$b182883,120,28,1,Pete,PERSON,73,77
uc1.$b182883,120,28,2,Whitey,PERSON,79,85
uc1.$b182883,120,31,0,108,CARDINAL,33,36
uc1.$b182883,121,4,0,a minute,TIME,19,27
uc1.$b182883,121,6,0,Nat,PERSON,12,15
uc1.$b182883,121,7,0,Lil,PERSON,9,12
uc1.$b182883,121,10,0,Nat,PERSON,8,11
uc1.$b182883,121,11,0,One,CARDINAL,0,3
uc1.$b182883,121,14,0,night,TIME,26,31
uc1.$b182883,122,12,0,16,CARDINAL,8,10
uc1.$b182883,122,15,0,the night,TIME,6,15
uc1.$b182883,122,17,0,this night,TIME,21,31
uc1.$b182883,122,25,0,Herbert,PERSON,12,19
uc1.$b182883,122,35,0,110,CARDINAL,20,23
uc1.$b182883,123,3,0,this night,TIME,33,43
uc1.$b182883,123,8,0,night,TIME,5,10
uc1.$b182883,123,13,0,Arnold,PERSON,16,22
uc1.$b182883,123,14,0,Arnold,PERSON,7,13
uc1.$b182883,123,15,0,Arnold,PERSON,30,36
uc1.$b182883,123,21,0,the morning,TIME,31,42
uc1.$b182883,123,30,0,two,CARDINAL,35,38
uc1.$b182883,123,40,0,Herbert,PERSON,0,7
uc1.$b182883,124,2,0,Herbert,PERSON,29,36
uc1.$b182883,124,6,0,One,CARDINAL,0,3
uc1.$b182883,124,7,0,"Onward, Christian Soldiers",WORK_OF_ART,5,31
uc1.$b182883,124,12,0,Herbert,PERSON,20,27
uc1.$b182883,124,37,0,two,CARDINAL,5,8
uc1.$b182883,125,6,0,one,CARDINAL,21,24
uc1.$b182883,125,20,0,Herbert,PERSON,14,21
uc1.$b182883,125,34,0,113,CARDINAL,5,8
uc1.$b182883,126,15,0,only one,CARDINAL,67,75
uc1.$b182883,127,21,0,two,CARDINAL,37,40
uc1.$b182883,127,25,0,A Moral Man Makes Love,WORK_OF_ART,13,35
uc1.$b182883,127,25,1,Herbert Young,PERSON,40,53
uc1.$b182883,127,30,0,Anne,PERSON,36,40
uc1.$b182883,127,36,0,one,CARDINAL,45,48
uc1.$b182883,128,6,0,Anne,PERSON,11,15
uc1.$b182883,128,8,0,Herbert,PERSON,0,7
uc1.$b182883,128,11,0,Herbert,PERSON,13,20
uc1.$b182883,128,23,0,Herbert,PERSON,61,68
uc1.$b182883,128,26,0,Herbert,PERSON,0,7
uc1.$b182883,128,35,0,Herbert,PERSON,28,35
uc1.$b182883,128,46,0,116,CARDINAL,1,4
uc1.$b182883,129,4,0,Herbert,PERSON,11,18
uc1.$b182883,129,20,0,Herbert,PERSON,27,34
uc1.$b182883,129,34,0,tomorrow,DATE,25,33
uc1.$b182883,129,36,0,Herbert,PERSON,1,8
uc1.$b182883,129,40,0,tomorrow,DATE,18,26
uc1.$b182883,129,54,0,7,CARDINAL,25,26
uc1.$b182883,130,3,0,Tomorrow,DATE,1,9
uc1.$b182883,130,6,0,Tomorrow,DATE,0,8
uc1.$b182883,130,8,0,this day,DATE,15,23
uc1.$b182883,130,10,0,the lonely days,DATE,4,19
uc1.$b182883,130,13,0,Herbert,PERSON,34,41
uc1.$b182883,130,17,0,17,CARDINAL,8,10
uc1.$b182883,130,18,0,Peter,PERSON,5,10
uc1.$b182883,130,20,0,Peter,PERSON,43,48
uc1.$b182883,130,21,0,Pete,PERSON,0,4
uc1.$b182883,130,21,1,Whitey,PERSON,17,23
uc1.$b182883,130,22,0,Whitey,PERSON,0,6
uc1.$b182883,130,22,1,Nat,PERSON,36,39
uc1.$b182883,130,23,0,Celeste,PERSON,0,7
uc1.$b182883,130,25,0,Lillian,PERSON,5,12
uc1.$b182883,130,26,0,Lillian,PERSON,0,7
uc1.$b182883,130,27,0,Whitey,PERSON,8,14
uc1.$b182883,130,29,0,Whitey,PERSON,18,24
uc1.$b182883,130,33,0,Pete,PERSON,17,21
uc1.$b182883,130,33,1,Celeste,PERSON,29,36
uc1.$b182883,130,36,0,Peter,PERSON,28,33
uc1.$b182883,131,1,0,Nathaniel,PERSON,8,17
uc1.$b182883,131,4,0,Celeste,PERSON,1,8
uc1.$b182883,131,6,0,Whitey,PERSON,0,6
uc1.$b182883,131,6,1,Celeste,PERSON,27,34
uc1.$b182883,131,8,0,Nathaniel,PERSON,20,29
uc1.$b182883,131,11,0,the other day,DATE,22,35
uc1.$b182883,131,14,0,Whitey,PERSON,49,55
uc1.$b182883,131,16,0,Pete,PERSON,13,17
uc1.$b182883,131,18,0,Celeste,PERSON,20,27
uc1.$b182883,131,19,0,Pete,PERSON,0,4
uc1.$b182883,131,19,1,Whitey,PERSON,19,25
uc1.$b182883,131,23,0,Whitey,PERSON,0,6
uc1.$b182883,131,24,0,Lillian,PERSON,1,8
uc1.$b182883,131,25,0,Whitey,PERSON,35,41
uc1.$b182883,131,28,0,Pete,PERSON,0,4
uc1.$b182883,131,29,0,Whitey,PERSON,0,6
uc1.$b182883,131,30,0,Lillian,PERSON,17,24
uc1.$b182883,131,31,0,Pete,PERSON,0,4
uc1.$b182883,131,32,0,Pete,PERSON,22,26
uc1.$b182883,131,34,0,Pete,PERSON,16,20
uc1.$b182883,131,36,0,Celeste,PERSON,7,14
uc1.$b182883,131,37,0,Whitey,PERSON,18,24
uc1.$b182883,131,37,1,Pete,PERSON,26,30
uc1.$b182883,131,45,0,119,CARDINAL,1,4
uc1.$b182883,132,5,0,Pete,PERSON,20,24
uc1.$b182883,132,21,0,Pete,PERSON,21,25
uc1.$b182883,132,23,0,only one,CARDINAL,8,16
uc1.$b182883,132,30,0,Pete,PERSON,1,5
uc1.$b182883,132,48,0,Lillian,PERSON,57,64
uc1.$b182883,132,49,0,Nat,PERSON,38,41
uc1.$b182883,132,50,0,7,CARDINAL,26,27
uc1.$b182883,133,1,0,Celeste,PERSON,36,43
uc1.$b182883,133,1,1,Pete,PERSON,48,52
uc1.$b182883,133,2,0,Nat,PERSON,11,14
uc1.$b182883,133,24,0,A penny,MONEY,1,8
uc1.$b182883,133,24,1,Lillian,PERSON,28,35
uc1.$b182883,133,25,0,Celeste,PERSON,0,7
uc1.$b182883,133,25,1,Pete,PERSON,12,16
uc1.$b182883,133,26,0,Nat,PERSON,27,30
uc1.$b182883,133,28,0,only a minute,TIME,17,30
uc1.$b182883,133,45,0,6,CARDINAL,8,9
uc1.$b182883,133,45,1,121,CARDINAL,11,14
uc1.$b182883,134,11,0,Nathaniel,PERSON,1,10
uc1.$b182883,134,11,1,a minute,TIME,26,34
uc1.$b182883,134,12,0,Celeste,PERSON,45,52
uc1.$b182883,134,15,0,Nat,PERSON,9,12
uc1.$b182883,134,17,0,Celeste,PERSON,29,36
uc1.$b182883,134,20,0,Pete,PERSON,0,4
uc1.$b182883,134,20,1,Celeste,PERSON,18,25
uc1.$b182883,134,21,0,Nat,PERSON,17,20
uc1.$b182883,134,23,0,Nat,PERSON,0,3
uc1.$b182883,134,23,1,Pete,PERSON,32,36
uc1.$b182883,134,27,0,Nat,PERSON,0,3
uc1.$b182883,134,27,1,Pete,PERSON,36,40
uc1.$b182883,134,29,0,Nat,PERSON,15,18
uc1.$b182883,134,31,0,Celeste,PERSON,0,7
uc1.$b182883,134,32,0,Nat,PERSON,33,36
uc1.$b182883,134,35,0,Celeste,PERSON,1,8
uc1.$b182883,134,37,0,Lillian,PERSON,7,14
uc1.$b182883,134,38,0,Pete,PERSON,0,4
uc1.$b182883,135,0,0,Nat,PERSON,2,5
uc1.$b182883,135,2,0,Nat,PERSON,21,24
uc1.$b182883,135,5,0,Nat,PERSON,0,3
uc1.$b182883,135,8,0,Adam,PERSON,34,38
uc1.$b182883,135,10,0,Nathaniel,PERSON,20,29
uc1.$b182883,135,11,0,Nat,PERSON,0,3
uc1.$b182883,135,11,1,Pete,PERSON,21,25
uc1.$b182883,135,14,0,Nat,PERSON,1,4
uc1.$b182883,135,48,0,123,CARDINAL,1,4
uc1.$b182883,136,22,0,Whitey,PERSON,19,25
uc1.$b182883,136,23,0,Nathaniel,PERSON,12,21
uc1.$b182883,136,24,0,Lillian,PERSON,27,34
uc1.$b182883,136,25,0,Whitey,PERSON,10,16
uc1.$b182883,136,26,0,Lillian,PERSON,5,12
uc1.$b182883,136,32,0,Whitey,PERSON,14,20
uc1.$b182883,136,33,0,Whitey,PERSON,41,47
uc1.$b182883,136,35,0,Lillian,PERSON,33,40
uc1.$b182883,136,38,0,Pete,PERSON,29,33
uc1.$b182883,136,38,1,Celeste,PERSON,35,42
uc1.$b182883,136,38,2,Whitey,PERSON,44,50
uc1.$b182883,136,46,0,124,CARDINAL,1,4
uc1.$b182883,137,13,0,Nat,PERSON,22,25
uc1.$b182883,137,16,0,Nat,PERSON,24,27
uc1.$b182883,138,3,0,one,CARDINAL,30,33
uc1.$b182883,138,4,0,first,ORDINAL,16,21
uc1.$b182883,138,11,0,Nat,PERSON,52,55
uc1.$b182883,138,20,0,Two,CARDINAL,0,3
uc1.$b182883,138,21,0,two,CARDINAL,22,25
uc1.$b182883,139,16,0,Bible,WORK_OF_ART,24,29
uc1.$b182883,139,17,0,Bible,WORK_OF_ART,13,18
uc1.$b182883,139,44,0,127,CARDINAL,1,4
uc1.$b182883,140,15,0,Nat,PERSON,17,20
uc1.$b182883,140,18,0,summer,DATE,3,9
uc1.$b182883,140,21,0,Nat,PERSON,24,27
uc1.$b182883,140,22,0,Nat,PERSON,14,17
uc1.$b182883,140,37,0,Nat,PERSON,0,3
uc1.$b182883,140,38,0,Pete,PERSON,8,12
uc1.$b182883,140,39,0,Nat,PERSON,3,6
uc1.$b182883,140,41,0,Pete,PERSON,0,4
uc1.$b182883,140,41,1,quarter,CARDINAL,18,25
uc1.$b182883,140,48,0,128,CARDINAL,59,62
uc1.$b182883,141,4,0,Pete,PERSON,1,5
uc1.$b182883,141,11,0,Nat,PERSON,11,14
uc1.$b182883,141,13,0,Nat,PERSON,4,7
uc1.$b182883,141,17,0,Pete,PERSON,3,7
uc1.$b182883,141,31,0,Pete,PERSON,17,21
uc1.$b182883,141,36,0,Heath,PERSON,0,5
uc1.$b182883,141,40,0,Bible,WORK_OF_ART,13,18
uc1.$b182883,141,42,0,129,CARDINAL,2,5
uc1.$b182883,142,0,0,Lillian,PERSON,19,26
uc1.$b182883,142,4,0,Ransom Rabbit,PERSON,6,19
uc1.$b182883,142,6,0,this Ransom Rabbit,PERSON,23,41
uc1.$b182883,142,9,0,one,CARDINAL,43,46
uc1.$b182883,142,10,0,Lillian,PERSON,8,15
uc1.$b182883,142,11,0,Nat,PERSON,5,8
uc1.$b182883,142,16,0,Pete,PERSON,2,6
uc1.$b182883,142,16,1,fifteen minutes ago,TIME,21,40
uc1.$b182883,142,16,2,Lillian,PERSON,63,70
uc1.$b182883,142,19,0,Lillian,PERSON,41,48
uc1.$b182883,142,25,0,Peter,PERSON,17,22
uc1.$b182883,142,38,0,Pete,PERSON,28,32
uc1.$b182883,142,44,0,Nathaniel,PERSON,20,29
uc1.$b182883,142,44,1,Lillian,PERSON,34,41
uc1.$b182883,143,0,0,Celeste,PERSON,25,32
uc1.$b182883,143,1,0,one,CARDINAL,13,16
uc1.$b182883,143,10,0,Lillian,PERSON,12,19
uc1.$b182883,143,14,0,tonight,TIME,24,31
uc1.$b182883,144,23,0,Harry,PERSON,1,6
uc1.$b182883,144,23,1,Harry,PERSON,7,12
uc1.$b182883,144,23,2,Lillian Peoples,PERSON,22,37
uc1.$b182883,144,24,0,Lillian,PERSON,1,8
uc1.$b182883,144,25,0,Nathaniel,PERSON,0,9
uc1.$b182883,144,27,0,Harry,PERSON,11,16
uc1.$b182883,144,29,0,Harry,PERSON,0,5
uc1.$b182883,144,33,0,about fifty,DATE,12,23
uc1.$b182883,144,36,0,Nat,PERSON,39,42
uc1.$b182883,144,38,0,Nat,PERSON,0,3
uc1.$b182883,144,39,0,Nathaniel,PERSON,12,21
uc1.$b182883,144,40,0,Lillian,PERSON,42,49
uc1.$b182883,144,40,1,Lillian,PERSON,68,75
uc1.$b182883,144,41,0,132,CARDINAL,12,15
uc1.$b182883,145,0,0,Harry,PERSON,3,8
uc1.$b182883,145,10,0,one,CARDINAL,55,58
uc1.$b182883,145,29,0,Lillian,PERSON,12,19
uc1.$b182883,145,34,0,Nathaniel,PERSON,1,10
uc1.$b182883,145,35,0,second,ORDINAL,42,48
uc1.$b182883,145,39,0,today,DATE,16,21
uc1.$b182883,145,47,0,133,CARDINAL,3,6
uc1.$b182883,146,3,0,Nat,PERSON,1,4
uc1.$b182883,146,15,0,Nathaniel,PERSON,14,23
uc1.$b182883,146,31,0,Lillian,PERSON,1,8
uc1.$b182883,146,35,0,Nathaniel,PERSON,22,31
uc1.$b182883,146,36,0,134,CARDINAL,1,4
uc1.$b182883,147,10,0,today,DATE,50,55
uc1.$b182883,147,27,0,Nathaniel,PERSON,4,13
uc1.$b182883,147,29,0,Lillian,PERSON,0,7
uc1.$b182883,147,32,0,Sunday,DATE,10,16
uc1.$b182883,147,34,0,Harry,PERSON,14,19
uc1.$b182883,147,35,0,Lillian,PERSON,37,44
uc1.$b182883,147,48,0,Nathaniel,PERSON,30,39
uc1.$b182883,147,50,0,Lillian,PERSON,26,33
uc1.$b182883,147,52,0,135,CARDINAL,2,5
uc1.$b182883,148,1,0,Nat,PERSON,19,22
uc1.$b182883,148,9,0,Harry,PERSON,0,5
uc1.$b182883,148,11,0,Fifty dollars,MONEY,1,14
uc1.$b182883,148,16,0,Nat,PERSON,6,9
uc1.$b182883,148,22,0,Harry,PERSON,5,10
uc1.$b182883,148,24,0,Fifty dollars,MONEY,0,13
uc1.$b182883,148,25,0,fifty dollars,MONEY,31,44
uc1.$b182883,148,34,0,Nat,PERSON,35,38
uc1.$b182883,149,0,0,Lillian,PERSON,7,14
uc1.$b182883,149,2,0,Nat,PERSON,12,15
uc1.$b182883,149,9,0,dollar,MONEY,18,24
uc1.$b182883,149,11,0,First,ORDINAL,0,5
uc1.$b182883,149,13,0,Nat,PERSON,42,45
uc1.$b182883,149,18,0,Fortune,PERSON,7,14
uc1.$b182883,149,25,0,Tomorrow,DATE,0,8
uc1.$b182883,149,28,0,Jesus,PERSON,0,5
uc1.$b182883,150,12,0,Two,CARDINAL,0,3
uc1.$b182883,150,16,0,One,CARDINAL,0,3
uc1.$b182883,150,27,0,three,CARDINAL,4,9
uc1.$b182883,150,29,0,18,CARDINAL,8,10
uc1.$b182883,150,30,0,Wells Morris,PERSON,0,12
uc1.$b182883,150,30,1,Whitey,PERSON,21,27
uc1.$b182883,150,32,0,two days,DATE,17,25
uc1.$b182883,151,2,0,Nat,PERSON,0,3
uc1.$b182883,151,2,1,Whitey,PERSON,145,151
uc1.$b182883,151,4,0,Whitey,PERSON,0,6
uc1.$b182883,151,6,0,Whitey,PERSON,23,29
uc1.$b182883,151,7,0,Nat,PERSON,6,9
uc1.$b182883,151,7,1,Whitey,PERSON,15,21
uc1.$b182883,151,9,0,Whitey,PERSON,53,59
uc1.$b182883,151,14,0,Whitey,PERSON,24,30
uc1.$b182883,151,20,0,Whitey,PERSON,0,6
uc1.$b182883,151,38,0,139,CARDINAL,4,7
uc1.$b182883,152,2,0,one,CARDINAL,48,51
uc1.$b182883,152,14,0,19,CARDINAL,8,10
uc1.$b182883,152,15,0,Nat,PERSON,18,21
uc1.$b182883,152,15,1,Lillian,PERSON,56,63
uc1.$b182883,152,16,0,Pete,PERSON,19,23
uc1.$b182883,152,19,0,Kitty,PERSON,7,12
uc1.$b182883,152,19,1,Kitty,PERSON,14,19
uc1.$b182883,152,22,0,Pete,PERSON,1,5
uc1.$b182883,152,23,0,Lillian,PERSON,25,32
uc1.$b182883,152,32,0,Pete,PERSON,38,42
uc1.$b182883,152,34,0,Harry,PERSON,0,5
uc1.$b182883,152,34,1,Harry,PERSON,31,36
uc1.$b182883,152,35,0,Harry,PERSON,1,6
uc1.$b182883,152,36,0,Harry,PERSON,1,6
uc1.$b182883,152,38,0,140,CARDINAL,2,5
uc1.$b182883,153,3,0,Lillian,PERSON,31,38
uc1.$b182883,153,7,0,Pete,PERSON,25,29
uc1.$b182883,153,11,0,Pete,PERSON,27,31
uc1.$b182883,153,13,0,Pete,PERSON,10,14
uc1.$b182883,153,15,0,Lillian,PERSON,9,16
uc1.$b182883,153,16,0,Nat,PERSON,1,4
uc1.$b182883,153,16,1,Pete,PERSON,6,10
uc1.$b182883,153,19,0,Pete,PERSON,8,12
uc1.$b182883,153,20,0,tonight,TIME,21,28
uc1.$b182883,153,24,0,Nat,PERSON,40,43
uc1.$b182883,153,29,0,Halloween,DATE,30,39
uc1.$b182883,153,31,0,Nathaniel,PERSON,22,31
uc1.$b182883,153,37,0,Lillian,PERSON,7,14
uc1.$b182883,153,38,0,All Saints' Day,DATE,0,15
uc1.$b182883,153,39,0,Nathaniel,PERSON,6,15
uc1.$b182883,153,39,1,Harry,PERSON,24,29
uc1.$b182883,153,39,2,Lillian,PERSON,38,45
uc1.$b182883,153,39,3,the other day,DATE,61,74
uc1.$b182883,154,13,0,Nat,PERSON,45,48
uc1.$b182883,154,16,0,John,PERSON,18,22
uc1.$b182883,154,20,0,Nat,PERSON,17,20
uc1.$b182883,154,32,0,Nat,PERSON,1,4
uc1.$b182883,154,33,0,Nat,PERSON,0,3
uc1.$b182883,154,34,0,Lillian,PERSON,7,14
uc1.$b182883,154,44,0,142,CARDINAL,5,8
uc1.$b182883,155,2,0,Pete,PERSON,5,9
uc1.$b182883,155,8,0,Nat,PERSON,6,9
uc1.$b182883,155,11,0,Nat,PERSON,9,12
uc1.$b182883,155,24,0,Lillian,PERSON,28,35
uc1.$b182883,155,30,0,every night,TIME,62,73
uc1.$b182883,155,44,0,143,CARDINAL,39,42
uc1.$b182883,156,4,0,Righteous,PERSON,6,15
uc1.$b182883,156,26,0,this wretched night,TIME,23,42
uc1.$b182883,157,52,0,7,CARDINAL,0,1
uc1.$b182883,157,52,1,145,CARDINAL,4,7
uc1.$b182883,158,8,0,Lillian Peoples,PERSON,1,16
uc1.$b182883,158,16,0,Peoples,PERSON,15,22
uc1.$b182883,158,28,0,first,ORDINAL,4,9
uc1.$b182883,158,29,0,Nat,PERSON,25,28
uc1.$b182883,158,41,0,146,CARDINAL,4,7
uc1.$b182883,159,0,0,Nat,PERSON,1,4
uc1.$b182883,159,1,0,Nat,PERSON,1,4
uc1.$b182883,159,14,0,Peoples,PERSON,32,39
uc1.$b182883,159,17,0,Peoples,PERSON,24,31
uc1.$b182883,159,27,0,years,DATE,41,46
uc1.$b182883,159,29,0,Peoples,PERSON,17,24
uc1.$b182883,159,39,0,every day,DATE,17,26
uc1.$b182883,159,39,1,tonight,DATE,38,45
uc1.$b182883,159,41,0,Peoples,PERSON,17,24
uc1.$b182883,159,43,0,147,CARDINAL,6,9
uc1.$b182883,160,1,0,Lillian Peoples,PERSON,1,16
uc1.$b182883,160,3,0,Thirty-two-ten,CARDINAL,1,15
uc1.$b182883,160,3,1,Clarion Street,FAC,16,30
uc1.$b182883,160,4,0,Clarion Street,FAC,1,15
uc1.$b182883,160,6,0,Twenty-one,DATE,1,11
uc1.$b182883,160,10,0,Clarion Street,FAC,28,42
uc1.$b182883,160,11,0,the winter,DATE,24,34
uc1.$b182883,160,13,0,Five months,DATE,1,12
uc1.$b182883,160,17,0,Every day,DATE,1,10
uc1.$b182883,160,20,0,every day,DATE,33,42
uc1.$b182883,160,27,0,Clarion Street,FAC,40,54
uc1.$b182883,160,28,0,Clover,GPE,4,10
uc1.$b182883,160,29,0,Clover,LOC,9,15
uc1.$b182883,160,33,0,148,CARDINAL,2,5
uc1.$b182883,161,0,0,Clarion Street,FAC,31,45
uc1.$b182883,161,1,0,Clarion Street,FAC,22,36
uc1.$b182883,161,4,0,Lillian,PERSON,1,8
uc1.$b182883,161,14,0,Dunnock,PERSON,6,13
uc1.$b182883,161,18,0,Peoples,PERSON,27,34
uc1.$b182883,161,48,0,just a minute,TIME,29,42
uc1.$b182883,161,51,0,149,CARDINAL,25,28
uc1.$b182883,162,12,0,Lillian,PERSON,12,19
uc1.$b182883,162,38,0,Peoples,PERSON,22,29
uc1.$b182883,162,44,0,Lillian,PERSON,27,34
uc1.$b182883,162,47,0,150,CARDINAL,4,7
uc1.$b182883,163,4,0,Lillian,PERSON,17,24
uc1.$b182883,163,26,0,tomorrow,DATE,27,35
uc1.$b182883,163,26,1,morning,TIME,36,43
uc1.$b182883,163,29,0,Patty,PERSON,12,17
uc1.$b182883,163,43,0,the night,TIME,8,17
uc1.$b182883,163,45,0,151,CARDINAL,2,5
uc1.$b182883,164,0,0,Lillian Peoples,PERSON,1,16
uc1.$b182883,164,1,0,Morris,PERSON,5,11
uc1.$b182883,164,18,0,Lillian Peoples,PERSON,1,16
uc1.$b182883,164,19,0,Lillian,PERSON,29,36
uc1.$b182883,164,22,0,Today,DATE,1,6
uc1.$b182883,164,22,1,visiting day,DATE,10,22
uc1.$b182883,164,27,0,Lillian,PERSON,58,65
uc1.$b182883,164,44,0,last night,TIME,30,40
uc1.$b182883,164,46,0,152,CARDINAL,3,6
uc1.$b182883,165,9,0,Lillian,PERSON,26,33
uc1.$b182883,165,14,0,Lillian,PERSON,9,16
uc1.$b182883,165,18,0,Tollen,PERSON,5,11
uc1.$b182883,165,23,0,Lillian,PERSON,15,22
uc1.$b182883,165,25,0,Lillian,PERSON,12,19
uc1.$b182883,165,29,0,Lillian,PERSON,30,37
uc1.$b182883,165,31,0,LILLIAN,PERSON,1,8
uc1.$b182883,165,31,1,Morris,PERSON,32,38
uc1.$b182883,165,32,0,Lillian,PERSON,12,19
uc1.$b182883,165,37,0,Morris,PERSON,21,27
uc1.$b182883,165,41,0,Two,CARDINAL,0,3
uc1.$b182883,166,8,0,this morning,TIME,19,31
uc1.$b182883,166,8,1,Morris,PERSON,38,44
uc1.$b182883,166,9,0,this morning,TIME,16,28
uc1.$b182883,166,13,0,half,CARDINAL,2,6
uc1.$b182883,166,18,0,hours,TIME,9,14
uc1.$b182883,166,18,1,three to four,TIME,15,28
uc1.$b182883,166,20,0,Morris,PERSON,5,11
uc1.$b182883,166,49,0,Morris,PERSON,36,42
uc1.$b182883,166,51,0,154,CARDINAL,3,6
uc1.$b182883,167,3,0,LILLIAN PEOPLES,PERSON,1,16
uc1.$b182883,167,5,0,Lillian,PERSON,56,63
uc1.$b182883,167,8,0,Nathaniel,PERSON,18,27
uc1.$b182883,167,9,0,Nathaniel,PERSON,11,20
uc1.$b182883,167,9,1,Peoples,PERSON,33,40
uc1.$b182883,167,19,0,Peoples,PERSON,26,33
uc1.$b182883,167,19,1,the Detention House,FAC,60,79
uc1.$b182883,167,30,0,Lillian,PERSON,1,8
uc1.$b182883,167,31,0,Celeste,PERSON,0,7
uc1.$b182883,167,34,0,Celeste,PERSON,0,7
uc1.$b182883,167,36,0,Morris,PERSON,5,11
uc1.$b182883,167,37,0,155,CARDINAL,14,17
uc1.$b182883,168,1,0,Celeste,PERSON,0,7
uc1.$b182883,168,3,0,Morris,PERSON,20,26
uc1.$b182883,168,4,0,Lillian,PERSON,12,19
uc1.$b182883,168,10,0,the Detention House,FAC,14,33
uc1.$b182883,168,19,0,first,ORDINAL,16,21
uc1.$b182883,168,20,0,Lillian,PERSON,18,25
uc1.$b182883,168,21,0,the Detention House,FAC,13,32
uc1.$b182883,169,0,0,Lillian,PERSON,1,8
uc1.$b182883,169,1,0,Louise,PERSON,0,6
uc1.$b182883,169,31,0,Lillian,PERSON,44,51
uc1.$b182883,169,48,0,Lillian,PERSON,17,24
uc1.$b182883,169,49,0,Twenty-one,DATE,1,11
uc1.$b182883,169,53,0,157,CARDINAL,6,9
uc1.$b182883,170,22,0,Lillian,PERSON,8,15
uc1.$b182883,170,28,0,two,CARDINAL,14,17
uc1.$b182883,170,34,0,Two,CARDINAL,0,3
uc1.$b182883,170,37,0,one,CARDINAL,41,44
uc1.$b182883,170,38,0,the Detention House,FAC,11,30
uc1.$b182883,170,48,0,Louise,PERSON,0,6
uc1.$b182883,170,52,0,158,CARDINAL,2,5
uc1.$b182883,171,21,0,Lillian Peoples,PERSON,5,20
uc1.$b182883,171,23,0,the Detention House,FAC,57,76
uc1.$b182883,171,27,0,the Detention House,ORG,48,67
uc1.$b182883,171,28,0,The Army of Hope,ORG,0,16
uc1.$b182883,171,28,1,Jesus Saves,WORK_OF_ART,41,52
uc1.$b182883,172,5,0,summer,DATE,23,29
uc1.$b182883,172,5,1,autumn,DATE,48,54
uc1.$b182883,172,12,0,Lillian Peoples,PERSON,0,15
uc1.$b182883,172,14,0,first,ORDINAL,20,25
uc1.$b182883,172,16,0,first,ORDINAL,48,53
uc1.$b182883,172,29,0,Two,CARDINAL,0,3
uc1.$b182883,172,35,0,Lil,PERSON,1,4
uc1.$b182883,172,36,0,Nat,PERSON,0,3
uc1.$b182883,172,38,0,Lil,PERSON,1,4
uc1.$b182883,172,40,0,Celeste,PERSON,0,7
uc1.$b182883,172,44,0,160,CARDINAL,19,22
uc1.$b182883,173,21,0,a minute,TIME,6,14
uc1.$b182883,173,21,1,Lillian,PERSON,16,23
uc1.$b182883,173,25,0,the last night,DATE,18,32
uc1.$b182883,173,26,0,that night,TIME,13,23
uc1.$b182883,173,33,0,two,CARDINAL,26,29
uc1.$b182883,173,37,0,Lil,PERSON,5,8
uc1.$b182883,173,42,0,Nat,PERSON,19,22
uc1.$b182883,173,46,0,22,CARDINAL,8,10
uc1.$b182883,173,52,0,161,CARDINAL,16,19
uc1.$b182883,174,34,0,Two,CARDINAL,0,3
uc1.$b182883,174,55,0,162,CARDINAL,82,85
uc1.$b182883,175,7,0,only a moment ago,TIME,29,46
uc1.$b182883,176,59,0,2,CARDINAL,8,9
uc1.$b182883,176,59,1,3,CARDINAL,10,11
uc1.$b182883,176,68,0,164,CARDINAL,41,44
uc1.$b182883,177,19,0,two,CARDINAL,38,41
uc1.$b182883,177,40,0,Halloween,DATE,59,68
uc1.$b182883,177,43,0,165,CARDINAL,8,11
uc1.$b182883,178,2,0,Spin the Bottle,WORK_OF_ART,26,41
uc1.$b182883,178,7,0,Halloween,DATE,39,48
uc1.$b182883,178,23,0,Two,CARDINAL,0,3
uc1.$b182883,178,43,0,166,CARDINAL,38,41
uc1.$b182883,179,5,0,Lillian,PERSON,27,34
uc1.$b182883,179,17,0,Nat,PERSON,13,16
uc1.$b182883,179,26,0,Nat,PERSON,39,42
uc1.$b182883,179,33,0,Two,CARDINAL,0,3
uc1.$b182883,179,34,0,Nat,PERSON,12,15
uc1.$b182883,179,38,0,Lillian,PERSON,0,7
uc1.$b182883,179,41,0,167,CARDINAL,31,34
uc1.$b182883,180,5,0,Lil,PERSON,1,4
uc1.$b182883,180,15,0,Pete,PERSON,0,4
uc1.$b182883,180,18,0,Lillian,PERSON,25,32
uc1.$b182883,180,19,0,Pete,PERSON,1,5
uc1.$b182883,180,27,0,tomato,PERSON,14,20
uc1.$b182883,180,32,0,Nat,PERSON,12,15
uc1.$b182883,180,33,0,tomato,PERSON,59,65
uc1.$b182883,180,34,0,Pete,PERSON,26,30
uc1.$b182883,180,35,0,Lillian,PERSON,26,33
uc1.$b182883,180,40,0,Lil,PERSON,50,53
uc1.$b182883,180,41,0,Nat,PERSON,6,9
uc1.$b182883,180,42,0,Pete,PERSON,0,4
uc1.$b182883,180,43,0,Nat,PERSON,0,3
uc1.$b182883,180,44,0,Celeste,PERSON,23,30
uc1.$b182883,180,47,0,Nathaniel,PERSON,0,9
uc1.$b182883,181,6,0,Peter,PERSON,0,5
uc1.$b182883,181,8,0,Nat,PERSON,0,3
uc1.$b182883,181,9,0,Celeste,PERSON,0,7
uc1.$b182883,181,15,0,Twelve,CARDINAL,0,6
uc1.$b182883,181,15,1,one,CARDINAL,35,38
uc1.$b182883,181,15,2,Nat,PERSON,71,74
uc1.$b182883,181,16,0,Sardis,NORP,87,93
uc1.$b182883,181,19,0,Nat,PERSON,0,3
uc1.$b182883,181,19,1,Bible,WORK_OF_ART,41,46
uc1.$b182883,181,22,0,Pete,PERSON,48,52
uc1.$b182883,181,23,0,Satan,PERSON,21,26
uc1.$b182883,181,24,0,Pete,PERSON,0,4
uc1.$b182883,181,24,1,Nat,PERSON,15,18
uc1.$b182883,181,25,0,Nat,PERSON,39,42
uc1.$b182883,181,31,0,Nat,PERSON,2,5
uc1.$b182883,181,35,0,Nathaniel,PERSON,11,20
uc1.$b182883,181,37,0,169,CARDINAL,2,5
uc1.$b182883,182,3,0,Pete,PERSON,0,4
uc1.$b182883,182,3,1,Nat,PERSON,24,27
uc1.$b182883,182,7,0,Nat,PERSON,0,3
uc1.$b182883,182,7,1,one,CARDINAL,38,41
uc1.$b182883,182,14,0,twelve,CARDINAL,88,94
uc1.$b182883,182,18,0,Pete,PERSON,63,67
uc1.$b182883,182,32,0,Nat,PERSON,7,10
uc1.$b182883,182,34,0,170,CARDINAL,14,17
uc1.$b182883,183,3,0,Lillian,PERSON,1,8
uc1.$b182883,183,10,0,Pete,PERSON,0,4
uc1.$b182883,183,11,0,Pete,PERSON,0,4
uc1.$b182883,183,11,1,Nat,PERSON,45,48
uc1.$b182883,183,19,0,Lil,PERSON,1,4
uc1.$b182883,183,20,0,Nat,PERSON,1,4
uc1.$b182883,183,25,0,Nat,PERSON,0,3
uc1.$b182883,183,29,0,Nat,PERSON,51,54
uc1.$b182883,183,36,0,Nat,PERSON,0,3
uc1.$b182883,183,36,1,Pete,PERSON,44,48
uc1.$b182883,183,38,0,Nat,PERSON,60,63
uc1.$b182883,183,39,0,Celeste,PERSON,0,7
uc1.$b182883,183,41,0,Nat,PERSON,0,3
uc1.$b182883,183,41,1,Pete,PERSON,16,20
uc1.$b182883,183,42,0,one,CARDINAL,6,9
uc1.$b182883,183,45,0,Nat,PERSON,0,3
uc1.$b182883,183,46,0,Celeste,PERSON,0,7
uc1.$b182883,183,47,0,Nat,PERSON,0,3
uc1.$b182883,183,47,1,Pete,PERSON,47,51
uc1.$b182883,183,48,0,Pete,PERSON,0,4
uc1.$b182883,183,48,1,Nat,PERSON,34,37
uc1.$b182883,183,49,0,Nat,PERSON,14,17
uc1.$b182883,183,53,0,171,CARDINAL,6,9
uc1.$b182883,184,7,0,Nat,PERSON,0,3
uc1.$b182883,184,12,0,Lillian,PERSON,14,21
uc1.$b182883,184,15,0,Pete,PERSON,0,4
uc1.$b182883,184,16,0,tomato,PERSON,23,29
uc1.$b182883,184,21,0,Pete,PERSON,0,4
uc1.$b182883,184,29,0,Pete,PERSON,15,19
uc1.$b182883,184,30,0,tomato,PERSON,19,25
uc1.$b182883,184,43,0,24,CARDINAL,8,10
uc1.$b182883,184,47,0,172,CARDINAL,2,5
uc1.$b182883,185,16,0,Lillian Peoples,PERSON,13,28
uc1.$b182883,185,17,0,Lillian,PERSON,1,8
uc1.$b182883,185,21,0,Lillian,PERSON,1,8
uc1.$b182883,185,31,0,Peoples,PERSON,6,13
uc1.$b182883,185,33,0,Herb Young,PERSON,1,11
uc1.$b182883,185,47,0,2,CARDINAL,2,3
uc1.$b182883,186,3,0,Peoples,PERSON,6,13
uc1.$b182883,186,9,0,Lillian,PERSON,14,21
uc1.$b182883,186,12,0,first,ORDINAL,34,39
uc1.$b182883,186,16,0,ONE,CARDINAL,1,4
uc1.$b182883,186,16,1,TWO,CARDINAL,6,9
uc1.$b182883,186,17,0,THREE,CARDINAL,0,5
uc1.$b182883,186,21,0,one,CARDINAL,61,64
uc1.$b182883,187,6,0,Lillian,PERSON,13,20
uc1.$b182883,187,33,0,Tomorrow,DATE,0,8
uc1.$b182883,187,34,0,tomorrow,DATE,25,33
uc1.$b182883,187,42,0,175,CARDINAL,5,8
uc1.$b182883,188,0,0,2,CARDINAL,8,9
uc1.$b182883,188,1,0,Lillian,PERSON,1,8
uc1.$b182883,188,3,0,Lillian,PERSON,23,30
uc1.$b182883,188,7,0,Herbert,PERSON,8,15
uc1.$b182883,188,26,0,Herbert,PERSON,0,7
uc1.$b182883,188,40,0,176,CARDINAL,20,23
uc1.$b182883,189,6,0,Herbert,PERSON,1,8
uc1.$b182883,189,14,0,Herbert,PERSON,0,7
uc1.$b182883,189,23,0,Herbert,PERSON,0,7
uc1.$b182883,189,38,0,two,CARDINAL,30,33
uc1.$b182883,190,8,0,Lillian Peoples,PERSON,21,36
uc1.$b182883,190,11,0,178,CARDINAL,2,5
uc1.$b182883,191,6,0,Herbert,PERSON,0,7
uc1.$b182883,191,22,0,The Book,WORK_OF_ART,21,29
uc1.$b182883,191,24,0,Revelation,WORK_OF_ART,8,18
uc1.$b182883,191,28,0,Revelations,WORK_OF_ART,17,28
uc1.$b182883,191,29,0,twelve,CARDINAL,98,104
uc1.$b182883,191,31,0,Revelations,WORK_OF_ART,20,31
uc1.$b182883,191,34,0,179,CARDINAL,7,10
uc1.$b182883,192,11,0,180,CARDINAL,2,5
uc1.$b182883,200,0,0,5,CARDINAL,88,89
uc1.$b182883,200,1,0,7 DAYS,DATE,32,38
uc1.$b182883,200,2,0,4 days,DATE,35,41
uc1.$b182883,200,3,0,642-3405,CARDINAL,32,40
uc1.$b182883,200,4,0,NOV 08 1989,DATE,21,32
uc1.$b182883,200,5,0,DISU AUG 11 lagi,DATE,0,16
uc1.$b182883,200,5,1,OCT 23 2005,DATE,29,40
uc1.$b182883,200,5,2,BERKELEY BERKELEY,GPE,80,97
uc1.$b182883,200,5,3,CA,GPE,99,101
uc1.$b182883,200,5,4,94720,CARDINAL,102,107
uc1.$b182883,202,0,0,36992,CARDINAL,1,6
