vol_id,page,sentence_id,ent_id,entity,entity_type,start_char,end_char
uc1.$b404153,2,0,0,BERKELEY LIBRARY UNIVERSITY OF CALIFORNIA,ORG,0,41
uc1.$b404153,5,0,0,the age of,DATE,3,13
uc1.$b404153,5,0,1,25,DATE,14,16
uc1.$b404153,5,0,2,Samuel Delany,PERSON,17,30
uc1.$b404153,5,0,3,seven,CARDINAL,51,56
uc1.$b404153,5,1,0,Two,CARDINAL,0,3
uc1.$b404153,5,1,1,BABEL-17 and THE EINSTEIN INTERSECTION,WORK_OF_ART,19,57
uc1.$b404153,5,1,2,Nebula Award,WORK_OF_ART,80,92
uc1.$b404153,5,1,3,the Science Fiction Writers of America,ORG,111,149
uc1.$b404153,5,2,0,THE FALL OF THE TOWERS,WORK_OF_ART,0,22
uc1.$b404153,5,2,1,third,ORDINAL,45,50
uc1.$b404153,5,2,2,three,CARDINAL,54,59
uc1.$b404153,5,4,0,first,ORDINAL,4,9
uc1.$b404153,5,4,1,two,CARDINAL,10,13
uc1.$b404153,5,4,2,OUT OF THE DEAD CITY,WORK_OF_ART,23,43
uc1.$b404153,5,4,3,THE TOWERS OF TORON,WORK_OF_ART,48,67
uc1.$b404153,5,4,4,Sphere Books,ORG,94,106
uc1.$b404153,6,0,0,Samuel R. Delany,PERSON,8,24
uc1.$b404153,6,0,1,Sphere Books,ORG,42,54
uc1.$b404153,6,0,2,OUT OF THE DEAD CITY,WORK_OF_ART,55,75
uc1.$b404153,6,0,3,one,CARDINAL,84,87
uc1.$b404153,6,0,4,THE FALL OF THE TOWERS,WORK_OF_ART,103,125
uc1.$b404153,6,0,5,THE TOWERS OF TORON,WORK_OF_ART,127,146
uc1.$b404153,6,0,6,two,CARDINAL,155,158
uc1.$b404153,6,0,7,THE FALL OF THE TOWERS,WORK_OF_ART,162,184
uc1.$b404153,7,0,0,Three,CARDINAL,31,36
uc1.$b404153,8,0,0,three,CARDINAL,7,12
uc1.$b404153,8,0,1,Marilyn,PERSON,21,28
uc1.$b404153,8,0,2,Margery,PERSON,61,68
uc1.$b404153,8,0,3,John Brunner,PERSON,73,85
uc1.$b404153,8,1,0,1,CARDINAL,0,1
uc1.$b404153,9,0,0,City of a Thousand Suns,WORK_OF_ART,0,23
uc1.$b404153,9,0,1,SAMUEL R. DELANY,PERSON,24,40
uc1.$b404153,9,0,2,SPHERE BOOKS LTD,ORG,41,57
uc1.$b404153,9,0,3,London,GPE,75,81
uc1.$b404153,10,0,0,Great Britain,GPE,19,32
uc1.$b404153,10,0,1,1969,DATE,36,40
uc1.$b404153,10,0,2,Sphere Books,ORG,44,56
uc1.$b404153,10,0,3,Samuel R. Delany,PERSON,57,73
uc1.$b404153,10,0,4,MARK LOAN,PERSON,80,89
uc1.$b404153,10,0,5,Publishers,ORG,176,186
uc1.$b404153,10,2,0,Plantin,GPE,7,14
uc1.$b404153,10,3,0,Great Britain,GPE,11,24
uc1.$b404153,10,3,1,Richard Clay,PERSON,28,40
uc1.$b404153,10,3,2,"The Chaucer Press), Ltd.",ORG,42,66
uc1.$b404153,10,3,3,Bungay,GPE,68,74
uc1.$b404153,10,3,4,Suffolk,GPE,76,83
uc1.$b404153,11,0,0,Jon,PERSON,34,37
uc1.$b404153,11,0,1,Alter,PERSON,42,47
uc1.$b404153,11,0,2,City,GPE,63,67
uc1.$b404153,11,0,3,Vol Nonik,PERSON,113,122
uc1.$b404153,11,1,0,Telphar,GPE,33,40
uc1.$b404153,11,4,0,Jon,PERSON,18,21
uc1.$b404153,11,5,0,Nonik,PERSON,26,31
uc1.$b404153,11,7,0,the Lord of the Flames,PERSON,5,27
uc1.$b404153,11,12,0,City,GPE,53,57
uc1.$b404153,11,13,0,Jon,PERSON,4,7
uc1.$b404153,11,14,0,the City of a Thousand Suns,GPE,16,43
uc1.$b404153,11,14,1,Lug,PERSON,94,97
uc1.$b404153,11,14,2,Catham,PERSON,137,143
uc1.$b404153,11,14,3,Clea,PERSON,148,152
uc1.$b404153,11,14,4,City,GPE,202,206
uc1.$b404153,11,14,5,City,GPE,295,299
uc1.$b404153,11,14,6,Rara,PERSON,309,313
uc1.$b404153,11,14,7,Koshar,PERSON,323,329
uc1.$b404153,11,14,8,Arkor,PERSON,354,359
uc1.$b404153,11,15,0,Arkor,PERSON,184,189
uc1.$b404153,11,15,1,Larta,PERSON,191,196
uc1.$b404153,11,15,2,L. Grayray,PERSON,208,218
uc1.$b404153,12,1,0,the City of a Thousand Suns,GPE,47,74
uc1.$b404153,12,3,0,New York,GPE,0,8
uc1.$b404153,12,3,1,"February 28th, 1964",DATE,9,28
uc1.$b404153,13,1,0,at least one,CARDINAL,9,21
uc1.$b404153,13,3,0,Toromon,GPE,13,20
uc1.$b404153,13,4,0,Toron,GPE,20,25
uc1.$b404153,13,10,0,one,CARDINAL,27,30
uc1.$b404153,13,15,0,hundreds,CARDINAL,39,47
uc1.$b404153,13,17,0,City,GPE,75,79
uc1.$b404153,13,19,0,thousands,CARDINAL,160,169
uc1.$b404153,13,20,0,earth,LOC,102,107
uc1.$b404153,13,21,0,City,GPE,34,38
uc1.$b404153,14,3,0,one,CARDINAL,3,6
uc1.$b404153,14,3,1,thirty-foot,QUANTITY,38,49
uc1.$b404153,14,3,2,City,GPE,61,65
uc1.$b404153,14,4,0,the Lord of the Flames,PERSON,118,140
uc1.$b404153,14,6,0,City,GPE,63,67
uc1.$b404153,14,12,0,fifty-foot,QUANTITY,7,17
uc1.$b404153,14,12,1,one,CARDINAL,31,34
uc1.$b404153,14,12,2,City,GPE,66,70
uc1.$b404153,14,17,0,one,CARDINAL,3,6
uc1.$b404153,14,17,1,City,GPE,29,33
uc1.$b404153,14,18,0,one,CARDINAL,23,26
uc1.$b404153,14,19,0,City,GPE,55,59
uc1.$b404153,14,20,0,Earth,LOC,49,54
uc1.$b404153,14,21,0,Earth,LOC,60,65
uc1.$b404153,15,0,0,one,CARDINAL,0,3
uc1.$b404153,15,3,0,Toromon,LOC,48,55
uc1.$b404153,15,3,1,Earth,LOC,70,75
uc1.$b404153,15,3,2,fifteen hundred,DATE,80,95
uc1.$b404153,15,3,3,Sol,LOC,123,126
uc1.$b404153,15,4,0,Toromon,PERSON,18,25
uc1.$b404153,15,4,1,thousand-year-tired,DATE,224,243
uc1.$b404153,15,7,0,Toromon,GPE,176,183
uc1.$b404153,15,7,1,second,ORDINAL,439,445
uc1.$b404153,15,7,2,City,GPE,446,450
uc1.$b404153,15,7,3,Telphar,GPE,474,481
uc1.$b404153,15,8,0,Toromon,GPE,64,71
uc1.$b404153,15,8,1,one,CARDINAL,86,89
uc1.$b404153,15,8,2,three million years ago,DATE,177,200
uc1.$b404153,15,8,3,a million years ahead,DATE,235,256
uc1.$b404153,15,13,0,Toromon,GPE,23,30
uc1.$b404153,16,2,0,City,GPE,86,90
uc1.$b404153,16,3,0,the Lord of the Flames,PERSON,91,113
uc1.$b404153,16,3,1,Toromon,PERSON,134,141
uc1.$b404153,16,4,0,First,ORDINAL,0,5
uc1.$b404153,16,6,0,Earth,LOC,76,81
uc1.$b404153,16,8,0,second,ORDINAL,21,27
uc1.$b404153,16,9,0,three,CARDINAL,17,22
uc1.$b404153,16,9,1,three,CARDINAL,81,86
uc1.$b404153,16,10,0,two,CARDINAL,49,52
uc1.$b404153,16,10,1,Tel,PERSON,58,61
uc1.$b404153,16,10,2,Alter,PERSON,66,71
uc1.$b404153,16,11,0,One,CARDINAL,0,3
uc1.$b404153,16,11,1,Tel,PERSON,28,31
uc1.$b404153,16,11,2,only four,CARDINAL,78,87
uc1.$b404153,16,11,3,Earth,LOC,103,108
uc1.$b404153,16,12,0,three,CARDINAL,31,36
uc1.$b404153,16,12,1,one,CARDINAL,73,76
uc1.$b404153,16,12,2,the Lord of the Flames,PERSON,172,194
uc1.$b404153,16,12,3,third,ORDINAL,203,208
uc1.$b404153,16,12,4,one,CARDINAL,238,241
uc1.$b404153,16,16,0,the Lord of the Flames',PERSON,15,38
uc1.$b404153,16,18,0,Toromon,NORP,16,23
uc1.$b404153,16,20,0,City,GPE,69,73
uc1.$b404153,16,20,1,the Lord of the Flames,PERSON,138,160
uc1.$b404153,16,22,0,12,CARDINAL,66,68
uc1.$b404153,17,0,0,three,CARDINAL,16,21
uc1.$b404153,17,0,1,three,CARDINAL,45,50
uc1.$b404153,17,0,2,Earth,LOC,82,87
uc1.$b404153,17,0,3,the Poems of Vol Nonik,WORK_OF_ART,89,111
uc1.$b404153,17,0,4,the Unification of Random Fields,WORK_OF_ART,113,145
uc1.$b404153,17,0,5,Clea Koshar,PERSON,153,164
uc1.$b404153,17,0,6,Looms of the Sea,WORK_OF_ART,170,186
uc1.$b404153,17,0,7,Rolth Catham,PERSON,238,250
uc1.$b404153,17,3,0,Earth,LOC,90,95
uc1.$b404153,17,3,1,four,CARDINAL,171,175
uc1.$b404153,17,3,2,the Lord of the Flames,PERSON,220,242
uc1.$b404153,17,9,0,Vol,PERSON,286,289
uc1.$b404153,17,13,0,Renna,PERSON,1,6
uc1.$b404153,17,13,1,13,CARDINAL,19,21
uc1.$b404153,18,0,0,Kino,PERSON,7,11
uc1.$b404153,18,2,0,Kino,PERSON,0,4
uc1.$b404153,18,2,1,Renna,PERSON,23,28
uc1.$b404153,18,5,0,Kino,PERSON,0,4
uc1.$b404153,18,9,0,Kino,PERSON,25,29
uc1.$b404153,18,9,1,Vol,PERSON,32,35
uc1.$b404153,18,10,0,Jeof,PERSON,47,51
uc1.$b404153,18,11,0,a couple of days,DATE,44,60
uc1.$b404153,18,13,0,Kino,PERSON,0,4
uc1.$b404153,18,14,0,Jeof,PERSON,24,28
uc1.$b404153,18,14,1,first,ORDINAL,48,53
uc1.$b404153,18,18,0,Jeof,PERSON,19,23
uc1.$b404153,18,19,0,Renna,PERSON,25,30
uc1.$b404153,18,19,1,Vol,PERSON,52,55
uc1.$b404153,18,20,0,Kino,PERSON,2,6
uc1.$b404153,18,20,1,the Devil's Pot,LOC,108,123
uc1.$b404153,18,26,0,14,CARDINAL,118,120
uc1.$b404153,19,4,0,Last night,TIME,0,10
uc1.$b404153,19,5,0,two,CARDINAL,48,51
uc1.$b404153,19,5,1,three-inch,QUANTITY,191,201
uc1.$b404153,19,13,0,Jeof,PERSON,5,9
uc1.$b404153,19,18,0,Kino,PERSON,0,4
uc1.$b404153,19,19,0,two seconds,TIME,9,20
uc1.$b404153,19,19,1,first,ORDINAL,197,202
uc1.$b404153,19,20,0,first,ORDINAL,42,47
uc1.$b404153,19,24,0,this morning,TIME,16,28
uc1.$b404153,20,3,0,ruffians,NORP,4,12
uc1.$b404153,20,6,0,morning,TIME,6,13
uc1.$b404153,20,8,0,six,CARDINAL,141,144
uc1.$b404153,20,14,0,Jeof,PERSON,32,36
uc1.$b404153,20,15,0,Three,CARDINAL,0,5
uc1.$b404153,20,16,0,Kino,PERSON,15,19
uc1.$b404153,20,18,0,last night,TIME,26,36
uc1.$b404153,20,18,1,first,ORDINAL,54,59
uc1.$b404153,20,20,0,this morning,TIME,46,58
uc1.$b404153,20,21,0,Jeof,PERSON,0,4
uc1.$b404153,20,23,0,Vol,PERSON,0,3
uc1.$b404153,20,25,0,a second later,TIME,21,35
uc1.$b404153,20,25,1,at least another six,CARDINAL,48,68
uc1.$b404153,20,26,0,Two,CARDINAL,0,3
uc1.$b404153,20,27,0,Jeof,PERSON,5,9
uc1.$b404153,20,27,1,first,ORDINAL,119,124
uc1.$b404153,20,28,0,Jeof,PERSON,7,11
uc1.$b404153,20,28,1,Vol Again,PERSON,36,45
uc1.$b404153,20,30,0,Vol,PERSON,53,56
uc1.$b404153,20,33,0,first,ORDINAL,6,11
uc1.$b404153,20,33,1,Jeof,PERSON,17,21
uc1.$b404153,20,33,2,16,DATE,61,63
uc1.$b404153,21,2,0,Vol,PERSON,9,12
uc1.$b404153,21,3,0,one,CARDINAL,29,32
uc1.$b404153,21,3,1,three,CARDINAL,73,78
uc1.$b404153,21,3,2,four,CARDINAL,107,111
uc1.$b404153,21,3,3,one,CARDINAL,165,168
uc1.$b404153,21,4,0,Jeof,PERSON,11,15
uc1.$b404153,21,7,0,One,CARDINAL,1,4
uc1.$b404153,21,9,0,A minute after,TIME,0,14
uc1.$b404153,21,9,1,Vol,PERSON,33,36
uc1.$b404153,21,12,0,Half an hour later,TIME,0,18
uc1.$b404153,21,12,1,Rara,PERSON,19,23
uc1.$b404153,21,18,0,two,CARDINAL,62,65
uc1.$b404153,21,18,1,yesterday,DATE,109,118
uc1.$b404153,21,21,0,Vol,PERSON,0,3
uc1.$b404153,21,23,0,fifty,CARDINAL,47,52
uc1.$b404153,21,25,0,Rara,PERSON,1,5
uc1.$b404153,22,2,0,Nonik,PERSON,4,9
uc1.$b404153,22,5,0,Nonik,PERSON,11,16
uc1.$b404153,22,5,1,Rara,PERSON,19,23
uc1.$b404153,22,8,0,Rara,PERSON,0,4
uc1.$b404153,22,9,0,General Medical,ORG,54,69
uc1.$b404153,22,11,0,nearly an octave,QUANTITY,81,97
uc1.$b404153,22,13,0,Vol,PERSON,0,3
uc1.$b404153,22,15,0,Nonik,PERSON,4,9
uc1.$b404153,22,15,1,Rara,PERSON,12,16
uc1.$b404153,22,16,0,Nonik,PERSON,4,9
uc1.$b404153,22,20,0,Nonik,PERSON,50,55
uc1.$b404153,22,25,0,a month ago,DATE,56,67
uc1.$b404153,22,28,0,one,CARDINAL,38,41
uc1.$b404153,22,28,1,two,CARDINAL,105,108
uc1.$b404153,22,34,0,four years ago,DATE,6,20
uc1.$b404153,22,35,0,nine years old,DATE,57,71
uc1.$b404153,22,42,0,General Medical,ORG,26,41
uc1.$b404153,23,10,0,a quarter,CARDINAL,29,38
uc1.$b404153,23,11,0,Nonik,PERSON,4,9
uc1.$b404153,23,13,0,Rara,PERSON,0,4
uc1.$b404153,23,14,0,Nonik,PERSON,4,9
uc1.$b404153,23,14,1,General Medical,ORG,32,47
uc1.$b404153,23,19,0,early morning,TIME,4,17
uc1.$b404153,23,23,0,City,GPE,44,48
uc1.$b404153,23,24,0,Earth,LOC,27,32
uc1.$b404153,23,25,0,three,CARDINAL,33,38
uc1.$b404153,23,26,0,City,GPE,182,186
uc1.$b404153,23,27,0,Toron,GPE,19,24
uc1.$b404153,23,28,0,Clea,PERSON,1,5
uc1.$b404153,23,31,0,Toromon,PERSON,33,40
uc1.$b404153,24,4,0,Rolth,PERSON,8,13
uc1.$b404153,24,10,0,Koshar,PERSON,46,52
uc1.$b404153,24,11,0,Rolth Catham,PERSON,1,13
uc1.$b404153,24,11,1,Clea Koshar,PERSON,46,57
uc1.$b404153,24,16,0,Catham,PERSON,0,6
uc1.$b404153,24,17,0,Koshar,PERSON,87,93
uc1.$b404153,24,18,0,Koshar,PERSON,30,36
uc1.$b404153,24,20,0,second,ORDINAL,15,21
uc1.$b404153,24,22,0,Clea,PERSON,19,23
uc1.$b404153,24,23,0,second,ORDINAL,102,108
uc1.$b404153,24,26,0,Catham,PERSON,39,45
uc1.$b404153,24,28,0,Catham,PERSON,0,6
uc1.$b404153,24,32,0,two,CARDINAL,23,26
uc1.$b404153,24,33,0,Koshar,PERSON,13,19
uc1.$b404153,24,36,0,Clea,PERSON,0,4
uc1.$b404153,24,36,1,Rolth,PERSON,9,14
uc1.$b404153,24,36,2,half,CARDINAL,47,51
uc1.$b404153,24,39,0,Clea,PERSON,1,5
uc1.$b404153,24,39,1,Koshar,PERSON,8,14
uc1.$b404153,24,40,0,Clea,PERSON,1,5
uc1.$b404153,24,42,0,University Island,LOC,26,43
uc1.$b404153,24,42,1,20,CARDINAL,85,87
uc1.$b404153,25,4,0,two,CARDINAL,8,11
uc1.$b404153,25,7,0,twenty-eight years old,DATE,7,29
uc1.$b404153,25,9,0,Clea,PERSON,5,9
uc1.$b404153,25,14,0,Clea,PERSON,34,38
uc1.$b404153,25,15,0,Jon,PERSON,33,36
uc1.$b404153,25,18,0,Jon,PERSON,0,3
uc1.$b404153,25,22,0,today,DATE,55,60
uc1.$b404153,25,23,0,Clea,PERSON,59,63
uc1.$b404153,25,24,0,Clea,PERSON,7,11
uc1.$b404153,25,24,1,eighteen,DATE,54,62
uc1.$b404153,25,25,0,eight years,DATE,53,64
uc1.$b404153,25,26,0,eight years,DATE,6,17
uc1.$b404153,25,27,0,Jon,PERSON,96,99
uc1.$b404153,25,28,0,Rolth,PERSON,9,14
uc1.$b404153,25,41,0,Clea,PERSON,40,44
uc1.$b404153,25,43,0,21,CARDINAL,4,6
uc1.$b404153,26,2,0,Dad,PERSON,22,25
uc1.$b404153,26,4,0,Catham,PERSON,0,6
uc1.$b404153,26,4,1,Clea,PERSON,35,39
uc1.$b404153,26,5,0,Dad,PERSON,10,13
uc1.$b404153,26,8,0,Clea,PERSON,27,31
uc1.$b404153,26,8,1,Jon,PERSON,86,89
uc1.$b404153,26,9,0,Catham,PERSON,26,32
uc1.$b404153,26,13,0,Telphar,GPE,34,41
uc1.$b404153,26,15,0,Rolth,PERSON,0,5
uc1.$b404153,26,15,1,three thousand years,DATE,11,31
uc1.$b404153,26,16,0,Rolth,PERSON,51,56
uc1.$b404153,26,17,0,half,CARDINAL,36,40
uc1.$b404153,26,18,0,a hundred,CARDINAL,35,44
uc1.$b404153,26,18,1,Clea,PERSON,52,56
uc1.$b404153,26,22,0,Rolth,PERSON,21,26
uc1.$b404153,26,26,0,Rolth,PERSON,1,6
uc1.$b404153,26,26,1,four,CARDINAL,22,26
uc1.$b404153,26,31,0,Rolth,PERSON,25,30
uc1.$b404153,26,34,0,Clea,PERSON,0,4
uc1.$b404153,26,37,0,22,CARDINAL,61,63
uc1.$b404153,27,8,0,Koshar,PERSON,9,15
uc1.$b404153,27,11,0,afternoon,TIME,61,70
uc1.$b404153,27,11,1,the Koshar Aquariums,ORG,92,112
uc1.$b404153,27,13,0,Koshar Synthetics,ORG,91,108
uc1.$b404153,27,14,0,the Devil's Pot,FAC,41,56
uc1.$b404153,27,14,1,one,CARDINAL,81,84
uc1.$b404153,27,19,0,close to,DATE,46,54
uc1.$b404153,27,19,1,one,CARDINAL,87,90
uc1.$b404153,27,20,0,Koshar,PERSON,30,36
uc1.$b404153,27,21,0,Rara,PERSON,33,37
uc1.$b404153,27,28,0,about a month,DATE,29,42
uc1.$b404153,27,28,1,Rara,PERSON,45,49
uc1.$b404153,27,33,0,Koshar,PERSON,6,12
uc1.$b404153,27,34,0,some years back,DATE,26,41
uc1.$b404153,27,36,0,one night,TIME,98,107
uc1.$b404153,27,37,0,a couple of weeks 23,DATE,28,48
uc1.$b404153,28,1,0,this morning,TIME,27,39
uc1.$b404153,28,1,1,one,CARDINAL,41,44
uc1.$b404153,28,6,0,Rara,PERSON,0,4
uc1.$b404153,28,15,0,Cithon,PERSON,4,10
uc1.$b404153,28,16,0,Grella,PERSON,20,26
uc1.$b404153,28,31,0,Rara,PERSON,30,34
uc1.$b404153,28,32,0,just a second,TIME,9,22
uc1.$b404153,28,34,0,Rara,PERSON,48,52
uc1.$b404153,28,36,0,Rara,PERSON,0,4
uc1.$b404153,28,48,0,Koshar,PERSON,9,15
uc1.$b404153,28,48,1,24,CARDINAL,57,59
uc1.$b404153,29,3,0,Koshar,PERSON,4,10
uc1.$b404153,29,10,0,Earth,LOC,36,41
uc1.$b404153,29,11,0,Random Fields,WORK_OF_ART,57,70
uc1.$b404153,29,16,0,the Lord of the Flames,PERSON,35,57
uc1.$b404153,29,17,0,the Lord of the Flames,PERSON,77,99
uc1.$b404153,29,22,0,25,CARDINAL,0,2
uc1.$b404153,30,0,0,II,CARDINAL,8,10
uc1.$b404153,30,7,0,today,DATE,25,30
uc1.$b404153,30,9,0,Jon,PERSON,40,43
uc1.$b404153,30,17,0,Alter,PERSON,23,28
uc1.$b404153,30,26,0,One,CARDINAL,0,3
uc1.$b404153,30,28,0,Jon,PERSON,32,35
uc1.$b404153,30,30,0,this morning,TIME,41,53
uc1.$b404153,30,30,1,Alter,PERSON,56,61
uc1.$b404153,30,32,0,That hundred yards,QUANTITY,0,18
uc1.$b404153,30,33,0,two,CARDINAL,22,25
uc1.$b404153,30,34,0,One,CARDINAL,0,3
uc1.$b404153,30,36,0,26,CARDINAL,44,46
uc1.$b404153,31,2,0,the Devil's Pot,FAC,27,42
uc1.$b404153,31,2,1,night,TIME,46,51
uc1.$b404153,31,4,0,Jon,PERSON,0,3
uc1.$b404153,31,4,1,Alter,PERSON,8,13
uc1.$b404153,31,5,0,Ten minutes later,TIME,0,17
uc1.$b404153,31,5,1,Jon,PERSON,55,58
uc1.$b404153,31,7,0,Alter,PERSON,0,5
uc1.$b404153,31,17,0,Alter,PERSON,166,171
uc1.$b404153,31,18,0,Jon,PERSON,0,3
uc1.$b404153,31,22,0,one,CARDINAL,21,24
uc1.$b404153,31,22,1,three,CARDINAL,43,48
uc1.$b404153,31,22,2,dozens,CARDINAL,63,69
uc1.$b404153,31,23,0,two,CARDINAL,34,37
uc1.$b404153,31,23,1,three,CARDINAL,44,49
uc1.$b404153,31,23,2,four,CARDINAL,56,60
uc1.$b404153,31,24,0,Jon,PERSON,27,30
uc1.$b404153,31,25,0,Alter,PERSON,19,24
uc1.$b404153,31,26,0,one,CARDINAL,35,38
uc1.$b404153,31,28,0,Seconds later,TIME,0,13
uc1.$b404153,31,29,0,Alter,PERSON,21,26
uc1.$b404153,31,30,0,five seconds,TIME,4,16
uc1.$b404153,31,31,0,27,CARDINAL,0,2
uc1.$b404153,32,0,0,Alter,PERSON,27,32
uc1.$b404153,32,1,0,Jon,PERSON,29,32
uc1.$b404153,32,5,0,Jon,PERSON,11,14
uc1.$b404153,32,7,0,Alter,PERSON,22,27
uc1.$b404153,32,12,0,Military,ORG,43,51
uc1.$b404153,32,12,1,Telphar,GPE,99,106
uc1.$b404153,32,14,0,two twelvefoot discs,QUANTITY,45,65
uc1.$b404153,32,16,0,Alter,PERSON,30,35
uc1.$b404153,32,17,0,John,PERSON,0,4
uc1.$b404153,32,19,0,Alter,PERSON,54,59
uc1.$b404153,32,20,0,Jon,PERSON,0,3
uc1.$b404153,32,21,0,two,CARDINAL,62,65
uc1.$b404153,32,23,0,a handful of inches over seven feet,QUANTITY,21,56
uc1.$b404153,33,0,0,Grace,PERSON,0,5
uc1.$b404153,33,3,0,Jon,PERSON,58,61
uc1.$b404153,33,3,1,Alter,PERSON,66,71
uc1.$b404153,33,6,0,Grace,PERSON,5,10
uc1.$b404153,33,6,1,the Duchess of Petra,PERSON,12,32
uc1.$b404153,33,7,0,Jon,PERSON,4,7
uc1.$b404153,33,7,1,Alter,PERSON,12,17
uc1.$b404153,33,8,0,Petra,PERSON,1,6
uc1.$b404153,33,8,1,Arkor,PERSON,8,13
uc1.$b404153,33,8,2,Jon,PERSON,22,25
uc1.$b404153,33,10,0,Alter,PERSON,4,9
uc1.$b404153,33,12,0,the Public Gym,FAC,23,37
uc1.$b404153,33,15,0,Petra,PERSON,27,32
uc1.$b404153,33,15,1,Jon,PERSON,41,44
uc1.$b404153,33,19,0,Alter,PERSON,27,32
uc1.$b404153,33,20,0,Petra,PERSON,15,20
uc1.$b404153,33,22,0,Jon,PERSON,20,23
uc1.$b404153,33,23,0,a few minutes ago,TIME,34,51
uc1.$b404153,33,24,0,Jon,PERSON,0,3
uc1.$b404153,33,24,1,Alter,PERSON,8,13
uc1.$b404153,33,25,0,First,ORDINAL,1,6
uc1.$b404153,33,26,0,Second,ORDINAL,0,6
uc1.$b404153,33,27,0,Alter,PERSON,15,20
uc1.$b404153,33,30,0,Let,PERSON,50,53
uc1.$b404153,33,34,0,today,DATE,4,9
uc1.$b404153,33,34,1,first,ORDINAL,26,31
uc1.$b404153,33,34,2,Toromon,PRODUCT,42,49
uc1.$b404153,33,35,0,Jon,PERSON,7,10
uc1.$b404153,33,37,0,thousands upon thousands,CARDINAL,14,38
uc1.$b404153,33,38,0,thousands,CARDINAL,22,31
uc1.$b404153,33,38,1,29,CARDINAL,53,55
uc1.$b404153,34,7,0,Jon,PERSON,44,47
uc1.$b404153,34,10,0,Alter,PERSON,0,5
uc1.$b404153,34,11,0,four,CARDINAL,118,122
uc1.$b404153,34,13,0,Arkor,PERSON,39,44
uc1.$b404153,34,14,0,the Lord of the Flames,PERSON,51,73
uc1.$b404153,34,14,1,Earth,LOC,90,95
uc1.$b404153,34,18,0,four,CARDINAL,366,370
uc1.$b404153,34,18,1,three,CARDINAL,385,390
uc1.$b404153,34,18,2,one,CARDINAL,442,445
uc1.$b404153,34,18,3,Koshar,PERSON,486,492
uc1.$b404153,34,20,0,Rolth Catham,PERSON,97,109
uc1.$b404153,34,21,0,Toromon,PERSON,127,134
uc1.$b404153,34,22,0,Catham,PERSON,30,36
uc1.$b404153,34,22,1,half a minute,TIME,61,74
uc1.$b404153,34,23,0,Jon,PERSON,17,20
uc1.$b404153,34,23,1,Alter,PERSON,49,54
uc1.$b404153,35,2,0,Alter,PERSON,35,40
uc1.$b404153,35,3,0,Petra,PERSON,14,19
uc1.$b404153,35,4,0,Gymnasium Plaza,FAC,84,99
uc1.$b404153,35,5,0,Duchess,PERSON,79,86
uc1.$b404153,35,6,0,Jon,PERSON,23,26
uc1.$b404153,35,10,0,this morning,TIME,61,73
uc1.$b404153,35,13,0,Alter,PERSON,51,56
uc1.$b404153,35,14,0,first,ORDINAL,39,44
uc1.$b404153,35,14,1,Jon,PERSON,52,55
uc1.$b404153,35,15,0,Jon,PERSON,20,23
uc1.$b404153,35,15,1,Catham,PERSON,52,58
uc1.$b404153,35,16,0,Alter,PERSON,32,37
uc1.$b404153,35,19,0,University Island,LOC,35,52
uc1.$b404153,35,20,0,Arkor,PERSON,4,9
uc1.$b404153,35,21,0,Yesterday,DATE,1,10
uc1.$b404153,35,21,1,morning,TIME,11,18
uc1.$b404153,35,21,2,Rolth Catham,PERSON,19,31
uc1.$b404153,35,21,3,the University of Toromon,ORG,87,112
uc1.$b404153,35,21,4,Toron,GPE,123,128
uc1.$b404153,35,21,5,that afternoon,TIME,129,143
uc1.$b404153,35,22,0,Koshar,PERSON,19,25
uc1.$b404153,35,22,1,Jon,PERSON,28,31
uc1.$b404153,35,23,0,yesterday,DATE,87,96
uc1.$b404153,35,23,1,morning,TIME,97,104
uc1.$b404153,35,27,0,first,ORDINAL,54,59
uc1.$b404153,35,28,0,Jon,PERSON,0,3
uc1.$b404153,35,28,1,Eight years,DATE,63,74
uc1.$b404153,35,28,2,eight years,DATE,87,98
uc1.$b404153,35,31,0,Jon,PERSON,0,3
uc1.$b404153,36,1,0,three,CARDINAL,4,9
uc1.$b404153,36,2,0,Jon,PERSON,34,37
uc1.$b404153,36,3,0,Alter,PERSON,0,5
uc1.$b404153,36,4,0,Petra,PERSON,27,32
uc1.$b404153,36,10,0,the next day,DATE,8,20
uc1.$b404153,36,13,0,Arkor,PERSON,14,19
uc1.$b404153,36,14,0,Jon,PERSON,10,13
uc1.$b404153,36,17,0,first,ORDINAL,14,19
uc1.$b404153,36,21,0,Petra,PERSON,25,30
uc1.$b404153,36,22,0,Arkor,PERSON,0,5
uc1.$b404153,36,25,0,Alter,PERSON,43,48
uc1.$b404153,36,28,0,Eight years,DATE,1,12
uc1.$b404153,36,29,0,Petra,PERSON,0,5
uc1.$b404153,36,29,1,Arkor,PERSON,7,12
uc1.$b404153,36,29,2,these past couple of months,DATE,245,272
uc1.$b404153,36,31,0,Koshar,PERSON,12,18
uc1.$b404153,36,33,0,Alter,PERSON,0,5
uc1.$b404153,36,37,0,first,ORDINAL,78,83
uc1.$b404153,36,40,0,32,CARDINAL,30,32
uc1.$b404153,38,0,0,III,CARDINAL,8,11
uc1.$b404153,38,0,1,five years,DATE,73,83
uc1.$b404153,38,0,2,three,CARDINAL,96,101
uc1.$b404153,38,1,0,Jon,PERSON,0,3
uc1.$b404153,38,4,0,eighteen,DATE,3,11
uc1.$b404153,38,4,1,a week,DATE,27,33
uc1.$b404153,38,4,2,Toromon,GPE,136,143
uc1.$b404153,38,4,3,Jon,PERSON,273,276
uc1.$b404153,38,5,0,five years,DATE,16,26
uc1.$b404153,38,5,1,five years,DATE,65,75
uc1.$b404153,38,8,0,only three,CARDINAL,27,37
uc1.$b404153,38,11,0,34,CARDINAL,14,16
uc1.$b404153,39,0,0,two,CARDINAL,126,129
uc1.$b404153,39,0,1,Telphar,LOC,249,256
uc1.$b404153,39,3,0,half,CARDINAL,75,79
uc1.$b404153,39,9,0,Jon,PERSON,0,3
uc1.$b404153,39,9,1,thirty feet,QUANTITY,248,259
uc1.$b404153,39,14,0,Jon,PERSON,0,3
uc1.$b404153,39,15,0,hundreds,CARDINAL,4,12
uc1.$b404153,39,20,0,Koshar,PERSON,0,6
uc1.$b404153,39,22,0,35,CARDINAL,0,2
uc1.$b404153,40,0,0,Jon,PERSON,10,13
uc1.$b404153,40,1,0,Jon,PERSON,13,16
uc1.$b404153,40,2,0,Koshar,PERSON,0,6
uc1.$b404153,40,4,0,Dad,PERSON,28,31
uc1.$b404153,40,4,1,Jon,PERSON,34,37
uc1.$b404153,40,6,0,Jon,PERSON,39,42
uc1.$b404153,40,13,0,Petra,PERSON,48,53
uc1.$b404153,40,13,1,three years,DATE,58,69
uc1.$b404153,40,16,0,Koshar,PERSON,0,6
uc1.$b404153,40,19,0,Jon,PERSON,0,3
uc1.$b404153,40,22,0,Five years,DATE,1,11
uc1.$b404153,40,22,1,Jon,PERSON,14,17
uc1.$b404153,40,22,2,less than an hour,TIME,62,79
uc1.$b404153,40,30,0,Koshar,PERSON,17,23
uc1.$b404153,40,32,0,Jon,PERSON,1,4
uc1.$b404153,40,33,0,Jon,PERSON,1,4
uc1.$b404153,40,34,0,36,CARDINAL,189,191
uc1.$b404153,41,2,0,Clea,PERSON,25,29
uc1.$b404153,41,4,0,Koshar,PERSON,0,6
uc1.$b404153,41,5,0,Clea,PERSON,1,5
uc1.$b404153,41,8,0,University,ORG,49,59
uc1.$b404153,41,9,0,Catham,GPE,1,7
uc1.$b404153,41,10,0,yesterday,DATE,20,29
uc1.$b404153,41,14,0,Koshar,PERSON,0,6
uc1.$b404153,41,16,0,Jon,PERSON,0,3
uc1.$b404153,41,20,0,Jon,PERSON,15,18
uc1.$b404153,41,23,0,Koshar,PERSON,0,6
uc1.$b404153,41,26,0,Jon,PERSON,0,3
uc1.$b404153,41,28,0,Jon,PERSON,127,130
uc1.$b404153,41,30,0,Toron,GPE,1,6
uc1.$b404153,41,30,1,Koshar,PERSON,45,51
uc1.$b404153,41,33,0,Dad,PERSON,47,50
uc1.$b404153,41,33,1,Jon,PERSON,53,56
uc1.$b404153,41,37,0,one,CARDINAL,13,16
uc1.$b404153,41,39,0,Koshar,PERSON,0,6
uc1.$b404153,41,40,0,six hours,TIME,60,69
uc1.$b404153,41,41,0,37,CARDINAL,56,58
uc1.$b404153,42,2,0,two,CARDINAL,101,104
uc1.$b404153,42,3,0,Koshar,PERSON,22,28
uc1.$b404153,42,4,0,About ten,TIME,1,10
uc1.$b404153,42,4,1,this morning,TIME,11,23
uc1.$b404153,42,9,0,one,CARDINAL,14,17
uc1.$b404153,42,10,0,This morning,TIME,0,12
uc1.$b404153,42,10,1,Telphar,GPE,107,114
uc1.$b404153,42,11,0,Computer,PRODUCT,63,71
uc1.$b404153,42,13,0,Koshar,PERSON,14,20
uc1.$b404153,42,17,0,Koshar,PERSON,23,29
uc1.$b404153,42,19,0,Jon,PERSON,54,57
uc1.$b404153,42,21,0,Jon,PERSON,31,34
uc1.$b404153,42,23,0,Clea,PERSON,4,8
uc1.$b404153,42,27,0,Jon,PERSON,9,12
uc1.$b404153,42,28,0,Dad,PERSON,17,20
uc1.$b404153,42,30,0,City,GPE,43,47
uc1.$b404153,42,37,0,Jon,PERSON,0,3
uc1.$b404153,42,38,0,Dad,PERSON,26,29
uc1.$b404153,42,42,0,Jon,PERSON,17,20
uc1.$b404153,42,43,0,Toron,GPE,29,34
uc1.$b404153,42,44,0,Jon,PERSON,0,3
uc1.$b404153,42,44,1,38,CARDINAL,11,13
uc1.$b404153,43,4,0,Jon,PERSON,0,3
uc1.$b404153,43,4,1,three,CARDINAL,8,13
uc1.$b404153,43,6,0,Jon,PERSON,0,3
uc1.$b404153,43,9,0,Jon,PERSON,0,3
uc1.$b404153,43,10,0,Jon,PERSON,0,3
uc1.$b404153,43,10,1,three-quarters,CARDINAL,20,34
uc1.$b404153,43,12,0,Jon,PERSON,29,32
uc1.$b404153,43,15,0,Jon,PERSON,24,27
uc1.$b404153,43,20,0,Jon,PERSON,0,3
uc1.$b404153,43,26,0,Jon,PERSON,8,11
uc1.$b404153,43,29,0,Jon,PERSON,59,62
uc1.$b404153,43,30,0,Kino,PERSON,1,5
uc1.$b404153,43,31,0,Kino Nlove,PERSON,1,11
uc1.$b404153,43,33,0,Kino,PERSON,0,4
uc1.$b404153,43,33,1,Jon,PERSON,58,61
uc1.$b404153,43,36,0,Jon,PERSON,38,41
uc1.$b404153,43,37,0,Kino,PERSON,14,18
uc1.$b404153,43,40,0,39,CARDINAL,0,2
uc1.$b404153,44,0,0,Kino,PERSON,0,4
uc1.$b404153,44,1,0,City,GPE,35,39
uc1.$b404153,44,3,0,Kino,PERSON,27,31
uc1.$b404153,44,4,0,Jon,PERSON,27,30
uc1.$b404153,44,5,0,first,ORDINAL,79,84
uc1.$b404153,44,6,0,Kino,PERSON,0,4
uc1.$b404153,44,9,0,Jon,PERSON,0,3
uc1.$b404153,44,10,0,first,ORDINAL,28,33
uc1.$b404153,44,10,1,Kino,PERSON,41,45
uc1.$b404153,44,13,0,Kino,PERSON,7,11
uc1.$b404153,44,16,0,Toromon,WORK_OF_ART,52,59
uc1.$b404153,44,20,0,Jon,PERSON,26,29
uc1.$b404153,44,21,0,Kino,PERSON,7,11
uc1.$b404153,44,24,0,Jon,PERSON,22,25
uc1.$b404153,44,27,0,Kino,PERSON,21,25
uc1.$b404153,44,28,0,Pot,LOC,74,77
uc1.$b404153,44,30,0,Kino,PERSON,0,4
uc1.$b404153,44,33,0,Vol Nonik,PERSON,1,10
uc1.$b404153,44,34,0,Yesterday morning,TIME,32,49
uc1.$b404153,44,35,0,Jon,PERSON,0,3
uc1.$b404153,44,37,0,yesterday,DATE,42,51
uc1.$b404153,44,37,1,morning,TIME,52,59
uc1.$b404153,44,38,0,Kino,PERSON,32,36
uc1.$b404153,44,40,0,40,CARDINAL,0,2
uc1.$b404153,45,0,0,Jon,PERSON,20,23
uc1.$b404153,45,3,0,Kino,PERSON,22,26
uc1.$b404153,45,7,0,Vol,PERSON,12,15
uc1.$b404153,45,9,0,Vol Nonik,PERSON,1,10
uc1.$b404153,45,14,0,Kino,PERSON,0,4
uc1.$b404153,45,15,0,mali,NORP,8,12
uc1.$b404153,45,16,0,Jon,PERSON,32,35
uc1.$b404153,45,20,0,Kino,PERSON,20,24
uc1.$b404153,45,21,0,Jon,PERSON,10,13
uc1.$b404153,45,23,0,Vol Nonik,PERSON,16,25
uc1.$b404153,45,25,0,Kino,PERSON,31,35
uc1.$b404153,45,27,0,Jon,PERSON,42,45
uc1.$b404153,45,31,0,three,CARDINAL,34,39
uc1.$b404153,45,32,0,Jon,PERSON,12,15
uc1.$b404153,45,33,0,Kino,PERSON,281,285
uc1.$b404153,45,33,1,Toromon,GPE,338,345
uc1.$b404153,45,35,0,41,CARDINAL,22,24
uc1.$b404153,46,0,0,Kino,PERSON,0,4
uc1.$b404153,46,2,0,at least a,CARDINAL,23,33
uc1.$b404153,46,3,0,at least three,CARDINAL,14,28
uc1.$b404153,46,5,0,Nonik,PERSON,12,17
uc1.$b404153,46,6,0,Three,CARDINAL,1,6
uc1.$b404153,46,6,1,Kino,PERSON,15,19
uc1.$b404153,46,6,2,Vol,PERSON,32,35
uc1.$b404153,46,7,0,Jeof,PERSON,32,36
uc1.$b404153,46,9,0,Jeof,PERSON,4,8
uc1.$b404153,46,10,0,Third,ORDINAL,0,5
uc1.$b404153,46,10,1,Larta,PERSON,10,15
uc1.$b404153,46,11,0,one,CARDINAL,8,11
uc1.$b404153,46,13,0,Pot,LOC,17,20
uc1.$b404153,46,13,1,one week,DATE,21,29
uc1.$b404153,46,15,0,Kino,PERSON,0,4
uc1.$b404153,46,16,0,Three,CARDINAL,1,6
uc1.$b404153,46,17,0,one,CARDINAL,4,7
uc1.$b404153,46,17,1,Larta,PERSON,48,53
uc1.$b404153,46,17,2,Jeof,PERSON,58,62
uc1.$b404153,46,18,0,just about a week,DATE,9,26
uc1.$b404153,46,20,0,third,ORDINAL,65,70
uc1.$b404153,46,20,1,two,CARDINAL,117,120
uc1.$b404153,46,20,2,third,ORDINAL,152,157
uc1.$b404153,46,22,0,third,ORDINAL,23,28
uc1.$b404153,46,22,1,fourth,ORDINAL,40,46
uc1.$b404153,46,23,0,Nonik,PERSON,6,11
uc1.$b404153,46,24,0,Larta,PERSON,17,22
uc1.$b404153,46,26,0,Jeof,PERSON,4,8
uc1.$b404153,46,26,1,Nonik,PERSON,38,43
uc1.$b404153,46,29,0,Vol,PERSON,0,3
uc1.$b404153,46,30,0,Vol,PERSON,0,3
uc1.$b404153,46,30,1,Renna,PERSON,37,42
uc1.$b404153,46,30,2,mali,NORP,124,128
uc1.$b404153,46,34,0,Jeof,PERSON,5,9
uc1.$b404153,46,35,0,Vol,PERSON,11,14
uc1.$b404153,46,36,0,Jeof,PERSON,5,9
uc1.$b404153,46,36,1,42,DATE,53,55
uc1.$b404153,47,0,0,Vol,PERSON,33,36
uc1.$b404153,47,1,0,yesterday,DATE,37,46
uc1.$b404153,47,3,0,Renna,PERSON,8,13
uc1.$b404153,47,4,0,Vol,PERSON,83,86
uc1.$b404153,47,5,0,Vol,PERSON,4,7
uc1.$b404153,47,9,0,Jeof,PERSON,0,4
uc1.$b404153,47,9,1,Vol,PERSON,18,21
uc1.$b404153,47,9,2,Jon,PERSON,65,68
uc1.$b404153,47,9,3,Kino,PERSON,125,129
uc1.$b404153,47,11,0,Vol,PERSON,9,12
uc1.$b404153,47,11,1,Kino,PERSON,26,30
uc1.$b404153,47,13,0,that morning,TIME,24,36
uc1.$b404153,47,13,1,Jeof,PERSON,68,72
uc1.$b404153,47,14,0,Jeof,PERSON,19,23
uc1.$b404153,47,14,1,Vol,PERSON,50,53
uc1.$b404153,47,17,0,Jeof,PERSON,70,74
uc1.$b404153,47,26,0,General Medical,ORG,24,39
uc1.$b404153,47,34,0,General Medical,ORG,28,43
uc1.$b404153,47,37,0,Vol,PERSON,0,3
uc1.$b404153,47,39,0,43,CARDINAL,5,7
uc1.$b404153,48,0,0,half,CARDINAL,57,61
uc1.$b404153,48,1,0,Vol,PERSON,76,79
uc1.$b404153,48,2,0,Vol,PERSON,15,18
uc1.$b404153,48,4,0,Vol,PERSON,31,34
uc1.$b404153,48,5,0,Clea,PERSON,15,19
uc1.$b404153,48,7,0,Vol,PERSON,21,24
uc1.$b404153,48,8,0,Vol,PERSON,0,3
uc1.$b404153,48,8,1,half,CARDINAL,4,8
uc1.$b404153,48,8,2,Catham,PERSON,66,72
uc1.$b404153,48,9,0,Clea,PERSON,15,19
uc1.$b404153,48,13,0,Vol,PERSON,33,36
uc1.$b404153,48,23,0,Jon,PERSON,28,31
uc1.$b404153,48,26,0,Kino,PERSON,0,4
uc1.$b404153,48,28,0,Jon,PERSON,0,3
uc1.$b404153,48,29,0,Catham,PERSON,28,34
uc1.$b404153,48,29,1,Clea,PERSON,74,78
uc1.$b404153,48,31,0,Kino,PERSON,17,21
uc1.$b404153,48,32,0,Vol,PERSON,41,44
uc1.$b404153,48,33,0,Jon,PERSON,14,17
uc1.$b404153,48,34,0,Kino,PERSON,13,17
uc1.$b404153,48,36,0,Jon,PERSON,38,41
uc1.$b404153,48,38,0,Kino,PERSON,10,14
uc1.$b404153,48,41,0,Vol,PERSON,30,33
uc1.$b404153,48,43,0,under twenty-one,DATE,38,54
uc1.$b404153,48,44,0,Jon,PERSON,8,11
uc1.$b404153,48,45,0,Jon,PERSON,23,26
uc1.$b404153,48,46,0,44,CARDINAL,0,2
uc1.$b404153,49,0,0,Kino,PERSON,12,16
uc1.$b404153,49,3,0,Jon,PERSON,14,17
uc1.$b404153,49,4,0,Kino,PERSON,0,4
uc1.$b404153,49,5,0,45,CARDINAL,0,2
uc1.$b404153,50,0,0,ALTER,PERSON,11,16
uc1.$b404153,50,2,0,Jon,PERSON,0,3
uc1.$b404153,50,2,1,one,CARDINAL,8,11
uc1.$b404153,50,3,0,Petra,PERSON,15,20
uc1.$b404153,50,6,0,Jon,PERSON,7,10
uc1.$b404153,50,7,0,Clea,PERSON,19,23
uc1.$b404153,50,7,1,Rolth Catham,PERSON,28,40
uc1.$b404153,50,9,0,first,ORDINAL,18,23
uc1.$b404153,50,9,1,this afternoon,TIME,61,75
uc1.$b404153,50,12,0,Vol Nonik,PERSON,20,29
uc1.$b404153,50,13,0,Kino,PERSON,26,30
uc1.$b404153,50,14,0,Vol Nonik,PERSON,1,10
uc1.$b404153,50,14,1,Petra,PERSON,19,24
uc1.$b404153,50,15,0,Clea,PERSON,1,5
uc1.$b404153,50,15,1,Catham,PERSON,7,13
uc1.$b404153,50,15,2,Nonik,PERSON,19,24
uc1.$b404153,50,15,3,yesterday,DATE,58,67
uc1.$b404153,50,15,4,morning,TIME,68,75
uc1.$b404153,50,16,0,Nonik,NORP,54,59
uc1.$b404153,50,17,0,Jon,PERSON,11,14
uc1.$b404153,50,18,0,General Records,ORG,15,30
uc1.$b404153,50,19,0,this evening,TIME,13,25
uc1.$b404153,50,19,1,Alter,PERSON,42,47
uc1.$b404153,50,20,0,two,CARDINAL,11,14
uc1.$b404153,50,20,1,Nonik,PERSON,55,60
uc1.$b404153,50,23,0,Clea,PERSON,113,117
uc1.$b404153,50,23,1,the years,DATE,136,145
uc1.$b404153,50,24,0,Alter,PERSON,0,5
uc1.$b404153,50,24,1,Alter,PERSON,19,24
uc1.$b404153,50,24,2,46,CARDINAL,30,32
uc1.$b404153,51,2,0,Jon,PERSON,0,3
uc1.$b404153,51,2,1,Alter,PERSON,36,41
uc1.$b404153,51,5,0,Clea,PERSON,23,27
uc1.$b404153,51,9,0,Jon,PERSON,5,8
uc1.$b404153,51,19,0,Alter,PERSON,27,32
uc1.$b404153,51,20,0,Clea,PERSON,12,16
uc1.$b404153,51,22,0,Jon,PERSON,25,28
uc1.$b404153,51,23,0,Rolth Catham,PERSON,9,21
uc1.$b404153,51,24,0,Catham,PERSON,13,19
uc1.$b404153,51,24,1,Alter,PERSON,28,33
uc1.$b404153,51,29,0,Jon,PERSON,19,22
uc1.$b404153,51,31,0,this morning,TIME,42,54
uc1.$b404153,51,32,0,Alter,PERSON,0,5
uc1.$b404153,51,33,0,mali,NORP,18,22
uc1.$b404153,51,33,1,Vol Nonik,PERSON,34,43
uc1.$b404153,51,33,2,Clea,PERSON,80,84
uc1.$b404153,51,33,3,Catham,PERSON,89,95
uc1.$b404153,51,35,0,Alter,PERSON,0,5
uc1.$b404153,51,38,0,Petra,PERSON,0,5
uc1.$b404153,51,39,0,Alter,PERSON,0,5
uc1.$b404153,51,39,1,Jon,PERSON,43,46
uc1.$b404153,51,40,0,Jon,PERSON,1,4
uc1.$b404153,51,42,0,Central Records,ORG,68,83
uc1.$b404153,51,42,1,Nonik,PERSON,111,116
uc1.$b404153,51,46,0,Jon,PERSON,0,3
uc1.$b404153,51,49,0,47,CARDINAL,0,2
uc1.$b404153,52,0,0,Petra,PERSON,11,16
uc1.$b404153,52,1,0,first,ORDINAL,7,12
uc1.$b404153,52,1,1,Nonik,PERSON,14,19
uc1.$b404153,52,2,0,University,ORG,52,62
uc1.$b404153,52,3,0,Two,CARDINAL,0,3
uc1.$b404153,52,3,1,Rolth Catham,PERSON,39,51
uc1.$b404153,52,4,0,Jon,PERSON,33,36
uc1.$b404153,52,5,0,Petra,PERSON,12,17
uc1.$b404153,52,6,0,Catham,PERSON,22,28
uc1.$b404153,52,6,1,Twentieth-century,DATE,42,59
uc1.$b404153,52,6,2,America,GPE,60,67
uc1.$b404153,52,6,3,six,CARDINAL,112,115
uc1.$b404153,52,6,4,Catham,PERSON,146,152
uc1.$b404153,52,7,0,Alter,PERSON,35,40
uc1.$b404153,52,10,0,Jon,PERSON,17,20
uc1.$b404153,52,11,0,University,ORG,26,36
uc1.$b404153,52,14,0,Alter,PERSON,27,32
uc1.$b404153,52,15,0,Jon,PERSON,52,55
uc1.$b404153,52,18,0,Arkor,PERSON,1,6
uc1.$b404153,52,22,0,The week,DATE,1,9
uc1.$b404153,52,22,1,Nonik,PERSON,15,20
uc1.$b404153,52,22,2,Catham,ORG,54,60
uc1.$b404153,52,23,0,Alter,PERSON,16,21
uc1.$b404153,52,24,0,Petra,PERSON,25,30
uc1.$b404153,52,25,0,two,CARDINAL,15,18
uc1.$b404153,52,26,0,The week-end,DATE,0,12
uc1.$b404153,52,26,1,Nonik,PERSON,18,23
uc1.$b404153,52,26,2,University,ORG,75,85
uc1.$b404153,52,27,0,two,CARDINAL,14,17
uc1.$b404153,52,27,1,Nonik,PERSON,64,69
uc1.$b404153,52,28,0,A little over three years,DATE,1,26
uc1.$b404153,52,28,1,Petra,PERSON,29,34
uc1.$b404153,52,30,0,Alter,PERSON,27,32
uc1.$b404153,52,32,0,Catham,PERSON,80,86
uc1.$b404153,52,32,1,Clea,PERSON,91,95
uc1.$b404153,52,33,0,Clea,PERSON,12,16
uc1.$b404153,52,33,1,Nonik,PERSON,21,26
uc1.$b404153,52,33,2,Jon,PERSON,29,32
uc1.$b404153,53,0,0,Nonik,PERSON,4,9
uc1.$b404153,53,0,1,University,ORG,17,27
uc1.$b404153,53,5,0,Alter,PERSON,16,21
uc1.$b404153,53,7,0,Petra,PERSON,0,5
uc1.$b404153,53,11,0,Jon,PERSON,14,17
uc1.$b404153,53,14,0,Telphar,GPE,28,35
uc1.$b404153,53,16,0,Jon,PERSON,19,22
uc1.$b404153,53,17,0,Telphar,GPE,19,26
uc1.$b404153,53,19,0,Nonik,PERSON,11,16
uc1.$b404153,53,22,0,Jon,PERSON,11,14
uc1.$b404153,53,24,0,Jon,PERSON,0,3
uc1.$b404153,53,24,1,Alter,PERSON,14,19
uc1.$b404153,53,27,0,Jon,PERSON,0,3
uc1.$b404153,53,29,0,Alter,PERSON,0,5
uc1.$b404153,53,30,0,Jon,PERSON,9,12
uc1.$b404153,53,31,0,one,CARDINAL,107,110
uc1.$b404153,53,31,1,seventeen-year-old,DATE,123,141
uc1.$b404153,53,31,2,the past three years,DATE,157,177
uc1.$b404153,53,33,0,Nonik,PERSON,13,18
uc1.$b404153,53,34,0,Jon,PERSON,16,19
uc1.$b404153,53,36,0,Jon,PERSON,29,32
uc1.$b404153,53,36,1,Alter,PERSON,37,42
uc1.$b404153,53,36,2,Pot,LOC,62,65
uc1.$b404153,53,37,0,one,CARDINAL,17,20
uc1.$b404153,53,38,0,evening,TIME,14,21
uc1.$b404153,53,39,0,Alter,PERSON,0,5
uc1.$b404153,53,39,1,two,CARDINAL,28,31
uc1.$b404153,54,1,0,Alter,PERSON,14,19
uc1.$b404153,54,11,0,Alter,PERSON,0,5
uc1.$b404153,54,12,0,half,CARDINAL,61,65
uc1.$b404153,54,12,1,Jon,PERSON,75,78
uc1.$b404153,54,13,0,Jon,PERSON,33,36
uc1.$b404153,54,15,0,Alter,PERSON,14,19
uc1.$b404153,54,17,0,five years,DATE,8,18
uc1.$b404153,54,22,0,Alter,PERSON,0,5
uc1.$b404153,54,26,0,Jon,PERSON,18,21
uc1.$b404153,54,27,0,Jon,PERSON,35,38
uc1.$b404153,54,30,0,second,ORDINAL,9,15
uc1.$b404153,54,30,1,Pot,LOC,56,59
uc1.$b404153,54,36,0,Pot,LOC,56,59
uc1.$b404153,54,37,0,50,CARDINAL,44,46
uc1.$b404153,55,8,0,Petra,PERSON,30,35
uc1.$b404153,55,8,1,Toron,GPE,74,79
uc1.$b404153,55,9,0,first,ORDINAL,99,104
uc1.$b404153,55,13,0,Duchess,PERSON,29,36
uc1.$b404153,55,15,0,Tel,PERSON,21,24
uc1.$b404153,55,20,0,Jon,PERSON,20,23
uc1.$b404153,55,21,0,Alter,PERSON,0,5
uc1.$b404153,55,23,0,Jon,PERSON,23,26
uc1.$b404153,55,25,0,Jon,PERSON,15,18
uc1.$b404153,55,30,0,Alter,PERSON,29,34
uc1.$b404153,55,32,0,Alter,PERSON,0,5
uc1.$b404153,55,32,1,Jon,PERSON,18,21
uc1.$b404153,55,33,0,Rara,PERSON,45,49
uc1.$b404153,55,33,1,51,CARDINAL,52,54
uc1.$b404153,56,2,0,Alter,PERSON,0,5
uc1.$b404153,56,3,0,Rara,PERSON,6,10
uc1.$b404153,56,4,0,Alter,PERSON,5,10
uc1.$b404153,56,9,0,Alter,PERSON,0,5
uc1.$b404153,56,10,0,Rara,PERSON,6,10
uc1.$b404153,56,18,0,Alter,PERSON,4,9
uc1.$b404153,56,19,0,Czeryn,PERSON,27,33
uc1.$b404153,56,21,0,General Medical,ORG,42,57
uc1.$b404153,56,22,0,Toron,GPE,50,55
uc1.$b404153,56,23,0,a few months ago,DATE,24,40
uc1.$b404153,56,26,0,Rara,PERSON,6,10
uc1.$b404153,56,30,0,Rara,PERSON,6,10
uc1.$b404153,56,30,1,Alter,PERSON,13,18
uc1.$b404153,56,30,2,one,CARDINAL,47,50
uc1.$b404153,56,33,0,Rara,PERSON,13,17
uc1.$b404153,56,35,0,Jon,PERSON,12,15
uc1.$b404153,56,37,0,Rara,PERSON,10,14
uc1.$b404153,56,37,1,Alter,PERSON,17,22
uc1.$b404153,56,37,2,Jon Koshar,PERSON,59,69
uc1.$b404153,56,38,0,Rara,PERSON,24,28
uc1.$b404153,56,43,0,Alter,PRODUCT,42,47
uc1.$b404153,57,5,0,Alter,PERSON,30,35
uc1.$b404153,57,6,0,Jon,PERSON,16,19
uc1.$b404153,57,8,0,Alter,PERSON,25,30
uc1.$b404153,57,8,1,Jon,PERSON,60,63
uc1.$b404153,57,15,0,Jon,PERSON,20,23
uc1.$b404153,57,17,0,Jon,PERSON,8,11
uc1.$b404153,57,21,0,Jon,PERSON,19,22
uc1.$b404153,57,23,0,Jon,PERSON,7,10
uc1.$b404153,57,24,0,Jon,PERSON,27,30
uc1.$b404153,57,24,1,the Psychological Corps,ORG,73,96
uc1.$b404153,57,29,0,Jon,PERSON,11,14
uc1.$b404153,57,36,0,Jon,PERSON,57,60
uc1.$b404153,57,37,0,53,CARDINAL,62,64
uc1.$b404153,58,4,0,Jon,PERSON,0,3
uc1.$b404153,58,12,0,Jon,PERSON,55,58
uc1.$b404153,58,15,0,Toromon,PERSON,45,52
uc1.$b404153,58,21,0,Jon,PERSON,0,3
uc1.$b404153,58,22,0,second,ORDINAL,117,123
uc1.$b404153,58,22,1,Jon,PERSON,139,142
uc1.$b404153,58,28,0,54,CARDINAL,37,39
uc1.$b404153,59,0,0,dozen,CARDINAL,66,71
uc1.$b404153,59,11,0,One,CARDINAL,0,3
uc1.$b404153,59,12,0,Two,CARDINAL,0,3
uc1.$b404153,59,12,1,fourth,ORDINAL,56,62
uc1.$b404153,59,13,0,fifth,ORDINAL,2,7
uc1.$b404153,59,19,0,Jon,PERSON,70,73
uc1.$b404153,59,20,0,Tel,PERSON,21,24
uc1.$b404153,59,20,1,Alter,PERSON,40,45
uc1.$b404153,59,20,2,Tel,PERSON,56,59
uc1.$b404153,59,32,0,two,CARDINAL,139,142
uc1.$b404153,60,3,0,Jon,PERSON,22,25
uc1.$b404153,60,8,0,Jon,PERSON,27,30
uc1.$b404153,60,22,0,last night,TIME,36,46
uc1.$b404153,60,23,0,the night,TIME,27,36
uc1.$b404153,60,25,0,Alter,PERSON,0,5
uc1.$b404153,60,25,1,Jon,PERSON,48,51
uc1.$b404153,60,26,0,Rara,PERSON,21,25
uc1.$b404153,60,29,0,Alter,PERSON,10,15
uc1.$b404153,60,30,0,Jon,PERSON,14,17
uc1.$b404153,60,31,0,two,CARDINAL,10,13
uc1.$b404153,60,31,1,Rara,PERSON,60,64
uc1.$b404153,60,32,0,Alter,PERSON,20,25
uc1.$b404153,60,35,0,Rara,PERSON,13,17
uc1.$b404153,60,38,0,Nonik,PERSON,29,34
uc1.$b404153,60,43,0,Jon,PERSON,33,36
uc1.$b404153,60,46,0,56,CARDINAL,34,36
uc1.$b404153,61,3,0,Jon,PERSON,0,3
uc1.$b404153,61,9,0,Jon,PERSON,12,15
uc1.$b404153,61,15,0,the night,TIME,72,81
uc1.$b404153,62,2,0,Jeof,PERSON,0,4
uc1.$b404153,62,4,0,the last hour and a half,TIME,73,97
uc1.$b404153,62,11,0,some day,DATE,8,16
uc1.$b404153,62,15,0,City,GPE,47,51
uc1.$b404153,62,16,0,Renna,PERSON,0,5
uc1.$b404153,62,21,0,Wental,PERSON,46,52
uc1.$b404153,62,25,0,Wental,PERSON,3,9
uc1.$b404153,62,26,0,58,CARDINAL,7,9
uc1.$b404153,63,0,0,Wental,PERSON,60,66
uc1.$b404153,63,0,1,Renna,PERSON,125,130
uc1.$b404153,63,2,0,half,CARDINAL,4,8
uc1.$b404153,63,4,0,second,ORDINAL,35,41
uc1.$b404153,63,19,0,Wental,PERSON,32,38
uc1.$b404153,63,29,0,Wental,PERSON,8,14
uc1.$b404153,63,40,0,59,CARDINAL,0,2
uc1.$b404153,64,0,0,Wental,PERSON,18,24
uc1.$b404153,64,2,0,one,CARDINAL,59,62
uc1.$b404153,64,3,0,Wental,PERSON,87,93
uc1.$b404153,64,7,0,third,ORDINAL,15,20
uc1.$b404153,65,2,0,Wental,PERSON,53,59
uc1.$b404153,65,14,0,one,CARDINAL,12,15
uc1.$b404153,65,14,1,two,CARDINAL,89,92
uc1.$b404153,65,15,0,one,CARDINAL,5,8
uc1.$b404153,65,15,1,first,ORDINAL,13,18
uc1.$b404153,65,26,0,A week ago,DATE,1,11
uc1.$b404153,65,36,0,Petra,PERSON,0,5
uc1.$b404153,66,2,0,Petra,PERSON,13,18
uc1.$b404153,66,4,0,Petra,PERSON,9,14
uc1.$b404153,66,15,0,Petra,PERSON,55,60
uc1.$b404153,66,23,0,only seventeen,DATE,17,31
uc1.$b404153,66,27,0,only half,CARDINAL,28,37
uc1.$b404153,66,28,0,half,CARDINAL,21,25
uc1.$b404153,66,29,0,Petra,PERSON,0,5
uc1.$b404153,66,30,0,the years,DATE,52,61
uc1.$b404153,66,37,0,half,CARDINAL,12,16
uc1.$b404153,66,41,0,Petra,PERSON,0,5
uc1.$b404153,67,5,0,Petra,PERSON,19,24
uc1.$b404153,67,7,0,years ago,DATE,26,35
uc1.$b404153,67,7,1,Toromon,PERSON,116,123
uc1.$b404153,67,8,0,Toromon,PERSON,7,14
uc1.$b404153,67,10,0,Toromon,PERSON,91,98
uc1.$b404153,67,12,0,Toromon,PERSON,10,17
uc1.$b404153,67,17,0,Toromon,GPE,20,27
uc1.$b404153,67,21,0,Toromon,GPE,128,135
uc1.$b404153,67,26,0,over a thousand years,DATE,70,91
uc1.$b404153,67,28,0,Petra,PERSON,31,36
uc1.$b404153,67,32,0,63,CARDINAL,0,2
uc1.$b404153,68,0,0,Petra,PERSON,1,6
uc1.$b404153,68,2,0,Petra,PERSON,1,6
uc1.$b404153,68,4,0,Toromon,PERSON,119,126
uc1.$b404153,68,6,0,Toromon,PERSON,39,46
uc1.$b404153,68,8,0,Petra,PERSON,1,6
uc1.$b404153,68,26,0,the morning,TIME,82,93
uc1.$b404153,68,28,0,Petra,PERSON,28,33
uc1.$b404153,68,33,0,Petra,PERSON,33,38
uc1.$b404153,68,38,0,third,ORDINAL,8,13
uc1.$b404153,68,41,0,64,CARDINAL,23,25
uc1.$b404153,69,2,0,Toromon,PERSON,1,8
uc1.$b404153,69,2,1,midnight,TIME,80,88
uc1.$b404153,69,5,0,Arkor,PERSON,0,5
uc1.$b404153,69,5,1,Toron,GPE,76,81
uc1.$b404153,69,6,0,fifteen feet,QUANTITY,51,63
uc1.$b404153,69,7,0,A dozen,CARDINAL,0,7
uc1.$b404153,69,9,0,one,CARDINAL,22,25
uc1.$b404153,69,9,1,forty-nine,CARDINAL,50,60
uc1.$b404153,69,10,0,Arkor,PERSON,0,5
uc1.$b404153,69,11,0,the night,TIME,41,50
uc1.$b404153,69,16,0,City,GPE,29,33
uc1.$b404153,69,17,0,only a few hundred feet,QUANTITY,48,71
uc1.$b404153,69,17,1,hour,TIME,137,141
uc1.$b404153,69,17,2,miles,CARDINAL,160,165
uc1.$b404153,69,18,0,one,CARDINAL,80,83
uc1.$b404153,69,19,0,City,GPE,13,17
uc1.$b404153,69,20,0,millionth,ORDINAL,35,44
uc1.$b404153,69,20,1,million-fold,CARDINAL,57,69
uc1.$b404153,69,21,0,City,GPE,31,35
uc1.$b404153,69,24,0,City,GPE,151,155
uc1.$b404153,69,24,1,a mile,QUANTITY,284,290
uc1.$b404153,69,25,0,Jon,PERSON,30,33
uc1.$b404153,69,25,1,Alter,PERSON,38,43
uc1.$b404153,70,3,0,Arkor,PERSON,8,13
uc1.$b404153,70,6,0,Arkor,PERSON,0,5
uc1.$b404153,70,6,1,two,CARDINAL,28,31
uc1.$b404153,70,7,0,Jon,PERSON,0,3
uc1.$b404153,70,7,1,Alter,PERSON,25,30
uc1.$b404153,71,0,0,VI,CARDINAL,8,10
uc1.$b404153,71,1,0,Alter,PERSON,13,18
uc1.$b404153,71,6,0,Jon,PERSON,0,3
uc1.$b404153,71,7,0,First,ORDINAL,1,6
uc1.$b404153,71,9,0,Toromon,ORG,36,43
uc1.$b404153,71,17,0,Petra,PERSON,28,33
uc1.$b404153,71,18,0,half a year's,DATE,43,56
uc1.$b404153,71,19,0,one,CARDINAL,18,21
uc1.$b404153,71,25,0,Jon,PERSON,16,19
uc1.$b404153,71,30,0,Jon,PERSON,33,36
uc1.$b404153,71,32,0,Petra,PERSON,115,120
uc1.$b404153,71,33,0,Toromon,PERSON,0,7
uc1.$b404153,71,33,1,fifteen hundred years ago,DATE,112,137
uc1.$b404153,72,3,0,half,CARDINAL,104,108
uc1.$b404153,72,3,1,year,DATE,111,115
uc1.$b404153,72,3,2,five or six years',DATE,143,161
uc1.$b404153,72,4,0,Alter,PERSON,0,5
uc1.$b404153,72,5,0,Petra,PERSON,57,62
uc1.$b404153,72,8,0,Alter,PERSON,19,24
uc1.$b404153,72,9,0,the evening,TIME,57,68
uc1.$b404153,72,14,0,Alter,PERSON,21,26
uc1.$b404153,72,17,0,Jon,PERSON,15,18
uc1.$b404153,72,20,0,at least five,CARDINAL,41,54
uc1.$b404153,72,21,0,Alter,PERSON,17,22
uc1.$b404153,72,23,0,Jon,PERSON,0,3
uc1.$b404153,72,26,0,Toromon,PERSON,141,148
uc1.$b404153,72,27,0,Quelor Da,PERSON,4,13
uc1.$b404153,72,28,0,Jon,PERSON,0,3
uc1.$b404153,73,1,0,eighteen,DATE,97,105
uc1.$b404153,73,4,0,Jon,PERSON,0,3
uc1.$b404153,73,4,1,Alter,PERSON,12,17
uc1.$b404153,73,9,0,Alter,PERSON,41,46
uc1.$b404153,73,10,0,Jon,PERSON,16,19
uc1.$b404153,73,12,0,Jon,PERSON,1,4
uc1.$b404153,73,12,1,Alter,PERSON,6,11
uc1.$b404153,73,16,0,Jon,PERSON,1,4
uc1.$b404153,73,19,0,Alter,PERSON,52,57
uc1.$b404153,73,24,0,Alter,PERSON,24,29
uc1.$b404153,73,25,0,Your Grace!,PERSON,25,36
uc1.$b404153,73,27,0,Petra,PERSON,1,6
uc1.$b404153,73,28,0,Alter,PERSON,0,5
uc1.$b404153,73,28,1,Petra,PERSON,43,48
uc1.$b404153,73,30,0,Petra,PERSON,1,6
uc1.$b404153,73,31,0,Jon,PERSON,0,3
uc1.$b404153,73,31,1,Alter,PERSON,16,21
uc1.$b404153,73,36,0,Jon,PERSON,53,56
uc1.$b404153,73,37,0,Petra,PERSON,0,5
uc1.$b404153,73,39,0,Jon,PERSON,0,3
uc1.$b404153,73,40,0,69,CARDINAL,0,2
uc1.$b404153,74,0,0,Petra,PERSON,1,6
uc1.$b404153,74,2,0,Let,PERSON,5,8
uc1.$b404153,74,2,1,Alter,PERSON,28,33
uc1.$b404153,74,4,0,Alter,PERSON,13,18
uc1.$b404153,74,4,1,Jon,PERSON,40,43
uc1.$b404153,74,8,0,Jon,PERSON,0,3
uc1.$b404153,74,9,0,Jon,PERSON,12,15
uc1.$b404153,74,10,0,Petra,PERSON,33,38
uc1.$b404153,74,13,0,Jon,PERSON,21,24
uc1.$b404153,74,17,0,Jon,PERSON,22,25
uc1.$b404153,74,18,0,Toromon,PERSON,19,26
uc1.$b404153,74,18,1,this evening,TIME,41,53
uc1.$b404153,74,21,0,Let,PERSON,28,31
uc1.$b404153,74,21,1,Alter,PERSON,75,80
uc1.$b404153,74,23,0,Alter,PERSON,67,72
uc1.$b404153,74,23,1,Jon,PERSON,92,95
uc1.$b404153,74,24,0,Petra,PERSON,15,20
uc1.$b404153,74,26,0,Jon,PERSON,12,15
uc1.$b404153,74,27,0,evening,TIME,6,13
uc1.$b404153,74,28,0,evening,TIME,6,13
uc1.$b404153,74,29,0,Alter,PERSON,49,54
uc1.$b404153,74,31,0,Jon,PERSON,0,3
uc1.$b404153,74,31,1,Alter,PERSON,8,13
uc1.$b404153,74,32,0,Jon,PERSON,40,43
uc1.$b404153,74,35,0,this afternoon,TIME,39,53
uc1.$b404153,74,37,0,70,CARDINAL,29,31
uc1.$b404153,75,6,0,Alter,PERSON,79,84
uc1.$b404153,75,6,1,B'rond,PERSON,217,223
uc1.$b404153,75,7,0,Jon,PERSON,0,3
uc1.$b404153,75,7,1,Alter,PERSON,90,95
uc1.$b404153,75,10,0,one,CARDINAL,27,30
uc1.$b404153,75,10,1,Tildons,PERSON,38,45
uc1.$b404153,75,12,0,B'rond,PERSON,7,13
uc1.$b404153,75,13,0,those two minutes,TIME,19,36
uc1.$b404153,75,14,0,seven,CARDINAL,12,17
uc1.$b404153,75,14,1,Jon,PERSON,26,29
uc1.$b404153,75,15,0,seven,CARDINAL,21,26
uc1.$b404153,75,17,0,Alter,PERSON,24,29
uc1.$b404153,75,18,0,a few years ago,DATE,27,42
uc1.$b404153,75,21,0,Jon,PERSON,0,3
uc1.$b404153,75,23,0,Alter,PERSON,0,5
uc1.$b404153,75,24,0,Toromon,NORP,19,26
uc1.$b404153,75,25,0,Uske,PERSON,18,22
uc1.$b404153,75,28,0,Petra,PERSON,0,5
uc1.$b404153,75,29,0,Alter,PERSON,14,19
uc1.$b404153,75,30,0,Jon,PERSON,0,3
uc1.$b404153,75,30,1,Alter,PERSON,42,47
uc1.$b404153,75,33,0,71,CARDINAL,11,13
uc1.$b404153,76,1,0,A moment later,TIME,0,14
uc1.$b404153,76,2,0,Jon,PERSON,0,3
uc1.$b404153,76,2,1,first,ORDINAL,12,17
uc1.$b404153,76,3,0,Alter,PERSON,0,5
uc1.$b404153,76,5,0,Jon,PERSON,0,3
uc1.$b404153,76,6,0,Alter,PERSON,0,5
uc1.$b404153,76,10,0,the General Medical building,FAC,6,34
uc1.$b404153,76,13,0,General Medical,ORG,20,35
uc1.$b404153,76,15,0,General Medical,ORG,17,32
uc1.$b404153,76,16,0,Jon,PERSON,0,3
uc1.$b404153,76,17,0,Alter,PERSON,0,5
uc1.$b404153,76,18,0,Jon,PERSON,1,4
uc1.$b404153,76,18,1,the General Medical,ORG,13,32
uc1.$b404153,76,20,0,Petra,PERSON,0,5
uc1.$b404153,76,21,0,Jon,PERSON,1,4
uc1.$b404153,76,25,0,Jon,PERSON,18,21
uc1.$b404153,76,26,0,Telphar,GPE,20,27
uc1.$b404153,76,29,0,Alter,PERSON,0,5
uc1.$b404153,76,34,0,Jon,PERSON,0,3
uc1.$b404153,76,36,0,Arkor,PERSON,13,18
uc1.$b404153,76,36,1,Jon,PERSON,21,24
uc1.$b404153,76,38,0,Petra,PERSON,0,5
uc1.$b404153,76,42,0,Council,ORG,79,86
uc1.$b404153,76,46,0,Jon,PERSON,13,16
uc1.$b404153,76,47,0,72,CARDINAL,15,17
uc1.$b404153,77,2,0,Petra,PERSON,10,15
uc1.$b404153,77,2,1,Alter,PERSON,18,23
uc1.$b404153,77,5,0,Alter,PERSON,22,27
uc1.$b404153,77,5,1,Jon,PERSON,44,47
uc1.$b404153,77,5,2,The General Medical building,FAC,56,84
uc1.$b404153,77,5,3,Jon,PERSON,86,89
uc1.$b404153,77,8,0,City,GPE,62,66
uc1.$b404153,77,10,0,Alter,PERSON,58,63
uc1.$b404153,77,10,1,B'rond,PERSON,84,90
uc1.$b404153,77,12,0,this afternoon,TIME,69,83
uc1.$b404153,77,13,0,the whole evening,TIME,126,143
uc1.$b404153,77,16,0,Jon,PERSON,0,3
uc1.$b404153,77,16,1,Alter,PERSON,8,13
uc1.$b404153,77,16,2,first,ORDINAL,39,44
uc1.$b404153,77,17,0,Arkor,PERSON,0,5
uc1.$b404153,77,19,0,Telphar,GPE,36,43
uc1.$b404153,77,20,0,Jon,PERSON,0,3
uc1.$b404153,77,23,0,two,CARDINAL,40,43
uc1.$b404153,77,25,0,Alter,PERSON,20,25
uc1.$b404153,77,28,0,Nonik,PERSON,1,6
uc1.$b404153,77,29,0,Jon,PERSON,0,3
uc1.$b404153,77,29,1,first,ORDINAL,15,20
uc1.$b404153,77,29,2,one,CARDINAL,21,24
uc1.$b404153,77,31,0,Alter,PERSON,0,5
uc1.$b404153,77,36,0,Arkor,PERSON,0,5
uc1.$b404153,77,37,0,73,CARDINAL,0,2
uc1.$b404153,78,0,0,Jon,PERSON,0,3
uc1.$b404153,78,0,1,three-quarter,CARDINAL,123,136
uc1.$b404153,78,2,0,Alter,PERSON,21,26
uc1.$b404153,78,4,0,Two,CARDINAL,0,3
uc1.$b404153,78,5,0,moments later,TIME,30,43
uc1.$b404153,78,8,0,74,CARDINAL,0,2
uc1.$b404153,79,0,0,VII,CARDINAL,8,11
uc1.$b404153,79,9,0,One,CARDINAL,0,3
uc1.$b404153,79,13,0,one,CARDINAL,31,34
uc1.$b404153,79,27,0,75,DATE,21,23
uc1.$b404153,80,24,0,739,CARDINAL,51,54
uc1.$b404153,80,33,0,The Queen of Sheba,PERSON,1,19
uc1.$b404153,81,14,0,one,CARDINAL,152,155
uc1.$b404153,82,11,0,Jon,PERSON,16,19
uc1.$b404153,82,12,0,Alter,PERSON,42,47
uc1.$b404153,82,17,0,Alter,PERSON,28,33
uc1.$b404153,82,19,0,Jon,PERSON,15,18
uc1.$b404153,82,27,0,Jon,PERSON,29,32
uc1.$b404153,82,28,0,Alter,PERSON,38,43
uc1.$b404153,82,33,0,Malis,PERSON,1,6
uc1.$b404153,82,33,1,Alter,PERSON,15,20
uc1.$b404153,82,34,0,Jon,PERSON,14,17
uc1.$b404153,82,37,0,First,ORDINAL,0,5
uc1.$b404153,82,38,0,Jon,PERSON,0,3
uc1.$b404153,82,41,0,78,CARDINAL,59,61
uc1.$b404153,83,1,0,dozen,CARDINAL,48,53
uc1.$b404153,83,8,0,Jon,PERSON,0,3
uc1.$b404153,83,8,1,Alter,PERSON,8,13
uc1.$b404153,83,13,0,Alter,PERSON,0,5
uc1.$b404153,83,13,1,Jon,PERSON,10,13
uc1.$b404153,83,14,0,half,CARDINAL,13,17
uc1.$b404153,83,14,1,Jon,PERSON,73,76
uc1.$b404153,83,15,0,Alter,PERSON,20,25
uc1.$b404153,83,15,1,three,CARDINAL,42,47
uc1.$b404153,83,16,0,Jon,PERSON,69,72
uc1.$b404153,83,20,0,Jon,PERSON,0,3
uc1.$b404153,83,21,0,Let,PERSON,12,15
uc1.$b404153,83,23,0,Jon,PERSON,15,18
uc1.$b404153,83,23,1,Alter,PERSON,75,80
uc1.$b404153,83,24,0,Jon,PERSON,53,56
uc1.$b404153,83,25,0,Jon,PERSON,42,45
uc1.$b404153,83,28,0,Jon,PERSON,20,23
uc1.$b404153,83,34,0,Alter,PERSON,0,5
uc1.$b404153,83,35,0,"Your Majesty,",PERSON,1,14
uc1.$b404153,84,3,0,Your Majesty,PERSON,14,26
uc1.$b404153,84,4,0,Your Majesty,PERSON,15,27
uc1.$b404153,84,14,0,Alter,PERSON,20,25
uc1.$b404153,84,28,0,Alter,PERSON,0,5
uc1.$b404153,84,28,1,Your Majesty,PERSON,64,76
uc1.$b404153,84,34,0,Alter,PERSON,57,62
uc1.$b404153,84,35,0,Alter,PERSON,0,5
uc1.$b404153,84,35,1,two,CARDINAL,43,46
uc1.$b404153,84,41,0,Alter,PERSON,21,26
uc1.$b404153,84,45,0,Your Majesty,PERSON,5,17
uc1.$b404153,84,47,0,one,CARDINAL,25,28
uc1.$b404153,84,51,0,Jon,PERSON,20,23
uc1.$b404153,84,55,0,Alter,PERSON,22,27
uc1.$b404153,85,7,0,Alter,PERSON,45,50
uc1.$b404153,85,11,0,Alter,PERSON,16,21
uc1.$b404153,85,16,0,Alter,PERSON,32,37
uc1.$b404153,85,26,0,Jon,PERSON,44,47
uc1.$b404153,85,30,0,Alter,PERSON,46,51
uc1.$b404153,85,30,1,Jon,PERSON,89,92
uc1.$b404153,85,32,0,one,CARDINAL,14,17
uc1.$b404153,85,34,0,Alter,PERSON,38,43
uc1.$b404153,85,49,0,81,CARDINAL,0,2
uc1.$b404153,86,1,0,two,CARDINAL,7,10
uc1.$b404153,86,5,0,half,CARDINAL,41,45
uc1.$b404153,86,10,0,WARD 739,ORG,35,43
uc1.$b404153,86,13,0,Jon,PERSON,0,3
uc1.$b404153,86,14,0,Alter,PERSON,14,19
uc1.$b404153,86,15,0,Jon,PERSON,1,4
uc1.$b404153,86,18,0,the last couple of minutes,TIME,9,35
uc1.$b404153,86,19,0,Alter,PERSON,19,24
uc1.$b404153,86,20,0,Jon,PERSON,0,3
uc1.$b404153,86,26,0,Alter,PERSON,0,5
uc1.$b404153,86,30,0,minutes later,TIME,36,49
uc1.$b404153,86,32,0,Jon,PERSON,58,61
uc1.$b404153,86,33,0,82,CARDINAL,0,2
uc1.$b404153,87,4,0,Jon,PERSON,10,13
uc1.$b404153,87,5,0,first,ORDINAL,22,27
uc1.$b404153,87,5,1,Let,ORG,33,36
uc1.$b404153,87,6,0,three years later,DATE,5,22
uc1.$b404153,87,12,0,one,CARDINAL,145,148
uc1.$b404153,87,27,0,Jon,PERSON,27,30
uc1.$b404153,88,0,0,Jon,PERSON,19,22
uc1.$b404153,88,5,0,Jon,PERSON,25,28
uc1.$b404153,88,9,0,Alter,PERSON,14,19
uc1.$b404153,88,13,0,one,CARDINAL,10,13
uc1.$b404153,88,18,0,twenty-one,DATE,14,24
uc1.$b404153,88,18,1,twenty-two,DATE,26,36
uc1.$b404153,88,20,0,All three,CARDINAL,0,9
uc1.$b404153,88,25,0,Catham,PERSON,1,7
uc1.$b404153,88,25,1,Jon,PERSON,116,119
uc1.$b404153,88,29,0,Jon,PERSON,1,4
uc1.$b404153,88,29,1,Nonik,PERSON,14,19
uc1.$b404153,88,35,0,threequarters,CARDINAL,40,53
uc1.$b404153,88,36,0,Jon,PERSON,28,31
uc1.$b404153,88,38,0,Same day,DATE,1,9
uc1.$b404153,88,38,1,Toron,GPE,46,51
uc1.$b404153,88,39,0,Jon,PERSON,41,44
uc1.$b404153,88,41,0,one,CARDINAL,17,20
uc1.$b404153,88,42,0,a couple of hours,TIME,38,55
uc1.$b404153,89,0,0,nearly an hour before,TIME,15,36
uc1.$b404153,89,1,0,noon,TIME,36,40
uc1.$b404153,89,2,0,daylight,TIME,34,42
uc1.$b404153,89,6,0,Jon,PERSON,36,39
uc1.$b404153,89,8,0,Alter,PERSON,16,21
uc1.$b404153,89,12,0,one,CARDINAL,50,53
uc1.$b404153,89,12,1,half,CARDINAL,114,118
uc1.$b404153,89,15,0,a month ago,DATE,20,31
uc1.$b404153,89,16,0,Jon,PERSON,17,20
uc1.$b404153,89,17,0,Alter,PERSON,141,146
uc1.$b404153,89,19,0,Jon,PERSON,5,8
uc1.$b404153,89,23,0,Jon,PERSON,26,29
uc1.$b404153,89,23,1,Clea,PERSON,51,55
uc1.$b404153,89,23,2,Catham,PERSON,57,63
uc1.$b404153,89,23,3,Nonik,PERSON,69,74
uc1.$b404153,89,25,0,Clea,PERSON,1,5
uc1.$b404153,89,29,0,Alter,PERSON,42,47
uc1.$b404153,90,4,0,three months,DATE,53,65
uc1.$b404153,90,5,0,Jon,PERSON,40,43
uc1.$b404153,90,9,0,mali,NORP,24,28
uc1.$b404153,90,11,0,Malis,NORP,0,5
uc1.$b404153,90,11,1,last week,DATE,18,27
uc1.$b404153,90,17,0,Jon,PERSON,0,3
uc1.$b404153,90,18,0,Lyn,PERSON,24,27
uc1.$b404153,90,19,0,Lyn,PERSON,0,3
uc1.$b404153,90,19,1,Raye,PERSON,50,54
uc1.$b404153,90,20,0,second,ORDINAL,2,8
uc1.$b404153,90,20,1,first,ORDINAL,31,36
uc1.$b404153,90,22,0,Raye,PERSON,0,4
uc1.$b404153,90,23,0,Lyn,PERSON,12,15
uc1.$b404153,90,24,0,Alter,PERSON,19,24
uc1.$b404153,90,26,0,Lyn,PERSON,12,15
uc1.$b404153,90,28,0,Raye,PERSON,0,4
uc1.$b404153,90,31,0,Nearly twenty,CARDINAL,0,13
uc1.$b404153,90,34,0,Two,CARDINAL,0,3
uc1.$b404153,90,36,0,Lyn,PERSON,30,33
uc1.$b404153,90,38,0,Jon,PERSON,0,3
uc1.$b404153,90,43,0,Seconds later,TIME,0,13
uc1.$b404153,90,43,1,Alter,PERSON,22,27
uc1.$b404153,90,44,0,One,CARDINAL,0,3
uc1.$b404153,91,0,0,Jon,PERSON,13,16
uc1.$b404153,91,3,0,Raye,PERSON,42,46
uc1.$b404153,91,4,0,Jon,PERSON,40,43
uc1.$b404153,91,6,0,Jon,PERSON,0,3
uc1.$b404153,91,6,1,Alter,PERSON,10,15
uc1.$b404153,91,9,0,Jon,PERSON,31,34
uc1.$b404153,91,21,0,Lyn,PERSON,4,7
uc1.$b404153,91,25,0,Alter,PERSON,0,5
uc1.$b404153,91,28,0,Jon,PERSON,4,7
uc1.$b404153,91,34,0,first,ORDINAL,70,75
uc1.$b404153,92,4,0,one,CARDINAL,50,53
uc1.$b404153,92,5,0,Jon,PERSON,0,3
uc1.$b404153,92,5,1,Alter,PERSON,8,13
uc1.$b404153,92,6,0,Jon,PERSON,38,41
uc1.$b404153,92,9,0,six-foot,QUANTITY,27,35
uc1.$b404153,92,10,0,twelve feet,QUANTITY,50,61
uc1.$b404153,92,10,1,a hundred and fifty feet,QUANTITY,71,95
uc1.$b404153,92,12,0,"a good four hundred, four hundred and fifty pounds",QUANTITY,50,100
uc1.$b404153,92,13,0,Jon,PERSON,0,3
uc1.$b404153,92,15,0,Raye,PERSON,0,4
uc1.$b404153,92,15,1,Alter,PERSON,12,17
uc1.$b404153,92,16,0,Jon,PERSON,0,3
uc1.$b404153,92,18,0,one,CARDINAL,50,53
uc1.$b404153,92,22,0,Alter,PERSON,0,5
uc1.$b404153,92,23,0,Alter,PERSON,108,113
uc1.$b404153,93,0,0,Alter,PERSON,5,10
uc1.$b404153,93,2,0,Alter,PERSON,52,57
uc1.$b404153,93,5,0,forty feet,QUANTITY,50,60
uc1.$b404153,93,7,0,"Seconds, minutes",TIME,0,16
uc1.$b404153,93,8,0,Alter,PERSON,25,30
uc1.$b404153,93,13,0,three,CARDINAL,19,24
uc1.$b404153,93,13,1,Alter,PERSON,99,104
uc1.$b404153,93,13,2,Alter,PERSON,198,203
uc1.$b404153,93,14,0,two,CARDINAL,142,145
uc1.$b404153,93,16,0,over a foot,QUANTITY,26,37
uc1.$b404153,93,18,0,Jon,PERSON,0,3
uc1.$b404153,93,21,0,One instant,TIME,0,11
uc1.$b404153,93,23,0,89,CARDINAL,15,17
uc1.$b404153,94,11,0,Two,CARDINAL,0,3
uc1.$b404153,94,16,0,almost five,CARDINAL,77,88
uc1.$b404153,94,18,0,four-hundred-and-fifty-pound,QUANTITY,33,61
uc1.$b404153,94,18,1,hundred-and-fifty-foot,QUANTITY,94,116
uc1.$b404153,94,24,0,Three,CARDINAL,0,5
uc1.$b404153,94,26,0,Raye,PERSON,0,4
uc1.$b404153,94,28,0,Jon,PERSON,0,3
uc1.$b404153,94,29,0,Alter,PERSON,0,5
uc1.$b404153,94,29,1,twenty feet,QUANTITY,20,31
uc1.$b404153,94,30,0,more than thirty seconds,TIME,22,46
uc1.$b404153,94,30,1,first,ORDINAL,62,67
uc1.$b404153,94,34,0,Alter,PERSON,0,5
uc1.$b404153,94,36,0,Jon,PERSON,0,3
uc1.$b404153,94,37,0,a 90,CARDINAL,17,21
uc1.$b404153,95,4,0,Malis,PERSON,0,5
uc1.$b404153,95,4,1,nearly threequarters of a minute,TIME,170,202
uc1.$b404153,95,5,0,Jon,PERSON,0,3
uc1.$b404153,95,5,1,Alter,PERSON,8,13
uc1.$b404153,95,6,0,Alter,PERSON,0,5
uc1.$b404153,95,7,0,Jon,PERSON,0,3
uc1.$b404153,95,11,0,One,CARDINAL,0,3
uc1.$b404153,95,14,0,Jon,PERSON,0,3
uc1.$b404153,95,14,1,one,CARDINAL,30,33
uc1.$b404153,95,16,0,five minutes,TIME,24,36
uc1.$b404153,95,16,1,twenty feet,QUANTITY,81,92
uc1.$b404153,95,17,0,Jon,PERSON,33,36
uc1.$b404153,95,18,0,A quarter,CARDINAL,0,9
uc1.$b404153,95,18,1,dawn,TIME,40,44
uc1.$b404153,95,20,0,Alter,PERSON,0,5
uc1.$b404153,95,22,0,Jon,PERSON,17,20
uc1.$b404153,95,25,0,Jon,PERSON,0,3
uc1.$b404153,95,25,1,City,GPE,86,90
uc1.$b404153,95,26,0,91,CARDINAL,46,48
uc1.$b404153,96,2,0,Jon,PERSON,23,26
uc1.$b404153,97,3,0,Toron,GPE,3,8
uc1.$b404153,97,3,1,Alter,PERSON,15,20
uc1.$b404153,97,3,2,one,CARDINAL,55,58
uc1.$b404153,97,3,3,minutes before,TIME,123,137
uc1.$b404153,97,4,0,Kino,NORP,7,11
uc1.$b404153,97,6,0,Jon,PERSON,21,24
uc1.$b404153,97,10,0,Jeof,PERSON,1,5
uc1.$b404153,97,11,0,Kino,PERSON,0,4
uc1.$b404153,97,13,0,Kino,PERSON,14,18
uc1.$b404153,97,16,0,Kino,PERSON,0,4
uc1.$b404153,97,17,0,Jeof,PERSON,30,34
uc1.$b404153,97,18,0,Jeof,PERSON,16,20
uc1.$b404153,97,20,0,Jeof,PERSON,5,9
uc1.$b404153,97,22,0,Kino,PERSON,11,15
uc1.$b404153,97,22,1,Jeof,PERSON,18,22
uc1.$b404153,97,24,0,Kino,PERSON,13,17
uc1.$b404153,97,27,0,Jeof,PERSON,1,5
uc1.$b404153,97,27,1,one,CARDINAL,26,29
uc1.$b404153,97,27,2,93,DATE,51,53
uc1.$b404153,98,1,0,Jeof,PERSON,13,17
uc1.$b404153,98,4,0,Kino,PERSON,0,4
uc1.$b404153,98,4,1,Jeof,PERSON,45,49
uc1.$b404153,98,6,0,a minute,TIME,4,12
uc1.$b404153,98,6,1,a minute,TIME,17,25
uc1.$b404153,98,7,0,Jeof,PERSON,11,15
uc1.$b404153,98,10,0,Nonik,PERSON,25,30
uc1.$b404153,98,15,0,about ten o'clock tonight,TIME,49,74
uc1.$b404153,98,16,0,Inn,ORG,42,45
uc1.$b404153,98,18,0,Kino,PERSON,0,4
uc1.$b404153,98,20,0,Kino,PERSON,0,4
uc1.$b404153,98,25,0,Alter,PERSON,97,102
uc1.$b404153,98,30,0,Jeof,PERSON,0,4
uc1.$b404153,98,32,0,Kino,PERSON,40,44
uc1.$b404153,99,2,0,Two,CARDINAL,0,3
uc1.$b404153,99,2,1,three,CARDINAL,80,85
uc1.$b404153,99,3,0,all three,CARDINAL,16,25
uc1.$b404153,99,5,0,night,TIME,64,69
uc1.$b404153,99,6,0,Jeof,PERSON,33,37
uc1.$b404153,99,7,0,Five minutes later,TIME,0,18
uc1.$b404153,99,7,1,all three,CARDINAL,27,36
uc1.$b404153,99,7,2,one,CARDINAL,46,49
uc1.$b404153,99,8,0,one,CARDINAL,3,6
uc1.$b404153,99,8,1,one,CARDINAL,57,60
uc1.$b404153,99,13,0,first,ORDINAL,16,21
uc1.$b404153,99,18,0,only one,CARDINAL,49,57
uc1.$b404153,99,19,0,Jeof,PERSON,0,4
uc1.$b404153,99,23,0,Jeof,PERSON,54,58
uc1.$b404153,99,25,0,Jeof,PERSON,0,4
uc1.$b404153,99,26,0,tonight,TIME,99,106
uc1.$b404153,99,29,0,Jeof,PERSON,0,4
uc1.$b404153,99,31,0,between 95,DATE,53,63
uc1.$b404153,100,6,0,half,CARDINAL,69,73
uc1.$b404153,100,9,0,Petra,PERSON,14,19
uc1.$b404153,100,13,0,Petra,PERSON,20,25
uc1.$b404153,100,16,0,Petra,PERSON,21,26
uc1.$b404153,100,22,0,Petra,PERSON,1,6
uc1.$b404153,100,27,0,Petra,PERSON,209,214
uc1.$b404153,100,32,0,first,ORDINAL,26,31
uc1.$b404153,100,36,0,96,CARDINAL,0,2
uc1.$b404153,101,0,0,Petra,PERSON,58,63
uc1.$b404153,101,2,0,Only one,CARDINAL,0,8
uc1.$b404153,101,4,0,Petra,PERSON,1,6
uc1.$b404153,101,6,0,Petra,PERSON,22,27
uc1.$b404153,101,18,0,first,ORDINAL,28,33
uc1.$b404153,101,20,0,third,ORDINAL,2,7
uc1.$b404153,101,21,0,Petra,PERSON,41,46
uc1.$b404153,101,22,0,three,CARDINAL,9,14
uc1.$b404153,101,22,1,two,CARDINAL,77,80
uc1.$b404153,101,24,0,Let,PERSON,28,31
uc1.$b404153,101,25,0,the Council Wing,ORG,34,50
uc1.$b404153,101,26,0,three,CARDINAL,4,9
uc1.$b404153,101,35,0,Tilla,PERSON,13,18
uc1.$b404153,102,1,0,Rillum,PERSON,11,17
uc1.$b404153,102,2,0,Servin,PERSON,54,60
uc1.$b404153,102,8,0,one,CARDINAL,5,8
uc1.$b404153,102,9,0,Petra,PERSON,0,5
uc1.$b404153,102,13,0,Petra,PERSON,1,6
uc1.$b404153,102,16,0,Petra,PERSON,1,6
uc1.$b404153,102,22,0,three,CARDINAL,75,80
uc1.$b404153,103,1,0,one,CARDINAL,8,11
uc1.$b404153,103,1,1,the Avenue of the Oyster,FAC,104,128
uc1.$b404153,103,6,0,Petra,PERSON,33,38
uc1.$b404153,103,11,0,half,CARDINAL,80,84
uc1.$b404153,103,13,0,two,CARDINAL,33,36
uc1.$b404153,103,14,0,the last fifteen minutes,TIME,11,35
uc1.$b404153,103,14,1,third,ORDINAL,39,44
uc1.$b404153,103,16,0,Arkor,PERSON,1,6
uc1.$b404153,103,17,0,Jon,PERSON,0,3
uc1.$b404153,103,17,1,Alter,PERSON,8,13
uc1.$b404153,103,17,2,Telphar,GPE,35,42
uc1.$b404153,103,21,0,Petra,PERSON,15,20
uc1.$b404153,103,25,0,Petra,PERSON,37,42
uc1.$b404153,103,37,0,A quarter,CARDINAL,0,9
uc1.$b404153,103,41,0,99,CARDINAL,19,21
uc1.$b404153,104,1,0,Petra,PERSON,0,5
uc1.$b404153,104,4,0,Petra,PERSON,18,23
uc1.$b404153,104,7,0,three,CARDINAL,75,80
uc1.$b404153,104,7,1,four,CARDINAL,132,136
uc1.$b404153,104,7,2,two,CARDINAL,179,182
uc1.$b404153,104,7,3,two,CARDINAL,232,235
uc1.$b404153,104,10,0,Petra,PERSON,5,10
uc1.$b404153,104,21,0,Petra,PERSON,20,25
uc1.$b404153,104,22,0,the morning,TIME,46,57
uc1.$b404153,104,24,0,night,TIME,6,11
uc1.$b404153,104,25,0,Petra,PERSON,54,59
uc1.$b404153,104,27,0,half,CARDINAL,40,44
uc1.$b404153,104,27,1,Jeof,PERSON,110,114
uc1.$b404153,104,31,0,Jeof,PERSON,0,4
uc1.$b404153,104,31,1,100,CARDINAL,59,62
uc1.$b404153,105,2,0,one moment,TIME,27,37
uc1.$b404153,105,5,0,one moment,TIME,78,88
uc1.$b404153,106,0,0,IX,CARDINAL,8,10
uc1.$b404153,106,1,0,about an hour,TIME,106,119
uc1.$b404153,106,1,1,Jon,PERSON,122,125
uc1.$b404153,106,2,0,a half an hour,TIME,9,23
uc1.$b404153,106,3,0,Jon,PERSON,0,3
uc1.$b404153,106,8,0,Jon,PERSON,0,3
uc1.$b404153,106,13,0,one,CARDINAL,72,75
uc1.$b404153,106,14,0,One,CARDINAL,0,3
uc1.$b404153,106,16,0,Jon,PERSON,0,3
uc1.$b404153,106,19,0,Jon,PERSON,0,3
uc1.$b404153,106,22,0,nine inches,QUANTITY,36,47
uc1.$b404153,106,22,1,morning,TIME,201,208
uc1.$b404153,106,23,0,Jon,PERSON,8,11
uc1.$b404153,106,24,0,Jon,PERSON,41,44
uc1.$b404153,106,26,0,102,CARDINAL,0,3
uc1.$b404153,107,3,0,morning,TIME,4,11
uc1.$b404153,107,8,0,Jon,PERSON,12,15
uc1.$b404153,107,11,0,Alter,PERSON,28,33
uc1.$b404153,107,12,0,the City of a Thousand Suns,GPE,28,55
uc1.$b404153,107,15,0,Jon,PERSON,27,30
uc1.$b404153,107,17,0,Alter,PERSON,7,12
uc1.$b404153,107,21,0,several years,DATE,8,21
uc1.$b404153,107,22,0,the City of a Thousand Suns,GPE,18,45
uc1.$b404153,107,22,1,Alter,PERSON,48,53
uc1.$b404153,107,24,0,Toromon,GPE,71,78
uc1.$b404153,107,28,0,The Thousand Suns,ORG,0,17
uc1.$b404153,107,28,1,some day,DATE,40,48
uc1.$b404153,107,30,0,Jon,PERSON,0,3
uc1.$b404153,107,32,0,about four hundred yards,QUANTITY,74,98
uc1.$b404153,107,34,0,103,CARDINAL,0,3
uc1.$b404153,108,2,0,first,ORDINAL,35,40
uc1.$b404153,108,3,0,one,CARDINAL,16,19
uc1.$b404153,108,7,0,Jon,PERSON,73,76
uc1.$b404153,108,8,0,Jon,PERSON,42,45
uc1.$b404153,108,9,0,one,CARDINAL,3,6
uc1.$b404153,108,9,1,Jon,PERSON,17,20
uc1.$b404153,108,10,0,two,CARDINAL,39,42
uc1.$b404153,108,11,0,Jon,PERSON,7,10
uc1.$b404153,108,12,0,Alter,PERSON,0,5
uc1.$b404153,108,15,0,two,CARDINAL,33,36
uc1.$b404153,108,16,0,one,CARDINAL,45,48
uc1.$b404153,108,22,0,half,CARDINAL,46,50
uc1.$b404153,108,23,0,Two,CARDINAL,0,3
uc1.$b404153,108,24,0,Jon,PERSON,42,45
uc1.$b404153,109,0,0,TORIC truc ore,PERSON,21,35
uc1.$b404153,109,0,1,Ton,PERSON,48,51
uc1.$b404153,109,0,2,Jack,PERSON,63,67
uc1.$b404153,109,1,0,one,CARDINAL,74,77
uc1.$b404153,109,3,0,one,CARDINAL,120,123
uc1.$b404153,109,4,0,one,CARDINAL,46,49
uc1.$b404153,109,8,0,two,CARDINAL,47,50
uc1.$b404153,109,16,0,Three,CARDINAL,1,6
uc1.$b404153,109,17,0,three,CARDINAL,24,29
uc1.$b404153,109,17,1,five,CARDINAL,34,38
uc1.$b404153,109,18,0,Two,CARDINAL,63,66
uc1.$b404153,109,18,1,five,CARDINAL,71,75
uc1.$b404153,109,20,0,Two,CARDINAL,0,3
uc1.$b404153,109,20,1,five,CARDINAL,8,12
uc1.$b404153,109,23,0,first,ORDINAL,12,17
uc1.$b404153,109,24,0,One,CARDINAL,1,4
uc1.$b404153,109,26,0,One,CARDINAL,0,3
uc1.$b404153,109,26,1,seven,CARDINAL,8,13
uc1.$b404153,109,30,0,at least two,CARDINAL,73,85
uc1.$b404153,109,30,1,105,CARDINAL,153,156
uc1.$b404153,110,3,0,a minute,TIME,17,25
uc1.$b404153,110,10,0,Jon,PERSON,0,3
uc1.$b404153,110,10,1,Alter,PERSON,5,10
uc1.$b404153,110,11,0,Jon,PERSON,4,7
uc1.$b404153,110,13,0,Jon,PERSON,21,24
uc1.$b404153,110,15,0,Jon,PERSON,21,24
uc1.$b404153,110,20,0,Jon,PERSON,0,3
uc1.$b404153,110,21,0,half,CARDINAL,49,53
uc1.$b404153,110,23,0,Jon,PERSON,0,3
uc1.$b404153,110,23,1,Alter,PERSON,14,19
uc1.$b404153,110,24,0,Jon,PERSON,1,4
uc1.$b404153,110,28,0,Jon,PERSON,0,3
uc1.$b404153,110,30,0,evening,TIME,58,65
uc1.$b404153,110,31,0,Alter,PERSON,14,19
uc1.$b404153,110,36,0,at least a,CARDINAL,49,59
uc1.$b404153,111,1,0,half,CARDINAL,55,59
uc1.$b404153,111,2,0,Jon,PERSON,32,35
uc1.$b404153,111,3,0,Toromon,LOC,45,52
uc1.$b404153,111,5,0,Catham,PERSON,27,33
uc1.$b404153,111,5,1,Jon,PERSON,42,45
uc1.$b404153,111,8,0,Toron,GPE,18,23
uc1.$b404153,111,9,0,Petra,PERSON,31,36
uc1.$b404153,111,11,0,Alter,PERSON,29,34
uc1.$b404153,111,15,0,the days,DATE,7,15
uc1.$b404153,111,15,1,Clea,PERSON,30,34
uc1.$b404153,111,17,0,Rolth,PERSON,0,5
uc1.$b404153,111,24,0,Jon,PERSON,1,4
uc1.$b404153,111,25,0,Telphar,GPE,17,24
uc1.$b404153,111,28,0,Jon,PERSON,30,33
uc1.$b404153,111,31,0,Jon,PERSON,44,47
uc1.$b404153,111,32,0,half a minute,TIME,6,19
uc1.$b404153,111,34,0,Toron,GPE,1,6
uc1.$b404153,112,1,0,three-quarters,CARDINAL,25,39
uc1.$b404153,112,3,0,late this morning,TIME,19,36
uc1.$b404153,112,31,0,Jon,PERSON,1,4
uc1.$b404153,112,32,0,one,CARDINAL,9,12
uc1.$b404153,112,35,0,the following dawn,TIME,18,36
uc1.$b404153,112,36,0,108,CARDINAL,0,3
uc1.$b404153,113,2,0,Jon,PERSON,30,33
uc1.$b404153,113,3,0,Alter,PERSON,0,5
uc1.$b404153,113,13,0,Jon,PERSON,19,22
uc1.$b404153,113,15,0,A couple of days ago,DATE,1,21
uc1.$b404153,113,16,0,Alter,PERSON,29,34
uc1.$b404153,113,22,0,Jon,PERSON,23,26
uc1.$b404153,113,26,0,Jon,PERSON,39,42
uc1.$b404153,113,28,0,a couple of days ago'-he,DATE,17,41
uc1.$b404153,113,29,0,Koshar,PERSON,1,7
uc1.$b404153,113,29,1,Jon,PERSON,10,13
uc1.$b404153,113,30,0,Jon Koshar,PERSON,14,24
uc1.$b404153,113,31,0,Jon,PERSON,23,26
uc1.$b404153,113,32,0,Jon Koshar,PERSON,10,20
uc1.$b404153,113,33,0,Jon,PERSON,31,34
uc1.$b404153,113,34,0,years ago,DATE,26,35
uc1.$b404153,114,1,0,Jon,PERSON,0,3
uc1.$b404153,114,5,0,Jon,PERSON,0,3
uc1.$b404153,114,7,0,maybe six months,DATE,17,33
uc1.$b404153,114,7,1,Koshar,NORP,45,51
uc1.$b404153,114,8,0,just two,CARDINAL,70,78
uc1.$b404153,114,10,0,one,CARDINAL,7,10
uc1.$b404153,114,20,0,first,ORDINAL,10,15
uc1.$b404153,114,20,1,one,CARDINAL,16,19
uc1.$b404153,114,20,2,half an hour,TIME,117,129
uc1.$b404153,114,21,0,three,CARDINAL,37,42
uc1.$b404153,114,24,0,The next morning,TIME,0,16
uc1.$b404153,114,24,1,two,CARDINAL,60,63
uc1.$b404153,114,25,0,three,CARDINAL,53,58
uc1.$b404153,114,28,0,Koshar,PERSON,11,17
uc1.$b404153,114,34,0,Two weeks later,DATE,1,16
uc1.$b404153,114,36,0,One,CARDINAL,0,3
uc1.$b404153,115,0,0,Toke,PERSON,50,54
uc1.$b404153,115,0,1,The ted ack,PERSON,55,66
uc1.$b404153,115,1,0,Koshar,PERSON,59,65
uc1.$b404153,115,3,0,Koshar,PERSON,37,43
uc1.$b404153,115,4,0,one,CARDINAL,99,102
uc1.$b404153,115,5,0,Koshar,PERSON,62,68
uc1.$b404153,115,9,0,Koshar,PERSON,92,98
uc1.$b404153,115,11,0,three years ago,DATE,9,24
uc1.$b404153,115,12,0,three days back,DATE,37,52
uc1.$b404153,115,12,1,Koshar,PERSON,169,175
uc1.$b404153,115,16,0,Koshar,PERSON,25,31
uc1.$b404153,115,17,0,Jon,PERSON,0,3
uc1.$b404153,115,19,0,Toron,GPE,16,21
uc1.$b404153,115,26,0,Jon,PERSON,0,3
uc1.$b404153,115,28,0,the City of a Thousand Suns,GPE,30,57
uc1.$b404153,115,36,0,Jon,PERSON,11,14
uc1.$b404153,115,37,0,Alter,PERSON,51,56
uc1.$b404153,116,2,0,last night,TIME,54,64
uc1.$b404153,116,4,0,Last night,TIME,1,11
uc1.$b404153,116,12,0,Jon,PERSON,0,3
uc1.$b404153,116,12,1,Alter,PERSON,8,13
uc1.$b404153,116,15,0,Alter,PERSON,22,27
uc1.$b404153,116,18,0,Alter,PERSON,15,20
uc1.$b404153,116,19,0,Lug,PERSON,89,92
uc1.$b404153,116,20,0,Alter,PERSON,1,6
uc1.$b404153,116,21,0,Jon,PERSON,21,24
uc1.$b404153,116,22,0,Lug,PERSON,25,28
uc1.$b404153,116,25,0,Alter,PERSON,13,18
uc1.$b404153,116,31,0,Alter,PERSON,15,20
uc1.$b404153,116,31,1,Jon,PERSON,55,58
uc1.$b404153,116,34,0,Telphar,GPE,22,29
uc1.$b404153,116,37,0,112,CARDINAL,0,3
uc1.$b404153,117,3,0,An hour later,TIME,0,13
uc1.$b404153,117,5,0,half,CARDINAL,12,16
uc1.$b404153,117,9,0,Alter,PERSON,12,17
uc1.$b404153,117,10,0,the City of a Thousand Suns,GPE,30,57
uc1.$b404153,117,13,0,Early in the afternoon,TIME,0,22
uc1.$b404153,117,16,0,Jon,PERSON,18,21
uc1.$b404153,117,21,0,Jon,PERSON,1,4
uc1.$b404153,117,23,0,twenty through twenty-seven,CARDINAL,8,35
uc1.$b404153,117,25,0,One,CARDINAL,0,3
uc1.$b404153,117,28,0,Koshar,PERSON,17,23
uc1.$b404153,117,30,0,Alter,PERSON,21,26
uc1.$b404153,117,30,1,City,GPE,68,72
uc1.$b404153,117,31,0,Jon,PERSON,0,3
uc1.$b404153,117,35,0,Alter,PERSON,23,28
uc1.$b404153,117,35,1,Jon,PERSON,49,52
uc1.$b404153,117,37,0,only two miles,QUANTITY,133,147
uc1.$b404153,117,39,0,113,CARDINAL,9,12
uc1.$b404153,118,1,0,one,CARDINAL,44,47
uc1.$b404153,118,8,0,Jon,PERSON,88,91
uc1.$b404153,118,10,0,first,ORDINAL,35,40
uc1.$b404153,118,11,0,Jon,PERSON,17,20
uc1.$b404153,118,12,0,about an hour later,TIME,76,95
uc1.$b404153,118,14,0,one,CARDINAL,22,25
uc1.$b404153,118,15,0,One,CARDINAL,0,3
uc1.$b404153,118,19,0,Arkor,PERSON,25,30
uc1.$b404153,118,19,1,minutes,TIME,57,64
uc1.$b404153,118,23,0,evening,TIME,7,14
uc1.$b404153,118,26,0,one,CARDINAL,3,6
uc1.$b404153,118,31,0,114,CARDINAL,0,3
uc1.$b404153,119,1,0,half a mile,QUANTITY,10,21
uc1.$b404153,119,2,0,Telphar,PERSON,0,7
uc1.$b404153,119,6,0,Telphar,GPE,52,59
uc1.$b404153,119,11,0,Alter,PERSON,47,52
uc1.$b404153,119,19,0,Jon,PERSON,29,32
uc1.$b404153,119,25,0,Jon,PERSON,79,82
uc1.$b404153,119,25,1,Alter,PERSON,84,89
uc1.$b404153,119,26,0,Jon,PERSON,0,3
uc1.$b404153,119,26,1,half,CARDINAL,28,32
uc1.$b404153,119,27,0,only one,CARDINAL,61,69
uc1.$b404153,119,28,0,Jon,PERSON,44,47
uc1.$b404153,119,28,1,the City of a Thousand Suns,GPE,81,108
uc1.$b404153,119,29,0,Catham,PERSON,30,36
uc1.$b404153,119,29,1,Clea,PERSON,41,45
uc1.$b404153,119,30,0,Jon,PERSON,27,30
uc1.$b404153,119,32,0,115,CARDINAL,0,3
uc1.$b404153,120,0,0,Clea,PERSON,0,4
uc1.$b404153,120,1,0,Rolth,PERSON,0,5
uc1.$b404153,120,2,0,Jon,PERSON,27,30
uc1.$b404153,120,3,0,Rolth,PERSON,24,29
uc1.$b404153,120,4,0,Jon,PERSON,0,3
uc1.$b404153,120,4,1,Alter,PERSON,8,13
uc1.$b404153,120,4,2,Clea,PERSON,34,38
uc1.$b404153,120,4,3,Rolth,PERSON,83,88
uc1.$b404153,120,5,0,Nonik,PERSON,53,58
uc1.$b404153,120,6,0,Clea,PERSON,1,5
uc1.$b404153,120,6,1,Rolth,PERSON,58,63
uc1.$b404153,120,8,0,Rolth,PERSON,5,10
uc1.$b404153,120,9,0,hundreds of thousands,CARDINAL,42,63
uc1.$b404153,120,9,1,one,CARDINAL,103,106
uc1.$b404153,120,10,0,116,CARDINAL,0,3
uc1.$b404153,121,0,0,XI,CARDINAL,8,10
uc1.$b404153,121,1,0,Alter,PERSON,0,5
uc1.$b404153,121,2,0,Jon,PERSON,0,3
uc1.$b404153,121,6,0,two,CARDINAL,27,30
uc1.$b404153,121,8,0,Jon,PERSON,4,7
uc1.$b404153,121,9,0,Catham,PERSON,57,63
uc1.$b404153,121,10,0,Jon,PERSON,7,10
uc1.$b404153,121,10,1,Alter,PERSON,15,20
uc1.$b404153,121,11,0,Jon,PERSON,16,19
uc1.$b404153,121,12,0,Rolth,PERSON,24,29
uc1.$b404153,121,14,0,Clea,PERSON,0,4
uc1.$b404153,121,14,1,Alter,PERSON,13,18
uc1.$b404153,121,17,0,Clea,PERSON,112,116
uc1.$b404153,121,19,0,Alter,PERSON,0,5
uc1.$b404153,121,22,0,Jon,PERSON,10,13
uc1.$b404153,121,23,0,Catham,PERSON,27,33
uc1.$b404153,121,25,0,University,ORG,46,56
uc1.$b404153,121,26,0,Nonik,PERSON,0,5
uc1.$b404153,121,30,0,Rolth,PERSON,28,33
uc1.$b404153,121,30,1,Clea,PERSON,38,42
uc1.$b404153,121,31,0,Catham,PERSON,1,7
uc1.$b404153,121,31,1,University,ORG,82,92
uc1.$b404153,121,31,2,Toromon,PERSON,146,153
uc1.$b404153,121,33,0,Catham,PERSON,6,12
uc1.$b404153,121,33,1,117,CARDINAL,19,22
uc1.$b404153,122,3,0,Catham,PERSON,31,37
uc1.$b404153,122,3,1,Rolth,PERSON,123,128
uc1.$b404153,122,4,0,Rolth,PERSON,16,21
uc1.$b404153,122,4,1,mali,NORP,119,123
uc1.$b404153,122,5,0,Vol,PERSON,18,21
uc1.$b404153,122,7,0,Clea,PERSON,14,18
uc1.$b404153,122,7,1,University,ORG,26,36
uc1.$b404153,122,7,2,Alter,PERSON,39,44
uc1.$b404153,122,10,0,Vol,PERSON,20,23
uc1.$b404153,122,11,0,Clea,PERSON,122,126
uc1.$b404153,122,12,0,Vol,PERSON,15,18
uc1.$b404153,122,13,0,Nonik,PERSON,15,20
uc1.$b404153,122,15,0,two,CARDINAL,93,96
uc1.$b404153,122,17,0,first,ORDINAL,19,24
uc1.$b404153,122,17,1,one,CARDINAL,39,42
uc1.$b404153,122,21,0,Clea,PERSON,6,10
uc1.$b404153,122,21,1,Rolth,PERSON,15,20
uc1.$b404153,122,22,0,Clea,PERSON,44,48
uc1.$b404153,122,24,0,University,ORG,80,90
uc1.$b404153,122,26,0,Rolth,PERSON,22,27
uc1.$b404153,122,27,0,One,CARDINAL,0,3
uc1.$b404153,122,29,0,Rolth,PERSON,53,58
uc1.$b404153,122,31,0,Clea's,ORG,0,6
uc1.$b404153,122,34,0,118,CARDINAL,0,3
uc1.$b404153,123,0,0,Telphar,GPE,38,45
uc1.$b404153,123,2,0,Alter,PERSON,29,34
uc1.$b404153,123,3,0,Rolth,PERSON,20,25
uc1.$b404153,123,6,0,Jon,PERSON,0,3
uc1.$b404153,123,8,0,Rolth,PERSON,61,66
uc1.$b404153,123,10,0,first,ORDINAL,30,35
uc1.$b404153,123,17,0,Vol,PERSON,77,80
uc1.$b404153,123,19,0,Vol,PERSON,91,94
uc1.$b404153,123,23,0,three,CARDINAL,75,80
uc1.$b404153,123,23,1,four,CARDINAL,84,88
uc1.$b404153,123,24,0,Jon,PERSON,18,21
uc1.$b404153,123,27,0,119,CARDINAL,76,79
uc1.$b404153,124,1,0,Clea,PERSON,46,50
uc1.$b404153,124,6,0,Rolth,PERSON,24,29
uc1.$b404153,124,7,0,Toromon,ORG,34,41
uc1.$b404153,124,8,0,Toromon,PERSON,28,35
uc1.$b404153,124,11,0,Clea,PERSON,26,30
uc1.$b404153,124,11,1,Rolth,PERSON,51,56
uc1.$b404153,124,14,0,Jon,PERSON,62,65
uc1.$b404153,124,16,0,Clea,PERSON,5,9
uc1.$b404153,124,16,1,two,CARDINAL,55,58
uc1.$b404153,124,16,2,years,DATE,72,77
uc1.$b404153,124,17,0,a week,DATE,31,37
uc1.$b404153,124,17,1,a month,DATE,41,48
uc1.$b404153,124,17,2,a few minutes,TIME,91,104
uc1.$b404153,124,18,0,today,DATE,22,27
uc1.$b404153,124,19,0,Nonik,PERSON,0,5
uc1.$b404153,124,21,0,one,CARDINAL,12,15
uc1.$b404153,124,21,1,Clea,PERSON,54,58
uc1.$b404153,124,22,0,Vol,PERSON,14,17
uc1.$b404153,124,24,0,Vol,PERSON,24,27
uc1.$b404153,124,25,0,Clea,PERSON,36,40
uc1.$b404153,124,28,0,the City of a Thousand Suns,GPE,88,115
uc1.$b404153,125,0,0,Rolth,PERSON,41,46
uc1.$b404153,125,1,0,Clea,PERSON,1,5
uc1.$b404153,125,2,0,Alter,PERSON,0,5
uc1.$b404153,125,2,1,Vol,PERSON,56,59
uc1.$b404153,125,4,0,Clea,PERSON,23,27
uc1.$b404153,125,5,0,three years,DATE,11,22
uc1.$b404153,125,9,0,Jon,PERSON,27,30
uc1.$b404153,125,10,0,Rolth,PERSON,48,53
uc1.$b404153,125,11,0,Clea,PERSON,65,69
uc1.$b404153,125,12,0,Alter,PERSON,17,22
uc1.$b404153,125,15,0,Rolth,PERSON,16,21
uc1.$b404153,125,17,0,Clea,PERSON,45,49
uc1.$b404153,125,20,0,Rolth,PERSON,19,24
uc1.$b404153,125,21,0,an hour,TIME,30,37
uc1.$b404153,125,21,1,Jon,PERSON,60,63
uc1.$b404153,125,21,2,Alter,PERSON,68,73
uc1.$b404153,125,22,0,one,CARDINAL,39,42
uc1.$b404153,125,24,0,Telphar,GPE,134,141
uc1.$b404153,125,25,0,City,GPE,15,19
uc1.$b404153,125,27,0,twenty yards,QUANTITY,30,42
uc1.$b404153,125,28,0,Nonik,PERSON,27,32
uc1.$b404153,125,29,0,Jon,PERSON,0,3
uc1.$b404153,125,30,0,121,CARDINAL,0,3
uc1.$b404153,126,0,0,Nonik,PERSON,38,43
uc1.$b404153,126,5,0,today,DATE,53,58
uc1.$b404153,126,6,0,Vol Nonik,PERSON,54,63
uc1.$b404153,126,7,0,day,DATE,21,24
uc1.$b404153,126,9,0,Nonik,PERSON,0,5
uc1.$b404153,126,13,0,about a mile,QUANTITY,37,49
uc1.$b404153,126,14,0,Alter,PERSON,20,25
uc1.$b404153,126,15,0,Nonik,PERSON,15,20
uc1.$b404153,126,16,0,"A thousand, thousand",CARDINAL,1,21
uc1.$b404153,126,16,1,a million,CARDINAL,44,53
uc1.$b404153,126,19,0,Jon,PERSON,20,23
uc1.$b404153,126,20,0,Nonik,PERSON,0,5
uc1.$b404153,126,22,0,Clea,PERSON,33,37
uc1.$b404153,126,22,1,Rolth,PERSON,42,47
uc1.$b404153,126,22,2,one,CARDINAL,57,60
uc1.$b404153,126,23,0,four,CARDINAL,47,51
uc1.$b404153,126,23,1,Goedal,PERSON,75,81
uc1.$b404153,126,24,0,Das Umbermench,PERSON,79,93
uc1.$b404153,126,25,0,Jon,PERSON,26,29
uc1.$b404153,126,26,0,Clea,PERSON,1,5
uc1.$b404153,126,26,1,Rolth,PERSON,10,15
uc1.$b404153,126,27,0,Nonik,PERSON,9,14
uc1.$b404153,126,30,0,Jon,PERSON,47,50
uc1.$b404153,126,30,1,Alter,PERSON,57,62
uc1.$b404153,127,2,0,octaves,CARDINAL,170,177
uc1.$b404153,127,4,0,Rolth,PERSON,3,8
uc1.$b404153,127,4,1,Clea,PERSON,13,17
uc1.$b404153,127,15,0,Vol,PERSON,21,24
uc1.$b404153,127,16,0,Carsin Island,LOC,78,91
uc1.$b404153,127,23,0,The Toron Museum,ORG,0,16
uc1.$b404153,127,23,1,a Royal Fellowship,ORG,98,116
uc1.$b404153,127,23,2,first,ORDINAL,146,151
uc1.$b404153,127,23,3,five,CARDINAL,181,185
uc1.$b404153,128,0,0,City,GPE,22,26
uc1.$b404153,128,1,0,noon,TIME,19,23
uc1.$b404153,128,2,0,noon,TIME,13,17
uc1.$b404153,128,5,0,centuries,DATE,43,52
uc1.$b404153,128,9,0,Alter,PERSON,0,5
uc1.$b404153,128,10,0,Jon,PERSON,0,3
uc1.$b404153,128,22,0,Jon,PERSON,21,24
uc1.$b404153,128,23,0,Alter,PERSON,28,33
uc1.$b404153,128,28,0,124,CARDINAL,0,3
uc1.$b404153,129,1,0,Alter,PERSON,0,5
uc1.$b404153,129,1,1,Vol,PERSON,38,41
uc1.$b404153,129,2,0,Nonik,PERSON,1,6
uc1.$b404153,129,4,0,Clea,PERSON,36,40
uc1.$b404153,129,4,1,Rolth,PERSON,45,50
uc1.$b404153,129,5,0,Jon,PERSON,8,11
uc1.$b404153,129,6,0,Alter,PERSON,0,5
uc1.$b404153,129,6,1,Nonik,PERSON,10,15
uc1.$b404153,129,6,2,seconds later,TIME,33,46
uc1.$b404153,129,7,0,Jon,PERSON,20,23
uc1.$b404153,129,8,0,Alter,PERSON,0,5
uc1.$b404153,129,9,0,Nonik,PERSON,0,5
uc1.$b404153,129,9,1,Clea,PERSON,37,41
uc1.$b404153,129,9,2,Rolth,PERSON,46,51
uc1.$b404153,129,13,0,Alter,PERSON,0,5
uc1.$b404153,129,14,0,Telphar,GPE,111,118
uc1.$b404153,129,15,0,Clea,PERSON,51,55
uc1.$b404153,129,15,1,Rolth,PERSON,60,65
uc1.$b404153,129,16,0,Clea,PERSON,0,4
uc1.$b404153,129,16,1,Rolth,PERSON,43,48
uc1.$b404153,129,20,0,Alter,PERSON,12,17
uc1.$b404153,129,20,1,Vol,PERSON,59,62
uc1.$b404153,129,23,0,Alter,PERSON,38,43
uc1.$b404153,129,23,1,Clea,PERSON,138,142
uc1.$b404153,129,23,2,Catham,PERSON,144,150
uc1.$b404153,129,25,0,Catham,PERSON,114,120
uc1.$b404153,129,25,1,three,CARDINAL,139,144
uc1.$b404153,129,26,0,Jon,PERSON,0,3
uc1.$b404153,129,27,0,125,CARDINAL,88,91
uc1.$b404153,130,0,0,the hour,TIME,48,56
uc1.$b404153,130,0,1,a City of a Thousand Suns,GPE,121,146
uc1.$b404153,130,2,0,Earth,LOC,93,98
uc1.$b404153,130,3,0,one,CARDINAL,5,8
uc1.$b404153,130,5,0,three,CARDINAL,11,16
uc1.$b404153,130,5,1,two,CARDINAL,18,21
uc1.$b404153,130,5,2,one,CARDINAL,46,49
uc1.$b404153,130,7,0,The Lord of the Flames,PERSON,1,23
uc1.$b404153,130,8,0,four,CARDINAL,21,25
uc1.$b404153,130,8,1,one,CARDINAL,60,63
uc1.$b404153,130,9,0,The Lord of the Flames,PERSON,1,23
uc1.$b404153,130,12,0,The Lord of the Flames,PERSON,1,23
uc1.$b404153,130,16,0,Arkor,PERSON,45,50
uc1.$b404153,130,16,1,Toron,GPE,64,69
uc1.$b404153,130,17,0,one,CARDINAL,24,27
uc1.$b404153,130,17,1,the Lord of the Flames,PERSON,41,63
uc1.$b404153,130,19,0,Jon,PERSON,10,13
uc1.$b404153,130,22,0,Jon,PERSON,12,15
uc1.$b404153,130,22,1,first,ORDINAL,16,21
uc1.$b404153,130,22,2,Alter,LOC,38,43
uc1.$b404153,130,22,3,Arkor,PERSON,118,123
uc1.$b404153,131,4,0,three,CARDINAL,37,42
uc1.$b404153,131,9,0,one,CARDINAL,52,55
uc1.$b404153,131,10,0,the Lord of the Flames,PERSON,3,25
uc1.$b404153,131,12,0,First,ORDINAL,0,5
uc1.$b404153,131,18,0,one,CARDINAL,55,58
uc1.$b404153,131,18,1,City,GPE,75,79
uc1.$b404153,132,1,0,One,CARDINAL,0,3
uc1.$b404153,132,1,1,the Lord of the Flames,PERSON,19,41
uc1.$b404153,132,1,2,Toromon,LOC,62,69
uc1.$b404153,132,2,0,the Great Fire,EVENT,118,132
uc1.$b404153,132,3,0,two,CARDINAL,19,22
uc1.$b404153,132,4,0,The Lord of the Flames,PERSON,0,22
uc1.$b404153,132,9,0,the Lord of the Flames,PERSON,55,77
uc1.$b404153,132,13,0,one,CARDINAL,86,89
uc1.$b404153,132,17,0,one,CARDINAL,165,168
uc1.$b404153,132,17,1,128,CARDINAL,250,253
uc1.$b404153,133,3,0,Earth,LOC,83,88
uc1.$b404153,133,3,1,Toromon,PERSON,95,102
uc1.$b404153,133,5,0,first,ORDINAL,4,9
uc1.$b404153,133,5,1,Telphar,GPE,155,162
uc1.$b404153,133,5,2,Toron,GPE,188,193
uc1.$b404153,133,7,0,second,ORDINAL,4,10
uc1.$b404153,133,7,1,Toromon,PERSON,67,74
uc1.$b404153,133,9,0,Toromon,GPE,39,46
uc1.$b404153,133,9,1,the Lord of the Flames,PERSON,77,99
uc1.$b404153,133,13,0,the Lord of the Flames,PERSON,4,26
uc1.$b404153,133,15,0,City,GPE,52,56
uc1.$b404153,133,15,1,five,CARDINAL,77,81
uc1.$b404153,133,17,0,the Lord of the Flames,PERSON,8,30
uc1.$b404153,133,17,1,Earth,LOC,44,49
uc1.$b404153,133,17,2,Toromon,LOC,68,75
uc1.$b404153,133,18,0,four,CARDINAL,48,52
uc1.$b404153,133,19,0,Jon,PERSON,18,21
uc1.$b404153,133,19,1,129,CARDINAL,61,64
uc1.$b404153,134,0,0,Alter,PERSON,14,19
uc1.$b404153,134,0,1,one,CARDINAL,46,49
uc1.$b404153,134,2,0,two,CARDINAL,42,45
uc1.$b404153,134,3,0,Alter,PERSON,0,5
uc1.$b404153,134,3,1,fon,PERSON,79,82
uc1.$b404153,134,4,0,The Lord of the Flames,PERSON,0,22
uc1.$b404153,134,5,0,the Duchess of Petra,PERSON,19,39
uc1.$b404153,134,6,0,moments later,TIME,137,150
uc1.$b404153,134,7,0,Arkor,PERSON,22,27
uc1.$b404153,134,9,0,the Lord of the Flames,PERSON,10,32
uc1.$b404153,134,11,0,first,ORDINAL,88,93
uc1.$b404153,134,15,0,the Lord of the Flames,PERSON,45,67
uc1.$b404153,134,16,0,Jon,PERSON,33,36
uc1.$b404153,134,16,1,Alter,PERSON,41,46
uc1.$b404153,134,16,2,only minutes,TIME,51,63
uc1.$b404153,134,16,3,three,CARDINAL,96,101
uc1.$b404153,134,16,4,the Lord of the Flames,PERSON,107,129
uc1.$b404153,134,17,0,one,CARDINAL,37,40
uc1.$b404153,134,17,1,microseconds,TIME,142,154
uc1.$b404153,134,21,0,Rolth Catham,PERSON,17,29
uc1.$b404153,134,21,1,Jon,PERSON,55,58
uc1.$b404153,134,21,2,130,CARDINAL,146,149
uc1.$b404153,135,2,0,Alter,PERSON,14,19
uc1.$b404153,135,7,0,Rolth,PERSON,0,5
uc1.$b404153,135,9,0,Vol,PERSON,23,26
uc1.$b404153,135,11,0,Alter,PERSON,0,5
uc1.$b404153,135,13,0,Clea,PERSON,0,4
uc1.$b404153,135,15,0,Jon,PERSON,0,3
uc1.$b404153,135,20,0,Vol,PERSON,0,3
uc1.$b404153,135,23,0,three,CARDINAL,32,37
uc1.$b404153,135,24,0,Rolth,PERSON,1,6
uc1.$b404153,135,24,1,Clea,PERSON,14,18
uc1.$b404153,135,25,0,Rolth,PERSON,0,5
uc1.$b404153,135,25,1,one,CARDINAL,16,19
uc1.$b404153,135,25,2,Looms of the Sea,WORK_OF_ART,44,60
uc1.$b404153,135,25,3,The Final Revision of the History of Toromon,WORK_OF_ART,72,116
uc1.$b404153,135,27,0,second,ORDINAL,17,23
uc1.$b404153,135,28,0,Clea,PERSON,34,38
uc1.$b404153,135,30,0,third,ORDINAL,12,17
uc1.$b404153,135,31,0,Vol,PERSON,56,59
uc1.$b404153,135,35,0,Jon,PERSON,30,33
uc1.$b404153,136,2,0,Vol,PERSON,18,21
uc1.$b404153,136,5,0,Vol,PERSON,13,16
uc1.$b404153,136,5,1,Clea,PERSON,49,53
uc1.$b404153,136,8,0,Vol,PERSON,23,26
uc1.$b404153,136,8,1,hours,TIME,295,300
uc1.$b404153,136,11,0,Clea,PERSON,5,9
uc1.$b404153,136,12,0,one,CARDINAL,142,145
uc1.$b404153,136,17,0,Vol,PERSON,4,7
uc1.$b404153,136,17,1,Jon,PERSON,18,21
uc1.$b404153,136,20,0,Jon,PERSON,0,3
uc1.$b404153,136,21,0,three,CARDINAL,49,54
uc1.$b404153,136,22,0,Vol,PERSON,0,3
uc1.$b404153,136,24,0,Clea,PERSON,13,17
uc1.$b404153,136,26,0,Jon,PERSON,34,37
uc1.$b404153,137,0,0,Clea,PERSON,9,13
uc1.$b404153,137,1,0,Clea,PERSON,43,47
uc1.$b404153,137,2,0,Alter,PERSON,31,36
uc1.$b404153,137,4,0,Clea,PERSON,30,34
uc1.$b404153,137,6,0,Alter,PERSON,13,18
uc1.$b404153,137,7,0,Arkor,PERSON,20,25
uc1.$b404153,137,8,0,Catham,PERSON,16,22
uc1.$b404153,137,9,0,Jon,PERSON,16,19
uc1.$b404153,137,11,0,Jon,PERSON,30,33
uc1.$b404153,137,14,0,Catham,PERSON,17,23
uc1.$b404153,137,15,0,Jon,PERSON,0,3
uc1.$b404153,137,18,0,Clea,PERSON,6,10
uc1.$b404153,137,18,1,Jon,PERSON,48,51
uc1.$b404153,137,18,2,Alter,PERSON,56,61
uc1.$b404153,137,18,3,Nonik,PERSON,67,72
uc1.$b404153,137,22,0,Jon,PERSON,0,3
uc1.$b404153,137,22,1,Alter,PERSON,8,13
uc1.$b404153,137,29,0,Jon Koshar,PERSON,50,60
uc1.$b404153,137,31,0,Alter Koshar,PERSON,82,94
uc1.$b404153,137,33,0,Jon,PERSON,38,41
uc1.$b404153,137,34,0,133,CARDINAL,0,3
uc1.$b404153,138,0,0,Nonik,PERSON,14,19
uc1.$b404153,138,2,0,Clea,PERSON,19,23
uc1.$b404153,138,5,0,Jon,PERSON,0,3
uc1.$b404153,138,5,1,Alter,PERSON,38,43
uc1.$b404153,138,6,0,Clea,PERSON,0,4
uc1.$b404153,138,6,1,first,ORDINAL,85,90
uc1.$b404153,138,6,2,forty-nine,CARDINAL,136,146
uc1.$b404153,138,8,0,Vol Nonik,PERSON,0,9
uc1.$b404153,138,9,0,Clea,PERSON,20,24
uc1.$b404153,138,12,0,Nonik,PERSON,54,59
uc1.$b404153,138,15,0,Catham,PERSON,0,6
uc1.$b404153,138,16,0,Nonik,PERSON,107,112
uc1.$b404153,138,17,0,one,CARDINAL,20,23
uc1.$b404153,138,21,0,Rolth,PERSON,26,31
uc1.$b404153,138,23,0,Clea,PERSON,0,4
uc1.$b404153,139,0,0,ARKOR,PERSON,12,17
uc1.$b404153,139,1,0,Vol Nonik,PERSON,70,79
uc1.$b404153,139,2,0,Arkor,PERSON,17,22
uc1.$b404153,139,3,0,Arkor,PERSON,82,87
uc1.$b404153,139,6,0,Arkor,PERSON,0,5
uc1.$b404153,139,10,0,Arkor,PERSON,26,31
uc1.$b404153,139,12,0,Nonik,PERSON,0,5
uc1.$b404153,139,13,0,Arkor,PERSON,13,18
uc1.$b404153,139,15,0,Vol,PERSON,0,3
uc1.$b404153,139,17,0,evening,TIME,521,528
uc1.$b404153,139,18,0,Arkor,PERSON,0,5
uc1.$b404153,139,18,1,Vol,PERSON,14,17
uc1.$b404153,139,18,2,the Avenue of the Oyster,FAC,69,93
uc1.$b404153,139,18,3,one 135,CARDINAL,112,119
uc1.$b404153,140,1,0,two,QUANTITY,21,24
uc1.$b404153,140,1,1,Nonik,PERSON,38,43
uc1.$b404153,140,1,2,Arkor,PERSON,96,101
uc1.$b404153,140,1,3,Nonik,PERSON,146,151
uc1.$b404153,140,2,0,Christ,PERSON,34,40
uc1.$b404153,140,3,0,Arkor,PERSON,20,25
uc1.$b404153,140,3,1,Nonik,PERSON,47,52
uc1.$b404153,140,4,0,Arkor,PERSON,11,16
uc1.$b404153,140,5,0,Nonik,PERSON,15,20
uc1.$b404153,140,8,0,three,CARDINAL,354,359
uc1.$b404153,140,8,1,five,CARDINAL,361,365
uc1.$b404153,140,8,2,seven,CARDINAL,367,372
uc1.$b404153,140,8,3,eleven,CARDINAL,470,476
uc1.$b404153,140,8,4,thirteen,CARDINAL,478,486
uc1.$b404153,141,0,0,Arkor,PERSON,11,16
uc1.$b404153,141,0,1,Nonik,PERSON,23,28
uc1.$b404153,141,1,0,Arkor,PERSON,0,5
uc1.$b404153,141,4,0,Nonik,PERSON,72,77
uc1.$b404153,141,5,0,Arkor,PERSON,30,35
uc1.$b404153,141,6,0,Nonik,PERSON,31,36
uc1.$b404153,141,8,0,Vol,PERSON,50,53
uc1.$b404153,141,12,0,Vol Nonik,PERSON,24,33
uc1.$b404153,141,15,0,a few minutes,TIME,40,53
uc1.$b404153,141,15,1,Nonik,PERSON,55,60
uc1.$b404153,141,17,0,half,CARDINAL,73,77
uc1.$b404153,141,20,0,137,CARDINAL,0,3
uc1.$b404153,142,1,0,Arkor,PERSON,7,12
uc1.$b404153,142,2,0,Nonik,PERSON,0,5
uc1.$b404153,142,3,0,Arkor,PERSON,0,5
uc1.$b404153,142,5,0,the City of a Thousand Suns,GPE,7,34
uc1.$b404153,142,7,0,Nonik,PERSON,29,34
uc1.$b404153,142,8,0,Telphar,GPE,24,31
uc1.$b404153,142,9,0,Nonik,PERSON,4,9
uc1.$b404153,142,10,0,Cities,GPE,19,25
uc1.$b404153,142,10,1,noon,TIME,29,33
uc1.$b404153,142,10,2,yesterday,DATE,523,532
uc1.$b404153,142,10,3,yesterday,DATE,555,564
uc1.$b404153,143,1,0,City,GPE,417,421
uc1.$b404153,143,2,0,Arkor,PERSON,11,16
uc1.$b404153,143,2,1,Evening,DATE,22,29
uc1.$b404153,143,3,0,Tephar,PERSON,0,6
uc1.$b404153,143,4,0,Arkor,PERSON,11,16
uc1.$b404153,143,6,0,Nonik,PERSON,0,5
uc1.$b404153,143,10,0,Arkor,PERSON,48,53
uc1.$b404153,143,13,0,Arkor,PERSON,0,5
uc1.$b404153,143,15,0,first,ORDINAL,8,13
uc1.$b404153,143,15,1,Nonik,PERSON,55,60
uc1.$b404153,143,17,0,Vol,PERSON,34,37
uc1.$b404153,143,18,0,Nonik,PERSON,0,5
uc1.$b404153,143,23,0,thirty feet,QUANTITY,27,38
uc1.$b404153,143,25,0,Arkor,GPE,32,37
uc1.$b404153,143,26,0,139,CARDINAL,12,15
uc1.$b404153,144,1,0,an hour,TIME,53,60
uc1.$b404153,144,8,0,Arkor,PERSON,20,25
uc1.$b404153,144,9,0,Arkor,PERSON,0,5
uc1.$b404153,144,11,0,Vol,PERSON,1,4
uc1.$b404153,144,14,0,Nonik,PERSON,0,5
uc1.$b404153,144,16,0,Vol,PERSON,28,31
uc1.$b404153,144,17,0,Arkor,PERSON,0,5
uc1.$b404153,144,19,0,140,CARDINAL,0,3
uc1.$b404153,145,1,0,Jon,PERSON,0,3
uc1.$b404153,145,2,0,Alter,PERSON,0,5
uc1.$b404153,145,3,0,Jon,PERSON,35,38
uc1.$b404153,145,3,1,Alter,PERSON,70,75
uc1.$b404153,145,4,0,City,GPE,30,34
uc1.$b404153,145,4,1,Toron,GPE,113,118
uc1.$b404153,145,11,0,EPILOGUE Alter,PERSON,0,14
uc1.$b404153,145,11,1,Jon,PERSON,45,48
uc1.$b404153,145,13,0,City,GPE,21,25
uc1.$b404153,145,15,0,the Lord of the Flames,PERSON,10,32
uc1.$b404153,145,17,0,Jon,PERSON,0,3
uc1.$b404153,145,17,1,Alter,PERSON,8,13
uc1.$b404153,145,17,2,City,GPE,67,71
uc1.$b404153,145,18,0,The Lord of the Flames,PERSON,0,22
uc1.$b404153,145,19,0,Jon,PERSON,31,34
uc1.$b404153,145,22,0,Alter,PERSON,0,5
uc1.$b404153,145,27,0,141,CARDINAL,68,71
uc1.$b404153,146,1,0,Duke of Bedford,PERSON,28,43
uc1.$b404153,146,1,1,Cordelia Drexel Biddle,PERSON,44,66
uc1.$b404153,146,1,2,Henry Blyth,PERSON,67,78
uc1.$b404153,146,1,3,Winston S. Churchill,PERSON,79,99
uc1.$b404153,146,1,4,Winston S. Churchill,PERSON,100,120
uc1.$b404153,146,1,5,Winston S. Churchill,PERSON,121,141
uc1.$b404153,146,1,6,Winston S. Churchill,PERSON,142,162
uc1.$b404153,146,1,7,Winston S. Churchill,PERSON,163,183
uc1.$b404153,146,1,8,Maurice Hennessy,PERSON,184,200
uc1.$b404153,146,1,9,Margery Hurst,PERSON,201,214
uc1.$b404153,146,1,10,Doris Lessing,PERSON,215,228
uc1.$b404153,146,1,11,Moran,PERSON,234,239
uc1.$b404153,146,1,12,Sean O'Faolain,PERSON,240,254
uc1.$b404153,146,1,13,Oliver St.,PERSON,255,265
uc1.$b404153,146,1,14,John Gogarty,PERSON,266,278
uc1.$b404153,146,1,15,Peter Scott,PERSON,279,290
uc1.$b404153,146,1,16,Robert Carrier,PERSON,308,322
uc1.$b404153,146,1,17,Robert Carrier,PERSON,323,337
uc1.$b404153,146,1,18,Robert Carrier,PERSON,338,352
uc1.$b404153,146,1,19,Marcel Ayme,PERSON,369,380
uc1.$b404153,146,1,20,H. E. Bates,PERSON,381,392
uc1.$b404153,146,1,21,Vicki Baum,PERSON,393,403
uc1.$b404153,146,1,22,Vicki Baum,PERSON,404,414
uc1.$b404153,146,1,23,Walter Baxter,PERSON,415,428
uc1.$b404153,146,1,24,Michael J. Bird,PERSON,429,444
uc1.$b404153,146,1,25,Heinrich Böll,PERSON,445,458
uc1.$b404153,146,1,26,Elizabeth Bowen,PERSON,459,474
uc1.$b404153,146,1,27,John Buchan,PERSON,475,486
uc1.$b404153,146,1,28,Erskine Caldwell,PERSON,487,503
uc1.$b404153,146,1,29,Henry Cecil,PERSON,504,515
uc1.$b404153,146,1,30,Henry Cecil,PERSON,516,527
uc1.$b404153,146,1,31,Alfred Chester,PERSON,528,542
uc1.$b404153,146,1,32,Alfred Chester,PERSON,543,557
uc1.$b404153,146,1,33,James Clavell,PERSON,558,571
uc1.$b404153,146,1,34,Winston Clewes,PERSON,572,586
uc1.$b404153,146,1,35,Robert Donaldson,PERSON,587,603
uc1.$b404153,146,1,36,Michael Joseph,PERSON,606,620
uc1.$b404153,146,1,37,The Happiest Millionaire The Pocket Venus Marlborough-Volume 1,WORK_OF_ART,643,705
uc1.$b404153,146,1,38,Marlborough,GPE,725,736
uc1.$b404153,146,1,39,Marlborough,GPE,765,776
uc1.$b404153,146,1,40,3,CARDINAL,784,785
uc1.$b404153,146,1,41,Marlborough,GPE,805,816
uc1.$b404153,146,1,42,4,CARDINAL,824,825
uc1.$b404153,146,2,0,Marlborough,GPE,0,11
uc1.$b404153,146,2,1,1,CARDINAL,20,21
uc1.$b404153,146,2,2,2,CARDINAL,23,24
uc1.$b404153,146,2,3,3,CARDINAL,26,27
uc1.$b404153,146,2,4,4,CARDINAL,30,31
uc1.$b404153,146,3,0,I'll Come Back in the Springtime,WORK_OF_ART,0,32
uc1.$b404153,146,3,1,No Glass Slipper In Pursuit of the English,WORK_OF_ART,42,84
uc1.$b404153,146,3,2,Winston Churchill,PERSON,85,102
uc1.$b404153,146,3,3,Constance Markievicz,PERSON,140,160
uc1.$b404153,146,3,4,Great Dishes of the World,WORK_OF_ART,161,186
uc1.$b404153,146,3,5,The Robert Carrier Cookbook,WORK_OF_ART,187,214
uc1.$b404153,146,4,0,Great Dishes of the World,WORK_OF_ART,0,25
uc1.$b404153,146,4,1,The Conscience of Love,WORK_OF_ART,56,78
uc1.$b404153,146,5,0,Paris,GPE,31,36
uc1.$b404153,146,5,1,Behold Goliath,PERSON,106,120
uc1.$b404153,146,5,2,Jamie,PERSON,121,126
uc1.$b404153,146,5,3,Tai-Pan,PERSON,148,155
uc1.$b404153,146,7,0,Sackville Street,FAC,20,36
uc1.$b404153,146,7,1,Happy the Man,PERSON,37,50
uc1.$b404153,146,7,2,Peter Scott,PERSON,133,144
uc1.$b404153,147,0,0,John Dos Passos,PERSON,26,41
uc1.$b404153,147,0,1,Elaine Dundy,PERSON,42,54
uc1.$b404153,147,0,2,Jane Gaskell,PERSON,55,67
uc1.$b404153,147,0,3,Jane Gaskell,PERSON,68,80
uc1.$b404153,147,0,4,Jane Gaskell,PERSON,81,93
uc1.$b404153,147,0,5,Frank Hardy,PERSON,94,105
uc1.$b404153,147,0,6,John Hawkes,PERSON,106,117
uc1.$b404153,147,0,7,Raynor Heppenstall,PERSON,118,136
uc1.$b404153,147,0,8,Chester Himes,PERSON,137,150
uc1.$b404153,147,0,9,John Clellon Holmes,PERSON,151,170
uc1.$b404153,147,0,10,Christopher Isherwood,PERSON,171,192
uc1.$b404153,147,0,11,Larry Kenyon,PERSON,193,205
uc1.$b404153,147,0,12,Doris Lessing,PERSON,206,219
uc1.$b404153,147,0,13,Sinclair,PERSON,220,228
uc1.$b404153,147,0,14,Lewis,PERSON,229,234
uc1.$b404153,147,0,15,Thomas Mann,PERSON,235,246
uc1.$b404153,147,0,16,Thomas Mann,PERSON,247,258
uc1.$b404153,147,0,17,Thomas Mann,PERSON,259,270
uc1.$b404153,147,0,18,Thomas Mann,PERSON,271,282
uc1.$b404153,147,0,19,Thomas Mann,PERSON,283,294
uc1.$b404153,147,0,20,Van Wyck Mason,PERSON,295,309
uc1.$b404153,147,0,21,Hugh Mills,PERSON,310,320
uc1.$b404153,147,0,22,Yukio Mishima,PERSON,321,334
uc1.$b404153,147,0,23,Nancy Mitford,PERSON,335,348
uc1.$b404153,147,0,24,Erich Maria Remarque,PERSON,349,369
uc1.$b404153,147,0,25,Robert H. Rimmer,PERSON,370,386
uc1.$b404153,147,0,26,Irwin Shaw,PERSON,387,397
uc1.$b404153,147,0,27,Irwin Shaw,PERSON,398,408
uc1.$b404153,147,0,28,Wilfred Sheed,PERSON,409,422
uc1.$b404153,147,0,29,Manning,PERSON,423,430
uc1.$b404153,147,0,30,Lee Stokes,PERSON,431,441
uc1.$b404153,147,0,31,Irving Stone,PERSON,442,454
uc1.$b404153,147,0,32,Jerrard Tickell,PERSON,455,470
uc1.$b404153,147,0,33,Tereska Torres,PERSON,471,485
uc1.$b404153,147,0,34,B. Traven,PERSON,486,495
uc1.$b404153,147,0,35,Henry Treece,PERSON,496,508
uc1.$b404153,147,0,36,William Trevor,PERSON,509,523
uc1.$b404153,147,0,37,Rex Warner,PERSON,524,534
uc1.$b404153,147,0,38,Herman Wouk,PERSON,535,546
uc1.$b404153,147,0,39,Joel Carmichael,PERSON,555,570
uc1.$b404153,147,0,40,Leon Trotsky,PERSON,571,583
uc1.$b404153,147,0,41,Leon Trotsky,PERSON,584,596
uc1.$b404153,147,0,42,Leon Trotsky,PERSON,597,609
uc1.$b404153,147,0,43,Leon Trotsky,PERSON,610,622
uc1.$b404153,147,0,44,Patrick Campbell,PERSON,630,646
uc1.$b404153,147,0,45,Wells James Thurber,PERSON,657,676
uc1.$b404153,147,0,46,Three,CARDINAL,687,692
uc1.$b404153,147,0,47,The Old Man,PERSON,702,713
uc1.$b404153,147,0,48,Atlan,NORP,721,726
uc1.$b404153,147,0,49,Second,ORDINAL,768,774
uc1.$b404153,147,0,50,Noon,TIME,793,797
uc1.$b404153,147,1,0,Don Miles,PERSON,21,30
uc1.$b404153,147,1,1,The Tales of Jacob,WORK_OF_ART,150,168
uc1.$b404153,147,1,2,Young Joseph,WORK_OF_ART,179,191
uc1.$b404153,147,1,3,Joseph In Egypt,WORK_OF_ART,203,218
uc1.$b404153,147,1,4,Three,CARDINAL,333,338
uc1.$b404153,147,1,5,Boston,GPE,363,369
uc1.$b404153,147,1,6,the Russian Revolution,EVENT,602,624
uc1.$b404153,147,1,7,History of the Russian Revolution,WORK_OF_ART,625,658
uc1.$b404153,147,1,8,History of the Russian Revolution,WORK_OF_ART,668,701
uc1.$b404153,147,1,9,History of the Russian Revolution,WORK_OF_ART,711,744
uc1.$b404153,147,1,10,History of the Russian RevolutionVolumes 1,WORK_OF_ART,754,796
uc1.$b404153,147,1,11,2,CARDINAL,798,799
uc1.$b404153,147,1,12,3,CARDINAL,802,803
uc1.$b404153,147,1,13,All Ways on Sundays,WORK_OF_ART,823,842
uc1.$b404153,147,1,14,Wilson,PERSON,848,854
uc1.$b404153,148,1,0,AFRICA,GPE,0,6
uc1.$b404153,148,1,1,Kenya,GPE,7,12
uc1.$b404153,148,1,2,Uganda,GPE,14,20
uc1.$b404153,148,1,3,Tanzania,GPE,22,30
uc1.$b404153,148,1,4,Zambia,GPE,32,38
uc1.$b404153,148,1,5,Malawi,GPE,40,46
uc1.$b404153,148,1,6,Thomas Nelson & Sc Ltd.,ORG,48,71
uc1.$b404153,148,1,7,Kenya,GPE,73,78
uc1.$b404153,148,1,8,South Africa,GPE,79,91
uc1.$b404153,148,1,9,Rhodesia,GPE,93,101
uc1.$b404153,148,1,10,Thomas Nelson & Sons (Africa) (Pty) Ltd.,ORG,103,143
uc1.$b404153,148,1,11,Johannesburg,GPE,144,156
uc1.$b404153,148,1,12,Ghana,GPE,157,162
uc1.$b404153,148,1,13,Nigeria,GPE,164,171
uc1.$b404153,148,1,14,Sierra Leone,GPE,173,185
uc1.$b404153,148,1,15,Thomas Nelson & Sons Ltd.,ORG,187,212
uc1.$b404153,148,1,16,Nigeria,GPE,214,221
uc1.$b404153,148,1,17,Liberia,GPE,222,229
uc1.$b404153,148,1,18,Wadih M. Captan,PERSON,231,246
uc1.$b404153,148,1,19,Angola,GPE,247,253
uc1.$b404153,148,1,20,Mozambique,GPE,255,265
uc1.$b404153,148,1,21,Electroliber Limitada,PERSON,267,288
uc1.$b404153,148,1,22,Angola,GPE,290,296
uc1.$b404153,148,1,23,Zambia,GPE,297,303
uc1.$b404153,148,1,24,Kingstons (North) Ltd.,ORG,305,327
uc1.$b404153,148,2,0,Ethiopia,GPE,0,8
uc1.$b404153,148,2,1,G.P. Giannopoulos,PERSON,10,27
uc1.$b404153,148,3,0,AUSTRALIA,GPE,0,9
uc1.$b404153,148,3,1,Thomas Nelson (Australia) Ltd.,ORG,10,40
uc1.$b404153,148,4,0,AUSTRIA,GPE,0,7
uc1.$b404153,148,4,1,Danubia,GPE,8,15
uc1.$b404153,148,4,2,BAHAMAS Calypso Distributors Ltd.,ORG,29,62
uc1.$b404153,148,5,0,BELGIUM,GPE,0,7
uc1.$b404153,148,5,1,Agence et Messageries del la Presse,ORG,8,43
uc1.$b404153,148,6,0,BERMUDA,GPE,0,7
uc1.$b404153,148,6,1,Baxter's Bookshop Ltd.,ORG,8,30
uc1.$b404153,148,7,0,CANADA,GPE,0,6
uc1.$b404153,148,8,0,CARIBBEAN,GPE,0,9
uc1.$b404153,148,8,1,Roland I. Khan,PERSON,10,24
uc1.$b404153,148,8,2,Trinidad,GPE,26,34
uc1.$b404153,148,9,0,DENMARK-Danske,ORG,0,14
uc1.$b404153,148,9,1,Boghandleres Bogimport a/s,ORG,15,41
uc1.$b404153,148,10,0,FRANCE-Librairie Etrangere,ORG,0,26
uc1.$b404153,148,11,0,GERMANY,GPE,0,7
uc1.$b404153,148,11,1,GIBRALTAR-Estogans Agencies Ltd.,ORG,30,62
uc1.$b404153,148,12,0,GREECE-Hellenic Distribution Agency Ltd.,ORG,0,40
uc1.$b404153,148,13,0,HOLLAND-Van Ditmar,ORG,0,18
uc1.$b404153,148,14,0,HONG KONG-Western Publication Distribution Agency (H.K.) Ltd.,ORG,0,61
uc1.$b404153,148,15,0,IRAN-I.A.D.A. IRAQ,ORG,0,18
uc1.$b404153,148,16,0,ISRAEL-Steimatzky's,PERSON,0,19
uc1.$b404153,148,17,0,ITALY-Agenzia Internazionale di Distribuzione,ORG,0,45
uc1.$b404153,148,18,0,KUWAIT-Farajalla Press Agency,ORG,0,29
uc1.$b404153,148,19,0,LEBANON,GPE,0,7
uc1.$b404153,148,20,0,LUXEMBOURG,GPE,0,10
uc1.$b404153,148,20,1,MALAYSIA,GPE,33,41
uc1.$b404153,148,20,2,SINGAPORE,GPE,43,52
uc1.$b404153,148,20,3,BRUNEI-Marican & Sons,ORG,57,78
uc1.$b404153,148,20,4,Malaysia,GPE,80,88
uc1.$b404153,148,21,0,MALTA-Progress Press Co. Ltd.,ORG,7,36
uc1.$b404153,148,22,0,MIDDLE EAST,ORG,0,11
uc1.$b404153,148,22,1,NEW ZEALAND,GPE,70,81
uc1.$b404153,148,23,0,PORTUGAL-Electroliber Limitada,ORG,0,30
uc1.$b404153,148,23,1,Colombia,GPE,45,53
uc1.$b404153,148,23,2,Libreria,GPE,55,63
uc1.$b404153,148,23,3,Chile,GPE,72,77
uc1.$b404153,148,23,4,Libreria Studio,ORG,79,94
uc1.$b404153,148,23,5,Mexico,GPE,95,101
uc1.$b404153,148,23,6,Central America,LOC,106,121
uc1.$b404153,148,23,7,Libreria Britanica,GPE,123,141
uc1.$b404153,148,24,0,Peru,GPE,0,4
uc1.$b404153,148,24,1,Librerias ABC,ORG,6,19
uc1.$b404153,148,24,2,Venezuela,GPE,20,29
uc1.$b404153,148,24,3,SPAIN,GPE,54,59
uc1.$b404153,148,24,4,SUDAN-Sudan Bookshop,ORG,80,100
uc1.$b404153,148,24,5,SWEDEN,GPE,101,107
uc1.$b404153,148,24,6,SWITZERLAND,GPE,125,136
uc1.$b404153,148,24,7,Daeniker,PERSON,145,153
uc1.$b404153,148,24,8,THAILAND,GPE,154,162
uc1.$b404153,148,24,9,The Pramuansarn Publishing House,ORG,163,195
uc1.$b404153,148,24,10,TURKEY,GPE,196,202
uc1.$b404153,150,0,0,14 DAY,DATE,3,9
uc1.$b404153,150,1,0,642,CARDINAL,23,26
uc1.$b404153,150,4,0,10,CARDINAL,20,22
uc1.$b404153,150,4,1,MAR MAR 871-5 PM45 JAG 1377 53,DATE,32,62
uc1.$b404153,150,4,2,SPRING CINE,EVENT,74,85
uc1.$b404153,150,4,3,afterBAY 10/71 34,DATE,104,121
uc1.$b404153,150,5,0,University of California Berkeley,ORG,18,51
