vol_id,page,sentence_id,ent_id,entity,entity_type,start_char,end_char
uc1.b3467348,2,0,0,BERKELEY LIBRARY UNIVERSITY OF CALIFORNIA 1,ORG,0,43
uc1.b3467348,6,0,0,11,CARDINAL,0,2
uc1.b3467348,6,0,1,1,CARDINAL,5,6
uc1.b3467348,6,0,2,1,CARDINAL,7,8
uc1.b3467348,6,0,3,1,CARDINAL,9,10
uc1.b3467348,6,0,4,1,CARDINAL,11,12
uc1.b3467348,7,0,0,Tragic Magic,WORK_OF_ART,0,12
uc1.b3467348,7,0,1,WESLEY BROWN,PERSON,25,37
uc1.b3467348,7,0,2,Random House,ORG,38,50
uc1.b3467348,7,0,3,New York,GPE,51,59
uc1.b3467348,8,0,0,621905191,DATE,0,9
uc1.b3467348,8,1,0,1978,DATE,12,16
uc1.b3467348,8,1,1,Wesley Brown,PERSON,20,32
uc1.b3467348,8,2,0,International and Pan,LAW,26,47
uc1.b3467348,8,2,1,-American,NORP,47,56
uc1.b3467348,8,3,0,the United States,GPE,13,30
uc1.b3467348,8,3,1,"Random House, Inc.",ORG,34,52
uc1.b3467348,8,3,2,New York,GPE,54,62
uc1.b3467348,8,3,3,Canada,GPE,86,92
uc1.b3467348,8,3,4,Random House of Canada Limited,ORG,96,126
uc1.b3467348,8,3,5,Toronto,GPE,128,135
uc1.b3467348,8,4,0,Arc Music Corporation,ORG,106,127
uc1.b3467348,8,4,1,Mannish Boy,WORK_OF_ART,142,153
uc1.b3467348,8,4,2,Melvin London,PERSON,158,171
uc1.b3467348,8,4,3,Elias McDaniel,PERSON,173,187
uc1.b3467348,8,4,4,McKinley Morganfield,PERSON,192,212
uc1.b3467348,8,5,0,1955,DATE,12,16
uc1.b3467348,8,5,1,Arc Music Corporation,ORG,20,41
uc1.b3467348,8,6,0,"Persea: An International Review, Volume I, Number I",WORK_OF_ART,0,51
uc1.b3467348,8,6,1,1977,DATE,53,57
uc1.b3467348,8,7,0,The Pushcart Prize III: Best of the Small Presses,WORK_OF_ART,0,49
uc1.b3467348,8,8,0,Regent Music Corporation,ORG,2,26
uc1.b3467348,8,8,1,The Richmond Organization,ORG,31,56
uc1.b3467348,8,8,2,Trouble is a Man,WORK_OF_ART,71,87
uc1.b3467348,8,9,0,Alec Wilder,PERSON,17,28
uc1.b3467348,8,10,0,1944,DATE,12,16
uc1.b3467348,8,10,1,1972,DATE,29,33
uc1.b3467348,8,10,2,"Ludlow Music, Inc.",ORG,34,52
uc1.b3467348,8,10,3,New York,GPE,54,62
uc1.b3467348,8,10,4,N.Y.,GPE,64,68
uc1.b3467348,8,12,0,Canadian,NORP,23,31
uc1.b3467348,8,12,1,United States,GPE,36,49
uc1.b3467348,8,12,2,Warner Bros. Inc.,ORG,70,87
uc1.b3467348,8,12,3,The Birth of the Blues,WORK_OF_ART,102,124
uc1.b3467348,8,13,0,Ray Henderson,PERSON,9,22
uc1.b3467348,8,13,1,B. G. DeSylva,PERSON,37,50
uc1.b3467348,8,13,2,Lew Brown,PERSON,55,64
uc1.b3467348,8,14,0,1926,DATE,2,6
uc1.b3467348,8,14,1,Warner Bros. Inc.,ORG,7,24
uc1.b3467348,8,18,0,Library of Congress,ORG,0,19
uc1.b3467348,8,18,1,Wesley Tragic,PERSON,58,71
uc1.b3467348,8,19,0,the United States of America,GPE,90,118
uc1.b3467348,8,19,1,2 4 6 8 9 753,CARDINAL,119,132
uc1.b3467348,8,20,0,First,ORDINAL,0,5
uc1.b3467348,9,0,0,Ted Solotaroff,PERSON,47,61
uc1.b3467348,13,0,0,A Few Words Before the Get Go A s,WORK_OF_ART,0,33
uc1.b3467348,13,2,0,"To Get Along, You Go Along.",WORK_OF_ART,76,103
uc1.b3467348,13,3,0,"If, Maybe, Suppose",WORK_OF_ART,150,168
uc1.b3467348,13,4,0,Duke Ellington,PERSON,42,56
uc1.b3467348,13,4,1,one,CARDINAL,74,77
uc1.b3467348,13,4,2,Dad Cook,PERSON,94,102
uc1.b3467348,13,8,0,New Orleans,GPE,14,25
uc1.b3467348,13,8,1,"Charles ""Buddy"" Bolden",PERSON,40,62
uc1.b3467348,13,8,2,1907,DATE,132,136
uc1.b3467348,13,9,0,S. B. Hays,PERSON,39,49
uc1.b3467348,13,9,1,Bolden,PERSON,74,80
uc1.b3467348,14,13,0,Harlem,GPE,27,33
uc1.b3467348,14,13,1,Charlie Parker's,PERSON,91,107
uc1.b3467348,14,14,0,one night,TIME,11,20
uc1.b3467348,14,14,1,Monroe,PERSON,28,34
uc1.b3467348,14,14,2,Seventh Avenue,FAC,71,85
uc1.b3467348,14,15,0,"December, 1939",DATE,7,21
uc1.b3467348,14,19,0,that night,TIME,6,16
uc1.b3467348,14,19,1,Cherokee,WORK_OF_ART,38,46
uc1.b3467348,14,21,0,Charlie Parker,PERSON,0,14
uc1.b3467348,14,22,0,Bird,PERSON,28,32
uc1.b3467348,14,25,0,Bird,PERSON,0,4
uc1.b3467348,14,25,1,Seventh,ORDINAL,112,119
uc1.b3467348,15,1,0,the years,DATE,5,14
uc1.b3467348,15,2,0,Bird,PERSON,15,19
uc1.b3467348,15,4,0,Bird,PERSON,7,11
uc1.b3467348,15,5,0,one night,TIME,19,28
uc1.b3467348,15,5,1,Birdland,FAC,32,40
uc1.b3467348,15,5,2,You Go to My Head,WORK_OF_ART,65,82
uc1.b3467348,15,8,0,Ella Fitzgerald,PERSON,0,15
uc1.b3467348,15,10,0,Berlin,GPE,25,31
uc1.b3467348,15,10,1,Ella,PERSON,32,36
uc1.b3467348,15,10,2,Mack the Knife,WORK_OF_ART,58,72
uc1.b3467348,15,13,0,the early days,DATE,94,108
uc1.b3467348,15,13,1,New Orleans,GPE,120,131
uc1.b3467348,16,0,0,Tut,WORK_OF_ART,34,37
uc1.b3467348,16,2,0,New Orleans,GPE,45,56
uc1.b3467348,16,2,1,Mutt Carey,PERSON,84,94
uc1.b3467348,16,3,0,Apollo,FAC,26,32
uc1.b3467348,17,1,0,Tonya,PERSON,13,18
uc1.b3467348,17,4,0,Tonya,PERSON,86,91
uc1.b3467348,17,6,0,Tonya,PERSON,93,98
uc1.b3467348,17,8,0,Tonya,PERSON,94,99
uc1.b3467348,17,12,0,Tonya,PERSON,28,33
uc1.b3467348,18,10,0,first,ORDINAL,23,28
uc1.b3467348,18,26,0,About two years,DATE,0,15
uc1.b3467348,18,26,1,Tonya,PERSON,40,45
uc1.b3467348,18,26,2,United States,GPE,66,79
uc1.b3467348,19,2,0,Tonya,PERSON,36,41
uc1.b3467348,19,3,0,three years,DATE,105,116
uc1.b3467348,19,4,0,two years later,DATE,9,24
uc1.b3467348,19,11,0,last week,DATE,27,36
uc1.b3467348,19,12,0,Miles Davis,PERSON,16,27
uc1.b3467348,19,15,0,Ellington,PERSON,1,10
uc1.b3467348,19,17,0,Pennsylvania,GPE,16,28
uc1.b3467348,19,17,1,New York,GPE,32,40
uc1.b3467348,20,2,0,the Port of Authority,FAC,35,56
uc1.b3467348,20,2,1,New York,GPE,62,70
uc1.b3467348,20,12,0,New York,GPE,46,54
uc1.b3467348,20,12,1,five,CARDINAL,66,70
uc1.b3467348,20,13,0,the Big Apple,LOC,4,17
uc1.b3467348,20,14,0,Queens,GPE,101,107
uc1.b3467348,20,15,0,morning,TIME,4,11
uc1.b3467348,20,16,0,only a few hours before,TIME,76,99
uc1.b3467348,20,20,0,every day,DATE,22,31
uc1.b3467348,20,20,1,every day,DATE,35,44
uc1.b3467348,20,23,0,Xerox,ORG,20,25
uc1.b3467348,21,3,0,about ten,TIME,17,26
uc1.b3467348,21,4,0,One night,TIME,0,9
uc1.b3467348,21,5,0,the next morning,TIME,20,36
uc1.b3467348,21,5,1,Angelo,PERSON,53,59
uc1.b3467348,21,9,0,only one,CARDINAL,58,66
uc1.b3467348,21,9,1,Cassioni,PERSON,93,101
uc1.b3467348,21,10,0,Cassionis,PERSON,23,32
uc1.b3467348,21,14,0,Cassionis,PERSON,20,29
uc1.b3467348,22,12,0,second,ORDINAL,55,61
uc1.b3467348,22,12,1,Moors,PERSON,76,81
uc1.b3467348,22,13,0,the Long Island Sound,LOC,13,34
uc1.b3467348,22,13,1,Nassau County,GPE,57,70
uc1.b3467348,22,14,0,Columbus,GPE,40,48
uc1.b3467348,23,0,0,East,LOC,102,106
uc1.b3467348,23,14,0,New York,GPE,53,61
uc1.b3467348,23,17,0,Cotton,PERSON,19,25
uc1.b3467348,23,18,0,Cotton,PERSON,6,12
uc1.b3467348,23,18,1,Melvin Ellington,PERSON,22,38
uc1.b3467348,24,1,0,Melvin,PERSON,15,21
uc1.b3467348,24,4,0,Melvin,PERSON,31,37
uc1.b3467348,24,8,0,ages,DATE,22,26
uc1.b3467348,24,12,0,Melvin,PERSON,7,13
uc1.b3467348,24,13,0,Cotton,PERSON,14,20
uc1.b3467348,24,14,0,Cotton,PERSON,19,25
uc1.b3467348,24,18,0,Cotton,PERSON,14,20
uc1.b3467348,24,20,0,Brooklyn Dodgers,ORG,49,65
uc1.b3467348,24,21,0,Bristol,GPE,162,169
uc1.b3467348,24,22,0,Cotton,PERSON,46,52
uc1.b3467348,24,23,0,two,CARDINAL,44,47
uc1.b3467348,25,1,0,Cotton,PERSON,13,19
uc1.b3467348,25,3,0,Ray Charles,PERSON,131,142
uc1.b3467348,25,4,0,Cotton,PERSON,24,30
uc1.b3467348,25,6,0,Cotton,PERSON,8,14
uc1.b3467348,25,9,0,first,ORDINAL,17,22
uc1.b3467348,25,9,1,two years,DATE,31,40
uc1.b3467348,26,5,0,Goliath,PERSON,63,70
uc1.b3467348,26,6,0,Philistine,NORP,82,92
uc1.b3467348,26,7,0,six o'clock,TIME,72,83
uc1.b3467348,26,10,0,Cowboys to Girls,WORK_OF_ART,10,26
uc1.b3467348,26,13,0,John Wayne,PERSON,74,84
uc1.b3467348,26,13,1,Randolph Scott,PERSON,89,103
uc1.b3467348,27,2,0,Otis,PERSON,30,34
uc1.b3467348,27,3,0,Melvin,PERSON,30,36
uc1.b3467348,27,16,0,first,ORDINAL,10,15
uc1.b3467348,27,17,0,about ten,CARDINAL,11,20
uc1.b3467348,27,19,0,Pearl,PERSON,24,29
uc1.b3467348,27,21,0,Pearl,PERSON,12,17
uc1.b3467348,27,25,0,a minute,TIME,24,32
uc1.b3467348,28,0,0,18 1,CARDINAL,0,4
uc1.b3467348,28,2,0,Pearl,PERSON,31,36
uc1.b3467348,28,4,0,about the twenty-third,CARDINAL,3,25
uc1.b3467348,28,5,0,Molly,PERSON,16,21
uc1.b3467348,28,8,0,the following Monday,DATE,3,23
uc1.b3467348,28,8,1,Pearl,PERSON,48,53
uc1.b3467348,28,11,0,Pearl,PERSON,1,6
uc1.b3467348,28,13,0,a minute,TIME,25,33
uc1.b3467348,28,24,0,Pearl,PERSON,6,11
uc1.b3467348,29,0,0,19,CARDINAL,0,2
uc1.b3467348,29,0,1,Pennsylvania,GPE,30,42
uc1.b3467348,29,1,0,about five,CARDINAL,113,123
uc1.b3467348,29,1,1,one,CARDINAL,173,176
uc1.b3467348,30,0,0,20 1,CARDINAL,0,4
uc1.b3467348,30,0,1,one,CARDINAL,43,46
uc1.b3467348,30,0,2,two,CARDINAL,50,53
uc1.b3467348,30,0,3,one,CARDINAL,117,120
uc1.b3467348,30,3,0,no Elgin Baylor,PERSON,17,32
uc1.b3467348,30,7,0,Swanson Johnson,PRODUCT,97,112
uc1.b3467348,30,13,0,Martin Luther King,PERSON,5,23
uc1.b3467348,31,0,0,21 years,DATE,0,8
uc1.b3467348,31,0,1,about ten years before,DATE,23,45
uc1.b3467348,31,0,2,eighteen,DATE,59,67
uc1.b3467348,31,1,0,Debra,PERSON,0,5
uc1.b3467348,31,2,0,the past,DATE,40,48
uc1.b3467348,31,7,0,Debra,PERSON,12,17
uc1.b3467348,31,8,0,one,CARDINAL,4,7
uc1.b3467348,31,8,1,Debra,PERSON,16,21
uc1.b3467348,31,14,0,Pops,PERSON,4,8
uc1.b3467348,32,0,0,Pops,PERSON,7,11
uc1.b3467348,32,2,0,Egyptian,NORP,58,66
uc1.b3467348,32,4,0,Pops,PERSON,40,44
uc1.b3467348,32,5,0,Pops,PERSON,44,48
uc1.b3467348,32,11,0,first,ORDINAL,16,21
uc1.b3467348,32,12,0,second,ORDINAL,45,51
uc1.b3467348,33,2,0,six,TIME,60,63
uc1.b3467348,33,5,0,Debra,PERSON,4,9
uc1.b3467348,33,7,0,two years,DATE,66,75
uc1.b3467348,33,9,0,Otis,PERSON,9,13
uc1.b3467348,33,10,0,about four years,DATE,21,37
uc1.b3467348,33,12,0,Otis,PERSON,24,28
uc1.b3467348,33,14,0,Otis,PERSON,57,61
uc1.b3467348,33,16,0,Otis,PERSON,22,26
uc1.b3467348,33,16,1,Marines,ORG,41,48
uc1.b3467348,34,0,0,24,CARDINAL,0,2
uc1.b3467348,34,1,0,Rocky's Bar,FAC,26,37
uc1.b3467348,34,5,0,the day,DATE,39,46
uc1.b3467348,34,5,1,U.S.,GPE,86,90
uc1.b3467348,34,6,0,about forty,CARDINAL,11,22
uc1.b3467348,34,14,0,first,ORDINAL,8,13
uc1.b3467348,34,15,0,About sixty,CARDINAL,0,11
uc1.b3467348,35,5,0,two,CARDINAL,10,13
uc1.b3467348,35,10,0,Three years,DATE,1,12
uc1.b3467348,35,28,0,Melvin Ellington,PERSON,1,17
uc1.b3467348,35,29,0,Mel,PERSON,7,10
uc1.b3467348,35,29,1,Chilly,PERSON,16,22
uc1.b3467348,35,30,0,First,ORDINAL,0,5
uc1.b3467348,36,10,0,whitey,PERSON,28,34
uc1.b3467348,36,17,0,the month,DATE,84,93
uc1.b3467348,36,29,0,Chilly,PERSON,47,53
uc1.b3467348,37,3,0,Chilly,PERSON,35,41
uc1.b3467348,37,6,0,One afternoon,TIME,0,13
uc1.b3467348,37,6,1,two,CARDINAL,60,63
uc1.b3467348,37,8,0,One,CARDINAL,0,3
uc1.b3467348,37,9,0,two,CARDINAL,40,43
uc1.b3467348,37,16,0,two,CARDINAL,42,45
uc1.b3467348,37,21,0,MagicShave,PRODUCT,4,14
uc1.b3467348,38,9,0,Chilly,PERSON,4,10
uc1.b3467348,38,16,0,the day before,DATE,23,37
uc1.b3467348,38,22,0,Chilly,PERSON,18,24
uc1.b3467348,38,22,1,that afternoon,TIME,30,44
uc1.b3467348,38,26,0,Chilly,PERSON,8,14
uc1.b3467348,38,27,0,Showboat,PERSON,36,44
uc1.b3467348,39,0,0,29,CARDINAL,0,2
uc1.b3467348,39,0,1,Showboat,PERSON,40,48
uc1.b3467348,39,14,0,Ellington,PERSON,1,10
uc1.b3467348,39,21,0,this afternoon,TIME,149,163
uc1.b3467348,40,14,0,Chilly,PERSON,0,6
uc1.b3467348,40,19,0,Showboat,PERSON,33,41
uc1.b3467348,40,28,0,Hardknocks,WORK_OF_ART,37,47
uc1.b3467348,40,29,0,Later that evening,TIME,0,18
uc1.b3467348,40,29,1,Chilly,PERSON,19,25
uc1.b3467348,40,31,0,The next day,DATE,0,12
uc1.b3467348,40,32,0,Chilly,PERSON,37,43
uc1.b3467348,40,33,0,Ellington,PERSON,6,15
uc1.b3467348,41,3,0,Chilly,PERSON,39,45
uc1.b3467348,41,11,0,Chilly,PERSON,14,20
uc1.b3467348,41,12,0,Chilly,PERSON,54,60
uc1.b3467348,41,14,0,Chilly,PERSON,0,6
uc1.b3467348,41,17,0,Brown Sugar,PERSON,0,11
uc1.b3467348,41,21,0,Chilly,PERSON,15,21
uc1.b3467348,41,23,0,Chilly,PERSON,0,6
uc1.b3467348,41,25,0,Chilly,PERSON,4,10
uc1.b3467348,42,0,0,32,CARDINAL,0,2
uc1.b3467348,42,8,0,the first day,DATE,23,36
uc1.b3467348,42,11,0,Chilly,PERSON,25,31
uc1.b3467348,42,15,0,Chilly,PERSON,9,15
uc1.b3467348,42,19,0,Chilly,PERSON,0,6
uc1.b3467348,42,23,0,first,ORDINAL,3,8
uc1.b3467348,42,24,0,Chilly,PERSON,6,12
uc1.b3467348,42,26,0,Chilly,PERSON,14,20
uc1.b3467348,42,28,0,1,CARDINAL,0,1
uc1.b3467348,43,7,0,just one,CARDINAL,66,74
uc1.b3467348,44,2,0,Ellington,PERSON,6,15
uc1.b3467348,44,3,0,third,ORDINAL,10,15
uc1.b3467348,44,10,0,Mount Rushmore,LOC,80,94
uc1.b3467348,44,11,0,Ellington,PERSON,37,46
uc1.b3467348,44,16,0,day one,DATE,26,33
uc1.b3467348,44,19,0,Hardknocks,PERSON,28,38
uc1.b3467348,45,6,0,Hardknocks,PERSON,60,70
uc1.b3467348,45,6,1,two,CARDINAL,75,78
uc1.b3467348,45,6,2,Cadillac,PERSON,97,105
uc1.b3467348,45,6,3,Shoobbee Doobbee,PERSON,110,126
uc1.b3467348,45,7,0,Cadillac,ORG,0,8
uc1.b3467348,45,8,0,days,DATE,51,55
uc1.b3467348,45,9,0,two,CARDINAL,73,76
uc1.b3467348,45,10,0,Cleveland,GPE,48,57
uc1.b3467348,45,10,1,Fleetwood,PRODUCT,128,137
uc1.b3467348,45,11,0,one day,DATE,29,36
uc1.b3467348,45,12,0,War and Peace,WORK_OF_ART,1,14
uc1.b3467348,45,16,0,Tolstoy,PERSON,1,8
uc1.b3467348,45,21,0,one,CARDINAL,8,11
uc1.b3467348,46,0,0,36,CARDINAL,0,2
uc1.b3467348,46,1,0,every day,DATE,25,34
uc1.b3467348,46,4,0,Cadillac,PRODUCT,17,25
uc1.b3467348,46,5,0,Caddy,PRODUCT,20,25
uc1.b3467348,46,12,0,only two,CARDINAL,8,16
uc1.b3467348,46,18,0,Hardknocks,PERSON,25,35
uc1.b3467348,46,20,0,Coupe de Ville,ORG,11,25
uc1.b3467348,46,20,1,Cadillac,ORG,32,40
uc1.b3467348,46,20,2,Pinto,ORG,68,73
uc1.b3467348,46,27,0,Shooba,PERSON,85,91
uc1.b3467348,47,1,0,Shoobbee Doobbee,PERSON,14,30
uc1.b3467348,47,5,0,Miles,PERSON,61,66
uc1.b3467348,47,5,1,Coltrane,PERSON,80,88
uc1.b3467348,47,8,0,Trane,PERSON,4,9
uc1.b3467348,47,11,0,Bird,PERSON,19,23
uc1.b3467348,47,12,0,ten to two,TIME,73,83
uc1.b3467348,47,12,1,twenty,CARDINAL,119,125
uc1.b3467348,47,13,0,Shoobbee Doobbee,PERSON,40,56
uc1.b3467348,47,15,0,Hundreds,CARDINAL,0,8
uc1.b3467348,47,16,0,Thelonious Monk,PERSON,45,60
uc1.b3467348,47,17,0,Shoob,PERSON,19,24
uc1.b3467348,47,18,0,Monk,PERSON,1,5
uc1.b3467348,47,19,0,"Straight, No Chaser",WORK_OF_ART,10,29
uc1.b3467348,47,20,0,All day,DATE,1,8
uc1.b3467348,48,0,0,38,CARDINAL,0,2
uc1.b3467348,48,0,1,Ellington,PERSON,5,14
uc1.b3467348,48,7,0,Miles,PERSON,5,10
uc1.b3467348,48,9,0,Miles,PERSON,42,47
uc1.b3467348,48,11,0,Miles,PERSON,0,5
uc1.b3467348,48,12,0,Miles,PERSON,16,21
uc1.b3467348,48,15,0,Duke,PERSON,24,28
uc1.b3467348,48,15,1,three,CARDINAL,129,134
uc1.b3467348,48,15,2,Japanese,NORP,167,175
uc1.b3467348,48,15,3,Turkey,GPE,199,205
uc1.b3467348,48,16,0,Shoobbee,PERSON,25,33
uc1.b3467348,48,19,0,Shoobbee Doobbee,PERSON,19,35
uc1.b3467348,48,19,1,a couple of hours,TIME,65,82
uc1.b3467348,48,20,0,Chilly,PERSON,22,28
uc1.b3467348,48,28,0,Chilly,PERSON,34,40
uc1.b3467348,49,0,0,39,DATE,0,2
uc1.b3467348,49,1,0,Hardknocks,PERSON,4,14
uc1.b3467348,49,4,0,eight,CARDINAL,114,119
uc1.b3467348,49,6,0,first,ORDINAL,11,16
uc1.b3467348,49,6,1,the day,DATE,60,67
uc1.b3467348,49,6,2,Chilly,PERSON,68,74
uc1.b3467348,49,6,3,first,ORDINAL,86,91
uc1.b3467348,49,7,0,Hardknocks,PERSON,16,26
uc1.b3467348,49,8,0,Chilly,PERSON,17,23
uc1.b3467348,49,18,0,Chilly,PERSON,37,43
uc1.b3467348,49,19,0,Ellington,PERSON,7,16
uc1.b3467348,49,20,0,Chilly,PERSON,0,6
uc1.b3467348,49,24,0,Chilly,PERSON,12,18
uc1.b3467348,49,24,1,more than one,CARDINAL,23,36
uc1.b3467348,49,25,0,Ellington,PERSON,29,38
uc1.b3467348,49,25,1,Chilly,PERSON,105,111
uc1.b3467348,49,27,0,Chilly,PERSON,35,41
uc1.b3467348,49,28,0,first,ORDINAL,21,26
uc1.b3467348,50,6,0,Cadillac,ORG,33,41
uc1.b3467348,50,6,1,Chilly,ORG,83,89
uc1.b3467348,50,8,0,Ellington,PERSON,37,46
uc1.b3467348,50,12,0,Muslims,NORP,19,26
uc1.b3467348,50,24,0,Gene Ammons,PERSON,49,60
uc1.b3467348,50,24,1,Willow Weep for Me,WORK_OF_ART,70,88
uc1.b3467348,50,25,0,Hardknocks,ORG,13,23
uc1.b3467348,50,25,1,the Count Basie Band,ORG,46,66
uc1.b3467348,50,25,2,April in Paris,WORK_OF_ART,74,88
uc1.b3467348,50,26,0,one,CARDINAL,78,81
uc1.b3467348,50,27,0,Chilly,PERSON,0,6
uc1.b3467348,51,0,0,41,CARDINAL,0,2
uc1.b3467348,51,3,0,Sandstone,ORG,34,43
uc1.b3467348,51,3,1,Minnesota,GPE,56,65
uc1.b3467348,51,4,0,A few months later,DATE,0,18
uc1.b3467348,51,4,1,Chilly,PERSON,38,44
uc1.b3467348,51,5,0,half,CARDINAL,21,25
uc1.b3467348,51,6,0,Hardknocks,PERSON,24,34
uc1.b3467348,51,8,0,Melvin,PERSON,7,13
uc1.b3467348,51,22,0,Ellington,PERSON,12,21
uc1.b3467348,52,0,0,Hardknocks,PERSON,32,42
uc1.b3467348,52,3,0,September twenty-seventh,DATE,1,25
uc1.b3467348,52,7,0,Hardknocks,PERSON,1,11
uc1.b3467348,52,13,0,Six years,DATE,3,12
uc1.b3467348,53,0,0,Rocky's Bar,FAC,76,87
uc1.b3467348,53,2,0,Alice Turner,PERSON,7,19
uc1.b3467348,53,11,0,Alice,PERSON,0,5
uc1.b3467348,53,14,0,Alice,PERSON,0,5
uc1.b3467348,54,5,0,Alice,PERSON,43,48
uc1.b3467348,54,6,0,Alice,PERSON,0,5
uc1.b3467348,54,10,0,Alice,PERSON,0,5
uc1.b3467348,54,12,0,Alice,PERSON,20,25
uc1.b3467348,54,18,0,Alice,PERSON,16,21
uc1.b3467348,54,22,0,Mouth,PERSON,14,19
uc1.b3467348,54,23,0,Melvin,PERSON,7,13
uc1.b3467348,54,29,0,Today,DATE,1,6
uc1.b3467348,55,2,0,Melvin,PERSON,16,22
uc1.b3467348,55,8,0,Jersey,GPE,23,29
uc1.b3467348,55,8,1,a few months ago,DATE,30,46
uc1.b3467348,55,9,0,Rocky,PERSON,33,38
uc1.b3467348,55,13,0,Rocky,PERSON,0,5
uc1.b3467348,55,14,0,Alice,PERSON,41,46
uc1.b3467348,55,15,0,Midgy,PERSON,0,5
uc1.b3467348,55,16,0,Midgy,PERSON,6,11
uc1.b3467348,55,18,0,Midgy,PERSON,15,20
uc1.b3467348,55,23,0,Today,DATE,1,6
uc1.b3467348,55,25,0,Alice,PERSON,8,13
uc1.b3467348,56,0,0,another five years,DATE,67,85
uc1.b3467348,56,4,0,Melvin,PERSON,32,38
uc1.b3467348,56,9,0,Alice,PERSON,21,26
uc1.b3467348,56,12,0,tonight,TIME,20,27
uc1.b3467348,56,13,0,Melvin,PERSON,7,13
uc1.b3467348,56,19,0,Alice,PERSON,7,12
uc1.b3467348,57,3,0,a few feet,QUANTITY,69,79
uc1.b3467348,57,8,0,Pauline,PERSON,6,13
uc1.b3467348,57,8,1,Alice,PERSON,16,21
uc1.b3467348,57,9,0,Pauline,PERSON,15,22
uc1.b3467348,57,11,0,two,CARDINAL,35,38
uc1.b3467348,57,12,0,two,CARDINAL,40,43
uc1.b3467348,57,15,0,Mouth,PERSON,35,40
uc1.b3467348,57,22,0,two,CARDINAL,12,15
uc1.b3467348,57,23,0,Alice,PERSON,43,48
uc1.b3467348,57,28,0,Mouth,PERSON,9,14
uc1.b3467348,58,0,0,48,CARDINAL,0,2
uc1.b3467348,58,1,0,Mouth,PERSON,28,33
uc1.b3467348,58,4,0,Reatha,PERSON,62,68
uc1.b3467348,58,6,0,Anita,PERSON,26,31
uc1.b3467348,58,6,1,days,DATE,36,40
uc1.b3467348,58,7,0,Melvin,PERSON,26,32
uc1.b3467348,58,9,0,first,ORDINAL,49,54
uc1.b3467348,58,18,0,Otis,PERSON,0,4
uc1.b3467348,58,22,0,Loretta,PERSON,39,46
uc1.b3467348,58,26,0,Melvin,PERSON,7,13
uc1.b3467348,59,2,0,a few feet,QUANTITY,6,16
uc1.b3467348,59,8,0,Loretta,PERSON,29,36
uc1.b3467348,59,11,0,Loretta,PERSON,51,58
uc1.b3467348,59,12,0,mackland,GPE,73,81
uc1.b3467348,59,12,1,just one,CARDINAL,88,96
uc1.b3467348,59,13,0,Pauline,PERSON,23,30
uc1.b3467348,59,13,1,Alice,PERSON,33,38
uc1.b3467348,59,18,0,Alice,PERSON,31,36
uc1.b3467348,59,23,0,Terry's,ORG,32,39
uc1.b3467348,60,0,0,50,CARDINAL,0,2
uc1.b3467348,60,3,0,Otis,PERSON,15,19
uc1.b3467348,60,8,0,Vietnam,EVENT,19,26
uc1.b3467348,60,8,1,Alice,PERSON,29,34
uc1.b3467348,60,11,0,Otis,PERSON,124,128
uc1.b3467348,60,13,0,Harlem,GPE,64,70
uc1.b3467348,60,13,1,WHIP,ORG,72,76
uc1.b3467348,60,14,0,Pauline,PERSON,52,59
uc1.b3467348,60,19,0,Mouth,PERSON,36,41
uc1.b3467348,60,22,0,Mouth,PERSON,5,10
uc1.b3467348,60,23,0,Otis,PERSON,55,59
uc1.b3467348,61,0,0,Pauline,PERSON,17,24
uc1.b3467348,61,5,0,Otis,PERSON,24,28
uc1.b3467348,61,7,0,four-to-twelve shift,TIME,14,34
uc1.b3467348,61,9,0,128th,FAC,9,14
uc1.b3467348,61,9,1,Seventh,FAC,19,26
uc1.b3467348,61,11,0,six,TIME,13,16
uc1.b3467348,61,14,0,Alice,PERSON,23,28
uc1.b3467348,61,14,1,La Magnifique,FAC,107,120
uc1.b3467348,61,17,0,Otis,PERSON,49,53
uc1.b3467348,61,18,0,Fiftieth,FAC,38,46
uc1.b3467348,61,18,1,Broadway,FAC,51,59
uc1.b3467348,61,21,0,Pauline,PERSON,11,18
uc1.b3467348,62,3,0,Otis,PERSON,0,4
uc1.b3467348,62,6,0,125th Street,FAC,20,32
uc1.b3467348,62,7,0,Seventh Avenue,FAC,17,31
uc1.b3467348,63,4,0,more than thirteen,DATE,26,44
uc1.b3467348,63,10,0,two,CARDINAL,45,48
uc1.b3467348,63,15,0,Seventh Avenue,FAC,57,71
uc1.b3467348,64,0,0,54,CARDINAL,0,2
uc1.b3467348,64,1,0,Manhattan,GPE,95,104
uc1.b3467348,64,15,0,about fifteen minutes,TIME,6,27
uc1.b3467348,65,32,0,Otis,PERSON,33,37
uc1.b3467348,66,18,0,Otis,PERSON,0,4
uc1.b3467348,66,20,0,Otis,PERSON,42,46
uc1.b3467348,66,21,0,one,CARDINAL,54,57
uc1.b3467348,66,22,0,Otis,PERSON,52,56
uc1.b3467348,66,22,1,Marines,ORG,80,87
uc1.b3467348,66,23,0,One afternoon,TIME,0,13
uc1.b3467348,66,23,1,my first semester,DATE,21,38
uc1.b3467348,66,23,2,City College,ORG,42,54
uc1.b3467348,66,25,0,third,ORDINAL,103,108
uc1.b3467348,67,1,0,South,LOC,48,53
uc1.b3467348,67,4,0,Theodore Sutherland,PERSON,13,32
uc1.b3467348,67,6,0,Melvin Ellington,PERSON,1,17
uc1.b3467348,67,7,0,about twenty,CARDINAL,11,23
uc1.b3467348,67,10,0,Theodore,PERSON,0,8
uc1.b3467348,67,10,1,one,CARDINAL,18,21
uc1.b3467348,67,10,2,first,ORDINAL,64,69
uc1.b3467348,67,11,0,second,ORDINAL,76,82
uc1.b3467348,67,11,1,The Movement in the South,ORG,93,118
uc1.b3467348,67,12,0,Alabama,GPE,71,78
uc1.b3467348,67,12,1,Congress,ORG,143,151
uc1.b3467348,67,12,2,the Justice Department,ORG,184,206
uc1.b3467348,67,13,0,Secondly,ORDINAL,1,9
uc1.b3467348,67,13,1,weekly,DATE,36,42
uc1.b3467348,67,13,2,American,NORP,112,120
uc1.b3467348,67,14,0,every Friday,DATE,142,154
uc1.b3467348,67,16,0,Keith McDermott,PERSON,24,39
uc1.b3467348,67,17,0,Theodore,PERSON,20,28
uc1.b3467348,68,0,0,58,CARDINAL,0,2
uc1.b3467348,68,0,1,one,CARDINAL,97,100
uc1.b3467348,68,1,0,Theo,PERSON,6,10
uc1.b3467348,68,5,0,one,CARDINAL,127,130
uc1.b3467348,68,5,1,Ralph Ginzburg's,PERSON,139,155
uc1.b3467348,68,5,2,One Hundred Years of Lynching,WORK_OF_ART,156,185
uc1.b3467348,68,5,3,Theo,PERSON,205,209
uc1.b3467348,68,5,4,one,CARDINAL,213,216
uc1.b3467348,68,8,0,Theo,PERSON,19,23
uc1.b3467348,68,11,0,next week,DATE,17,26
uc1.b3467348,68,11,1,One Hundred Years of Lynching,WORK_OF_ART,97,126
uc1.b3467348,68,13,0,one,CARDINAL,14,17
uc1.b3467348,68,14,0,America,GPE,60,67
uc1.b3467348,68,14,1,hundred-year,DATE,75,87
uc1.b3467348,68,14,2,thousands,CARDINAL,121,130
uc1.b3467348,69,1,0,Theo,PERSON,21,25
uc1.b3467348,69,16,0,Theo,PERSON,9,13
uc1.b3467348,69,17,0,Keith,PERSON,1,6
uc1.b3467348,69,17,1,one,CARDINAL,31,34
uc1.b3467348,69,18,0,Keith,PERSON,0,5
uc1.b3467348,69,18,1,two,CARDINAL,39,42
uc1.b3467348,69,19,0,Melvin,PERSON,13,19
uc1.b3467348,70,19,0,Movement,ORG,36,44
uc1.b3467348,71,0,0,Theo,PERSON,14,18
uc1.b3467348,71,2,0,Theo,PERSON,0,4
uc1.b3467348,71,2,1,Keith,PERSON,9,14
uc1.b3467348,71,3,0,That night,TIME,0,10
uc1.b3467348,71,4,0,Theo,PERSON,11,15
uc1.b3467348,71,16,0,Dionne Warwick,PERSON,24,38
uc1.b3467348,71,18,0,Two,CARDINAL,0,3
uc1.b3467348,71,22,0,first,ORDINAL,8,13
uc1.b3467348,72,14,0,Thunderbird,WORK_OF_ART,1,12
uc1.b3467348,72,28,0,Keith,PERSON,28,33
uc1.b3467348,73,0,0,second,ORDINAL,25,31
uc1.b3467348,73,2,0,Keith,PERSON,25,30
uc1.b3467348,73,3,0,Melvin,PERSON,8,14
uc1.b3467348,73,5,0,Geneva,PERSON,5,11
uc1.b3467348,73,6,0,Theo,PERSON,0,4
uc1.b3467348,73,14,0,Alabama,GPE,64,71
uc1.b3467348,73,17,0,Geneva,PERSON,0,6
uc1.b3467348,73,19,0,Theo,PERSON,19,23
uc1.b3467348,73,25,0,City,GPE,11,15
uc1.b3467348,73,27,0,Hunter,PERSON,9,15
uc1.b3467348,73,28,0,Theo,PERSON,6,10
uc1.b3467348,73,32,0,Keith,PERSON,28,33
uc1.b3467348,74,2,0,Theo,PERSON,34,38
uc1.b3467348,74,7,0,Theo,PERSON,28,32
uc1.b3467348,74,8,0,Gandhi,PERSON,28,34
uc1.b3467348,74,8,1,Geneva,PERSON,39,45
uc1.b3467348,74,10,0,Gandhi,PERSON,21,27
uc1.b3467348,74,13,0,Theo,PERSON,4,8
uc1.b3467348,74,17,0,two,CARDINAL,10,13
uc1.b3467348,74,17,1,Theo,PERSON,47,51
uc1.b3467348,74,18,0,Geneva,PERSON,30,36
uc1.b3467348,74,19,0,Geneva,PERSON,26,32
uc1.b3467348,75,0,0,Theo,PERSON,4,8
uc1.b3467348,75,4,0,Theo,PERSON,0,4
uc1.b3467348,75,4,1,Geneva,PERSON,65,71
uc1.b3467348,75,5,0,Geneva,PERSON,21,27
uc1.b3467348,75,12,0,the Five Per-Centers,ORG,27,47
uc1.b3467348,75,12,1,only five percent,PERCENT,66,83
uc1.b3467348,75,14,0,Five,CARDINAL,0,4
uc1.b3467348,75,18,0,Geneva,PERSON,0,6
uc1.b3467348,75,18,1,two,CARDINAL,12,15
uc1.b3467348,75,19,0,Friday,DATE,4,10
uc1.b3467348,75,19,1,night,TIME,11,16
uc1.b3467348,76,0,0,66,CARDINAL,0,2
uc1.b3467348,76,1,0,Malcolm,PERSON,5,12
uc1.b3467348,76,1,1,Lewisohn Stadium,FAC,56,72
uc1.b3467348,76,2,0,one,CARDINAL,6,9
uc1.b3467348,76,2,1,hundred,CARDINAL,21,28
uc1.b3467348,76,2,2,Malcolm,PERSON,115,122
uc1.b3467348,76,3,0,first,ORDINAL,10,15
uc1.b3467348,76,4,0,125th Street,FAC,61,73
uc1.b3467348,76,6,0,Theo,PERSON,9,13
uc1.b3467348,76,9,0,Malcolm,PERSON,20,27
uc1.b3467348,76,12,0,America,GPE,40,47
uc1.b3467348,76,12,1,the Declaration of Independence,WORK_OF_ART,148,179
uc1.b3467348,76,14,0,Malcolm,PERSON,1,8
uc1.b3467348,77,3,0,Malcolm,PERSON,10,17
uc1.b3467348,77,6,0,Theo,PERSON,0,4
uc1.b3467348,77,8,0,American,NORP,92,100
uc1.b3467348,77,10,0,Malcolm,PERSON,169,176
uc1.b3467348,77,19,0,Theo,PERSON,48,52
uc1.b3467348,78,0,0,68,CARDINAL,0,2
uc1.b3467348,78,1,0,the next few days,DATE,4,21
uc1.b3467348,78,3,0,Theo,PERSON,0,4
uc1.b3467348,78,8,0,Theo,PERSON,5,9
uc1.b3467348,78,8,1,Keith,PERSON,50,55
uc1.b3467348,78,9,0,Theo,PERSON,19,23
uc1.b3467348,78,11,0,Theo,PERSON,32,36
uc1.b3467348,78,15,0,Theo,PERSON,7,11
uc1.b3467348,78,19,0,Theo,PERSON,16,20
uc1.b3467348,78,26,0,Johnson,PERSON,132,139
uc1.b3467348,78,28,0,Theo,PERSON,28,32
uc1.b3467348,78,31,0,Theo,PERSON,23,27
uc1.b3467348,79,0,0,Geneva,PERSON,5,11
uc1.b3467348,79,2,0,Theo,PERSON,0,4
uc1.b3467348,79,2,1,Keith,PERSON,12,17
uc1.b3467348,79,2,2,Manila,GPE,38,44
uc1.b3467348,79,3,0,Keith,PERSON,60,65
uc1.b3467348,79,4,0,Geneva,PERSON,41,47
uc1.b3467348,79,6,0,Theo,PERSON,4,8
uc1.b3467348,79,7,0,Keith,PERSON,21,26
uc1.b3467348,79,7,1,Theo,PERSON,28,32
uc1.b3467348,79,9,0,The Five Per-Centers,ORG,1,21
uc1.b3467348,79,9,1,Theo,PERSON,54,58
uc1.b3467348,79,12,0,American,NORP,86,94
uc1.b3467348,79,16,0,a Minute Ago,TIME,55,67
uc1.b3467348,79,17,0,Theo,PERSON,0,4
uc1.b3467348,79,17,1,City,GPE,25,29
uc1.b3467348,79,17,2,the Blue Monks,PERSON,77,91
uc1.b3467348,79,18,0,Thelonious Monk,PERSON,132,147
uc1.b3467348,79,18,1,Little Rootie Tootie,WORK_OF_ART,160,180
uc1.b3467348,80,0,0,Off Minor,WORK_OF_ART,53,62
uc1.b3467348,80,0,1,"Ruby, My Dear",WORK_OF_ART,66,79
uc1.b3467348,80,0,2,Crepuscule with Nellie,WORK_OF_ART,83,105
uc1.b3467348,80,0,3,Round Midnight,WORK_OF_ART,115,129
uc1.b3467348,80,1,0,our senior year,DATE,3,18
uc1.b3467348,80,1,1,City,ORG,22,26
uc1.b3467348,80,2,0,Theo,PERSON,0,4
uc1.b3467348,80,3,0,the “No Vietnamese Ever Called Me,ORG,13,46
uc1.b3467348,80,4,0,"the “Hell No, We Won't Go",ORG,31,56
uc1.b3467348,80,5,0,Theo,PERSON,0,4
uc1.b3467348,80,7,0,first,ORDINAL,7,12
uc1.b3467348,80,7,1,Geneva,PERSON,59,65
uc1.b3467348,80,10,0,Geneva,PERSON,1,7
uc1.b3467348,80,13,0,Melvin,PERSON,16,22
uc1.b3467348,80,16,0,Theo,PERSON,57,61
uc1.b3467348,80,17,0,Theo,PERSON,15,19
uc1.b3467348,80,19,0,Keith,PERSON,45,50
uc1.b3467348,80,21,0,Keith,PERSON,17,22
uc1.b3467348,81,2,0,Theo,PERSON,0,4
uc1.b3467348,81,2,1,Keith,PERSON,108,113
uc1.b3467348,81,2,2,first,ORDINAL,137,142
uc1.b3467348,81,3,0,Keith,PERSON,46,51
uc1.b3467348,81,8,0,Theo,PERSON,16,20
uc1.b3467348,81,13,0,Theo,PERSON,31,35
uc1.b3467348,81,16,0,Geneva,PERSON,27,33
uc1.b3467348,81,16,1,Theo,PERSON,39,43
uc1.b3467348,81,18,0,Melvin,PERSON,22,28
uc1.b3467348,81,25,0,Theo,PERSON,7,11
uc1.b3467348,81,27,0,Theo,PERSON,31,35
uc1.b3467348,81,27,1,City,GPE,96,100
uc1.b3467348,82,2,0,Geneva,GPE,33,39
uc1.b3467348,82,5,0,the ‘No Vietnamese Ever Called Me,ORG,10,43
uc1.b3467348,82,6,0,first,ORDINAL,17,22
uc1.b3467348,82,6,1,the Selective Service System,ORG,80,108
uc1.b3467348,82,8,0,Johnson,PERSON,51,58
uc1.b3467348,82,8,1,Vietnam,GPE,70,77
uc1.b3467348,82,12,0,a minute,TIME,6,14
uc1.b3467348,82,14,0,Melvin,PERSON,1,7
uc1.b3467348,82,14,1,Theo,PERSON,10,14
uc1.b3467348,83,0,0,73,CARDINAL,0,2
uc1.b3467348,83,8,0,Theo,PERSON,16,20
uc1.b3467348,83,11,0,Theo,PERSON,73,77
uc1.b3467348,83,17,0,Gunga Din,PERSON,5,14
uc1.b3467348,83,18,0,Tom,PERSON,2,5
uc1.b3467348,83,18,1,a Gunga Din,PERSON,31,42
uc1.b3467348,83,20,0,Geneva,PERSON,20,26
uc1.b3467348,84,1,0,a Gunga Din,NORP,47,58
uc1.b3467348,84,3,0,a minute,TIME,6,14
uc1.b3467348,84,4,0,Theo,PERSON,25,29
uc1.b3467348,84,8,0,Vietnamese,NORP,13,23
uc1.b3467348,84,9,0,Vietnamese,NORP,17,27
uc1.b3467348,84,10,0,Theo,PERSON,0,4
uc1.b3467348,84,12,0,the “No Vietnamese,ORG,29,47
uc1.b3467348,84,14,0,Geneva,PERSON,12,18
uc1.b3467348,84,16,0,Theo,PERSON,54,58
uc1.b3467348,84,16,1,dozens,CARDINAL,87,93
uc1.b3467348,84,16,2,America,GPE,99,106
uc1.b3467348,84,17,0,the Selective Service System,ORG,51,79
uc1.b3467348,84,17,1,Mississippi,GPE,191,202
uc1.b3467348,85,0,0,75,CARDINAL,0,2
uc1.b3467348,85,0,1,a matter of weeks,DATE,10,27
uc1.b3467348,85,2,0,Theo,PERSON,38,42
uc1.b3467348,85,3,0,Theo,PERSON,95,99
uc1.b3467348,85,7,0,today,DATE,29,34
uc1.b3467348,85,7,1,Keith,PERSON,41,46
uc1.b3467348,85,9,0,Johnson,PERSON,89,96
uc1.b3467348,85,11,0,Keith,PERSON,0,5
uc1.b3467348,85,13,0,Keith,PERSON,0,5
uc1.b3467348,85,18,0,Theo,PERSON,1,5
uc1.b3467348,85,20,0,Keith,PERSON,4,9
uc1.b3467348,86,2,0,every day,DATE,33,42
uc1.b3467348,86,3,0,Keith,PERSON,29,34
uc1.b3467348,86,7,0,Geneva,GPE,11,17
uc1.b3467348,86,13,0,First,ORDINAL,0,5
uc1.b3467348,86,13,1,Malcolm,PERSON,6,13
uc1.b3467348,86,13,2,Keith,PERSON,19,24
uc1.b3467348,86,14,0,America,GPE,81,88
uc1.b3467348,86,16,0,Theo,PERSON,0,4
uc1.b3467348,86,18,0,Theo,PERSON,49,53
uc1.b3467348,86,18,1,one,CARDINAL,60,63
uc1.b3467348,86,18,2,Harlem,GPE,142,148
uc1.b3467348,86,19,0,Theo,PERSON,7,11
uc1.b3467348,86,20,0,Theo,PERSON,20,24
uc1.b3467348,86,22,0,Keith,PERSON,16,21
uc1.b3467348,87,0,0,Keith,PERSON,56,61
uc1.b3467348,87,0,1,Theo,PERSON,66,70
uc1.b3467348,87,1,0,Pauline,PERSON,24,31
uc1.b3467348,87,2,0,Chilly,PERSON,0,6
uc1.b3467348,87,3,0,Geneva,GPE,0,6
uc1.b3467348,88,7,0,Pops,PERSON,0,4
uc1.b3467348,88,7,1,about two hundred pounds,QUANTITY,63,87
uc1.b3467348,88,8,0,Melvin,PERSON,1,7
uc1.b3467348,88,14,0,Melvin,PERSON,28,34
uc1.b3467348,88,15,0,Clara,PERSON,14,19
uc1.b3467348,88,16,0,Clara,PERSON,22,27
uc1.b3467348,88,17,0,Melvin,PERSON,5,11
uc1.b3467348,88,19,0,Arthur,PERSON,19,25
uc1.b3467348,89,2,0,Watusi,PERSON,43,49
uc1.b3467348,89,2,1,Pygmy,PRODUCT,56,61
uc1.b3467348,89,8,0,Debra,PERSON,7,12
uc1.b3467348,89,10,0,Melvin,PERSON,10,16
uc1.b3467348,89,11,0,a minute,TIME,6,14
uc1.b3467348,89,11,1,Rachel,PERSON,16,22
uc1.b3467348,89,13,0,first,ORDINAL,21,26
uc1.b3467348,89,15,0,Melvin,PERSON,32,38
uc1.b3467348,89,18,0,Ellington,PERSON,21,30
uc1.b3467348,89,20,0,Ellington,PERSON,27,36
uc1.b3467348,89,21,0,Duke Ellington,PERSON,35,49
uc1.b3467348,89,22,0,Ellington,PERSON,37,46
uc1.b3467348,89,24,0,Pops,PERSON,46,50
uc1.b3467348,89,25,0,Ellington,PERSON,54,63
uc1.b3467348,89,25,1,Diminuendo and Crescendo in Blue,WORK_OF_ART,79,111
uc1.b3467348,89,25,2,Ellington at Newport,WORK_OF_ART,135,155
uc1.b3467348,89,25,3,1956,DATE,156,160
uc1.b3467348,89,26,0,Pops,PERSON,0,4
uc1.b3467348,90,0,0,80,CARDINAL,0,2
uc1.b3467348,90,2,0,Paul Gonsalves,PERSON,69,83
uc1.b3467348,90,2,1,twenty-seven,CARDINAL,100,112
uc1.b3467348,90,3,0,Gonsalves,PERSON,46,55
uc1.b3467348,90,3,1,twenty-seven,CARDINAL,145,157
uc1.b3467348,90,4,0,Duke Ellington,PERSON,54,68
uc1.b3467348,90,4,1,twenty-seven,CARDINAL,91,103
uc1.b3467348,90,4,2,Paul Gonsalves,PERSON,119,133
uc1.b3467348,90,9,0,Melvin,PERSON,35,41
uc1.b3467348,90,12,0,Rachel,PERSON,1,7
uc1.b3467348,90,14,0,Walter,PERSON,33,39
uc1.b3467348,90,15,0,Melvin,PERSON,7,13
uc1.b3467348,91,0,0,Pops,PERSON,15,19
uc1.b3467348,91,9,0,Melvin,PERSON,1,7
uc1.b3467348,91,10,0,Muslim,NORP,13,19
uc1.b3467348,91,11,0,Muslim,NORP,21,27
uc1.b3467348,91,12,0,Pops,PERSON,45,49
uc1.b3467348,91,14,0,Walter,PERSON,17,23
uc1.b3467348,91,15,0,Melvin,PERSON,3,9
uc1.b3467348,91,19,0,Debra,PERSON,75,80
uc1.b3467348,91,24,0,Pops,PERSON,14,18
uc1.b3467348,92,4,0,Arthur,PERSON,87,93
uc1.b3467348,92,7,0,Arthur,PERSON,116,122
uc1.b3467348,93,1,0,Melvin,PERSON,31,37
uc1.b3467348,93,12,0,years before,DATE,39,51
uc1.b3467348,93,13,0,Melvin,PERSON,27,33
uc1.b3467348,93,14,0,Fifteen,DATE,1,8
uc1.b3467348,94,7,0,first,ORDINAL,37,42
uc1.b3467348,94,7,1,about a month,DATE,97,110
uc1.b3467348,94,13,0,Pops,PERSON,14,18
uc1.b3467348,95,11,0,Pops,PERSON,14,18
uc1.b3467348,95,12,0,two years ago,DATE,26,39
uc1.b3467348,95,14,0,Pops,PERSON,23,27
uc1.b3467348,96,2,0,Ellington,PERSON,3,12
uc1.b3467348,96,11,0,one,CARDINAL,67,70
uc1.b3467348,96,13,0,three,CARDINAL,65,70
uc1.b3467348,96,16,0,Melvin,PERSON,0,6
uc1.b3467348,96,16,1,Muslim,NORP,63,69
uc1.b3467348,96,20,0,Muslim,NORP,46,52
uc1.b3467348,96,22,0,Muslim,NORP,29,35
uc1.b3467348,96,24,0,Muslims,NORP,5,12
uc1.b3467348,96,26,0,Melvin,PERSON,1,7
uc1.b3467348,96,26,1,only one,CARDINAL,17,25
uc1.b3467348,96,26,2,only one,CARDINAL,45,53
uc1.b3467348,96,27,0,Arabic,LANGUAGE,16,22
uc1.b3467348,96,28,0,Arabic,LANGUAGE,30,36
uc1.b3467348,96,29,0,English,LANGUAGE,47,54
uc1.b3467348,96,30,0,English,LANGUAGE,11,18
uc1.b3467348,97,1,0,America,GPE,27,34
uc1.b3467348,97,2,0,English,LANGUAGE,42,49
uc1.b3467348,97,4,0,Arabic,LANGUAGE,24,30
uc1.b3467348,97,4,1,Arabia,GPE,51,57
uc1.b3467348,97,7,0,Melvin,PERSON,27,33
uc1.b3467348,97,10,0,Melvin,PERSON,1,7
uc1.b3467348,97,18,0,The day,DATE,0,7
uc1.b3467348,97,19,0,Melvin,PERSON,16,22
uc1.b3467348,97,22,0,three years,DATE,7,18
uc1.b3467348,97,25,0,first,ORDINAL,94,99
uc1.b3467348,98,0,0,88,CARDINAL,0,2
uc1.b3467348,98,9,0,Melvin,PERSON,44,50
uc1.b3467348,98,10,0,Miz Cotton,PERSON,16,26
uc1.b3467348,98,19,0,Melvin,PERSON,1,7
uc1.b3467348,98,21,0,Melvin,PERSON,11,17
uc1.b3467348,99,0,0,Otis,PERSON,37,41
uc1.b3467348,99,1,0,Debra,PERSON,0,5
uc1.b3467348,99,1,1,Manhattan,GPE,65,74
uc1.b3467348,99,9,0,the Metropolitan Transit Authority,ORG,29,63
uc1.b3467348,99,11,0,Otis,PERSON,41,45
uc1.b3467348,100,1,0,Eighth Avenue,FAC,3,16
uc1.b3467348,100,2,0,Muhammad Speaks,PERSON,1,16
uc1.b3467348,100,8,0,Muhammad Speaks,PERSON,13,28
uc1.b3467348,100,16,0,quarter,CARDINAL,7,14
uc1.b3467348,100,18,0,America,GPE,38,45
uc1.b3467348,100,27,0,Negro,NORP,23,28
uc1.b3467348,102,1,0,Balling the Jack,WORK_OF_ART,31,47
uc1.b3467348,102,1,1,the Eagle Rock,WORK_OF_ART,49,63
uc1.b3467348,102,1,2,the Camel Walk,WORK_OF_ART,69,83
uc1.b3467348,102,7,0,Four,CARDINAL,0,4
uc1.b3467348,102,9,0,third,ORDINAL,7,12
uc1.b3467348,102,11,0,Otis Edwards,PERSON,17,29
uc1.b3467348,102,16,0,Melvin Ellington,PERSON,1,17
uc1.b3467348,102,23,0,Otis,PERSON,7,11
uc1.b3467348,103,0,0,93,CARDINAL,0,2
uc1.b3467348,103,6,0,Otis,PERSON,15,19
uc1.b3467348,103,7,0,Mouth,PERSON,25,30
uc1.b3467348,103,8,0,Nam,GPE,37,40
uc1.b3467348,103,16,0,Pauline,PERSON,12,19
uc1.b3467348,103,16,1,Alice,PERSON,24,29
uc1.b3467348,103,16,2,Rocky's,ORG,33,40
uc1.b3467348,103,20,0,Almost six years,DATE,0,16
uc1.b3467348,103,25,0,Today,DATE,1,6
uc1.b3467348,104,0,0,94 7,CARDINAL,0,4
uc1.b3467348,104,0,1,a minute,TIME,31,39
uc1.b3467348,104,3,0,A few feet,QUANTITY,0,10
uc1.b3467348,104,5,0,Otis,PERSON,29,33
uc1.b3467348,104,17,0,Otis,PERSON,15,19
uc1.b3467348,104,18,0,a minute,TIME,6,14
uc1.b3467348,105,10,0,Otis,PERSON,27,31
uc1.b3467348,105,14,0,Vietnam,FAC,13,20
uc1.b3467348,105,14,1,Vietnam,GPE,45,52
uc1.b3467348,105,19,0,Mouth,PERSON,22,27
uc1.b3467348,105,22,0,Two years,DATE,1,10
uc1.b3467348,106,12,0,Otis,PERSON,7,11
uc1.b3467348,106,12,1,Nam,EVENT,78,81
uc1.b3467348,106,18,0,Marines,ORG,43,50
uc1.b3467348,106,19,0,Otis,PERSON,15,19
uc1.b3467348,106,23,0,the Marine Prayer,WORK_OF_ART,13,30
uc1.b3467348,106,27,0,Marine Prayer,WORK_OF_ART,5,18
uc1.b3467348,106,27,1,Nam,GPE,43,46
uc1.b3467348,106,28,0,Vietnamese,NORP,4,14
uc1.b3467348,106,32,0,the next morning,TIME,41,57
uc1.b3467348,106,33,0,Halls,NORP,65,70
uc1.b3467348,106,33,1,Montezuma,GPE,74,83
uc1.b3467348,107,0,0,Nam,PERSON,14,17
uc1.b3467348,107,3,0,Three,CARDINAL,0,5
uc1.b3467348,107,3,1,one,CARDINAL,44,47
uc1.b3467348,107,9,0,tonight,TIME,24,31
uc1.b3467348,107,10,0,Alice,PERSON,1,6
uc1.b3467348,107,10,1,Pauline,PERSON,11,18
uc1.b3467348,107,10,2,La Magnifique,FAC,51,64
uc1.b3467348,107,12,0,the Queen Bee,WORK_OF_ART,12,25
uc1.b3467348,107,12,1,Goodyear,ORG,34,42
uc1.b3467348,107,12,2,Blimp,PRODUCT,43,48
uc1.b3467348,107,13,0,La Magnifique,FAC,0,13
uc1.b3467348,107,15,0,two years,DATE,105,114
uc1.b3467348,107,24,0,Otis,PERSON,0,4
uc1.b3467348,107,27,0,John Wayne,PERSON,71,81
uc1.b3467348,108,1,0,John Wayne,PERSON,26,36
uc1.b3467348,108,1,1,West,LOC,92,96
uc1.b3467348,108,2,0,World War II,EVENT,97,109
uc1.b3467348,108,3,0,Yakima Canutt,PERSON,77,90
uc1.b3467348,108,4,0,Duke,PERSON,31,35
uc1.b3467348,108,4,1,the Department of Interior,ORG,100,126
uc1.b3467348,108,4,2,Indians,NORP,148,155
uc1.b3467348,108,5,0,Indians,NORP,47,54
uc1.b3467348,108,6,0,Duke,PERSON,4,8
uc1.b3467348,108,6,1,Yakima,GPE,23,29
uc1.b3467348,108,7,0,first,ORDINAL,13,18
uc1.b3467348,108,7,1,John Wayne,PERSON,25,35
uc1.b3467348,108,8,0,Alcatraz,FAC,36,44
uc1.b3467348,108,8,1,Indian,NORP,56,62
uc1.b3467348,108,9,0,Duke,PERSON,27,31
uc1.b3467348,108,9,1,Iron Eyes Cody,PERSON,43,57
uc1.b3467348,108,9,2,Indian,NORP,63,69
uc1.b3467348,108,10,0,Duke,PERSON,4,8
uc1.b3467348,108,10,1,the Pacific Ocean,LOC,25,42
uc1.b3467348,108,10,2,Bogart,PERSON,56,62
uc1.b3467348,108,11,0,Woody Strode,PERSON,27,39
uc1.b3467348,108,11,1,Sergeant Rutledge,ORG,58,75
uc1.b3467348,108,17,0,John Wayne,PERSON,11,21
uc1.b3467348,108,19,0,7,CARDINAL,17,18
uc1.b3467348,109,3,0,Nam,GPE,102,105
uc1.b3467348,109,7,0,WHIP,ORG,27,31
uc1.b3467348,109,8,0,one,CARDINAL,8,11
uc1.b3467348,109,8,1,T.V.,ORG,12,16
uc1.b3467348,109,9,0,late night,TIME,38,48
uc1.b3467348,109,10,0,John Wayne's,PERSON,58,70
uc1.b3467348,109,13,0,Mouth,PERSON,11,16
uc1.b3467348,109,18,0,tonight,TIME,12,19
uc1.b3467348,109,19,0,John Wayne,PERSON,88,98
uc1.b3467348,109,20,0,the two years,DATE,31,44
uc1.b3467348,109,22,0,Mouth,PERSON,27,32
uc1.b3467348,110,0,0,Otis,PERSON,22,26
uc1.b3467348,110,6,0,Otis,PERSON,78,82
uc1.b3467348,110,9,0,first,ORDINAL,8,13
uc1.b3467348,111,0,0,Ellington,PERSON,26,35
uc1.b3467348,111,1,0,Jason Rich,PERSON,5,15
uc1.b3467348,111,7,0,Three years,DATE,1,12
uc1.b3467348,111,10,0,two years,DATE,18,27
uc1.b3467348,111,20,0,Vietnam,GPE,97,104
uc1.b3467348,111,21,0,Southeast Asia,LOC,69,83
uc1.b3467348,111,22,0,Atticas,PRODUCT,49,56
uc1.b3467348,111,23,0,Jason,PERSON,31,36
uc1.b3467348,111,26,0,Attica,PRODUCT,0,6
uc1.b3467348,112,0,0,102,CARDINAL,0,3
uc1.b3467348,112,0,1,Attica,PERSON,75,81
uc1.b3467348,112,3,0,Jason,PERSON,38,43
uc1.b3467348,112,17,0,a minute,TIME,91,99
uc1.b3467348,113,5,0,a minute,TIME,6,14
uc1.b3467348,113,5,1,Ellington,PERSON,16,25
uc1.b3467348,114,0,0,Otis,PERSON,9,13
uc1.b3467348,114,0,1,my first day,DATE,136,148
uc1.b3467348,114,2,0,La Magnifique,FAC,22,35
uc1.b3467348,114,4,0,Lenox Avenue,FAC,19,31
uc1.b3467348,114,5,0,Fiftieth,FAC,1,9
uc1.b3467348,114,5,1,Broadway,FAC,14,22
uc1.b3467348,114,5,2,Otis,PERSON,25,29
uc1.b3467348,114,7,0,night,TIME,48,53
uc1.b3467348,114,8,0,weekends,DATE,15,23
uc1.b3467348,114,10,0,a Friday,DATE,12,20
uc1.b3467348,114,11,0,Two,CARDINAL,0,3
uc1.b3467348,114,13,0,Otis,PERSON,75,79
uc1.b3467348,114,14,0,two,CARDINAL,5,8
uc1.b3467348,114,16,0,Otis,PERSON,30,34
uc1.b3467348,115,0,0,Otis,PERSON,36,40
uc1.b3467348,115,2,0,Alice,PERSON,28,33
uc1.b3467348,115,6,0,all day,DATE,52,59
uc1.b3467348,115,7,0,Alice,PERSON,30,35
uc1.b3467348,115,12,0,the last two years,DATE,39,57
uc1.b3467348,115,14,0,Otis,PERSON,22,26
uc1.b3467348,115,15,0,these days,DATE,36,46
uc1.b3467348,115,19,0,Pops,PERSON,48,52
uc1.b3467348,115,24,0,the Dixie Cup,WORK_OF_ART,11,24
uc1.b3467348,115,28,0,Pops,PERSON,18,22
uc1.b3467348,115,31,0,Friday,DATE,34,40
uc1.b3467348,115,31,1,the weekend,DATE,63,74
uc1.b3467348,116,2,0,Otis,PERSON,39,43
uc1.b3467348,116,9,0,V.D.,PERSON,44,48
uc1.b3467348,116,12,0,Jubilee,PERSON,25,32
uc1.b3467348,116,13,0,Jubilee,PERSON,41,48
uc1.b3467348,116,14,0,first,ORDINAL,3,8
uc1.b3467348,116,15,0,this year,DATE,50,59
uc1.b3467348,116,22,0,next month,DATE,87,97
uc1.b3467348,116,23,0,eighteen months,DATE,74,89
uc1.b3467348,117,0,0,107,CARDINAL,0,3
uc1.b3467348,117,4,0,Ellington,PERSON,6,15
uc1.b3467348,117,4,1,V.D.,PERSON,60,64
uc1.b3467348,117,4,2,Hardknocks,PERSON,76,86
uc1.b3467348,117,9,0,Jubilee,PERSON,0,7
uc1.b3467348,117,10,0,V.D.,PERSON,0,4
uc1.b3467348,117,14,0,Mouth,PERSON,10,15
uc1.b3467348,117,15,0,Otis,PERSON,22,26
uc1.b3467348,118,0,0,L. a a a Magnifique,FAC,0,19
uc1.b3467348,118,1,0,two years,DATE,21,30
uc1.b3467348,118,1,1,Pennsylvania,GPE,40,52
uc1.b3467348,118,2,0,Otis,PERSON,13,17
uc1.b3467348,118,8,0,Jungle Boogie,WORK_OF_ART,89,102
uc1.b3467348,118,8,1,Kool and the Gang,ORG,109,126
uc1.b3467348,119,0,0,Escorts,ORG,51,58
uc1.b3467348,119,0,1,I'll Be Sweeter Today Than,WORK_OF_ART,67,93
uc1.b3467348,119,0,2,Yesterday,DATE,100,109
uc1.b3467348,119,2,0,third,ORDINAL,52,57
uc1.b3467348,119,3,0,Mouth,PERSON,25,30
uc1.b3467348,119,3,1,one,CARDINAL,62,65
uc1.b3467348,119,4,0,Otis,PERSON,0,4
uc1.b3467348,119,10,0,first,ORDINAL,27,32
uc1.b3467348,120,0,0,110,CARDINAL,0,3
uc1.b3467348,120,4,0,Pauline,PERSON,7,14
uc1.b3467348,120,4,1,Alice,PERSON,21,26
uc1.b3467348,120,5,0,Mouth,PERSON,7,12
uc1.b3467348,120,5,1,Pauline,PERSON,15,22
uc1.b3467348,120,5,2,Indian,NORP,59,65
uc1.b3467348,120,8,0,this week,DATE,14,23
uc1.b3467348,120,8,1,Slick Swanson,PERSON,159,172
uc1.b3467348,120,8,2,WHIP,ORG,190,194
uc1.b3467348,120,10,0,a week,DATE,44,50
uc1.b3467348,120,10,1,WHIP,ORG,64,68
uc1.b3467348,120,13,0,Otis,PERSON,0,4
uc1.b3467348,120,14,0,Otis,PERSON,5,9
uc1.b3467348,120,14,1,Alice,PERSON,12,17
uc1.b3467348,120,15,0,Pauline,PERSON,24,31
uc1.b3467348,120,21,0,Alice,PERSON,10,15
uc1.b3467348,120,26,0,Pauline,PERSON,7,14
uc1.b3467348,121,0,0,111,CARDINAL,0,3
uc1.b3467348,121,4,0,Pauline,PERSON,0,7
uc1.b3467348,121,6,0,Alice,PERSON,39,44
uc1.b3467348,121,9,0,Alice,PERSON,35,40
uc1.b3467348,121,11,0,Otis,PERSON,17,21
uc1.b3467348,121,13,0,Otis,PERSON,40,44
uc1.b3467348,121,14,0,Mouth,PERSON,27,32
uc1.b3467348,121,21,0,one,CARDINAL,134,137
uc1.b3467348,121,21,1,two,QUANTITY,164,167
uc1.b3467348,122,0,0,112,CARDINAL,0,3
uc1.b3467348,122,3,0,second,ORDINAL,14,20
uc1.b3467348,122,7,0,Alice,PERSON,25,30
uc1.b3467348,122,9,0,two years,DATE,45,54
uc1.b3467348,122,20,0,Otis,PERSON,6,10
uc1.b3467348,122,21,0,second,ORDINAL,51,57
uc1.b3467348,123,0,0,Alice,PERSON,14,19
uc1.b3467348,123,6,0,Pauline,PERSON,20,27
uc1.b3467348,123,7,0,Pauline,PERSON,9,16
uc1.b3467348,123,13,0,three o'clock in the morning,TIME,64,92
uc1.b3467348,123,14,0,tonight,TIME,18,25
uc1.b3467348,123,19,0,Alice,PERSON,7,12
uc1.b3467348,124,0,0,Pauline,PERSON,67,74
uc1.b3467348,124,2,0,Melvin,PERSON,25,31
uc1.b3467348,124,5,0,Pauline,PERSON,18,25
uc1.b3467348,124,11,0,Pauline,PERSON,21,28
uc1.b3467348,124,15,0,Otis,PERSON,7,11
uc1.b3467348,124,23,0,Johnny,PERSON,10,16
uc1.b3467348,124,26,0,Otis,PRODUCT,46,50
uc1.b3467348,125,0,0,115,CARDINAL,0,3
uc1.b3467348,125,0,1,Otis,PERSON,13,17
uc1.b3467348,125,4,0,T'ai Chi,ORG,48,56
uc1.b3467348,125,10,0,Otis,PERSON,0,4
uc1.b3467348,125,11,0,Pauline,PERSON,30,37
uc1.b3467348,125,15,0,Muhammad Ali,PERSON,33,45
uc1.b3467348,125,19,0,Johnny,PERSON,9,15
uc1.b3467348,125,23,0,Johnny,PERSON,9,15
uc1.b3467348,126,0,0,116,CARDINAL,0,3
uc1.b3467348,126,0,1,Otis,PERSON,27,31
uc1.b3467348,126,5,0,a minute,TIME,59,67
uc1.b3467348,126,7,0,Pauline,PERSON,36,43
uc1.b3467348,126,10,0,two,CARDINAL,10,13
uc1.b3467348,126,15,0,Alice,PERSON,0,5
uc1.b3467348,126,28,0,Pauline,PERSON,10,17
uc1.b3467348,127,6,0,the World Series,EVENT,64,80
uc1.b3467348,128,0,0,Riverside Drive,FAC,46,61
uc1.b3467348,128,0,1,the Hudson River,LOC,74,90
uc1.b3467348,128,0,2,the George Washington Bridge,FAC,109,137
uc1.b3467348,128,1,0,Alice,PERSON,1,6
uc1.b3467348,128,4,0,Norma,PERSON,45,50
uc1.b3467348,128,6,0,Pauline,PERSON,8,15
uc1.b3467348,128,6,1,Melvin,PERSON,17,23
uc1.b3467348,128,6,2,Otis,PERSON,29,33
uc1.b3467348,128,11,0,years,DATE,36,41
uc1.b3467348,128,12,0,Herbie Mann,PERSON,132,143
uc1.b3467348,128,12,1,Johnny Pacheco,PERSON,148,162
uc1.b3467348,128,12,2,Esquire,ORG,178,185
uc1.b3467348,128,12,3,Coattails,ORG,204,213
uc1.b3467348,128,12,4,Thursday,DATE,217,225
uc1.b3467348,128,12,5,City College,ORG,236,248
uc1.b3467348,128,12,6,the Kappa House,FAC,261,276
uc1.b3467348,129,0,0,Central State,ORG,33,46
uc1.b3467348,129,0,1,Hampton Institute,ORG,48,65
uc1.b3467348,129,0,2,Virginia Union,ORG,71,85
uc1.b3467348,129,4,0,I Only Have Eyes for You,WORK_OF_ART,1,25
uc1.b3467348,129,4,1,Flamingos,ORG,44,53
uc1.b3467348,129,5,0,Lonnie Youngbloods,PERSON,89,107
uc1.b3467348,129,5,1,Sassy Shirleys,PERSON,112,126
uc1.b3467348,129,9,0,Alice,PERSON,57,62
uc1.b3467348,129,12,0,Otis,PERSON,0,4
uc1.b3467348,129,13,0,Norma,PERSON,7,12
uc1.b3467348,129,16,0,Norma,PERSON,8,13
uc1.b3467348,130,4,0,Two,CARDINAL,0,3
uc1.b3467348,130,17,0,Alice,PERSON,20,25
uc1.b3467348,130,23,0,Norma,PERSON,41,46
uc1.b3467348,130,26,0,Alice,PERSON,0,5
uc1.b3467348,130,26,1,Norma,PERSON,10,15
uc1.b3467348,130,30,0,Alice,PERSON,17,22
uc1.b3467348,130,32,0,two,CARDINAL,67,70
uc1.b3467348,131,10,0,the Gentlemen of Quality,ORG,66,90
uc1.b3467348,131,11,0,Peter Prep,PERSON,8,18
uc1.b3467348,131,19,0,British,NORP,22,29
uc1.b3467348,131,19,1,Scotland,GPE,57,65
uc1.b3467348,131,19,2,three,CARDINAL,69,74
uc1.b3467348,132,0,0,122,CARDINAL,0,3
uc1.b3467348,132,8,0,five,CARDINAL,60,64
uc1.b3467348,132,11,0,the Gentlemen of Quality,WORK_OF_ART,47,71
uc1.b3467348,132,14,0,Peter Prep,PERSON,20,30
uc1.b3467348,132,17,0,1964,DATE,16,20
uc1.b3467348,132,17,1,the Forty-Second Street Library,ORG,24,55
uc1.b3467348,132,25,0,Peter Prep,PERSON,14,24
uc1.b3467348,132,27,0,Booksnake,PRODUCT,30,39
uc1.b3467348,133,2,0,Booksnake,PERSON,16,25
uc1.b3467348,133,4,0,Booksnake,PERSON,8,17
uc1.b3467348,133,6,0,Booksnake,PERSON,20,29
uc1.b3467348,133,6,1,Forty-Second Street Library,FAC,54,81
uc1.b3467348,133,6,2,one,CARDINAL,100,103
uc1.b3467348,133,7,0,Creedmoor,FAC,20,29
uc1.b3467348,133,25,0,about five or six,CARDINAL,12,29
uc1.b3467348,133,25,1,one,CARDINAL,48,51
uc1.b3467348,133,26,0,Gloria Lynne,PERSON,145,157
uc1.b3467348,134,0,0,Trouble,PERSON,4,11
uc1.b3467348,134,1,0,Gloria,PERSON,16,22
uc1.b3467348,134,4,0,a day,DATE,43,48
uc1.b3467348,134,5,0,Trouble,PERSON,0,7
uc1.b3467348,134,6,0,Gloria,PERSON,86,92
uc1.b3467348,134,11,0,Rap a Lot,PERSON,9,18
uc1.b3467348,134,12,0,the Dixie Peach,LOC,14,29
uc1.b3467348,134,12,1,the Big Apple,LOC,44,57
uc1.b3467348,135,0,0,125,CARDINAL,0,3
uc1.b3467348,135,17,0,Just a minute,TIME,1,14
uc1.b3467348,135,18,0,one,CARDINAL,25,28
uc1.b3467348,135,20,0,Rap a Lot,PERSON,21,30
uc1.b3467348,135,20,1,Trouble Is a Man,WORK_OF_ART,170,186
uc1.b3467348,135,23,0,one,CARDINAL,72,75
uc1.b3467348,135,28,0,the last two years,DATE,101,119
uc1.b3467348,136,3,0,Pauline,PERSON,42,49
uc1.b3467348,136,11,0,Pauline,PERSON,13,20
uc1.b3467348,136,13,0,Mouth,PERSON,37,42
uc1.b3467348,136,24,0,the day,DATE,11,18
uc1.b3467348,136,25,0,five,CARDINAL,58,62
uc1.b3467348,136,26,0,Alice,PERSON,58,63
uc1.b3467348,137,0,0,my week,DATE,14,21
uc1.b3467348,137,1,0,Pauline,PERSON,27,34
uc1.b3467348,137,2,0,Alice,PERSON,66,71
uc1.b3467348,137,8,0,Otis,PERSON,27,31
uc1.b3467348,137,8,1,Pauline,PERSON,36,43
uc1.b3467348,137,13,0,Mouth,PERSON,22,27
uc1.b3467348,137,17,0,Pauline,PERSON,18,25
uc1.b3467348,137,26,0,Melvin,PERSON,16,22
uc1.b3467348,138,0,0,128,CARDINAL,0,3
uc1.b3467348,138,1,0,Marcy Jones,PERSON,25,36
uc1.b3467348,138,5,0,about seventeen,DATE,7,22
uc1.b3467348,138,5,1,Easter,DATE,66,72
uc1.b3467348,138,7,0,The Heartbeats,WORK_OF_ART,31,45
uc1.b3467348,138,8,0,You're a Thousand Miles,WORK_OF_ART,1,24
uc1.b3467348,138,9,0,Marcy,PERSON,46,51
uc1.b3467348,138,14,0,Melvin,PERSON,15,21
uc1.b3467348,138,25,0,almost four,TIME,6,17
uc1.b3467348,138,28,0,first,ORDINAL,24,29
uc1.b3467348,139,10,0,Melvin,PERSON,25,31
uc1.b3467348,139,13,0,Melvin,PERSON,24,30
uc1.b3467348,139,17,0,Pauline,PERSON,38,45
uc1.b3467348,139,17,1,Otis,PERSON,50,54
uc1.b3467348,139,19,0,Otis,PERSON,32,36
uc1.b3467348,139,20,0,Alice,PERSON,39,44
uc1.b3467348,139,23,0,Alice,PERSON,1,6
uc1.b3467348,139,24,0,a minute,TIME,17,25
uc1.b3467348,139,24,1,Mouth,PERSON,27,32
uc1.b3467348,139,26,0,Alice,PERSON,16,21
uc1.b3467348,139,27,0,Pauline,PERSON,18,25
uc1.b3467348,139,29,0,Otis,PERSON,32,36
uc1.b3467348,139,30,0,John Wayne,PERSON,18,28
uc1.b3467348,140,0,0,Mouth,PERSON,13,18
uc1.b3467348,140,2,0,about an hour,TIME,16,29
uc1.b3467348,140,4,0,Mouth,PERSON,23,28
uc1.b3467348,140,6,0,Audie Murphy,PERSON,16,28
uc1.b3467348,140,7,0,World War II,EVENT,37,49
uc1.b3467348,140,8,0,German,NORP,54,60
uc1.b3467348,140,9,0,Nam,GPE,56,59
uc1.b3467348,140,15,0,John Wayne,PERSON,56,66
uc1.b3467348,140,16,0,tonight,TIME,31,38
uc1.b3467348,140,17,0,about an hour,TIME,22,35
uc1.b3467348,140,19,0,Otis,PERSON,11,15
uc1.b3467348,140,25,0,John Wayne,PERSON,23,33
uc1.b3467348,140,26,0,an hour,TIME,14,21
uc1.b3467348,140,27,0,An hour,TIME,0,7
uc1.b3467348,140,28,0,Alice,PERSON,0,5
uc1.b3467348,140,28,1,Pauline,PERSON,10,17
uc1.b3467348,140,29,0,Wells',ORG,21,27
uc1.b3467348,140,29,1,Alice,PERSON,59,64
uc1.b3467348,141,3,0,Otis,PERSON,20,24
uc1.b3467348,141,6,0,about an hour,TIME,26,39
uc1.b3467348,141,7,0,Melvin,PERSON,1,7
uc1.b3467348,141,9,0,Wells',ORG,11,17
uc1.b3467348,141,9,1,an hour,TIME,21,28
uc1.b3467348,141,10,0,Pauline,PERSON,27,34
uc1.b3467348,141,12,0,Otis,PERSON,79,83
uc1.b3467348,141,13,0,Cecil Pendergrass,PERSON,31,48
uc1.b3467348,141,14,0,the Hotel Theresa,ORG,20,37
uc1.b3467348,141,14,1,125th Street,FAC,41,53
uc1.b3467348,141,17,0,Pendergrass,PERSON,0,11
uc1.b3467348,141,18,0,one,CARDINAL,33,36
uc1.b3467348,141,19,0,two,CARDINAL,21,24
uc1.b3467348,141,25,0,Melvin Ellington,PERSON,1,17
uc1.b3467348,142,9,0,Malcolm,PERSON,153,160
uc1.b3467348,142,9,1,Rap,PERSON,164,167
uc1.b3467348,142,9,2,Huey,PERSON,171,175
uc1.b3467348,142,14,0,America,GPE,84,91
uc1.b3467348,142,14,1,American,NORP,157,165
uc1.b3467348,143,4,0,American,NORP,58,66
uc1.b3467348,143,4,1,the whole five years,DATE,119,139
uc1.b3467348,143,12,0,Martin Luther King,PERSON,14,32
uc1.b3467348,143,17,0,Americans,NORP,128,137
uc1.b3467348,143,18,0,America,GPE,42,49
uc1.b3467348,143,20,0,Harlem,GPE,37,43
uc1.b3467348,144,0,0,134,CARDINAL,0,3
uc1.b3467348,144,0,1,City Hall,FAC,28,37
uc1.b3467348,144,1,0,the City of New York,GPE,84,104
uc1.b3467348,144,2,0,Lindsay,PERSON,131,138
uc1.b3467348,144,2,1,Harlem,GPE,150,156
uc1.b3467348,144,4,0,City Hall,ORG,74,83
uc1.b3467348,144,6,0,thirty days,DATE,8,19
uc1.b3467348,144,9,0,one,CARDINAL,106,109
uc1.b3467348,144,9,1,American,NORP,142,150
uc1.b3467348,144,11,0,three,CARDINAL,47,52
uc1.b3467348,144,12,0,Bobby Seale,PERSON,141,152
uc1.b3467348,145,8,0,Cecil Pendergrass',PERSON,133,151
uc1.b3467348,146,1,0,San Juan Hill,LOC,6,19
uc1.b3467348,146,1,1,America,GPE,133,140
uc1.b3467348,146,1,2,over thirty years,DATE,145,162
uc1.b3467348,146,2,0,about three,DATE,21,32
uc1.b3467348,146,2,1,Otis,PERSON,72,76
uc1.b3467348,146,3,0,one,CARDINAL,15,18
uc1.b3467348,146,8,0,a couple of hours,TIME,12,29
uc1.b3467348,146,11,0,Conelrad,PRODUCT,38,46
uc1.b3467348,146,13,0,hundreds of feet,QUANTITY,9,25
uc1.b3467348,146,16,0,seven,CARDINAL,23,28
uc1.b3467348,147,3,0,Westerns,WORK_OF_ART,5,13
uc1.b3467348,147,3,1,two,CARDINAL,45,48
uc1.b3467348,147,7,0,one,CARDINAL,13,16
uc1.b3467348,147,8,0,Paul Muni,PERSON,0,9
uc1.b3467348,147,8,1,I Am a Fugitive from a Chain Gang,WORK_OF_ART,35,68
uc1.b3467348,147,9,0,Muni,PERSON,4,8
uc1.b3467348,147,10,0,Martha Vickers,PERSON,0,14
uc1.b3467348,147,10,1,The Big Sleep,WORK_OF_ART,18,31
uc1.b3467348,147,10,2,Humphrey Bogart,PERSON,46,61
uc1.b3467348,147,10,3,first,ORDINAL,87,92
uc1.b3467348,147,11,0,Bogart,PERSON,4,10
uc1.b3467348,147,12,0,Gloria Swanson,PERSON,0,14
uc1.b3467348,147,12,1,Sunset Boulevard,FAC,29,45
uc1.b3467348,147,13,0,Spencer Tracy,PERSON,0,13
uc1.b3467348,147,13,1,Stanley,PERSON,17,24
uc1.b3467348,147,13,2,Livingstone,PERSON,41,52
uc1.b3467348,147,13,3,Stanley,PERSON,56,63
uc1.b3467348,147,13,4,Livingstone,PERSON,68,79
uc1.b3467348,147,13,5,East African,NORP,93,105
uc1.b3467348,147,14,0,Livingstone,PERSON,28,39
uc1.b3467348,147,15,0,Stanley,PERSON,5,12
uc1.b3467348,147,15,1,one,CARDINAL,29,32
uc1.b3467348,147,16,0,John Wayne,PERSON,12,22
uc1.b3467348,147,16,1,Otis,PERSON,33,37
uc1.b3467348,147,17,0,1939,DATE,45,49
uc1.b3467348,147,17,1,Stagecoach,ORG,63,73
uc1.b3467348,148,0,0,138,CARDINAL,0,3
uc1.b3467348,148,0,1,They Were Expendable,WORK_OF_ART,11,31
uc1.b3467348,148,0,2,The Fighting Seabees,WORK_OF_ART,33,53
uc1.b3467348,148,0,3,Sands of Iwo Jima,WORK_OF_ART,75,92
uc1.b3467348,148,2,0,Otis,PERSON,5,9
uc1.b3467348,148,5,0,Nam,GPE,28,31
uc1.b3467348,148,5,1,Ben Suc,GPE,62,69
uc1.b3467348,148,8,0,Ben Suc,GPE,31,38
uc1.b3467348,148,10,0,Ben Suc,GPE,56,63
uc1.b3467348,148,12,0,Nam,GPE,61,64
uc1.b3467348,148,13,0,A Walk in the Sun,WORK_OF_ART,13,30
uc1.b3467348,148,18,0,Nam,GPE,29,32
uc1.b3467348,148,20,0,Sands of Iwo Jima,WORK_OF_ART,24,41
uc1.b3467348,148,23,0,Jap,NORP,10,13
uc1.b3467348,148,27,0,Ira Hayes,PERSON,0,9
uc1.b3467348,149,0,0,139,CARDINAL,0,3
uc1.b3467348,149,0,1,Otis,PERSON,14,18
uc1.b3467348,149,1,0,John Wayne,PERSON,15,25
uc1.b3467348,149,2,0,Jap,PERSON,10,13
uc1.b3467348,149,3,0,Duke,PERSON,25,29
uc1.b3467348,149,7,0,Stryker,PERSON,76,83
uc1.b3467348,149,8,0,John Agar,PERSON,6,15
uc1.b3467348,149,8,1,Jap,PRODUCT,43,46
uc1.b3467348,149,9,0,Japanese,NORP,25,33
uc1.b3467348,149,9,1,One,CARDINAL,42,45
uc1.b3467348,149,9,2,Otis,PERSON,62,66
uc1.b3467348,149,10,0,John Agar,PERSON,31,40
uc1.b3467348,149,12,0,Marines,NORP,15,22
uc1.b3467348,149,13,0,The Longest Day,WORK_OF_ART,33,48
uc1.b3467348,149,13,1,Normandy,GPE,60,68
uc1.b3467348,149,13,2,Omaha Beach,GPE,119,130
uc1.b3467348,149,14,0,Robert Mitchum,PERSON,5,19
uc1.b3467348,149,14,1,only two,CARDINAL,48,56
uc1.b3467348,149,16,0,Otis,PERSON,1,5
uc1.b3467348,149,25,0,Otis,PERSON,18,22
uc1.b3467348,150,0,0,140,CARDINAL,0,3
uc1.b3467348,150,0,1,Tenth Avenue,FAC,93,105
uc1.b3467348,150,1,0,two,CARDINAL,16,19
uc1.b3467348,150,1,1,one,CARDINAL,61,64
uc1.b3467348,150,2,0,two,CARDINAL,79,82
uc1.b3467348,150,5,0,One,CARDINAL,0,3
uc1.b3467348,150,5,1,a few feet,QUANTITY,16,26
uc1.b3467348,150,8,0,Otis,PERSON,33,37
uc1.b3467348,150,9,0,third,ORDINAL,16,21
uc1.b3467348,150,13,0,Otis,PERSON,18,22
uc1.b3467348,150,18,0,first,ORDINAL,14,19
uc1.b3467348,150,18,1,two,CARDINAL,31,34
uc1.b3467348,151,6,0,two,CARDINAL,33,36
uc1.b3467348,151,8,0,all night,TIME,25,34
uc1.b3467348,151,9,0,two,CARDINAL,4,7
uc1.b3467348,151,12,0,Otis,PERSON,0,4
uc1.b3467348,151,15,0,Mantan Moreland,PERSON,36,51
uc1.b3467348,151,15,1,Birmingham Brown,PERSON,85,101
uc1.b3467348,151,15,2,Charlie Chan,PERSON,120,132
uc1.b3467348,151,16,0,Birmingham,PERSON,14,24
uc1.b3467348,151,17,0,Birmingham,PERSON,62,72
uc1.b3467348,151,17,1,From the Back of the Bus to the Driver's Seat,WORK_OF_ART,114,159
uc1.b3467348,151,17,2,the Deep South,LOC,178,192
uc1.b3467348,151,18,0,Charlie Chan,PERSON,0,12
uc1.b3467348,151,18,1,Birmingham,PERSON,17,27
uc1.b3467348,151,18,2,two,CARDINAL,59,62
uc1.b3467348,151,18,3,Plessy,PERSON,75,81
uc1.b3467348,151,18,4,Ferguson,PERSON,86,94
uc1.b3467348,151,18,5,Separate but Equal Unlimited,ORG,151,179
uc1.b3467348,151,20,0,Plessy,PERSON,0,6
uc1.b3467348,151,20,1,Ferguson,PERSON,11,19
uc1.b3467348,151,20,2,Birmingham,GPE,94,104
uc1.b3467348,151,20,3,second,ORDINAL,273,279
uc1.b3467348,152,1,0,Birmingham,PERSON,42,52
uc1.b3467348,152,1,1,the Limousine and Rickshaw Union,ORG,72,104
uc1.b3467348,152,2,0,Birmingham,PERSON,56,66
uc1.b3467348,152,2,1,Booker T. Washington,PERSON,133,153
uc1.b3467348,152,3,0,One,CARDINAL,0,3
uc1.b3467348,152,3,1,one,CARDINAL,56,59
uc1.b3467348,152,3,2,Separate but Equal Unlimited,WORK_OF_ART,104,132
uc1.b3467348,152,4,0,Plessy,PERSON,46,52
uc1.b3467348,152,5,0,Plessy,PERSON,9,15
uc1.b3467348,152,5,1,Ferguson,PERSON,37,45
uc1.b3467348,152,5,2,Charlie Chan,PERSON,73,85
uc1.b3467348,152,6,0,Charlie Chan's,PERSON,3,17
uc1.b3467348,152,6,1,Birmingham,GPE,32,42
uc1.b3467348,152,6,2,Separate but Equal Unlimited,WORK_OF_ART,79,107
uc1.b3467348,152,7,0,Birmingham Brown,PERSON,33,49
uc1.b3467348,152,10,0,two,CARDINAL,4,7
uc1.b3467348,152,13,0,Otis,PERSON,8,12
uc1.b3467348,153,1,0,Wells',ORG,15,21
uc1.b3467348,153,1,1,dawn,TIME,29,33
uc1.b3467348,153,2,0,Alice,PERSON,10,15
uc1.b3467348,153,2,1,over an hour,TIME,52,64
uc1.b3467348,153,3,0,Wells',ORG,0,6
uc1.b3467348,153,3,1,Friday,DATE,88,94
uc1.b3467348,153,3,2,night,TIME,95,100
uc1.b3467348,153,4,0,Alice,PERSON,0,5
uc1.b3467348,153,4,1,Pauline,PERSON,10,17
uc1.b3467348,153,5,0,two,CARDINAL,29,32
uc1.b3467348,153,5,1,Pauline,PERSON,38,45
uc1.b3467348,153,6,0,Alice,PERSON,0,5
uc1.b3467348,153,6,1,Otis,PERSON,27,31
uc1.b3467348,153,7,0,Alice,PERSON,28,33
uc1.b3467348,153,9,0,Alice,PERSON,112,117
uc1.b3467348,153,10,0,Otis,PERSON,42,46
uc1.b3467348,154,3,0,Otis,PERSON,12,16
uc1.b3467348,154,14,0,Slick Swanson,PERSON,21,34
uc1.b3467348,154,17,0,Otis,PERSON,21,25
uc1.b3467348,154,22,0,Otis,PERSON,19,23
uc1.b3467348,154,22,1,Slick Swanson,PERSON,74,87
uc1.b3467348,155,5,0,Otis,PERSON,24,28
uc1.b3467348,155,6,0,Otis,PERSON,12,16
uc1.b3467348,155,8,0,Otis,PERSON,16,20
uc1.b3467348,155,15,0,Otis,PERSON,12,16
uc1.b3467348,155,15,1,Wells,PERSON,48,53
uc1.b3467348,155,19,0,Otis,PERSON,69,73
uc1.b3467348,155,21,0,Otis,PERSON,0,4
uc1.b3467348,156,0,0,146,CARDINAL,0,3
uc1.b3467348,157,10,0,Otis,PERSON,59,63
uc1.b3467348,157,10,1,two,CARDINAL,88,91
uc1.b3467348,157,12,0,two,CARDINAL,66,69
uc1.b3467348,158,8,0,Just a minute,TIME,1,14
uc1.b3467348,158,8,1,Melvin,PERSON,16,22
uc1.b3467348,158,12,0,Melvin,PERSON,19,25
uc1.b3467348,158,16,0,Melvin,PERSON,5,11
uc1.b3467348,159,0,0,Melvin,PERSON,22,28
uc1.b3467348,159,2,0,Brooklyn Dodger,ORG,130,145
uc1.b3467348,159,3,0,Cotton,PERSON,12,18
uc1.b3467348,159,4,0,Miz Cotton,PERSON,1,11
uc1.b3467348,159,5,0,Melvin,PERSON,20,26
uc1.b3467348,159,7,0,Cotton,PERSON,62,68
uc1.b3467348,159,12,0,seconds,TIME,7,14
uc1.b3467348,159,14,0,About eight,CARDINAL,0,11
uc1.b3467348,159,21,0,Nelly,PERSON,22,27
uc1.b3467348,159,30,0,Melvin,PERSON,31,37
uc1.b3467348,160,3,0,Doc Holliday,PERSON,4,16
uc1.b3467348,160,4,0,Melvin,PERSON,9,15
uc1.b3467348,160,11,0,Doc Holliday,PERSON,38,50
uc1.b3467348,160,12,0,Melvin,PERSON,27,33
uc1.b3467348,160,12,1,John Wayne,PERSON,56,66
uc1.b3467348,160,22,0,one,CARDINAL,10,13
uc1.b3467348,161,2,0,Doc Holliday,PERSON,41,53
uc1.b3467348,161,3,0,three years,DATE,60,71
uc1.b3467348,161,5,0,two,CARDINAL,82,85
uc1.b3467348,161,10,0,Two,CARDINAL,0,3
uc1.b3467348,161,11,0,One,CARDINAL,0,3
uc1.b3467348,161,11,1,Otis,PERSON,16,20
uc1.b3467348,161,19,0,Otis,PERSON,8,12
uc1.b3467348,161,20,0,two,CARDINAL,14,17
uc1.b3467348,161,21,0,Chilly,PERSON,0,6
uc1.b3467348,162,2,0,Chilly,PERSON,43,49
uc1.b3467348,162,9,0,Chilly,PERSON,3,9
uc1.b3467348,162,13,0,Kool-Aid,PRODUCT,9,17
uc1.b3467348,162,18,0,Sonny Liston,PERSON,36,48
uc1.b3467348,162,19,0,Ellington,PERSON,21,30
uc1.b3467348,163,11,0,Timex,PRODUCT,58,63
uc1.b3467348,163,17,0,first,ORDINAL,54,59
uc1.b3467348,163,21,0,hundreds,CARDINAL,11,19
uc1.b3467348,164,2,0,Kentucky,GPE,7,15
uc1.b3467348,164,7,0,KoolAid,PRODUCT,33,40
uc1.b3467348,164,9,0,Chinese,NORP,11,18
uc1.b3467348,164,9,1,thirty-six,CARDINAL,35,45
uc1.b3467348,164,10,0,first,ORDINAL,36,41
uc1.b3467348,164,11,0,first,ORDINAL,23,28
uc1.b3467348,164,17,0,Debra,PERSON,10,15
uc1.b3467348,164,17,1,Alice,PERSON,17,22
uc1.b3467348,164,17,2,Pauline,PERSON,24,31
uc1.b3467348,164,17,3,Otis,PERSON,33,37
uc1.b3467348,164,17,4,Chilly,PERSON,43,49
uc1.b3467348,164,21,0,Melvin,PERSON,25,31
uc1.b3467348,164,23,0,1,CARDINAL,90,91
uc1.b3467348,165,3,0,today,DATE,196,201
uc1.b3467348,165,14,0,a minute,TIME,6,14
uc1.b3467348,165,17,0,one,CARDINAL,27,30
uc1.b3467348,166,4,0,Chilly,PERSON,7,13
uc1.b3467348,166,22,0,Melvin,PERSON,1,7
uc1.b3467348,166,24,0,Hardknocks,WORK_OF_ART,9,19
uc1.b3467348,166,28,0,Chilly,PERSON,4,10
uc1.b3467348,166,30,0,Chilly,PERSON,9,15
uc1.b3467348,167,10,0,Melvin,PERSON,24,30
uc1.b3467348,169,4,0,Harlem Hospital,ORG,33,48
uc1.b3467348,169,13,0,over an hour,TIME,18,30
uc1.b3467348,169,15,0,Blue,PERSON,12,16
uc1.b3467348,169,16,0,Otis,PERSON,9,13
uc1.b3467348,170,8,0,one night,TIME,30,39
uc1.b3467348,170,15,0,every weekend,DATE,68,81
uc1.b3467348,170,30,0,Otis,PERSON,16,20
uc1.b3467348,171,4,0,Blue,PERSON,19,23
uc1.b3467348,171,15,0,Ellington,PERSON,6,15
uc1.b3467348,171,15,1,yesterday,DATE,88,97
uc1.b3467348,171,18,0,Alice,PERSON,39,44
uc1.b3467348,171,21,0,your first day,DATE,63,77
uc1.b3467348,171,30,0,Melvin,PERSON,13,19
uc1.b3467348,172,6,0,Otis,PERSON,13,17
uc1.b3467348,172,9,0,last night,TIME,49,59
uc1.b3467348,172,17,0,a minute,TIME,25,33
uc1.b3467348,172,23,0,Every weekend,DATE,0,13
uc1.b3467348,172,30,0,Miles Davis,PERSON,7,18
uc1.b3467348,172,30,1,So What,WORK_OF_ART,32,39
uc1.b3467348,173,0,0,163,CARDINAL,0,3
uc1.b3467348,173,6,0,Miles,PERSON,192,197
uc1.b3467348,173,7,0,Miles,PERSON,4,9
uc1.b3467348,173,8,0,Miles,PERSON,0,5
uc1.b3467348,173,10,0,Miles,PERSON,0,5
uc1.b3467348,173,13,0,Miles,PERSON,0,5
uc1.b3467348,173,15,0,dozens,CARDINAL,48,54
uc1.b3467348,175,0,0,Blue,PERSON,28,32
uc1.b3467348,175,2,0,Alice,PERSON,33,38
uc1.b3467348,175,2,1,Pauline,PERSON,40,47
uc1.b3467348,175,2,2,Debra,PERSON,85,90
uc1.b3467348,175,3,0,So What,WORK_OF_ART,52,59
uc1.b3467348,175,4,0,Otis,PERSON,41,45
uc1.b3467348,175,5,0,Alice,PERSON,6,11
uc1.b3467348,175,5,1,the wee hours,TIME,40,53
uc1.b3467348,175,6,0,Pauline,PERSON,6,13
uc1.b3467348,175,7,0,Debra,PERSON,6,11
uc1.b3467348,175,8,0,Blue,PERSON,11,15
uc1.b3467348,176,1,0,a week later,DATE,35,47
uc1.b3467348,176,1,1,Alice,PERSON,74,79
uc1.b3467348,176,2,0,Otis,PERSON,130,134
uc1.b3467348,176,2,1,earlier in the day,TIME,160,178
uc1.b3467348,176,4,0,Otis,PERSON,39,43
uc1.b3467348,176,10,0,Melvin,PERSON,14,20
uc1.b3467348,176,11,0,Otis,PERSON,0,4
uc1.b3467348,176,12,0,all those years,DATE,64,79
uc1.b3467348,177,0,0,Melvin,PERSON,4,10
uc1.b3467348,177,19,0,Alice,PERSON,53,58
uc1.b3467348,178,3,0,Alice,PERSON,71,76
uc1.b3467348,178,19,0,Alice,PERSON,46,51
uc1.b3467348,178,24,0,Alice,PERSON,113,118
uc1.b3467348,178,25,0,Melvin,PERSON,1,7
uc1.b3467348,179,8,0,Melvin,PERSON,12,18
uc1.b3467348,179,11,0,the last week,DATE,34,47
uc1.b3467348,179,11,1,Alice,PERSON,92,97
uc1.b3467348,179,18,0,Alice,PERSON,9,14
uc1.b3467348,180,0,0,1,CARDINAL,0,1
uc1.b3467348,180,0,1,MORRISON LIBRARY,FAC,9,25
