vol_id,page,sentence_id,ent_id,entity,entity_type,start_char,end_char
uc2.ark+=13960=t3416tc86,2,0,0,University of California Berkeley,ORG,7,40
uc2.ark+=13960=t3416tc86,7,1,0,E. A JOHNSON,PERSON,5,17
uc2.ark+=13960=t3416tc86,7,1,1,The School History of the Negro Race  Colored Soldiers in the Spanish American War  ,WORK_OF_ART,30,114
uc2.ark+=13960=t3416tc86,7,1,2,The Negro Almanac,WORK_OF_ART,114,131
uc2.ark+=13960=t3416tc86,7,1,3,THE GRAFTON PRESS,ORG,133,150
uc2.ark+=13960=t3416tc86,7,1,4,NEW YORK,GPE,151,159
uc2.ark+=13960=t3416tc86,8,0,0,1904,DATE,10,14
uc2.ark+=13960=t3416tc86,8,0,1,E. A. JOHNSON,PERSON,18,31
uc2.ark+=13960=t3416tc86,9,1,0,Negro,NORP,96,101
uc2.ark+=13960=t3416tc86,9,2,0,Negro,NORP,29,34
uc2.ark+=13960=t3416tc86,9,3,0,the Golden Rule,LAW,17,32
uc2.ark+=13960=t3416tc86,9,6,0,two,CARDINAL,10,13
uc2.ark+=13960=t3416tc86,9,6,1,one,CARDINAL,69,72
uc2.ark+=13960=t3416tc86,9,6,2,Negro,NORP,114,119
uc2.ark+=13960=t3416tc86,9,6,3,Negro,NORP,201,206
uc2.ark+=13960=t3416tc86,10,1,0,America,GPE,241,248
uc2.ark+=13960=t3416tc86,10,3,0,E. A. JOHNSON.,PERSON,0,14
uc2.ark+=13960=t3416tc86,11,4,0,ONE HUNDRED YEARS  ,DATE,0,19
uc2.ark+=13960=t3416tc86,11,8,0,NEWELL,PERSON,9,15
uc2.ark+=13960=t3416tc86,11,9,0,IRENE,PERSON,16,21
uc2.ark+=13960=t3416tc86,11,12,0,IRENE,GPE,38,43
uc2.ark+=13960=t3416tc86,13,3,0,Ne groes,NORP,73,81
uc2.ark+=13960=t3416tc86,13,3,1,Southern,NORP,89,97
uc2.ark+=13960=t3416tc86,13,4,0,South,LOC,108,113
uc2.ark+=13960=t3416tc86,13,5,0,Negroes,NORP,76,83
uc2.ark+=13960=t3416tc86,13,6,0,Yale,ORG,52,56
uc2.ark+=13960=t3416tc86,13,6,1,South,LOC,118,123
uc2.ark+=13960=t3416tc86,14,1,0,the Union Missionary Association,ORG,51,83
uc2.ark+=13960=t3416tc86,14,1,1,Georgia,GPE,153,160
uc2.ark+=13960=t3416tc86,14,2,0,"June, 1906",DATE,8,18
uc2.ark+=13960=t3416tc86,14,2,1,the year,DATE,20,28
uc2.ark+=13960=t3416tc86,14,3,0,one hundred and one hundred and fifty,CARDINAL,186,223
uc2.ark+=13960=t3416tc86,15,0,0,The Lost Airship Unconsciousness 3,PRODUCT,0,34
uc2.ark+=13960=t3416tc86,15,3,0,Parisian,NORP,50,58
uc2.ark+=13960=t3416tc86,15,3,1,American,NORP,69,77
uc2.ark+=13960=t3416tc86,15,4,0,Saturday,DATE,86,94
uc2.ark+=13960=t3416tc86,15,4,1,the City of Mexico,GPE,109,127
uc2.ark+=13960=t3416tc86,15,5,0,West Fifty-ninth Street,FAC,63,86
uc2.ark+=13960=t3416tc86,15,5,1,New York City,GPE,88,101
uc2.ark+=13960=t3416tc86,15,5,2,one,CARDINAL,108,111
uc2.ark+=13960=t3416tc86,15,5,3,about one o'clock,TIME,141,158
uc2.ark+=13960=t3416tc86,15,5,4,the United States,GPE,243,260
uc2.ark+=13960=t3416tc86,16,10,0,about six hundred miles,QUANTITY,41,64
uc2.ark+=13960=t3416tc86,17,0,0,The Lost Airship Unconsciousness 5,PRODUCT,0,34
uc2.ark+=13960=t3416tc86,17,0,1,one,CARDINAL,71,74
uc2.ark+=13960=t3416tc86,17,6,0,one,CARDINAL,21,24
uc2.ark+=13960=t3416tc86,18,0,0,II,CARDINAL,8,10
uc2.ark+=13960=t3416tc86,18,1,0,ONE HUNDRED YEARS LATER,DATE,16,39
uc2.ark+=13960=t3416tc86,18,2,0,Newell,PERSON,111,117
uc2.ark+=13960=t3416tc86,18,2,1,Phoenix,GPE,122,129
uc2.ark+=13960=t3416tc86,18,2,2,Georgia,GPE,131,138
uc2.ark+=13960=t3416tc86,19,0,0,One Hundred Years Later  room were,CARDINAL,0,34
uc2.ark+=13960=t3416tc86,20,1,0,first,ORDINAL,158,163
uc2.ark+=13960=t3416tc86,20,10,0,Gilbert Twitchell,PERSON,78,95
uc2.ark+=13960=t3416tc86,20,10,1,a Mis sionary School,ORG,143,163
uc2.ark+=13960=t3416tc86,20,10,2,Ebenezer,GPE,179,187
uc2.ark+=13960=t3416tc86,20,10,3,Georgia,GPE,189,196
uc2.ark+=13960=t3416tc86,20,10,4,the year 1906,DATE,201,214
uc2.ark+=13960=t3416tc86,21,0,0,One Hundred Years Later,DATE,0,23
uc2.ark+=13960=t3416tc86,21,3,0,Twitchell,PERSON,107,116
uc2.ark+=13960=t3416tc86,21,3,1,1906,DATE,139,143
uc2.ark+=13960=t3416tc86,21,9,0,one,CARDINAL,13,16
uc2.ark+=13960=t3416tc86,22,13,0,five minutes,TIME,9,21
uc2.ark+=13960=t3416tc86,22,13,1,only two,CARDINAL,145,153
uc2.ark+=13960=t3416tc86,22,13,2,only one,CARDINAL,186,194
uc2.ark+=13960=t3416tc86,22,15,0,the day of the month,DATE,28,48
uc2.ark+=13960=t3416tc86,22,15,1,the twenty-fourth,DATE,50,67
uc2.ark+=13960=t3416tc86,23,0,0,One Hundred Years Later,DATE,0,23
uc2.ark+=13960=t3416tc86,23,0,1,the year,DATE,73,81
uc2.ark+=13960=t3416tc86,23,4,0,the year two thousand and six,DATE,8,37
uc2.ark+=13960=t3416tc86,23,4,1,just one hundred years,DATE,39,61
uc2.ark+=13960=t3416tc86,23,4,2,South,LOC,130,135
uc2.ark+=13960=t3416tc86,23,9,0,about one hundred years,DATE,89,112
uc2.ark+=13960=t3416tc86,23,9,1,a hundred years,DATE,201,216
uc2.ark+=13960=t3416tc86,24,1,0,one,CARDINAL,385,388
uc2.ark+=13960=t3416tc86,25,0,0,III,CARDINAL,8,11
uc2.ark+=13960=t3416tc86,25,1,0,THE PUBLIC LIBRARY,FAC,4,22
uc2.ark+=13960=t3416tc86,25,1,1,IRENE,PERSON,28,33
uc2.ark+=13960=t3416tc86,25,2,0,Ne well,PERSON,41,48
uc2.ark+=13960=t3416tc86,25,2,1,the first few days,DATE,94,112
uc2.ark+=13960=t3416tc86,25,3,0,Newell,PERSON,17,23
uc2.ark+=13960=t3416tc86,25,3,1,the night of the day,TIME,37,57
uc2.ark+=13960=t3416tc86,25,5,0,Irene Davis,PERSON,41,52
uc2.ark+=13960=t3416tc86,26,0,0,Negro,NORP,152,157
uc2.ark+=13960=t3416tc86,26,2,0,Newell,PERSON,15,21
uc2.ark+=13960=t3416tc86,26,2,1,Negro,NORP,101,106
uc2.ark+=13960=t3416tc86,26,2,2,first,ORDINAL,137,142
uc2.ark+=13960=t3416tc86,26,3,0,the City Hos pital,FAC,61,79
uc2.ark+=13960=t3416tc86,27,0,0,the Public Library,FAC,3,21
uc2.ark+=13960=t3416tc86,27,0,1,Irene,PERSON,27,32
uc2.ark+=13960=t3416tc86,27,0,2,the Bureau of Public Utility,ORG,179,207
uc2.ark+=13960=t3416tc86,27,2,0,Southerners,NORP,7,18
uc2.ark+=13960=t3416tc86,27,3,0,a Young Ladies Guild,ORG,69,89
uc2.ark+=13960=t3416tc86,27,3,1,Negro,NORP,133,138
uc2.ark+=13960=t3416tc86,27,6,0,Twitchell,PERSON,38,47
uc2.ark+=13960=t3416tc86,27,7,0,the Dvorak Conservatory,ORG,118,141
uc2.ark+=13960=t3416tc86,28,0,0,16 Light Ahead for the Negro,WORK_OF_ART,0,28
uc2.ark+=13960=t3416tc86,28,3,0,Davis,PERSON,23,28
uc2.ark+=13960=t3416tc86,28,3,1,Negro,NORP,86,91
uc2.ark+=13960=t3416tc86,29,0,0,the Public Library,FAC,3,21
uc2.ark+=13960=t3416tc86,29,0,1,Irene,PERSON,27,32
uc2.ark+=13960=t3416tc86,29,2,0,Guild,ORG,129,134
uc2.ark+=13960=t3416tc86,29,6,0,Negro,NORP,32,37
uc2.ark+=13960=t3416tc86,29,7,0,Negroes,NORP,4,11
uc2.ark+=13960=t3416tc86,29,7,1,Negro,NORP,27,32
uc2.ark+=13960=t3416tc86,29,8,0,Negroes,NORP,271,278
uc2.ark+=13960=t3416tc86,30,0,0,18 Light Ahead for the Negro,WORK_OF_ART,0,28
uc2.ark+=13960=t3416tc86,30,1,0,South,LOC,39,44
uc2.ark+=13960=t3416tc86,30,3,0,Georgians,NORP,7,16
uc2.ark+=13960=t3416tc86,30,3,1,my day/,DATE,36,43
uc2.ark+=13960=t3416tc86,30,4,0,Southern,NORP,4,12
uc2.ark+=13960=t3416tc86,30,4,1,Oglethorpe,PERSON,40,50
uc2.ark+=13960=t3416tc86,30,5,0,Ogle thorpe,PERSON,0,11
uc2.ark+=13960=t3416tc86,30,5,1,the Colony of Georgia,GPE,63,84
uc2.ark+=13960=t3416tc86,30,5,2,Indians,NORP,137,144
uc2.ark+=13960=t3416tc86,30,5,3,Whitfield,PERSON,152,161
uc2.ark+=13960=t3416tc86,30,5,4,Georgian,NORP,197,205
uc2.ark+=13960=t3416tc86,30,5,5,my day,DATE,209,215
uc2.ark+=13960=t3416tc86,30,5,6,Oglethorpe,PERSON,263,273
uc2.ark+=13960=t3416tc86,30,6,0,Negroes,NORP,32,39
uc2.ark+=13960=t3416tc86,30,6,1,Oglethorpe,PERSON,114,124
uc2.ark+=13960=t3416tc86,30,7,0,Davis,PERSON,20,25
uc2.ark+=13960=t3416tc86,31,0,0,the Public Library,ORG,3,21
uc2.ark+=13960=t3416tc86,31,0,1,Irene 19  fer,PERSON,27,40
uc2.ark+=13960=t3416tc86,31,0,2,Negroes,NORP,54,61
uc2.ark+=13960=t3416tc86,31,5,0,1906,DATE,40,44
uc2.ark+=13960=t3416tc86,31,5,1,Negroes,NORP,106,113
uc2.ark+=13960=t3416tc86,31,11,0,Negroes,PERSON,40,47
uc2.ark+=13960=t3416tc86,32,0,0,20 Light Ahead for the Negro  ,WORK_OF_ART,0,30
uc2.ark+=13960=t3416tc86,33,0,0,IV,CARDINAL,8,10
uc2.ark+=13960=t3416tc86,33,2,0,"the "" Chief of the Bureau of Public Utility",PERSON,135,178
uc2.ark+=13960=t3416tc86,33,2,1,Negro,NORP,226,231
uc2.ark+=13960=t3416tc86,33,2,2,Newell,PERSON,256,262
uc2.ark+=13960=t3416tc86,33,3,0,Newell,PERSON,68,74
uc2.ark+=13960=t3416tc86,33,3,1,one hundred years ago,DATE,143,164
uc2.ark+=13960=t3416tc86,33,5,0,' Another Coon Caught/ ' The Burly Black Brute Foiled/ ' A Ham Colored Nigger in the Hen House ',WORK_OF_ART,18,114
uc2.ark+=13960=t3416tc86,33,5,1,' This Coon Wants to be  21,WORK_OF_ART,119,146
uc2.ark+=13960=t3416tc86,34,1,0,the old days,DATE,3,15
uc2.ark+=13960=t3416tc86,34,1,1,Negro,NORP,35,40
uc2.ark+=13960=t3416tc86,34,1,2,Jim,PERSON,200,203
uc2.ark+=13960=t3416tc86,34,1,3,Tom,PERSON,211,214
uc2.ark+=13960=t3416tc86,34,2,0,three,CARDINAL,15,20
uc2.ark+=13960=t3416tc86,34,2,1,two,CARDINAL,35,38
uc2.ark+=13960=t3416tc86,34,2,2,Negroes,NORP,39,46
uc2.ark+=13960=t3416tc86,34,3,0,Ne gro,NORP,49,55
uc2.ark+=13960=t3416tc86,34,3,1,morning,TIME,66,73
uc2.ark+=13960=t3416tc86,34,3,2,daily,DATE,91,96
uc2.ark+=13960=t3416tc86,34,3,3,daily,DATE,155,160
uc2.ark+=13960=t3416tc86,34,3,4,week,DATE,199,203
uc2.ark+=13960=t3416tc86,34,3,5,daily,DATE,346,351
uc2.ark+=13960=t3416tc86,34,3,6,weekly,DATE,356,362
uc2.ark+=13960=t3416tc86,34,3,7,Negroes,NORP,405,412
uc2.ark+=13960=t3416tc86,34,4,0,America,GPE,76,83
uc2.ark+=13960=t3416tc86,34,7,0,the News Distributing Bureau,ORG,26,54
uc2.ark+=13960=t3416tc86,35,0,0,Negro,NORP,198,203
uc2.ark+=13960=t3416tc86,35,0,1,thousands,CARDINAL,232,241
uc2.ark+=13960=t3416tc86,35,1,0,Lincoln,PERSON,8,15
uc2.ark+=13960=t3416tc86,35,1,1,Negro,NORP,77,82
uc2.ark+=13960=t3416tc86,35,2,0,North,LOC,109,114
uc2.ark+=13960=t3416tc86,35,2,1,South,LOC,119,124
uc2.ark+=13960=t3416tc86,35,2,2,Negro,NORP,171,176
uc2.ark+=13960=t3416tc86,35,3,0,Negro,NORP,4,9
uc2.ark+=13960=t3416tc86,35,3,1,two,CARDINAL,289,292
uc2.ark+=13960=t3416tc86,35,4,0,Negroes,NORP,42,49
uc2.ark+=13960=t3416tc86,35,5,0,South,LOC,4,9
uc2.ark+=13960=t3416tc86,35,5,1,Negro,NORP,36,41
uc2.ark+=13960=t3416tc86,35,5,2,Negro,NORP,60,65
uc2.ark+=13960=t3416tc86,36,1,0,South,LOC,77,82
uc2.ark+=13960=t3416tc86,36,1,1,Negro,NORP,136,141
uc2.ark+=13960=t3416tc86,36,1,2,Negro,NORP,181,186
uc2.ark+=13960=t3416tc86,36,2,0,Negro,NORP,93,98
uc2.ark+=13960=t3416tc86,36,3,0,Delaware,GPE,28,36
uc2.ark+=13960=t3416tc86,36,3,1,Texas,GPE,40,45
uc2.ark+=13960=t3416tc86,36,3,2,thousands,CARDINAL,55,64
uc2.ark+=13960=t3416tc86,36,3,3,Negroes,NORP,68,75
uc2.ark+=13960=t3416tc86,36,3,4,Northern,NORP,183,191
uc2.ark+=13960=t3416tc86,36,7,0,First,ORDINAL,3,8
uc2.ark+=13960=t3416tc86,37,0,0,25,CARDINAL,13,15
uc2.ark+=13960=t3416tc86,37,1,0,Second,ORDINAL,3,9
uc2.ark+=13960=t3416tc86,37,1,1,one,CARDINAL,210,213
uc2.ark+=13960=t3416tc86,37,1,2,Negroes,NORP,259,266
uc2.ark+=13960=t3416tc86,37,1,3,Negroes,NORP,282,289
uc2.ark+=13960=t3416tc86,37,3,0,the News Bureau,ORG,16,31
uc2.ark+=13960=t3416tc86,37,3,1,Southern,NORP,113,121
uc2.ark+=13960=t3416tc86,37,3,2,Northern,NORP,156,164
uc2.ark+=13960=t3416tc86,37,3,3,Negro,NORP,255,260
uc2.ark+=13960=t3416tc86,38,0,0,Southern,NORP,36,44
uc2.ark+=13960=t3416tc86,38,0,1,Negro,NORP,243,248
uc2.ark+=13960=t3416tc86,38,0,2,Southern,NORP,315,323
uc2.ark+=13960=t3416tc86,38,0,3,Southern,NORP,555,563
uc2.ark+=13960=t3416tc86,38,0,4,Negro,NORP,643,648
uc2.ark+=13960=t3416tc86,38,3,0,Negro,NORP,51,56
uc2.ark+=13960=t3416tc86,38,3,1,American,NORP,216,224
uc2.ark+=13960=t3416tc86,38,3,2,Irish,NORP,271,276
uc2.ark+=13960=t3416tc86,38,3,3,German,NORP,288,294
uc2.ark+=13960=t3416tc86,38,3,4,Italians,NORP,306,314
uc2.ark+=13960=t3416tc86,38,3,5,Jews,NORP,316,320
uc2.ark+=13960=t3416tc86,38,3,6,Poles,NORP,326,331
uc2.ark+=13960=t3416tc86,39,1,0,every day,DATE,247,256
uc2.ark+=13960=t3416tc86,39,5,0,Negro,NORP,47,52
uc2.ark+=13960=t3416tc86,39,6,0,Charleston,GPE,74,84
uc2.ark+=13960=t3416tc86,39,6,1,S. C.,GPE,86,91
uc2.ark+=13960=t3416tc86,39,6,2,the Atlanta Journal,ORG,96,115
uc2.ark+=13960=t3416tc86,39,6,3,Colleton county,GPE,142,157
uc2.ark+=13960=t3416tc86,39,6,4,Jones,PERSON,182,187
uc2.ark+=13960=t3416tc86,39,6,5,the At lantic Coast Line Road,FAC,192,221
uc2.ark+=13960=t3416tc86,39,6,6,Ravenel,GPE,271,278
uc2.ark+=13960=t3416tc86,39,6,7,S.C.,GPE,280,284
uc2.ark+=13960=t3416tc86,39,6,8,fourteen miles,QUANTITY,286,300
uc2.ark+=13960=t3416tc86,39,6,9,Charleston,GPE,306,316
uc2.ark+=13960=t3416tc86,39,6,10,"May, 1902",DATE,321,330
uc2.ark+=13960=t3416tc86,39,6,11,three,CARDINAL,348,353
uc2.ark+=13960=t3416tc86,39,6,12,Negroes,NORP,354,361
uc2.ark+=13960=t3416tc86,39,7,0,Negroes,NORP,35,42
uc2.ark+=13960=t3416tc86,39,7,1,State,GPE,94,99
uc2.ark+=13960=t3416tc86,39,7,2,Negroes,NORP,130,137
uc2.ark+=13960=t3416tc86,39,10,0,Raleigh,GPE,1,8
uc2.ark+=13960=t3416tc86,39,10,1,N. C.,GPE,10,15
uc2.ark+=13960=t3416tc86,39,10,2,Morn ing Post,PERSON,17,30
uc2.ark+=13960=t3416tc86,40,0,0,28 Light Ahead for the Negro,WORK_OF_ART,0,28
uc2.ark+=13960=t3416tc86,40,2,0,America,GPE,18,25
uc2.ark+=13960=t3416tc86,40,3,0,30 per cent,PERCENT,5,16
uc2.ark+=13960=t3416tc86,40,3,1,the News Distributing Bureau,ORG,140,168
uc2.ark+=13960=t3416tc86,40,3,2,Northern,NORP,243,251
uc2.ark+=13960=t3416tc86,40,3,3,Negro,NORP,402,407
uc2.ark+=13960=t3416tc86,40,4,0,Negro,NORP,8,13
uc2.ark+=13960=t3416tc86,40,4,1,Southern,NORP,39,47
uc2.ark+=13960=t3416tc86,40,4,2,Yankee,NORP,87,93
uc2.ark+=13960=t3416tc86,40,4,3,Southern,NORP,120,128
uc2.ark+=13960=t3416tc86,40,6,0,Negro,NORP,63,68
uc2.ark+=13960=t3416tc86,40,6,1,North,LOC,193,198
uc2.ark+=13960=t3416tc86,40,6,2,South,LOC,207,212
uc2.ark+=13960=t3416tc86,41,0,0,29,CARDINAL,13,15
uc2.ark+=13960=t3416tc86,41,0,1,Negro,NORP,92,97
uc2.ark+=13960=t3416tc86,41,1,0,One,CARDINAL,0,3
uc2.ark+=13960=t3416tc86,41,1,1,Thomas Dixon,PERSON,4,16
uc2.ark+=13960=t3416tc86,41,1,2,Herod Herod,PERSON,30,41
uc2.ark+=13960=t3416tc86,41,1,3,Negro,NORP,80,85
uc2.ark+=13960=t3416tc86,41,2,0,John Temple Graves,PERSON,23,41
uc2.ark+=13960=t3416tc86,41,2,1,Noah W. Cooper,PERSON,96,110
uc2.ark+=13960=t3416tc86,41,2,2,Nash ville,ORG,114,124
uc2.ark+=13960=t3416tc86,41,2,3,one,CARDINAL,136,139
uc2.ark+=13960=t3416tc86,41,2,4,Graves,PERSON,147,153
uc2.ark+=13960=t3416tc86,41,3,0,John Temple Graves',PERSON,2,21
uc2.ark+=13960=t3416tc86,41,3,1,Chicago,GPE,33,40
uc2.ark+=13960=t3416tc86,41,5,0,Graves,PERSON,10,16
uc2.ark+=13960=t3416tc86,41,5,1,South,LOC,276,281
uc2.ark+=13960=t3416tc86,41,6,0,"12,000,000 bales",QUANTITY,35,51
uc2.ark+=13960=t3416tc86,41,11,0,thousands,CARDINAL,77,86
uc2.ark+=13960=t3416tc86,41,15,0,Southern,NORP,40,48
uc2.ark+=13960=t3416tc86,42,0,0,30,CARDINAL,0,2
uc2.ark+=13960=t3416tc86,42,0,1,Booker Washington,PERSON,133,150
uc2.ark+=13960=t3416tc86,42,0,2,Graves,PERSON,194,200
uc2.ark+=13960=t3416tc86,42,0,3,Dutch,NORP,224,229
uc2.ark+=13960=t3416tc86,42,0,4,Poles,NORP,234,239
uc2.ark+=13960=t3416tc86,42,0,5,Hungarians,NORP,245,255
uc2.ark+=13960=t3416tc86,42,0,6,Swedes,NORP,257,263
uc2.ark+=13960=t3416tc86,42,2,0,South,LOC,7,12
uc2.ark+=13960=t3416tc86,42,6,0,Graves,PERSON,5,11
uc2.ark+=13960=t3416tc86,42,6,1,America,GPE,281,288
uc2.ark+=13960=t3416tc86,42,6,2,Russia,GPE,306,312
uc2.ark+=13960=t3416tc86,42,7,0,Graves,PERSON,3,9
uc2.ark+=13960=t3416tc86,42,8,0,Graves,PERSON,32,38
uc2.ark+=13960=t3416tc86,42,9,0,Jews,NORP,59,63
uc2.ark+=13960=t3416tc86,42,9,1,400 years,DATE,72,81
uc2.ark+=13960=t3416tc86,42,9,2,Egyptians,NORP,92,101
uc2.ark+=13960=t3416tc86,42,9,3,500 years,DATE,113,122
uc2.ark+=13960=t3416tc86,42,9,4,Canaanites,NORP,157,167
uc2.ark+=13960=t3416tc86,42,9,5,nearly 100 years,DATE,187,203
uc2.ark+=13960=t3416tc86,42,9,6,Babylon,GPE,207,214
uc2.ark+=13960=t3416tc86,42,9,7,Romans,NORP,231,237
uc2.ark+=13960=t3416tc86,42,9,8,Romans,NORP,256,262
uc2.ark+=13960=t3416tc86,42,9,9,Jews,NORP,289,293
uc2.ark+=13960=t3416tc86,42,10,0,Graves,PERSON,10,16
uc2.ark+=13960=t3416tc86,42,10,1,thirteen,CARDINAL,75,83
uc2.ark+=13960=t3416tc86,42,10,2,the Declaration of In dependence,WORK_OF_ART,126,158
uc2.ark+=13960=t3416tc86,42,10,3,George Washington,PERSON,174,191
uc2.ark+=13960=t3416tc86,42,10,4,Thomas Jefferson,PERSON,196,212
uc2.ark+=13960=t3416tc86,42,12,0,English,NORP,0,7
uc2.ark+=13960=t3416tc86,42,12,1,Dutch,NORP,9,14
uc2.ark+=13960=t3416tc86,42,12,2,Swedes,NORP,16,22
uc2.ark+=13960=t3416tc86,42,12,3,Quakers,NORP,24,31
uc2.ark+=13960=t3416tc86,42,12,4,Puritans,NORP,33,41
uc2.ark+=13960=t3416tc86,42,12,5,Catholics,NORP,43,52
uc2.ark+=13960=t3416tc86,42,12,6,French Huguenots,NORP,54,70
uc2.ark+=13960=t3416tc86,42,12,7,Buckra,PERSON,134,140
uc2.ark+=13960=t3416tc86,43,1,0,Graves,PERSON,12,18
uc2.ark+=13960=t3416tc86,43,1,1,Chinese,NORP,78,85
uc2.ark+=13960=t3416tc86,43,2,0,Graves,PERSON,4,10
uc2.ark+=13960=t3416tc86,43,2,1,one,CARDINAL,62,65
uc2.ark+=13960=t3416tc86,43,3,0,Filipino,NORP,36,44
uc2.ark+=13960=t3416tc86,43,3,1,Negro,NORP,75,80
uc2.ark+=13960=t3416tc86,43,4,0,The God of the Bible,WORK_OF_ART,2,22
uc2.ark+=13960=t3416tc86,43,5,0,Paul,PERSON,8,12
uc2.ark+=13960=t3416tc86,43,5,1,Jew,NORP,16,19
uc2.ark+=13960=t3416tc86,43,5,2,Gentiles,NORP,47,55
uc2.ark+=13960=t3416tc86,43,6,0,the New Testament,WORK_OF_ART,37,54
uc2.ark+=13960=t3416tc86,43,6,1,Gentile,NORP,87,94
uc2.ark+=13960=t3416tc86,43,6,2,Rome,GPE,105,109
uc2.ark+=13960=t3416tc86,43,7,0,Christ,PERSON,8,14
uc2.ark+=13960=t3416tc86,43,7,1,Jew,NORP,51,54
uc2.ark+=13960=t3416tc86,43,7,2,Jacob,PERSON,59,64
uc2.ark+=13960=t3416tc86,43,7,3,Samaritan,NORP,118,127
uc2.ark+=13960=t3416tc86,43,12,0,Graves,PERSON,8,14
uc2.ark+=13960=t3416tc86,43,12,1,Chinese,NORP,47,54
uc2.ark+=13960=t3416tc86,43,14,0,Graves,PERSON,4,10
uc2.ark+=13960=t3416tc86,43,14,1,Christianity,ORG,49,61
uc2.ark+=13960=t3416tc86,43,15,0,Graves,PERSON,32,38
uc2.ark+=13960=t3416tc86,44,3,0,Graves,PERSON,28,34
uc2.ark+=13960=t3416tc86,44,4,0,Ohio,GPE,202,206
uc2.ark+=13960=t3416tc86,44,6,0,Graves,PERSON,8,14
uc2.ark+=13960=t3416tc86,44,6,1,Christ,PERSON,85,91
uc2.ark+=13960=t3416tc86,44,8,0,Levite,NORP,4,10
uc2.ark+=13960=t3416tc86,44,8,1,Graves,PERSON,107,113
uc2.ark+=13960=t3416tc86,44,8,2,Samaritan,NORP,252,261
uc2.ark+=13960=t3416tc86,44,8,3,Jew,NORP,310,313
uc2.ark+=13960=t3416tc86,44,9,0,Levite,NORP,9,15
uc2.ark+=13960=t3416tc86,44,9,1,Graves,PERSON,28,34
uc2.ark+=13960=t3416tc86,44,9,2,Southerner,NORP,42,52
uc2.ark+=13960=t3416tc86,44,10,0,Negro,NORP,12,17
uc2.ark+=13960=t3416tc86,44,11,0,Jew,NORP,32,35
uc2.ark+=13960=t3416tc86,44,11,1,Levite,NORP,43,49
uc2.ark+=13960=t3416tc86,44,11,2,Levite,NORP,75,81
uc2.ark+=13960=t3416tc86,44,12,0,Levite,NORP,10,16
uc2.ark+=13960=t3416tc86,44,15,0,Graves,PERSON,21,27
uc2.ark+=13960=t3416tc86,45,0,0,Christianity,NORP,161,173
uc2.ark+=13960=t3416tc86,45,1,0,Turner,PERSON,10,16
uc2.ark+=13960=t3416tc86,45,1,1,the African Methodist-Episcopal Church,ORG,35,73
uc2.ark+=13960=t3416tc86,45,1,2,Negro,NORP,115,120
uc2.ark+=13960=t3416tc86,45,1,3,Africa,LOC,156,162
uc2.ark+=13960=t3416tc86,45,1,4,Jews,NORP,429,433
uc2.ark+=13960=t3416tc86,45,1,5,Egypt,GPE,447,452
uc2.ark+=13960=t3416tc86,45,1,6,William the Conqueror,PERSON,460,481
uc2.ark+=13960=t3416tc86,45,1,7,Britons,NORP,523,530
uc2.ark+=13960=t3416tc86,45,1,8,two,CARDINAL,622,625
uc2.ark+=13960=t3416tc86,45,4,0,One,CARDINAL,0,3
uc2.ark+=13960=t3416tc86,45,4,1,Bassett,PERSON,14,21
uc2.ark+=13960=t3416tc86,45,4,2,Southern,NORP,42,50
uc2.ark+=13960=t3416tc86,45,5,0,Bassett,PERSON,47,54
uc2.ark+=13960=t3416tc86,45,5,1,Booker Washington,PERSON,73,90
uc2.ark+=13960=t3416tc86,45,6,0,one,CARDINAL,39,42
uc2.ark+=13960=t3416tc86,45,6,1,Graves,PERSON,53,59
uc2.ark+=13960=t3416tc86,46,1,0,Robert E. Lee,PERSON,26,39
uc2.ark+=13960=t3416tc86,46,1,1,South,LOC,50,55
uc2.ark+=13960=t3416tc86,46,1,2,a hundred years,DATE,72,87
uc2.ark+=13960=t3416tc86,46,2,0,Negro,NORP,127,132
uc2.ark+=13960=t3416tc86,46,2,1,Negroes,NORP,241,248
uc2.ark+=13960=t3416tc86,46,4,0,Othello,PERSON,2,9
uc2.ark+=13960=t3416tc86,46,5,0,Negro,NORP,106,111
uc2.ark+=13960=t3416tc86,46,5,1,Negro,NORP,186,191
uc2.ark+=13960=t3416tc86,46,9,0,One,CARDINAL,0,3
uc2.ark+=13960=t3416tc86,46,9,1,Benjamin Tillman,PERSON,4,20
uc2.ark+=13960=t3416tc86,46,9,2,the United States Senate,ORG,45,69
uc2.ark+=13960=t3416tc86,47,0,0,Negroes,NORP,29,36
uc2.ark+=13960=t3416tc86,47,1,0,Negroes,NORP,35,42
uc2.ark+=13960=t3416tc86,47,1,1,Negroes,NORP,295,302
uc2.ark+=13960=t3416tc86,47,2,0,Southern,NORP,4,12
uc2.ark+=13960=t3416tc86,47,2,1,Negro,NORP,142,147
uc2.ark+=13960=t3416tc86,47,6,0,Negroes,NORP,5,12
uc2.ark+=13960=t3416tc86,47,6,1,Bishop Turner,PERSON,27,40
uc2.ark+=13960=t3416tc86,47,6,2,John Temple Graves,PERSON,45,63
uc2.ark+=13960=t3416tc86,47,6,3,the United States,GPE,148,165
uc2.ark+=13960=t3416tc86,48,0,0,Negro,NORP,23,28
uc2.ark+=13960=t3416tc86,48,0,1,South,LOC,110,115
uc2.ark+=13960=t3416tc86,48,1,0,Yankees,NORP,37,44
uc2.ark+=13960=t3416tc86,48,1,1,Southerner,NORP,74,84
uc2.ark+=13960=t3416tc86,48,1,2,Southern,NORP,90,98
uc2.ark+=13960=t3416tc86,48,1,3,North,LOC,196,201
uc2.ark+=13960=t3416tc86,48,1,4,Negro,NORP,313,318
uc2.ark+=13960=t3416tc86,48,1,5,South,LOC,342,347
uc2.ark+=13960=t3416tc86,48,1,6,Negro,NORP,380,385
uc2.ark+=13960=t3416tc86,48,1,7,North,LOC,431,436
uc2.ark+=13960=t3416tc86,48,1,8,Ne groes,NORP,481,489
uc2.ark+=13960=t3416tc86,48,2,0,two,CARDINAL,5,8
uc2.ark+=13960=t3416tc86,48,2,1,Southern,NORP,58,66
uc2.ark+=13960=t3416tc86,48,2,2,North,LOC,99,104
uc2.ark+=13960=t3416tc86,48,2,3,South,LOC,131,136
uc2.ark+=13960=t3416tc86,48,4,0,OHIO,GPE,27,31
uc2.ark+=13960=t3416tc86,48,6,0,HALF AN HOUR,TIME,79,91
uc2.ark+=13960=t3416tc86,48,7,0,the Associated Press,ORG,4,24
uc2.ark+=13960=t3416tc86,48,9,0,Springfield,GPE,0,11
uc2.ark+=13960=t3416tc86,48,9,1,Ohio,GPE,13,17
uc2.ark+=13960=t3416tc86,48,9,2,"March 7, 1904",DATE,19,32
uc2.ark+=13960=t3416tc86,48,10,0,Richard Dixon,PERSON,0,13
uc2.ark+=13960=t3416tc86,48,10,1,Negro,NORP,17,22
uc2.ark+=13960=t3416tc86,48,10,2,Charles Collis,PERSON,94,108
uc2.ark+=13960=t3416tc86,48,10,3,Dixon,PERSON,163,168
uc2.ark+=13960=t3416tc86,48,10,4,Sunday,DATE,172,178
uc2.ark+=13960=t3416tc86,49,0,0,North,LOC,48,53
uc2.ark+=13960=t3416tc86,49,0,1,Negroes,NORP,85,92
uc2.ark+=13960=t3416tc86,49,0,2,Northern,NORP,111,119
uc2.ark+=13960=t3416tc86,49,0,3,Collis,PERSON,160,166
uc2.ark+=13960=t3416tc86,49,0,4,Dixon,PERSON,179,184
uc2.ark+=13960=t3416tc86,49,1,0,Dixon,PERSON,0,5
uc2.ark+=13960=t3416tc86,49,2,0,Collis,PERSON,0,6
uc2.ark+=13960=t3416tc86,49,2,1,Dixon,PERSON,20,25
uc2.ark+=13960=t3416tc86,49,2,2,Dixon,PERSON,117,122
uc2.ark+=13960=t3416tc86,49,2,3,Anna,PERSON,169,173
uc2.ark+=13960=t3416tc86,49,2,4,Mamie Corbin,PERSON,177,189
uc2.ark+=13960=t3416tc86,49,3,0,first,ORDINAL,28,33
uc2.ark+=13960=t3416tc86,49,3,1,Collis,PERSON,43,49
uc2.ark+=13960=t3416tc86,49,4,0,Dixon,PERSON,0,5
uc2.ark+=13960=t3416tc86,49,4,1,four,CARDINAL,17,21
uc2.ark+=13960=t3416tc86,49,4,2,Collis,PERSON,33,39
uc2.ark+=13960=t3416tc86,49,5,0,Dixon,PERSON,0,5
uc2.ark+=13960=t3416tc86,49,7,0,Collis,PERSON,12,18
uc2.ark+=13960=t3416tc86,49,7,1,Ne gro,NORP,60,66
uc2.ark+=13960=t3416tc86,49,7,2,night,TIME,84,89
uc2.ark+=13960=t3416tc86,49,10,0,10 : 30,TIME,3,10
uc2.ark+=13960=t3416tc86,49,11,0,two,CARDINAL,79,82
uc2.ark+=13960=t3416tc86,49,12,0,10: 45 o'clock,TIME,3,17
uc2.ark+=13960=t3416tc86,49,14,0,Shortly before 11 o'clock,TIME,0,25
uc2.ark+=13960=t3416tc86,50,0,0,Negro,NORP,84,89
uc2.ark+=13960=t3416tc86,50,0,1,the Southern States,GPE,106,125
uc2.ark+=13960=t3416tc86,50,1,0,Negro,NORP,16,21
uc2.ark+=13960=t3416tc86,50,3,0,five minutes,TIME,88,100
uc2.ark+=13960=t3416tc86,50,4,0,250,CARDINAL,63,66
uc2.ark+=13960=t3416tc86,50,4,1,"fully 2,500",CARDINAL,120,131
uc2.ark+=13960=t3416tc86,50,5,0,only two or three minutes,TIME,135,160
uc2.ark+=13960=t3416tc86,50,11,0,four or five feet,QUANTITY,73,90
uc2.ark+=13960=t3416tc86,50,12,0,Nine,CARDINAL,0,4
uc2.ark+=13960=t3416tc86,50,12,1,dozen,CARDINAL,81,86
uc2.ark+=13960=t3416tc86,50,12,2,Columbia street,FAC,166,181
uc2.ark+=13960=t3416tc86,50,12,3,Foun tain Avenue,FAC,197,213
uc2.ark+=13960=t3416tc86,50,12,4,one,CARDINAL,215,218
uc2.ark+=13960=t3416tc86,50,13,0,Main street,FAC,52,63
uc2.ark+=13960=t3416tc86,50,13,1,Dixon,PERSON,92,97
uc2.ark+=13960=t3416tc86,50,14,0,Two,CARDINAL,0,3
uc2.ark+=13960=t3416tc86,50,14,1,about eighteen feet,QUANTITY,88,107
uc2.ark+=13960=t3416tc86,51,0,0,39,CARDINAL,13,15
uc2.ark+=13960=t3416tc86,51,0,1,North,LOC,58,63
uc2.ark+=13960=t3416tc86,51,2,0,Southern,NORP,16,24
uc2.ark+=13960=t3416tc86,51,2,1,Negroes,NORP,55,62
uc2.ark+=13960=t3416tc86,51,6,0,thirty minutes,TIME,128,142
uc2.ark+=13960=t3416tc86,51,10,0,COLUMBUS,GPE,1,9
uc2.ark+=13960=t3416tc86,51,10,1,GEORGIA,GPE,11,18
uc2.ark+=13960=t3416tc86,51,11,0,the Associated Press,ORG,5,25
uc2.ark+=13960=t3416tc86,51,13,0,Macon,GPE,0,5
uc2.ark+=13960=t3416tc86,51,13,1,Ga.,GPE,7,10
uc2.ark+=13960=t3416tc86,51,13,2,"March 9, 1902",DATE,12,25
uc2.ark+=13960=t3416tc86,51,14,0,Columbus,GPE,2,10
uc2.ark+=13960=t3416tc86,51,14,1,Ga.,GPE,12,15
uc2.ark+=13960=t3416tc86,51,14,2,Telegraph,ORG,33,42
uc2.ark+=13960=t3416tc86,51,14,3,Bragg Smith,PERSON,112,123
uc2.ark+=13960=t3416tc86,51,14,4,Negro,NORP,129,134
uc2.ark+=13960=t3416tc86,51,14,5,last September,DATE,161,175
uc2.ark+=13960=t3416tc86,51,14,6,Robert L. Johnson,PERSON,233,250
uc2.ark+=13960=t3416tc86,52,1,0,Negroes,NORP,83,90
uc2.ark+=13960=t3416tc86,52,4,0,South,LOC,12,17
uc2.ark+=13960=t3416tc86,52,5,0,six million,CARDINAL,36,47
uc2.ark+=13960=t3416tc86,52,5,1,Negroes,NORP,48,55
uc2.ark+=13960=t3416tc86,52,5,2,South,LOC,193,198
uc2.ark+=13960=t3416tc86,52,8,0,Southern,NORP,7,15
uc2.ark+=13960=t3416tc86,53,0,0,Negroes,NORP,47,54
uc2.ark+=13960=t3416tc86,53,1,0,Negro,NORP,5,10
uc2.ark+=13960=t3416tc86,53,1,1,Southern,NORP,61,69
uc2.ark+=13960=t3416tc86,53,3,0,Negro,NORP,0,5
uc2.ark+=13960=t3416tc86,53,3,1,Southern,NORP,45,53
uc2.ark+=13960=t3416tc86,53,4,0,Negro,NORP,84,89
uc2.ark+=13960=t3416tc86,53,9,0,Negroes,NORP,6,13
uc2.ark+=13960=t3416tc86,54,0,0,night,TIME,197,202
uc2.ark+=13960=t3416tc86,54,3,0,Negroes,NORP,26,33
uc2.ark+=13960=t3416tc86,54,3,1,thousands,CARDINAL,114,123
uc2.ark+=13960=t3416tc86,54,6,0,BURNING OF NEGROES,WORK_OF_ART,3,21
uc2.ark+=13960=t3416tc86,54,7,0,Birmingham,GPE,1,11
uc2.ark+=13960=t3416tc86,54,7,1,Ala.,GPE,13,17
uc2.ark+=13960=t3416tc86,54,7,2,AgeHerald,ORG,31,40
uc2.ark+=13960=t3416tc86,54,7,3,Booker T. Washington,PERSON,86,106
uc2.ark+=13960=t3416tc86,54,7,4,the last fortnight,DATE,118,136
uc2.ark+=13960=t3416tc86,54,7,5,three,CARDINAL,137,142
uc2.ark+=13960=t3416tc86,55,3,0,One,CARDINAL,0,3
uc2.ark+=13960=t3416tc86,55,3,1,Negro,NORP,16,21
uc2.ark+=13960=t3416tc86,55,4,0,Negro,NORP,51,56
uc2.ark+=13960=t3416tc86,55,4,1,only one,CARDINAL,97,105
uc2.ark+=13960=t3416tc86,55,4,2,two,CARDINAL,109,112
uc2.ark+=13960=t3416tc86,55,4,3,one,CARDINAL,169,172
uc2.ark+=13960=t3416tc86,55,5,0,one,CARDINAL,4,7
uc2.ark+=13960=t3416tc86,55,5,1,three,CARDINAL,15,20
uc2.ark+=13960=t3416tc86,55,7,0,two,CARDINAL,56,59
uc2.ark+=13960=t3416tc86,55,7,1,Sunday,DATE,80,86
uc2.ark+=13960=t3416tc86,55,7,2,afternoon,TIME,87,96
uc2.ark+=13960=t3416tc86,55,7,3,Christian,NORP,111,120
uc2.ark+=13960=t3416tc86,56,3,0,One,CARDINAL,0,3
uc2.ark+=13960=t3416tc86,56,3,1,the ' Nat Turner Insurrection ',EVENT,8,39
uc2.ark+=13960=t3416tc86,56,3,2,Southampton County,GPE,43,61
uc2.ark+=13960=t3416tc86,56,3,3,Virginia,GPE,63,71
uc2.ark+=13960=t3416tc86,56,3,4,1831,DATE,76,80
uc2.ark+=13960=t3416tc86,56,5,0,two hundred and fifty years,DATE,46,73
uc2.ark+=13960=t3416tc86,56,8,0,Christian,NORP,74,83
uc2.ark+=13960=t3416tc86,56,8,1,Sunday,DATE,132,138
uc2.ark+=13960=t3416tc86,56,8,2,Christian Endeavor Societies,ORG,154,182
uc2.ark+=13960=t3416tc86,56,8,3,Young Men's Christian Associations,ORG,187,221
uc2.ark+=13960=t3416tc86,56,8,4,Africa,LOC,273,279
uc2.ark+=13960=t3416tc86,56,8,5,China,GPE,284,289
uc2.ark+=13960=t3416tc86,56,9,0,Christian,NORP,262,271
uc2.ark+=13960=t3416tc86,56,10,0,BOOKER T. WASHINGTON.,PERSON,3,24
uc2.ark+=13960=t3416tc86,56,11,0,Tuskegee,GPE,2,10
uc2.ark+=13960=t3416tc86,56,11,1,Ala.,GPE,12,16
uc2.ark+=13960=t3416tc86,57,0,0,45,CARDINAL,13,15
uc2.ark+=13960=t3416tc86,57,0,1,Indian,NORP,41,47
uc2.ark+=13960=t3416tc86,57,3,0,the American Civil War of 1860 to 1865,EVENT,96,134
uc2.ark+=13960=t3416tc86,57,4,0,thousands,CARDINAL,34,43
uc2.ark+=13960=t3416tc86,57,5,0,Negroes,NORP,4,11
uc2.ark+=13960=t3416tc86,57,5,1,half,CARDINAL,75,79
uc2.ark+=13960=t3416tc86,57,7,0,Negro,NORP,221,226
uc2.ark+=13960=t3416tc86,58,1,0,Negroes,NORP,4,11
uc2.ark+=13960=t3416tc86,58,1,1,one,CARDINAL,31,34
uc2.ark+=13960=t3416tc86,58,1,2,ten years,DATE,83,92
uc2.ark+=13960=t3416tc86,58,3,0,Negro,NORP,4,9
uc2.ark+=13960=t3416tc86,58,4,0,Negro,NORP,3,8
uc2.ark+=13960=t3416tc86,58,5,0,Negroes,NORP,4,11
uc2.ark+=13960=t3416tc86,58,6,0,many years,DATE,64,74
uc2.ark+=13960=t3416tc86,58,6,1,the days,DATE,126,134
uc2.ark+=13960=t3416tc86,58,6,2,the first forty years,DATE,155,176
uc2.ark+=13960=t3416tc86,59,0,0,Negro,NORP,118,123
uc2.ark+=13960=t3416tc86,59,2,0,one,CARDINAL,14,17
uc2.ark+=13960=t3416tc86,59,2,1,thousand,CARDINAL,35,43
uc2.ark+=13960=t3416tc86,59,5,0,Negroes,NORP,116,123
uc2.ark+=13960=t3416tc86,59,6,0,Negro,NORP,167,172
uc2.ark+=13960=t3416tc86,59,8,0,a ' quarter ' or,MONEY,73,89
uc2.ark+=13960=t3416tc86,59,8,1,fifty cents,MONEY,90,101
uc2.ark+=13960=t3416tc86,60,1,0,Indian,NORP,47,53
uc2.ark+=13960=t3416tc86,60,2,0,South,LOC,52,57
uc2.ark+=13960=t3416tc86,60,6,0,the Civil War,EVENT,3,16
uc2.ark+=13960=t3416tc86,61,0,0,49,CARDINAL,13,15
uc2.ark+=13960=t3416tc86,61,1,0,Union,ORG,5,10
uc2.ark+=13960=t3416tc86,61,2,0,one,CARDINAL,231,234
uc2.ark+=13960=t3416tc86,61,2,1,nearly four million,CARDINAL,309,328
uc2.ark+=13960=t3416tc86,61,4,0,later days,DATE,14,24
uc2.ark+=13960=t3416tc86,61,4,1,Negroes,NORP,49,56
uc2.ark+=13960=t3416tc86,61,6,0,Negroes,NORP,85,92
uc2.ark+=13960=t3416tc86,62,0,0,50,CARDINAL,0,2
uc2.ark+=13960=t3416tc86,62,1,0,Negro,NORP,108,113
uc2.ark+=13960=t3416tc86,62,2,0,Negro,NORP,171,176
uc2.ark+=13960=t3416tc86,62,5,0,South,LOC,130,135
uc2.ark+=13960=t3416tc86,62,7,0,Negro,NORP,25,30
uc2.ark+=13960=t3416tc86,62,7,1,Negro,NORP,59,64
uc2.ark+=13960=t3416tc86,62,7,2,Negro,NORP,115,120
uc2.ark+=13960=t3416tc86,62,7,3,January,DATE,295,302
uc2.ark+=13960=t3416tc86,63,0,0,51  year,DATE,13,21
uc2.ark+=13960=t3416tc86,63,2,0,Negro,NORP,88,93
uc2.ark+=13960=t3416tc86,63,4,0,Negroes,NORP,4,11
uc2.ark+=13960=t3416tc86,63,5,0,The < Ku Klux Klan ',ORG,3,23
uc2.ark+=13960=t3416tc86,63,5,1,Negroes,NORP,95,102
uc2.ark+=13960=t3416tc86,63,6,0,Southern,NORP,45,53
uc2.ark+=13960=t3416tc86,64,3,0,first,ORDINAL,52,57
uc2.ark+=13960=t3416tc86,64,4,0,Negroes,NORP,44,51
uc2.ark+=13960=t3416tc86,64,6,0,Ne gro,ORG,77,83
uc2.ark+=13960=t3416tc86,64,6,1,night,TIME,94,99
uc2.ark+=13960=t3416tc86,64,7,0,Negroes,NORP,5,12
uc2.ark+=13960=t3416tc86,64,7,1,one,CARDINAL,66,69
uc2.ark+=13960=t3416tc86,64,8,0,Ne groes,NORP,66,74
uc2.ark+=13960=t3416tc86,64,8,1,Negro,NORP,94,99
uc2.ark+=13960=t3416tc86,64,9,0,Stephens,PERSON,58,66
uc2.ark+=13960=t3416tc86,64,9,1,Negroes,NORP,107,114
uc2.ark+=13960=t3416tc86,64,9,2,one,CARDINAL,143,146
uc2.ark+=13960=t3416tc86,64,9,3,one,CARDINAL,179,182
uc2.ark+=13960=t3416tc86,65,0,0,two,CARDINAL,52,55
uc2.ark+=13960=t3416tc86,65,2,0,Stephens,PERSON,16,24
uc2.ark+=13960=t3416tc86,65,4,0,Stephens,PERSON,0,8
uc2.ark+=13960=t3416tc86,65,4,1,Negro,NORP,37,42
uc2.ark+=13960=t3416tc86,65,5,0,Negro,NORP,46,51
uc2.ark+=13960=t3416tc86,65,5,1,Negro,NORP,129,134
uc2.ark+=13960=t3416tc86,65,5,2,Democratic,NORP,143,153
uc2.ark+=13960=t3416tc86,65,6,0,The ' Ku Klux Klan ',ORG,0,20
uc2.ark+=13960=t3416tc86,65,6,1,Grant,PERSON,77,82
uc2.ark+=13960=t3416tc86,65,6,2,South,LOC,99,104
uc2.ark+=13960=t3416tc86,65,7,0,A Fool's Errand,WORK_OF_ART,68,83
uc2.ark+=13960=t3416tc86,66,0,0,54,CARDINAL,0,2
uc2.ark+=13960=t3416tc86,66,0,1,Negro,NORP,23,28
uc2.ark+=13960=t3416tc86,66,2,0,One,CARDINAL,0,3
uc2.ark+=13960=t3416tc86,66,2,1,the Democratic party,ORG,43,63
uc2.ark+=13960=t3416tc86,66,3,0,Negro,NORP,78,83
uc2.ark+=13960=t3416tc86,66,3,1,the Democratic party,ORG,88,108
uc2.ark+=13960=t3416tc86,66,5,0,Newell,PERSON,31,37
uc2.ark+=13960=t3416tc86,66,6,0,the year 1902,DATE,44,57
uc2.ark+=13960=t3416tc86,66,6,1,1950,DATE,77,81
uc2.ark+=13960=t3416tc86,66,8,0,a century ago,DATE,105,118
uc2.ark+=13960=t3416tc86,67,0,0,Christianity,ORG,85,97
uc2.ark+=13960=t3416tc86,67,3,0,the ten years,DATE,6,19
uc2.ark+=13960=t3416tc86,67,3,1,the decade ending in 1902,DATE,37,62
uc2.ark+=13960=t3416tc86,67,3,2,the American Negroes,NORP,64,84
uc2.ark+=13960=t3416tc86,67,4,0,1865,DATE,42,46
uc2.ark+=13960=t3416tc86,67,4,1,South,LOC,97,102
uc2.ark+=13960=t3416tc86,67,4,2,Carlyle,PERSON,218,225
uc2.ark+=13960=t3416tc86,67,7,0,the first years,DATE,47,62
uc2.ark+=13960=t3416tc86,67,8,0,two hundred and forty years,DATE,4,31
uc2.ark+=13960=t3416tc86,68,2,0,Bible,WORK_OF_ART,145,150
uc2.ark+=13960=t3416tc86,68,6,0,North Carolina,GPE,4,18
uc2.ark+=13960=t3416tc86,68,9,0,North Carolina,GPE,73,87
uc2.ark+=13960=t3416tc86,68,9,1,Negroes,NORP,109,116
uc2.ark+=13960=t3416tc86,69,0,0,Negro,PERSON,80,85
uc2.ark+=13960=t3416tc86,69,0,1,Southern,NORP,103,111
uc2.ark+=13960=t3416tc86,69,1,0,Southern,NORP,99,107
uc2.ark+=13960=t3416tc86,69,1,1,Negroes,NORP,125,132
uc2.ark+=13960=t3416tc86,69,2,0,Negroes,NORP,4,11
uc2.ark+=13960=t3416tc86,69,5,0,North Carolina,GPE,48,62
uc2.ark+=13960=t3416tc86,69,5,1,the first ten years,DATE,100,119
uc2.ark+=13960=t3416tc86,69,5,2,1869 to 1876,DATE,140,152
uc2.ark+=13960=t3416tc86,69,5,3,Wm. E. Rodman,PERSON,157,170
uc2.ark+=13960=t3416tc86,69,5,4,Southern,NORP,172,180
uc2.ark+=13960=t3416tc86,69,5,5,Dick,PERSON,195,199
uc2.ark+=13960=t3416tc86,69,5,6,Southern,NORP,201,209
uc2.ark+=13960=t3416tc86,69,5,7,"W. ""W. Holden",PERSON,218,231
uc2.ark+=13960=t3416tc86,69,5,8,Southern,NORP,243,251
uc2.ark+=13960=t3416tc86,69,5,9,Byron Laflin,PERSON,260,272
uc2.ark+=13960=t3416tc86,69,5,10,Southern,NORP,274,282
uc2.ark+=13960=t3416tc86,69,5,11,Henry Martindale,PERSON,291,307
uc2.ark+=13960=t3416tc86,69,5,12,Ohio,GPE,309,313
uc2.ark+=13960=t3416tc86,69,5,13,Gen'l Ames,PERSON,322,332
uc2.ark+=13960=t3416tc86,70,1,0,Northern,NORP,2,10
uc2.ark+=13960=t3416tc86,70,1,1,G. Z. French,PERSON,13,25
uc2.ark+=13960=t3416tc86,70,1,2,Maine,GPE,39,44
uc2.ark+=13960=t3416tc86,70,1,3,Eugene Grissom,PERSON,51,65
uc2.ark+=13960=t3416tc86,70,1,4,Kaleigh,GPE,96,103
uc2.ark+=13960=t3416tc86,70,1,5,North Carolina,GPE,105,119
uc2.ark+=13960=t3416tc86,70,1,6,Southern,NORP,121,129
uc2.ark+=13960=t3416tc86,70,1,7,Tyre York,PERSON,138,147
uc2.ark+=13960=t3416tc86,70,1,8,Southern,NORP,178,186
uc2.ark+=13960=t3416tc86,70,1,9,Graham,PERSON,204,210
uc2.ark+=13960=t3416tc86,70,1,10,Southern,NORP,212,220
uc2.ark+=13960=t3416tc86,70,1,11,Brooks,PERSON,235,241
uc2.ark+=13960=t3416tc86,70,1,12,Southern,NORP,243,251
uc2.ark+=13960=t3416tc86,70,1,13,S. J. Carrow,PERSON,260,272
uc2.ark+=13960=t3416tc86,70,1,14,Southern,NORP,274,282
uc2.ark+=13960=t3416tc86,70,3,0,Negro,NORP,102,107
uc2.ark+=13960=t3416tc86,70,5,0,Negro,NORP,19,24
uc2.ark+=13960=t3416tc86,70,5,1,Negro,NORP,166,171
uc2.ark+=13960=t3416tc86,70,6,0,Negroes,NORP,75,82
uc2.ark+=13960=t3416tc86,70,6,1,South,LOC,121,126
uc2.ark+=13960=t3416tc86,70,7,0,Negro,NORP,55,60
uc2.ark+=13960=t3416tc86,70,7,1,Washington,GPE,142,152
uc2.ark+=13960=t3416tc86,71,0,0,South,NORP,73,78
uc2.ark+=13960=t3416tc86,71,1,0,Negro,NORP,125,130
uc2.ark+=13960=t3416tc86,71,1,1,Southern,NORP,142,150
uc2.ark+=13960=t3416tc86,71,3,0,South,LOC,4,9
uc2.ark+=13960=t3416tc86,71,3,1,Union,GPE,29,34
uc2.ark+=13960=t3416tc86,71,4,0,South,LOC,81,86
uc2.ark+=13960=t3416tc86,71,6,0,Louisiana,GPE,0,9
uc2.ark+=13960=t3416tc86,71,6,1,Mississippi,GPE,11,22
uc2.ark+=13960=t3416tc86,71,6,2,Alabama,GPE,24,31
uc2.ark+=13960=t3416tc86,71,6,3,South Carolina,GPE,33,47
uc2.ark+=13960=t3416tc86,71,6,4,North Carolina,GPE,49,63
uc2.ark+=13960=t3416tc86,71,6,5,Virginia,GPE,68,76
uc2.ark+=13960=t3416tc86,71,6,6,the Fourteenth and Fifteenth Amendments,LAW,155,194
uc2.ark+=13960=t3416tc86,71,7,0,Virginia,GPE,3,11
uc2.ark+=13960=t3416tc86,72,2,0,Southern,NORP,105,113
uc2.ark+=13960=t3416tc86,72,3,0,Southern,NORP,6,14
uc2.ark+=13960=t3416tc86,72,6,0,Negroes,NORP,27,34
uc2.ark+=13960=t3416tc86,72,6,1,ninety-nine per cent,PERCENT,105,125
uc2.ark+=13960=t3416tc86,72,7,0,North Carolina,GPE,29,43
uc2.ark+=13960=t3416tc86,72,7,1,Negroes,NORP,106,113
uc2.ark+=13960=t3416tc86,72,8,0,1894 to 1898,DATE,47,59
uc2.ark+=13960=t3416tc86,72,8,1,the ' Fusion Movement,EVENT,69,90
uc2.ark+=13960=t3416tc86,72,8,2,ninetysix,CARDINAL,105,114
uc2.ark+=13960=t3416tc86,72,8,3,three,CARDINAL,143,148
uc2.ark+=13960=t3416tc86,72,8,4,only four,CARDINAL,186,195
uc2.ark+=13960=t3416tc86,72,8,5,ninety-six,CARDINAL,216,226
uc2.ark+=13960=t3416tc86,72,8,6,Negro,NORP,233,238
uc2.ark+=13960=t3416tc86,73,0,0,61,CARDINAL,13,15
uc2.ark+=13960=t3416tc86,73,0,1,two-thirds,CARDINAL,34,44
uc2.ark+=13960=t3416tc86,73,0,2,Negro,NORP,89,94
uc2.ark+=13960=t3416tc86,73,1,0,ninety-six,CARDINAL,7,17
uc2.ark+=13960=t3416tc86,73,1,1,Negroes,NORP,31,38
uc2.ark+=13960=t3416tc86,73,2,0,Negro,NORP,17,22
uc2.ark+=13960=t3416tc86,73,2,1,North Carolina,GPE,122,136
uc2.ark+=13960=t3416tc86,73,3,0,the Civil War,EVENT,85,98
uc2.ark+=13960=t3416tc86,73,5,0,Negro,NORP,45,50
uc2.ark+=13960=t3416tc86,73,5,1,Negro,NORP,68,73
uc2.ark+=13960=t3416tc86,73,6,0,American,NORP,34,42
uc2.ark+=13960=t3416tc86,73,8,0,North,LOC,83,88
uc2.ark+=13960=t3416tc86,74,5,0,North Carolina,GPE,72,86
uc2.ark+=13960=t3416tc86,74,5,1,93c,MONEY,142,145
uc2.ark+=13960=t3416tc86,74,5,2,hundred dollar,MONEY,152,166
uc2.ark+=13960=t3416tc86,74,5,3,1.23,MONEY,193,197
uc2.ark+=13960=t3416tc86,74,6,0,North Carolina,GPE,0,14
uc2.ark+=13960=t3416tc86,74,6,1,six per,PERCENT,15,22
uc2.ark+=13960=t3416tc86,74,6,2,1.10,MONEY,50,54
uc2.ark+=13960=t3416tc86,74,6,3,1.09,MONEY,76,80
uc2.ark+=13960=t3416tc86,74,7,0,Fusion,NORP,4,10
uc2.ark+=13960=t3416tc86,74,7,1,"50,000",MONEY,138,144
uc2.ark+=13960=t3416tc86,74,8,0,Fusion,NORP,10,16
uc2.ark+=13960=t3416tc86,74,8,1,first,ORDINAL,117,122
uc2.ark+=13960=t3416tc86,74,9,0,Fusion,NORP,10,16
uc2.ark+=13960=t3416tc86,74,9,1,one,CARDINAL,159,162
uc2.ark+=13960=t3416tc86,74,9,2,Negroes,NORP,200,207
uc2.ark+=13960=t3416tc86,74,10,0,Negro,NORP,33,38
uc2.ark+=13960=t3416tc86,74,11,0,about one-third,CARDINAL,42,57
uc2.ark+=13960=t3416tc86,75,0,0,Negro,NORP,78,83
uc2.ark+=13960=t3416tc86,75,1,0,Negro,NORP,87,92
uc2.ark+=13960=t3416tc86,75,1,1,South,LOC,146,151
uc2.ark+=13960=t3416tc86,75,1,2,North Carolina,GPE,191,205
uc2.ark+=13960=t3416tc86,75,2,0,forty years ago,DATE,80,95
uc2.ark+=13960=t3416tc86,75,3,0,Forty years,DATE,0,11
uc2.ark+=13960=t3416tc86,75,3,1,American,NORP,33,41
uc2.ark+=13960=t3416tc86,75,5,0,Negro,NORP,129,134
uc2.ark+=13960=t3416tc86,75,6,0,Forty years,DATE,0,11
uc2.ark+=13960=t3416tc86,75,6,1,Moses,PERSON,48,53
uc2.ark+=13960=t3416tc86,75,6,2,Negroes,NORP,199,206
uc2.ark+=13960=t3416tc86,76,2,0,Negro,NORP,21,26
uc2.ark+=13960=t3416tc86,76,4,0,North Carolina,GPE,30,44
uc2.ark+=13960=t3416tc86,76,4,1,1867,DATE,159,163
uc2.ark+=13960=t3416tc86,76,5,0,1867,DATE,33,37
uc2.ark+=13960=t3416tc86,76,6,0,1867,DATE,167,171
uc2.ark+=13960=t3416tc86,76,7,0,A. V. Dockery,PERSON,9,22
uc2.ark+=13960=t3416tc86,76,7,1,the New York Age,ORG,73,89
uc2.ark+=13960=t3416tc86,76,7,2,June 23 ; 1904,DATE,91,105
uc2.ark+=13960=t3416tc86,76,7,3,Negro,NORP,111,116
uc2.ark+=13960=t3416tc86,76,7,4,Republican,NORP,155,165
uc2.ark+=13960=t3416tc86,76,7,5,South,LOC,173,178
uc2.ark+=13960=t3416tc86,76,8,0,South,LOC,61,66
uc2.ark+=13960=t3416tc86,76,8,1,Union,GPE,74,79
uc2.ark+=13960=t3416tc86,76,8,2,the Civil War,EVENT,92,105
uc2.ark+=13960=t3416tc86,76,8,3,several decades later,DATE,182,203
uc2.ark+=13960=t3416tc86,76,9,0,North Carolina,GPE,46,60
uc2.ark+=13960=t3416tc86,76,9,1,Tennessee,GPE,62,71
uc2.ark+=13960=t3416tc86,76,9,2,Kentucky,GPE,73,81
uc2.ark+=13960=t3416tc86,76,9,3,Virginia,GPE,86,94
uc2.ark+=13960=t3416tc86,76,9,4,North ern,NORP,121,130
uc2.ark+=13960=t3416tc86,76,9,5,Madison county,GPE,170,184
uc2.ark+=13960=t3416tc86,76,9,6,North Carolina,GPE,186,200
uc2.ark+=13960=t3416tc86,76,9,7,Pritchard,PERSON,220,229
uc2.ark+=13960=t3416tc86,76,9,8,Union,GPE,264,269
uc2.ark+=13960=t3416tc86,76,9,9,United States,GPE,341,354
uc2.ark+=13960=t3416tc86,76,11,0,Republicans,NORP,78,89
uc2.ark+=13960=t3416tc86,76,12,0,Republicans,NORP,41,52
uc2.ark+=13960=t3416tc86,76,12,1,Republicanism,NORP,114,127
uc2.ark+=13960=t3416tc86,76,12,2,South,LOC,135,140
uc2.ark+=13960=t3416tc86,76,13,0,Republicans,NORP,32,43
uc2.ark+=13960=t3416tc86,76,13,1,Negro,NORP,72,77
uc2.ark+=13960=t3416tc86,76,13,2,Congresses,ORG,115,125
uc2.ark+=13960=t3416tc86,76,13,3,South,LOC,174,179
uc2.ark+=13960=t3416tc86,77,0,0,65,CARDINAL,13,15
uc2.ark+=13960=t3416tc86,77,0,1,Civil Service,ORG,89,102
uc2.ark+=13960=t3416tc86,77,0,2,Atlanta,GPE,118,125
uc2.ark+=13960=t3416tc86,77,0,3,19,CARDINAL,126,128
uc2.ark+=13960=t3416tc86,77,0,4,40,CARDINAL,144,146
uc2.ark+=13960=t3416tc86,77,0,5,only 26,CARDINAL,161,168
uc2.ark+=13960=t3416tc86,77,0,6,115,CARDINAL,183,186
uc2.ark+=13960=t3416tc86,77,1,0,the Supreme Court of North Carolina,ORG,38,73
uc2.ark+=13960=t3416tc86,77,1,1,only 40 per cent,PERCENT,74,90
uc2.ark+=13960=t3416tc86,77,1,2,100 per cent,PERCENT,120,132
uc2.ark+=13960=t3416tc86,77,2,0,A hundred,CARDINAL,0,9
uc2.ark+=13960=t3416tc86,77,4,0,Congress,ORG,9,17
uc2.ark+=13960=t3416tc86,77,4,1,less than half a dozen,CARDINAL,31,53
uc2.ark+=13960=t3416tc86,77,4,2,Republican,NORP,54,64
uc2.ark+=13960=t3416tc86,77,5,0,Negro,PERSON,5,10
uc2.ark+=13960=t3416tc86,77,6,0,About one and a half million,CARDINAL,0,28
uc2.ark+=13960=t3416tc86,77,7,0,Congress,ORG,44,52
uc2.ark+=13960=t3416tc86,77,8,0,Nation,ORG,50,56
uc2.ark+=13960=t3416tc86,77,9,0,1861,DATE,20,24
uc2.ark+=13960=t3416tc86,77,9,1,one,CARDINAL,30,33
uc2.ark+=13960=t3416tc86,77,9,2,Southern,NORP,34,42
uc2.ark+=13960=t3416tc86,77,9,3,ten,CARDINAL,58,61
uc2.ark+=13960=t3416tc86,77,9,4,Yankees,NORP,62,69
uc2.ark+=13960=t3416tc86,77,10,0,Southern,NORP,27,35
uc2.ark+=13960=t3416tc86,77,10,1,one,CARDINAL,81,84
uc2.ark+=13960=t3416tc86,77,10,2,Southern,NORP,85,93
uc2.ark+=13960=t3416tc86,77,10,3,ten,CARDINAL,111,114
uc2.ark+=13960=t3416tc86,77,10,4,Yankee,NORP,115,121
uc2.ark+=13960=t3416tc86,77,11,0,ten million,CARDINAL,10,21
uc2.ark+=13960=t3416tc86,77,11,1,American Negroes,NORP,22,38
uc2.ark+=13960=t3416tc86,77,11,2,Congress,ORG,74,82
uc2.ark+=13960=t3416tc86,77,11,3,ten million,CARDINAL,92,103
uc2.ark+=13960=t3416tc86,77,11,4,Filipinos,NORP,104,113
uc2.ark+=13960=t3416tc86,77,13,0,1896,DATE,3,7
uc2.ark+=13960=t3416tc86,77,13,1,only one,CARDINAL,18,26
uc2.ark+=13960=t3416tc86,77,13,2,South,LOC,40,45
uc2.ark+=13960=t3416tc86,77,14,0,Seven,CARDINAL,0,5
uc2.ark+=13960=t3416tc86,77,14,1,South Carolina,GPE,33,47
uc2.ark+=13960=t3416tc86,77,14,2,"less than 40,000",CARDINAL,64,80
uc2.ark+=13960=t3416tc86,77,14,3,seven,CARDINAL,95,100
uc2.ark+=13960=t3416tc86,77,14,4,Fifty-seventh,CARDINAL,129,142
uc2.ark+=13960=t3416tc86,77,14,5,Congress,ORG,143,151
uc2.ark+=13960=t3416tc86,77,15,0,Congress,ORG,14,22
uc2.ark+=13960=t3416tc86,77,15,1,Minnesota,GPE,24,33
uc2.ark+=13960=t3416tc86,77,15,2,"276,000",CARDINAL,50,57
uc2.ark+=13960=t3416tc86,77,15,3,seven,CARDINAL,68,73
uc2.ark+=13960=t3416tc86,77,15,4,"39,428",CARDINAL,101,107
uc2.ark+=13960=t3416tc86,78,0,0,66,CARDINAL,0,2
uc2.ark+=13960=t3416tc86,78,5,0,1876,DATE,87,91
uc2.ark+=13960=t3416tc86,78,5,1,the Republican party,ORG,98,118
uc2.ark+=13960=t3416tc86,78,6,0,South Carolina,GPE,42,56
uc2.ark+=13960=t3416tc86,78,6,1,"less than 6,000",CARDINAL,61,76
uc2.ark+=13960=t3416tc86,78,7,0,one,CARDINAL,16,19
uc2.ark+=13960=t3416tc86,78,7,1,South Carolina,GPE,20,34
uc2.ark+=13960=t3416tc86,78,7,2,seven,CARDINAL,59,64
uc2.ark+=13960=t3416tc86,78,7,3,Minnesota,GPE,72,81
uc2.ark+=13960=t3416tc86,78,9,0,Democrat,NORP,24,32
uc2.ark+=13960=t3416tc86,78,9,1,South,LOC,53,58
uc2.ark+=13960=t3416tc86,78,9,2,the last decade of the twentieth century,DATE,66,106
uc2.ark+=13960=t3416tc86,78,9,3,"the "" lily white "" age",DATE,108,130
uc2.ark+=13960=t3416tc86,78,9,4,South,LOC,231,236
uc2.ark+=13960=t3416tc86,78,10,0,Republican,NORP,54,64
uc2.ark+=13960=t3416tc86,78,10,1,Democrats,NORP,96,105
uc2.ark+=13960=t3416tc86,78,10,2,Negro,NORP,147,152
uc2.ark+=13960=t3416tc86,78,13,0,South,LOC,93,98
uc2.ark+=13960=t3416tc86,78,13,1,Democrat,NORP,124,132
uc2.ark+=13960=t3416tc86,78,15,0,Roosevelt,PERSON,48,57
uc2.ark+=13960=t3416tc86,78,15,1,the White House,ORG,162,177
uc2.ark+=13960=t3416tc86,79,3,0,Negro,PERSON,105,110
uc2.ark+=13960=t3416tc86,79,3,1,the Republican party,ORG,124,144
uc2.ark+=13960=t3416tc86,79,3,2,Cuba,GPE,183,187
uc2.ark+=13960=t3416tc86,79,3,3,Philippines,GPE,196,207
uc2.ark+=13960=t3416tc86,79,4,0,Republicans,NORP,9,20
uc2.ark+=13960=t3416tc86,79,4,1,Philippines,GPE,48,59
uc2.ark+=13960=t3416tc86,79,4,2,Porto Rico,GPE,61,71
uc2.ark+=13960=t3416tc86,79,4,3,Cuba,GPE,76,80
uc2.ark+=13960=t3416tc86,79,4,4,Southerners,NORP,95,106
uc2.ark+=13960=t3416tc86,79,4,5,Negroes,NORP,154,161
uc2.ark+=13960=t3416tc86,79,5,0,Negroes,NORP,10,17
uc2.ark+=13960=t3416tc86,79,5,1,South,LOC,25,30
uc2.ark+=13960=t3416tc86,79,5,2,Negroes,NORP,60,67
uc2.ark+=13960=t3416tc86,79,5,3,Hawaii,GPE,71,77
uc2.ark+=13960=t3416tc86,79,7,0,the National Senate,ORG,116,135
uc2.ark+=13960=t3416tc86,79,7,1,the SpanishAmerican War,EVENT,170,193
uc2.ark+=13960=t3416tc86,80,0,0,68,CARDINAL,0,2
uc2.ark+=13960=t3416tc86,80,0,1,the White House,ORG,33,48
uc2.ark+=13960=t3416tc86,80,0,2,Cuba,GPE,159,163
uc2.ark+=13960=t3416tc86,80,0,3,Roosevelt,PERSON,189,198
uc2.ark+=13960=t3416tc86,80,0,4,Cuba,GPE,235,239
uc2.ark+=13960=t3416tc86,80,2,0,Americans,NORP,60,69
uc2.ark+=13960=t3416tc86,80,3,0,the Civil War,EVENT,67,80
uc2.ark+=13960=t3416tc86,80,7,0,South,LOC,146,151
uc2.ark+=13960=t3416tc86,80,7,1,many years longer,DATE,183,200
uc2.ark+=13960=t3416tc86,80,7,2,North,LOC,277,282
uc2.ark+=13960=t3416tc86,81,0,0,69,CARDINAL,13,15
uc2.ark+=13960=t3416tc86,81,0,1,Boston,GPE,90,96
uc2.ark+=13960=t3416tc86,81,0,2,the Fugitive Slave Law,LAW,101,123
uc2.ark+=13960=t3416tc86,81,1,0,Negroes,NORP,53,60
uc2.ark+=13960=t3416tc86,81,3,0,South,LOC,25,30
uc2.ark+=13960=t3416tc86,81,4,0,Negroes,NORP,22,29
uc2.ark+=13960=t3416tc86,82,1,0,one hundred years ago,DATE,258,279
uc2.ark+=13960=t3416tc86,82,1,1,Negro,NORP,345,350
uc2.ark+=13960=t3416tc86,82,2,0,South,LOC,114,119
uc2.ark+=13960=t3416tc86,82,3,0,second,ORDINAL,56,62
uc2.ark+=13960=t3416tc86,82,4,0,Southern,NORP,12,20
uc2.ark+=13960=t3416tc86,82,7,0,Newell,PERSON,15,21
uc2.ark+=13960=t3416tc86,83,0,0,71,CARDINAL,13,15
uc2.ark+=13960=t3416tc86,83,0,1,Negroes,NORP,98,105
uc2.ark+=13960=t3416tc86,83,1,0,American,NORP,40,48
uc2.ark+=13960=t3416tc86,83,1,1,Negro,NORP,105,110
uc2.ark+=13960=t3416tc86,83,2,0,Newell,PERSON,21,27
uc2.ark+=13960=t3416tc86,83,5,0,Lincoln,PERSON,3,10
uc2.ark+=13960=t3416tc86,83,5,1,half,CARDINAL,44,48
uc2.ark+=13960=t3416tc86,83,5,2,half,CARDINAL,59,63
uc2.ark+=13960=t3416tc86,83,5,3,Elaine,PERSON,77,83
uc2.ark+=13960=t3416tc86,83,5,4,Augusta,GPE,104,111
uc2.ark+=13960=t3416tc86,83,6,0,second,ORDINAL,39,45
uc2.ark+=13960=t3416tc86,83,7,0,Negroes,NORP,52,59
uc2.ark+=13960=t3416tc86,83,8,0,one,CARDINAL,73,76
uc2.ark+=13960=t3416tc86,84,2,0,Dollar,MONEY,104,110
uc2.ark+=13960=t3416tc86,84,5,0,Negroes,NORP,3,10
uc2.ark+=13960=t3416tc86,84,5,1,fifty cents,MONEY,43,54
uc2.ark+=13960=t3416tc86,84,6,0,fifty cents,MONEY,125,136
uc2.ark+=13960=t3416tc86,84,6,1,Negroes,NORP,153,160
uc2.ark+=13960=t3416tc86,84,7,0,South,LOC,15,20
uc2.ark+=13960=t3416tc86,84,7,1,Negro,NORP,51,56
uc2.ark+=13960=t3416tc86,84,8,0,Southern,NORP,6,14
uc2.ark+=13960=t3416tc86,84,8,1,first,ORDINAL,26,31
uc2.ark+=13960=t3416tc86,84,9,0,South,LOC,36,41
uc2.ark+=13960=t3416tc86,84,9,1,Ne gro,NORP,94,100
uc2.ark+=13960=t3416tc86,85,1,0,Negroes,NORP,189,196
uc2.ark+=13960=t3416tc86,85,1,1,only fifty cents,MONEY,231,247
uc2.ark+=13960=t3416tc86,86,0,0,Negro,NORP,79,84
uc2.ark+=13960=t3416tc86,86,1,0,Southern,NORP,16,24
uc2.ark+=13960=t3416tc86,86,1,1,Negro,NORP,172,177
uc2.ark+=13960=t3416tc86,86,2,0,South,LOC,6,11
uc2.ark+=13960=t3416tc86,86,2,1,North,LOC,116,121
uc2.ark+=13960=t3416tc86,86,3,0,Negroes,NORP,30,37
uc2.ark+=13960=t3416tc86,86,4,0,Negroes,NORP,57,64
uc2.ark+=13960=t3416tc86,87,0,0,75,CARDINAL,13,15
uc2.ark+=13960=t3416tc86,87,1,0,Schools of Domestic Science,ORG,0,27
uc2.ark+=13960=t3416tc86,87,4,0,Southern,NORP,4,12
uc2.ark+=13960=t3416tc86,87,8,0,a hundred years ago,DATE,137,156
uc2.ark+=13960=t3416tc86,87,9,0,the National Government,ORG,94,117
uc2.ark+=13960=t3416tc86,88,1,0,the Post Office Department,ORG,60,86
uc2.ark+=13960=t3416tc86,88,3,0,Negro,NORP,208,213
uc2.ark+=13960=t3416tc86,89,1,0,10 per cent,PERCENT,97,108
uc2.ark+=13960=t3416tc86,89,4,0,one,CARDINAL,66,69
uc2.ark+=13960=t3416tc86,90,0,0,78,CARDINAL,0,2
uc2.ark+=13960=t3416tc86,90,2,0,the Southern States,GPE,47,66
uc2.ark+=13960=t3416tc86,90,3,0,fifty cents,MONEY,71,82
uc2.ark+=13960=t3416tc86,90,3,1,thirty-five cents,MONEY,97,114
uc2.ark+=13960=t3416tc86,90,3,2,six,CARDINAL,183,186
uc2.ark+=13960=t3416tc86,90,3,3,eight,CARDINAL,190,195
uc2.ark+=13960=t3416tc86,90,3,4,one,CARDINAL,199,202
uc2.ark+=13960=t3416tc86,90,4,0,three months',DATE,11,24
uc2.ark+=13960=t3416tc86,90,4,1,the winter season,DATE,39,56
uc2.ark+=13960=t3416tc86,90,10,0,Negro,NORP,75,80
uc2.ark+=13960=t3416tc86,91,0,0,79,CARDINAL,13,15
uc2.ark+=13960=t3416tc86,91,0,1,Indian,NORP,28,34
uc2.ark+=13960=t3416tc86,91,0,2,Chinaman,NORP,41,49
uc2.ark+=13960=t3416tc86,91,1,0,Southern,NORP,72,80
uc2.ark+=13960=t3416tc86,91,1,1,Negroes,NORP,118,125
uc2.ark+=13960=t3416tc86,91,2,0,Romans,NORP,52,58
uc2.ark+=13960=t3416tc86,91,2,1,Greek,NORP,84,89
uc2.ark+=13960=t3416tc86,91,7,0,"the  * A. A. Gunby, Esq.",PERSON,42,66
uc2.ark+=13960=t3416tc86,91,7,1,Louisiana,GPE,84,93
uc2.ark+=13960=t3416tc86,91,7,2,the Southern Educational Association,ORG,163,199
uc2.ark+=13960=t3416tc86,91,7,3,Atlanta,GPE,214,221
uc2.ark+=13960=t3416tc86,91,7,4,1892,DATE,223,227
uc2.ark+=13960=t3416tc86,91,8,0,Gunby,PERSON,4,9
uc2.ark+=13960=t3416tc86,91,8,1,Ne gro,NORP,71,77
uc2.ark+=13960=t3416tc86,91,10,0,Negro,PERSON,25,30
uc2.ark+=13960=t3416tc86,91,11,0,State,ORG,118,123
uc2.ark+=13960=t3416tc86,92,0,0,two,CARDINAL,30,33
uc2.ark+=13960=t3416tc86,92,0,1,Saxon,NORP,72,77
uc2.ark+=13960=t3416tc86,92,0,2,Negro,NORP,86,91
uc2.ark+=13960=t3416tc86,92,1,0,Negro,NORP,49,54
uc2.ark+=13960=t3416tc86,93,0,0,81,CARDINAL,13,15
uc2.ark+=13960=t3416tc86,93,1,0,Four,CARDINAL,0,4
uc2.ark+=13960=t3416tc86,93,1,1,two,CARDINAL,32,35
uc2.ark+=13960=t3416tc86,93,4,0,Newell,PERSON,20,26
uc2.ark+=13960=t3416tc86,93,5,0,Negro,NORP,57,62
uc2.ark+=13960=t3416tc86,93,7,0,Twitchell,PERSON,47,56
uc2.ark+=13960=t3416tc86,93,9,0,Southern,NORP,61,69
uc2.ark+=13960=t3416tc86,94,0,0,Negro,NORP,166,171
uc2.ark+=13960=t3416tc86,94,0,1,the Bureau of Public Utility,ORG,354,382
uc2.ark+=13960=t3416tc86,94,5,0,F. A. NOBLE,PERSON,35,46
uc2.ark+=13960=t3416tc86,94,6,0,Constitution,LAW,29,41
uc2.ark+=13960=t3416tc86,94,6,1,American,NORP,117,125
uc2.ark+=13960=t3416tc86,95,1,0,Negro,NORP,68,73
uc2.ark+=13960=t3416tc86,95,1,1,one,CARDINAL,132,135
uc2.ark+=13960=t3416tc86,95,7,0,CARL SCHURZ,PERSON,0,11
uc2.ark+=13960=t3416tc86,95,7,1,the Fifteenth Amendment,LAW,144,167
uc2.ark+=13960=t3416tc86,95,7,2,the United States,GPE,192,209
uc2.ark+=13960=t3416tc86,96,0,0,84 Light Ahead for the Negro,WORK_OF_ART,0,28
uc2.ark+=13960=t3416tc86,96,1,0,the Con stitution,LAW,22,39
uc2.ark+=13960=t3416tc86,96,2,0,Southern,NORP,87,95
uc2.ark+=13960=t3416tc86,96,3,0,the National Constitution,LAW,135,160
uc2.ark+=13960=t3416tc86,96,3,1,Constitution,LAW,434,446
uc2.ark+=13960=t3416tc86,96,5,0,Southern,NORP,117,125
uc2.ark+=13960=t3416tc86,96,6,0,earth,LOC,252,257
uc2.ark+=13960=t3416tc86,97,0,0,South,LOC,111,116
uc2.ark+=13960=t3416tc86,97,3,0,South,LOC,111,116
uc2.ark+=13960=t3416tc86,97,7,0,two,CARDINAL,15,18
uc2.ark+=13960=t3416tc86,97,7,1,secondly,ORDINAL,136,144
uc2.ark+=13960=t3416tc86,97,9,0,Southern,NORP,79,87
uc2.ark+=13960=t3416tc86,97,10,0,Southern,NORP,82,90
uc2.ark+=13960=t3416tc86,98,3,0,Southern,NORP,37,45
uc2.ark+=13960=t3416tc86,98,6,0,Negroes,NORP,98,105
uc2.ark+=13960=t3416tc86,98,7,0,One,CARDINAL,0,3
uc2.ark+=13960=t3416tc86,98,8,0,South,LOC,25,30
uc2.ark+=13960=t3416tc86,98,9,0,Vardaman,PERSON,9,17
uc2.ark+=13960=t3416tc86,98,9,1,Mississippi,GPE,22,33
uc2.ark+=13960=t3416tc86,99,1,0,Southern,NORP,31,39
uc2.ark+=13960=t3416tc86,99,1,1,Southern,NORP,90,98
uc2.ark+=13960=t3416tc86,99,1,2,the Civil War,EVENT,199,212
uc2.ark+=13960=t3416tc86,99,1,3,the Ne gro's,PERSON,701,713
uc2.ark+=13960=t3416tc86,99,1,4,South,LOC,747,752
uc2.ark+=13960=t3416tc86,99,1,5,Southern,NORP,785,793
uc2.ark+=13960=t3416tc86,99,1,6,Southern,NORP,824,832
uc2.ark+=13960=t3416tc86,99,3,0,South,LOC,218,223
uc2.ark+=13960=t3416tc86,99,3,1,South,LOC,359,364
uc2.ark+=13960=t3416tc86,100,0,0,Southern,NORP,155,163
uc2.ark+=13960=t3416tc86,100,5,0,Southerners,NORP,39,50
uc2.ark+=13960=t3416tc86,100,5,1,Constitution,LAW,504,516
uc2.ark+=13960=t3416tc86,100,5,2,Negro,NORP,686,691
uc2.ark+=13960=t3416tc86,100,6,0,Southerners,NORP,86,97
uc2.ark+=13960=t3416tc86,101,0,0,89,CARDINAL,13,15
uc2.ark+=13960=t3416tc86,101,1,0,NEW YORK,GPE,14,22
uc2.ark+=13960=t3416tc86,101,1,1,ten,CARDINAL,89,92
uc2.ark+=13960=t3416tc86,101,1,2,South,LOC,108,113
uc2.ark+=13960=t3416tc86,101,1,3,South,LOC,134,139
uc2.ark+=13960=t3416tc86,101,2,0,Schurz,PERSON,4,10
uc2.ark+=13960=t3416tc86,102,0,0,90,CARDINAL,0,2
uc2.ark+=13960=t3416tc86,102,3,0,South,LOC,4,9
uc2.ark+=13960=t3416tc86,102,4,0,South,LOC,148,153
uc2.ark+=13960=t3416tc86,102,5,0,Schurz,PERSON,7,13
uc2.ark+=13960=t3416tc86,102,5,1,one,CARDINAL,55,58
uc2.ark+=13960=t3416tc86,102,6,0,South,LOC,105,110
uc2.ark+=13960=t3416tc86,102,8,0,Negro,NORP,133,138
uc2.ark+=13960=t3416tc86,102,8,1,Schurz,PERSON,304,310
uc2.ark+=13960=t3416tc86,102,8,2,South,LOC,348,353
uc2.ark+=13960=t3416tc86,103,0,0,Schurz,PERSON,21,27
uc2.ark+=13960=t3416tc86,103,0,1,North,LOC,90,95
uc2.ark+=13960=t3416tc86,103,3,0,Southern,NORP,101,109
uc2.ark+=13960=t3416tc86,103,4,0,South,LOC,214,219
uc2.ark+=13960=t3416tc86,103,6,0,Southern,NORP,55,63
uc2.ark+=13960=t3416tc86,103,6,1,South,LOC,177,182
uc2.ark+=13960=t3416tc86,103,6,2,Aycock,PERSON,415,421
uc2.ark+=13960=t3416tc86,104,0,0,92,CARDINAL,0,2
uc2.ark+=13960=t3416tc86,104,0,1,North Carolina,GPE,33,47
uc2.ark+=13960=t3416tc86,104,0,2,Montague,PERSON,62,70
uc2.ark+=13960=t3416tc86,104,0,3,Virginia,GPE,75,83
uc2.ark+=13960=t3416tc86,104,1,0,South,LOC,80,85
uc2.ark+=13960=t3416tc86,104,2,0,North,LOC,45,50
uc2.ark+=13960=t3416tc86,104,2,1,South,LOC,165,170
uc2.ark+=13960=t3416tc86,104,3,0,North,LOC,56,61
uc2.ark+=13960=t3416tc86,104,3,1,South,LOC,71,76
uc2.ark+=13960=t3416tc86,104,5,0,ATCOCK,PERSON,12,18
uc2.ark+=13960=t3416tc86,104,5,1,NORTH CAROLINA,GPE,23,37
uc2.ark+=13960=t3416tc86,104,5,2,Negro,NORP,99,104
uc2.ark+=13960=t3416tc86,104,9,0,first,ORDINAL,7,12
uc2.ark+=13960=t3416tc86,104,9,1,the Fifteenth Amendment,LAW,40,63
uc2.ark+=13960=t3416tc86,105,3,0,Negro,NORP,74,79
uc2.ark+=13960=t3416tc86,105,3,1,South,LOC,98,103
uc2.ark+=13960=t3416tc86,105,3,2,Northern,NORP,131,139
uc2.ark+=13960=t3416tc86,105,4,0,first,ORDINAL,19,24
uc2.ark+=13960=t3416tc86,105,5,0,Negroes,NORP,14,21
uc2.ark+=13960=t3416tc86,106,0,0,94,CARDINAL,0,2
uc2.ark+=13960=t3416tc86,106,1,0,ten years,DATE,8,17
uc2.ark+=13960=t3416tc86,106,1,1,ten,CARDINAL,79,82
uc2.ark+=13960=t3416tc86,106,1,2,Southern,NORP,169,177
uc2.ark+=13960=t3416tc86,106,1,3,miles,QUANTITY,189,194
uc2.ark+=13960=t3416tc86,106,2,0,Negro,NORP,6,11
uc2.ark+=13960=t3416tc86,106,2,1,North,LOC,29,34
uc2.ark+=13960=t3416tc86,106,3,0,Southern,NORP,66,74
uc2.ark+=13960=t3416tc86,106,4,0,Negroes,NORP,20,27
uc2.ark+=13960=t3416tc86,106,5,0,one,CARDINAL,3,6
uc2.ark+=13960=t3416tc86,106,5,1,Negro,NORP,29,34
uc2.ark+=13960=t3416tc86,106,7,0,seven,CARDINAL,99,104
uc2.ark+=13960=t3416tc86,106,7,1,eight,CARDINAL,108,113
uc2.ark+=13960=t3416tc86,106,11,0,Charlotte,GPE,2,11
uc2.ark+=13960=t3416tc86,106,11,1,N. C.,GPE,13,18
uc2.ark+=13960=t3416tc86,106,12,0,The Charlotte Observer,ORG,0,22
uc2.ark+=13960=t3416tc86,107,0,0,Negroes,NORP,83,90
uc2.ark+=13960=t3416tc86,107,0,1,South,LOC,98,103
uc2.ark+=13960=t3416tc86,107,1,0,North,LOC,26,31
uc2.ark+=13960=t3416tc86,107,1,1,West,LOC,36,40
uc2.ark+=13960=t3416tc86,107,2,0,Africa,LOC,23,29
uc2.ark+=13960=t3416tc86,107,2,1,Smith,PERSON,41,46
uc2.ark+=13960=t3416tc86,107,2,2,the African Methodist Church,ORG,50,78
uc2.ark+=13960=t3416tc86,107,2,3,Hayti,GPE,101,106
uc2.ark+=13960=t3416tc86,107,3,0,Southwestern,LOC,27,39
uc2.ark+=13960=t3416tc86,107,3,1,the United States,GPE,48,65
uc2.ark+=13960=t3416tc86,107,3,2,Negroes,NORP,175,182
uc2.ark+=13960=t3416tc86,107,4,0,Southern,NORP,24,32
uc2.ark+=13960=t3416tc86,107,7,0,Charlotte,GPE,2,11
uc2.ark+=13960=t3416tc86,107,7,1,N. C.,GPE,13,18
uc2.ark+=13960=t3416tc86,107,7,2,Observer,GPE,20,28
uc2.ark+=13960=t3416tc86,107,8,0,North Carolina,GPE,28,42
uc2.ark+=13960=t3416tc86,107,8,1,the Southern Railway Company,ORG,116,144
uc2.ark+=13960=t3416tc86,107,9,0,Rowan,GPE,10,15
uc2.ark+=13960=t3416tc86,107,9,1,last week,DATE,31,40
uc2.ark+=13960=t3416tc86,108,1,0,South,LOC,53,58
uc2.ark+=13960=t3416tc86,108,2,0,week,DATE,162,166
uc2.ark+=13960=t3416tc86,108,2,1,week,DATE,170,174
uc2.ark+=13960=t3416tc86,108,3,0,The National Government,ORG,0,23
uc2.ark+=13960=t3416tc86,108,3,1,South,LOC,60,65
uc2.ark+=13960=t3416tc86,108,3,2,Negroes,NORP,243,250
uc2.ark+=13960=t3416tc86,108,4,0,Negro,NORP,85,90
uc2.ark+=13960=t3416tc86,108,8,0,0. 0. Howard,PERSON,26,38
uc2.ark+=13960=t3416tc86,108,8,1,the Freedmen's Bureau,ORG,77,98
uc2.ark+=13960=t3416tc86,109,0,0,97,CARDINAL,13,15
uc2.ark+=13960=t3416tc86,109,1,0,one,CARDINAL,14,17
uc2.ark+=13960=t3416tc86,109,3,0,Oxenstiern,PERSON,3,13
uc2.ark+=13960=t3416tc86,109,6,0,America,GPE,0,7
uc2.ark+=13960=t3416tc86,110,1,0,The National Congress,ORG,0,21
uc2.ark+=13960=t3416tc86,111,0,0,V,CARDINAL,8,9
uc2.ark+=13960=t3416tc86,111,3,0,some twenty feet,QUANTITY,188,204
uc2.ark+=13960=t3416tc86,111,6,0,"the "" Administration Building",FAC,48,77
uc2.ark+=13960=t3416tc86,111,7,0,Congress,ORG,24,32
uc2.ark+=13960=t3416tc86,112,0,0,100,CARDINAL,0,3
uc2.ark+=13960=t3416tc86,112,9,0,annual,DATE,15,21
uc2.ark+=13960=t3416tc86,112,10,0,as early as 1890,DATE,310,326
uc2.ark+=13960=t3416tc86,112,13,0,Congressional,ORG,47,60
uc2.ark+=13960=t3416tc86,113,2,0,four hundred years,DATE,62,80
uc2.ark+=13960=t3416tc86,113,3,0,American,NORP,4,12
uc2.ark+=13960=t3416tc86,113,5,0,Newell,PERSON,41,47
uc2.ark+=13960=t3416tc86,113,6,0,a thousand years,DATE,98,114
uc2.ark+=13960=t3416tc86,113,7,0,Twitchell,PERSON,12,21
uc2.ark+=13960=t3416tc86,114,2,0,Newell,PERSON,7,13
uc2.ark+=13960=t3416tc86,114,2,1,Negro,NORP,86,91
uc2.ark+=13960=t3416tc86,114,5,0,our Bureau of Public Utility,ORG,17,45
uc2.ark+=13960=t3416tc86,115,0,0,Negro,NORP,212,217
uc2.ark+=13960=t3416tc86,115,3,0,Negro,NORP,141,146
uc2.ark+=13960=t3416tc86,115,4,0,North,LOC,7,12
uc2.ark+=13960=t3416tc86,115,4,1,Negro,NORP,54,59
uc2.ark+=13960=t3416tc86,115,4,2,Republicans,NORP,73,84
uc2.ark+=13960=t3416tc86,115,4,3,South,LOC,97,102
uc2.ark+=13960=t3416tc86,115,4,4,Democrats,NORP,107,116
uc2.ark+=13960=t3416tc86,115,4,5,Negro,NORP,198,203
uc2.ark+=13960=t3416tc86,115,6,0,American,NORP,125,133
uc2.ark+=13960=t3416tc86,116,1,0,Grant,PERSON,20,25
uc2.ark+=13960=t3416tc86,116,1,1,Roosevelt,PERSON,111,120
uc2.ark+=13960=t3416tc86,116,3,0,Negro,NORP,152,157
uc2.ark+=13960=t3416tc86,116,4,0,Baal,PERSON,64,68
uc2.ark+=13960=t3416tc86,116,5,0,the Bureau of Statistics,ORG,39,63
uc2.ark+=13960=t3416tc86,116,5,1,one hundred years,DATE,93,110
uc2.ark+=13960=t3416tc86,116,7,0,1900 A. D. 2004,DATE,7,22
uc2.ark+=13960=t3416tc86,116,7,1,"890,000,000",MONEY,48,59
uc2.ark+=13960=t3416tc86,116,8,0,"2,670,000,000",MONEY,1,14
uc2.ark+=13960=t3416tc86,116,9,0,"8,840,780",CARDINAL,0,9
uc2.ark+=13960=t3416tc86,116,10,0,"21,907,079",CARDINAL,0,10
uc2.ark+=13960=t3416tc86,116,10,1,45 per cent,PERCENT,36,47
uc2.ark+=13960=t3416tc86,116,10,2,2 per cent,PERCENT,54,64
uc2.ark+=13960=t3416tc86,116,12,0,20 per cent,PERCENT,19,30
uc2.ark+=13960=t3416tc86,116,12,1,1 per cent,PERCENT,31,41
uc2.ark+=13960=t3416tc86,116,14,0,1,CARDINAL,21,22
uc2.ark+=13960=t3416tc86,116,14,1,100,CARDINAL,26,29
uc2.ark+=13960=t3416tc86,116,14,2,1,CARDINAL,34,35
uc2.ark+=13960=t3416tc86,116,14,3,30,CARDINAL,39,41
uc2.ark+=13960=t3416tc86,116,16,0,1,CARDINAL,16,17
uc2.ark+=13960=t3416tc86,116,16,1,1000,CARDINAL,21,25
uc2.ark+=13960=t3416tc86,116,16,2,1,CARDINAL,30,31
uc2.ark+=13960=t3416tc86,116,16,3,500,CARDINAL,35,38
uc2.ark+=13960=t3416tc86,116,16,4,20,CARDINAL,51,53
uc2.ark+=13960=t3416tc86,116,17,0,5,CARDINAL,0,1
uc2.ark+=13960=t3416tc86,117,4,0,2004,DATE,11,15
uc2.ark+=13960=t3416tc86,117,4,1,800,CARDINAL,44,47
uc2.ark+=13960=t3416tc86,117,5,0,"75,000",CARDINAL,0,6
uc2.ark+=13960=t3416tc86,117,5,1,80.000,CARDINAL,12,18
uc2.ark+=13960=t3416tc86,117,5,2,"250,804",CARDINAL,22,29
uc2.ark+=13960=t3416tc86,117,6,0,Negroes,NORP,15,22
uc2.ark+=13960=t3416tc86,117,6,1,Negro,NORP,141,146
uc2.ark+=13960=t3416tc86,118,0,0,106,CARDINAL,0,3
uc2.ark+=13960=t3416tc86,118,2,0,Negro,NORP,37,42
uc2.ark+=13960=t3416tc86,118,2,1,Southern,NORP,106,114
uc2.ark+=13960=t3416tc86,119,1,0,IRENE,PERSON,13,18
uc2.ark+=13960=t3416tc86,119,2,0,Davis,PERSON,26,31
uc2.ark+=13960=t3416tc86,119,2,1,Phoenix,GPE,78,85
uc2.ark+=13960=t3416tc86,119,4,0,the day,DATE,74,81
uc2.ark+=13960=t3416tc86,119,5,0,McPherson,PERSON,11,20
uc2.ark+=13960=t3416tc86,119,5,1,South,LOC,177,182
uc2.ark+=13960=t3416tc86,119,5,2,North,LOC,201,206
uc2.ark+=13960=t3416tc86,119,6,0,South,LOC,66,71
uc2.ark+=13960=t3416tc86,119,9,0,Negroes,NORP,18,25
uc2.ark+=13960=t3416tc86,119,9,1,first,ORDINAL,51,56
uc2.ark+=13960=t3416tc86,120,5,0,Southern,NORP,35,43
uc2.ark+=13960=t3416tc86,120,5,1,Yankees,NORP,72,79
uc2.ark+=13960=t3416tc86,120,5,2,the Civil War,EVENT,161,174
uc2.ark+=13960=t3416tc86,120,9,0,Yankee,NORP,18,24
uc2.ark+=13960=t3416tc86,120,9,1,South,LOC,40,45
uc2.ark+=13960=t3416tc86,120,10,0,Chattahoochee,GPE,16,29
uc2.ark+=13960=t3416tc86,121,0,0,Irene,PERSON,12,17
uc2.ark+=13960=t3416tc86,121,0,1,Ne groes,PERSON,68,76
uc2.ark+=13960=t3416tc86,121,1,0,the State Agricultural College for Negroes,ORG,39,81
uc2.ark+=13960=t3416tc86,121,1,1,Savannah,GPE,88,96
uc2.ark+=13960=t3416tc86,121,2,0,Negro,NORP,61,66
uc2.ark+=13960=t3416tc86,121,3,0,Negro,NORP,155,160
uc2.ark+=13960=t3416tc86,121,4,0,Negroes,NORP,76,83
uc2.ark+=13960=t3416tc86,122,6,0,Irene,PERSON,10,15
uc2.ark+=13960=t3416tc86,122,8,0,two,CARDINAL,74,77
uc2.ark+=13960=t3416tc86,122,10,0,that evening,TIME,20,32
uc2.ark+=13960=t3416tc86,122,10,1,Davis,PERSON,63,68
uc2.ark+=13960=t3416tc86,123,0,0,VII,CARDINAL,8,11
uc2.ark+=13960=t3416tc86,123,2,0,NEWELL,PERSON,4,10
uc2.ark+=13960=t3416tc86,123,2,1,Newell,PERSON,76,82
uc2.ark+=13960=t3416tc86,123,2,2,one afternoon,TIME,126,139
uc2.ark+=13960=t3416tc86,123,3,0,Negro,NORP,70,75
uc2.ark+=13960=t3416tc86,123,3,1,Southern,NORP,195,203
uc2.ark+=13960=t3416tc86,123,3,2,one Sunday,TIME,294,304
uc2.ark+=13960=t3416tc86,123,3,3,Negro,NORP,362,367
uc2.ark+=13960=t3416tc86,124,0,0,112 Light Ahead for the Negro,WORK_OF_ART,0,29
uc2.ark+=13960=t3416tc86,124,0,1,Southland,LOC,199,208
uc2.ark+=13960=t3416tc86,124,1,0,Cecelia,PERSON,0,7
uc2.ark+=13960=t3416tc86,124,1,1,the Cecilian Guild,ORG,74,92
uc2.ark+=13960=t3416tc86,124,2,0,Davis,PERSON,115,120
uc2.ark+=13960=t3416tc86,124,4,0,Negroes,NORP,108,115
uc2.ark+=13960=t3416tc86,124,5,0,the Civil War,EVENT,27,40
uc2.ark+=13960=t3416tc86,124,6,0,Twenty-five cents,MONEY,0,17
uc2.ark+=13960=t3416tc86,124,7,0,Thousands,CARDINAL,0,9
uc2.ark+=13960=t3416tc86,124,8,0,Day,DATE,0,3
uc2.ark+=13960=t3416tc86,124,8,1,Africa,LOC,42,48
uc2.ark+=13960=t3416tc86,125,0,0,Newell,PERSON,4,10
uc2.ark+=13960=t3416tc86,125,0,1,"500,000",CARDINAL,181,188
uc2.ark+=13960=t3416tc86,125,0,2,America,GPE,208,215
uc2.ark+=13960=t3416tc86,125,1,0,one,CARDINAL,59,62
uc2.ark+=13960=t3416tc86,125,1,1,the Cecilian Guilds,ORG,66,85
uc2.ark+=13960=t3416tc86,125,2,0,Southern,NORP,55,63
uc2.ark+=13960=t3416tc86,125,3,0,Lotha rio,PERSON,169,178
uc2.ark+=13960=t3416tc86,125,7,0,North,PERSON,111,116
uc2.ark+=13960=t3416tc86,126,1,0,North,LOC,16,21
uc2.ark+=13960=t3416tc86,126,2,0,Two years,DATE,0,9
uc2.ark+=13960=t3416tc86,126,2,1,Eva,PERSON,16,19
uc2.ark+=13960=t3416tc86,126,2,2,Connecticut,GPE,55,66
uc2.ark+=13960=t3416tc86,126,2,3,John Guilford,PERSON,68,81
uc2.ark+=13960=t3416tc86,126,4,0,Eva,PERSON,7,10
uc2.ark+=13960=t3416tc86,126,4,1,Connecticut,GPE,58,69
uc2.ark+=13960=t3416tc86,126,7,0,Eva,PERSON,96,99
uc2.ark+=13960=t3416tc86,126,10,0,Zola,PERSON,165,169
uc2.ark+=13960=t3416tc86,127,0,0,Newell,PERSON,4,10
uc2.ark+=13960=t3416tc86,127,1,0,Eva,PERSON,5,8
uc2.ark+=13960=t3416tc86,127,1,1,second,ORDINAL,19,25
uc2.ark+=13960=t3416tc86,127,1,2,four years old,DATE,36,50
uc2.ark+=13960=t3416tc86,127,2,0,Guilfords,PERSON,33,42
uc2.ark+=13960=t3416tc86,127,2,1,Guilford,PERSON,96,104
uc2.ark+=13960=t3416tc86,128,1,0,IRENE,PERSON,6,11
uc2.ark+=13960=t3416tc86,128,3,0,Irene,PERSON,17,22
uc2.ark+=13960=t3416tc86,128,3,1,the few weeks,DATE,30,43
uc2.ark+=13960=t3416tc86,128,3,2,Newell,PERSON,65,71
uc2.ark+=13960=t3416tc86,128,4,0,One evening,TIME,0,11
uc2.ark+=13960=t3416tc86,128,4,1,an hour,TIME,139,146
uc2.ark+=13960=t3416tc86,128,6,0,the morning,TIME,73,84
uc2.ark+=13960=t3416tc86,128,6,1,Newell,PERSON,116,122
uc2.ark+=13960=t3416tc86,128,8,0,a few days later,DATE,38,54
uc2.ark+=13960=t3416tc86,128,8,1,Philippines,GPE,81,92
uc2.ark+=13960=t3416tc86,129,0,0,Irene Again,PERSON,5,16
uc2.ark+=13960=t3416tc86,129,5,0,Tom Dixon's Leopard's Spots,WORK_OF_ART,187,214
uc2.ark+=13960=t3416tc86,129,6,0,Southern,NORP,119,127
uc2.ark+=13960=t3416tc86,129,7,0,Southern,NORP,111,119
uc2.ark+=13960=t3416tc86,129,8,0,English,NORP,104,111
uc2.ark+=13960=t3416tc86,129,8,1,Atlantic,LOC,173,181
uc2.ark+=13960=t3416tc86,130,3,0,Christianity,ORG,169,181
uc2.ark+=13960=t3416tc86,130,5,0,South,LOC,86,91
uc2.ark+=13960=t3416tc86,130,6,0,Southern,NORP,34,42
uc2.ark+=13960=t3416tc86,130,6,1,Southern,NORP,185,193
uc2.ark+=13960=t3416tc86,130,7,0,South,LOC,69,74
uc2.ark+=13960=t3416tc86,130,8,0,the New South,LOC,31,44
uc2.ark+=13960=t3416tc86,131,0,0,Irene Again,PERSON,5,16
uc2.ark+=13960=t3416tc86,131,2,0,Amer ica's,NORP,189,199
uc2.ark+=13960=t3416tc86,131,3,0,Irene,PERSON,48,53
uc2.ark+=13960=t3416tc86,131,3,1,the ' Philip pines ',WORK_OF_ART,85,105
uc2.ark+=13960=t3416tc86,132,0,0,IX,CARDINAL,8,10
uc2.ark+=13960=t3416tc86,132,2,0,the Bureau of Public Util ity,ORG,63,92
uc2.ark+=13960=t3416tc86,132,2,1,Negro,NORP,181,186
uc2.ark+=13960=t3416tc86,132,4,0,Negro,NORP,77,82
uc2.ark+=13960=t3416tc86,132,4,1,100,MONEY,138,141
uc2.ark+=13960=t3416tc86,132,4,2,Northern,NORP,155,163
uc2.ark+=13960=t3416tc86,132,4,3,North Carolina,GPE,229,243
uc2.ark+=13960=t3416tc86,133,0,0,The Prize Essay 121  ,WORK_OF_ART,0,21
uc2.ark+=13960=t3416tc86,133,0,1,Negro,NORP,219,224
uc2.ark+=13960=t3416tc86,133,2,0,Negroes,NORP,4,11
uc2.ark+=13960=t3416tc86,133,3,0,the last thirty years,DATE,54,75
uc2.ark+=13960=t3416tc86,133,3,1,Negroes,NORP,102,109
uc2.ark+=13960=t3416tc86,133,4,0,Negroes,NORP,78,85
uc2.ark+=13960=t3416tc86,133,4,1,Negro,NORP,190,195
uc2.ark+=13960=t3416tc86,133,5,0,Negro,NORP,75,80
uc2.ark+=13960=t3416tc86,133,6,0,Ne,NORP,74,76
uc2.ark+=13960=t3416tc86,134,3,0,Negro,NORP,146,151
uc2.ark+=13960=t3416tc86,134,4,0,Negro,NORP,182,187
uc2.ark+=13960=t3416tc86,134,8,0,twenty years',DATE,154,167
uc2.ark+=13960=t3416tc86,134,9,0,first,ORDINAL,10,15
uc2.ark+=13960=t3416tc86,135,0,0,The Prize Essay 123  school,ORG,0,27
uc2.ark+=13960=t3416tc86,135,4,0,twenty-one,DATE,27,37
uc2.ark+=13960=t3416tc86,136,0,0,124,CARDINAL,0,3
uc2.ark+=13960=t3416tc86,136,3,0,six hundred,CARDINAL,10,21
uc2.ark+=13960=t3416tc86,136,3,1,one,CARDINAL,42,45
uc2.ark+=13960=t3416tc86,136,3,2,Virginia,GPE,63,71
uc2.ark+=13960=t3416tc86,136,3,3,only 85,CARDINAL,80,87
uc2.ark+=13960=t3416tc86,136,4,0,196,CARDINAL,10,13
uc2.ark+=13960=t3416tc86,136,6,0,fourteen,CARDINAL,16,24
uc2.ark+=13960=t3416tc86,136,8,0,Negro,NORP,22,27
uc2.ark+=13960=t3416tc86,136,10,0,five hours,TIME,74,84
uc2.ark+=13960=t3416tc86,137,0,0,The Prize Essay 125,WORK_OF_ART,0,19
uc2.ark+=13960=t3416tc86,137,0,1,the day,DATE,21,28
uc2.ark+=13960=t3416tc86,138,0,0,126,CARDINAL,0,3
uc2.ark+=13960=t3416tc86,138,0,1,four years,DATE,66,76
uc2.ark+=13960=t3416tc86,138,0,2,three years',DATE,83,95
uc2.ark+=13960=t3416tc86,138,1,0,three years,DATE,5,16
uc2.ark+=13960=t3416tc86,138,2,0,Three years',DATE,0,12
uc2.ark+=13960=t3416tc86,138,2,1,European,NORP,71,79
uc2.ark+=13960=t3416tc86,138,2,2,three years',DATE,166,178
uc2.ark+=13960=t3416tc86,138,4,0,South,LOC,101,106
uc2.ark+=13960=t3416tc86,138,4,1,hundreds,CARDINAL,208,216
uc2.ark+=13960=t3416tc86,139,0,0,The Prize Essay 127,WORK_OF_ART,0,19
uc2.ark+=13960=t3416tc86,139,3,0,four years,DATE,14,24
uc2.ark+=13960=t3416tc86,139,6,0,first,ORDINAL,172,177
uc2.ark+=13960=t3416tc86,140,0,0,first,ORDINAL,154,159
uc2.ark+=13960=t3416tc86,140,6,0,one,CARDINAL,13,16
uc2.ark+=13960=t3416tc86,140,6,1,thousand,CARDINAL,27,35
uc2.ark+=13960=t3416tc86,140,9,0,three years,DATE,53,64
uc2.ark+=13960=t3416tc86,141,0,0,The Prize Essay,WORK_OF_ART,0,15
uc2.ark+=13960=t3416tc86,141,3,0,thirty years,DATE,135,147
uc2.ark+=13960=t3416tc86,141,4,0,South,LOC,15,20
uc2.ark+=13960=t3416tc86,141,4,1,Northern,LOC,24,32
uc2.ark+=13960=t3416tc86,142,7,0,Negro,NORP,82,87
uc2.ark+=13960=t3416tc86,142,7,1,Southern,NORP,103,111
uc2.ark+=13960=t3416tc86,142,7,2,Negro Exposition,EVENT,152,168
uc2.ark+=13960=t3416tc86,142,7,3,Negroes,NORP,178,185
uc2.ark+=13960=t3416tc86,143,0,0,IRENE,PERSON,24,29
uc2.ark+=13960=t3416tc86,143,1,0,TWO years,DATE,0,9
uc2.ark+=13960=t3416tc86,143,1,1,Irene,PERSON,28,33
uc2.ark+=13960=t3416tc86,143,1,2,Newell,PERSON,66,72
uc2.ark+=13960=t3416tc86,143,1,3,Gilbert Twitchell,PERSON,92,109
uc2.ark+=13960=t3416tc86,143,1,4,Philippines,GPE,152,163
uc2.ark+=13960=t3416tc86,143,3,0,Kennesaw Malvern,PERSON,19,35
uc2.ark+=13960=t3416tc86,143,4,0,U. S.,GPE,56,61
uc2.ark+=13960=t3416tc86,143,4,1,Philippines,GPE,85,96
uc2.ark+=13960=t3416tc86,143,5,0,Irene,PERSON,0,5
uc2.ark+=13960=t3416tc86,143,6,0,Gilbert Twitchell,PERSON,8,25
uc2.ark+=13960=t3416tc86,143,7,0,first,ORDINAL,8,13
uc2.ark+=13960=t3416tc86,143,7,1,Gilbert,PERSON,36,43
uc2.ark+=13960=t3416tc86,144,10,0,Irene,PERSON,32,37
uc2.ark+=13960=t3416tc86,144,10,1,Irene,PERSON,88,93
uc2.ark+=13960=t3416tc86,144,10,2,Gilbert,PERSON,139,146
uc2.ark+=13960=t3416tc86,144,10,3,the year 2007,DATE,156,169
uc2.ark+=13960=t3416tc86,144,10,4,Philippines,GPE,236,247
