vol_id,page,sentence_id,ent_id,entity,entity_type,start_char,end_char
uva.x002159251,5,0,0,Nancy Farmer,PERSON,29,41
uva.x002159251,6,0,0,THE COLLEGE PRESS (PVT) LTD,ORG,0,27
uva.x002159251,6,1,0,3041,CARDINAL,9,13
uva.x002159251,6,1,1,Harare,GPE,14,20
uva.x002159251,6,1,2,Zimbabwe,GPE,21,29
uva.x002159251,6,1,3,1989,DATE,58,62
uva.x002159251,6,1,4,1990,DATE,73,77
uva.x002159251,6,1,5,MODERN PRESS (Pvt) Ltd.,ORG,89,112
uva.x002159251,6,1,6,Gweru,GPE,113,118
uva.x002159251,6,1,7,086925 903,CARDINAL,124,134
uva.x002159251,7,0,0,Jhe Cof,PERSON,8,15
uva.x002159251,7,0,1,Nancy Farmer,PERSON,28,40
uva.x002159251,7,0,2,The College Press,ORG,41,58
uva.x002159251,9,0,0,Matsika,PERSON,26,33
uva.x002159251,9,1,0,First,ORDINAL,0,5
uva.x002159251,9,3,0,Mellower,PERSON,26,34
uva.x002159251,9,7,0,Mellower,PERSON,4,12
uva.x002159251,9,12,0,Mellower,PERSON,4,12
uva.x002159251,9,14,0,Matsika,PERSON,72,79
uva.x002159251,9,16,0,one,CARDINAL,33,36
uva.x002159251,11,4,0,Mellower,PERSON,42,50
uva.x002159251,11,6,0,Mellower,PERSON,2,10
uva.x002159251,11,7,0,a few moments earlier,TIME,74,95
uva.x002159251,11,12,0,Harare,GPE,7,13
uva.x002159251,11,12,1,the year 2245,DATE,17,30
uva.x002159251,11,13,0,12 million,CARDINAL,19,29
uva.x002159251,11,13,1,Zimbabwe,GPE,71,79
uva.x002159251,11,13,2,today,DATE,80,85
uva.x002159251,11,14,0,Mellower,PERSON,29,37
uva.x002159251,11,14,1,Matsika,PERSON,81,88
uva.x002159251,11,15,0,Mellower,PERSON,2,10
uva.x002159251,11,18,0,Harare,GPE,3,9
uva.x002159251,11,18,1,2245,CARDINAL,10,14
uva.x002159251,11,19,0,Mellower,PERSON,20,28
uva.x002159251,11,20,0,Matsikas,PERSON,23,31
uva.x002159251,11,20,1,Mellower,PERSON,70,78
uva.x002159251,12,2,0,The day,DATE,0,7
uva.x002159251,12,2,1,Tongai,PERSON,21,27
uva.x002159251,12,2,2,aged 11,DATE,29,36
uva.x002159251,12,2,3,Rita,PERSON,39,43
uva.x002159251,12,2,4,10,DATE,45,47
uva.x002159251,12,2,5,Kudakwashe,PERSON,53,63
uva.x002159251,12,2,6,4,DATE,65,66
uva.x002159251,12,2,7,Mbare Musika,GPE,77,89
uva.x002159251,12,2,8,Mellower,PERSON,95,103
uva.x002159251,12,4,0,Harare,GPE,32,38
uva.x002159251,12,6,0,Tongai,PERSON,0,6
uva.x002159251,12,6,1,City Scout,ORG,38,48
uva.x002159251,12,10,0,Rita,PERSON,4,8
uva.x002159251,12,10,1,Kuda,PERSON,42,46
uva.x002159251,12,11,0,Mellower,PERSON,4,12
uva.x002159251,12,11,1,Kuda,PERSON,28,32
uva.x002159251,12,13,0,Kuda,PERSON,1,5
uva.x002159251,12,13,1,Mellower,PERSON,36,44
uva.x002159251,12,14,0,Kuda,PERSON,0,4
uva.x002159251,12,15,0,Tongai,PERSON,55,61
uva.x002159251,12,16,0,a year,DATE,20,26
uva.x002159251,12,16,1,Rita,PERSON,42,46
uva.x002159251,12,17,0,Scouts,ORG,15,21
uva.x002159251,12,17,1,Tongai,PERSON,46,52
uva.x002159251,12,18,0,The City Scouts,ORG,0,15
uva.x002159251,12,18,1,the Boy Scouts,ORG,25,39
uva.x002159251,12,18,2,today,DATE,43,48
uva.x002159251,12,21,0,Tongai,PERSON,31,37
uva.x002159251,12,21,1,Rita,PERSON,42,46
uva.x002159251,12,21,2,Harare,GPE,68,74
uva.x002159251,12,22,0,one,CARDINAL,19,22
uva.x002159251,12,22,1,Beatrice,GPE,29,37
uva.x002159251,12,23,0,Mazowe,GPE,39,45
uva.x002159251,12,24,0,Harare,GPE,30,36
uva.x002159251,12,24,1,2245,DATE,44,48
uva.x002159251,13,0,0,Kuda,PERSON,0,4
uva.x002159251,13,1,0,Scouts,ORG,25,31
uva.x002159251,13,2,0,Rita,PERSON,0,4
uva.x002159251,13,4,0,Mellower,PERSON,26,34
uva.x002159251,13,6,0,Matsika,PERSON,5,12
uva.x002159251,13,6,1,Kuda,PERSON,71,75
uva.x002159251,13,7,0,under six,DATE,83,92
uva.x002159251,13,8,0,that day,DATE,27,35
uva.x002159251,13,9,0,Mbare Musika,GPE,21,33
uva.x002159251,13,13,0,five,TIME,3,7
uva.x002159251,13,13,1,Matsika,PERSON,13,20
uva.x002159251,13,14,0,six,TIME,3,6
uva.x002159251,13,15,0,seven,TIME,3,8
uva.x002159251,13,17,0,Matsikas,PERSON,40,48
uva.x002159251,13,17,1,Harare,GPE,66,72
uva.x002159251,13,19,0,the Lion Park,FAC,50,63
uva.x002159251,13,19,1,Matsika,PERSON,71,78
uva.x002159251,13,21,0,Mellower,PERSON,65,73
uva.x002159251,13,22,0,Rita,PERSON,1,5
uva.x002159251,13,23,0,Mbare Musika,GPE,35,47
uva.x002159251,13,25,0,Matsika,PERSON,5,12
uva.x002159251,14,1,0,Mellower,PERSON,58,66
uva.x002159251,14,2,0,Kuda,PERSON,25,29
uva.x002159251,14,3,0,Mellower,PERSON,35,43
uva.x002159251,14,5,0,four years old,DATE,6,20
uva.x002159251,14,7,0,Mellower,PERSON,22,30
uva.x002159251,14,9,0,Mellower,PERSON,4,12
uva.x002159251,14,12,0,Mellower,PERSON,37,45
uva.x002159251,14,13,0,Matsika,PERSON,24,31
uva.x002159251,14,14,0,all evening,TIME,47,58
uva.x002159251,14,16,0,Mellower,PERSON,24,32
uva.x002159251,14,19,0,Matsika,PERSON,22,29
uva.x002159251,14,22,0,Harare,GPE,102,108
uva.x002159251,14,27,0,10,CARDINAL,0,2
uva.x002159251,15,0,0,Matsika,PERSON,20,27
uva.x002159251,15,4,0,Moscow,GPE,49,55
uva.x002159251,15,7,0,"the Ear, the Eye and the Arm Detective Agency",ORG,70,115
uva.x002159251,15,7,1,Harare,GPE,128,134
uva.x002159251,16,0,0,Mbare musika,GPE,0,12
uva.x002159251,16,0,1,a few hours,TIME,33,44
uva.x002159251,16,0,2,Mbare Musika,GPE,77,89
uva.x002159251,16,2,0,Mbare Musika,GPE,0,12
uva.x002159251,16,2,1,first,ORDINAL,18,23
uva.x002159251,16,3,0,Harare,GPE,34,40
uva.x002159251,16,3,1,Maputo,GPE,79,85
uva.x002159251,16,3,2,Cairo,GPE,89,94
uva.x002159251,16,3,3,London,GPE,98,104
uva.x002159251,16,4,0,thousands and thousands,CARDINAL,11,34
uva.x002159251,16,7,0,Second,ORDINAL,0,6
uva.x002159251,16,7,1,Mbare Musika,GPE,15,27
uva.x002159251,16,9,0,Mars,LOC,91,95
uva.x002159251,16,10,0,second,ORDINAL,47,53
uva.x002159251,18,1,0,Rita,PERSON,19,23
uva.x002159251,18,2,0,Tongai,PERSON,29,35
uva.x002159251,18,8,0,Tongai,GPE,0,6
uva.x002159251,18,8,1,Kuda,PERSON,58,62
uva.x002159251,18,9,0,Rita,PERSON,41,45
uva.x002159251,18,12,0,Tongai,GPE,0,6
uva.x002159251,18,15,0,Martian,NORP,18,25
uva.x002159251,18,15,1,Rita,PERSON,54,58
uva.x002159251,18,17,0,Rita,PERSON,37,41
uva.x002159251,18,20,0,Tongai,GPE,27,33
uva.x002159251,18,22,0,Rita,PERSON,23,27
uva.x002159251,18,23,0,Tongai,PERSON,25,31
uva.x002159251,18,24,0,Tongai,GPE,37,43
uva.x002159251,18,27,0,14,CARDINAL,12,14
uva.x002159251,19,0,0,Tongai,PERSON,0,6
uva.x002159251,19,2,0,Rita,PERSON,0,4
uva.x002159251,19,4,0,Rita,PERSON,29,33
uva.x002159251,19,4,1,Tongai,PERSON,38,44
uva.x002159251,19,7,0,three,CARDINAL,17,22
uva.x002159251,19,8,0,Tongai,PERSON,17,23
uva.x002159251,19,8,1,Kuda,PERSON,45,49
uva.x002159251,19,8,2,Rita,PERSON,72,76
uva.x002159251,19,11,0,three,CARDINAL,26,31
uva.x002159251,19,16,0,three,CARDINAL,72,77
uva.x002159251,19,18,0,Vainona,GPE,42,49
uva.x002159251,19,20,0,three,CARDINAL,15,20
uva.x002159251,20,0,0,Dead Man's Vlei,FAC,0,15
uva.x002159251,20,2,0,Dead Man's Vlei,FAC,20,35
uva.x002159251,20,14,0,Kuda,PERSON,0,4
uva.x002159251,20,15,0,Rita,PERSON,0,4
uva.x002159251,20,16,0,Tongai,NORP,0,6
uva.x002159251,20,20,0,16,CARDINAL,45,47
uva.x002159251,21,2,0,Rita,PERSON,5,9
uva.x002159251,21,6,0,Tongai,PERSON,0,6
uva.x002159251,21,7,0,Kuda,PERSON,0,4
uva.x002159251,21,8,0,Tongai,GPE,39,45
uva.x002159251,21,11,0,Tongai,GPE,0,6
uva.x002159251,21,15,0,one,CARDINAL,27,30
uva.x002159251,21,22,0,Scout,ORG,77,82
uva.x002159251,21,23,0,Tongai,PERSON,0,6
uva.x002159251,21,24,0,Rita,PERSON,0,4
uva.x002159251,21,24,1,Kuda,PERSON,49,53
uva.x002159251,21,25,0,a few minutes,TIME,3,16
uva.x002159251,21,25,1,17,CARDINAL,36,38
uva.x002159251,22,2,0,the She-Elephant,PERSON,26,42
uva.x002159251,22,9,0,Rita,PERSON,0,4
uva.x002159251,22,14,0,Tongai,PERSON,20,26
uva.x002159251,22,17,0,Rita,PERSON,44,48
uva.x002159251,22,19,0,Tongai,PERSON,22,28
uva.x002159251,22,21,0,Chibuku,GPE,52,59
uva.x002159251,22,22,0,Mellower,PERSON,48,56
uva.x002159251,22,22,1,Rudo,PERSON,65,69
uva.x002159251,22,22,2,Rita,PERSON,89,93
uva.x002159251,22,25,0,Kuda,PERSON,25,29
uva.x002159251,22,27,0,Tongai,PERSON,24,30
uva.x002159251,22,27,1,Kuda,PERSON,43,47
uva.x002159251,22,33,0,Tongai,GPE,0,6
uva.x002159251,22,33,1,Kuda,PERSON,32,36
uva.x002159251,23,0,0,Rita,PERSON,46,50
uva.x002159251,23,4,0,Rita,PERSON,20,24
uva.x002159251,23,4,1,Tongai,PERSON,32,38
uva.x002159251,23,9,0,Harare,GPE,33,39
uva.x002159251,23,9,1,Rita,PERSON,47,51
uva.x002159251,23,11,0,Tongai,GPE,0,6
uva.x002159251,23,15,0,Rita,PERSON,0,4
uva.x002159251,23,15,1,Kuda,PERSON,73,77
uva.x002159251,23,17,0,Rita,PERSON,32,36
uva.x002159251,23,19,0,hundreds of dollars,MONEY,33,52
uva.x002159251,23,20,0,Tongai,GPE,0,6
uva.x002159251,23,20,1,the She-Elephant,WORK_OF_ART,57,73
uva.x002159251,23,21,0,19,CARDINAL,50,52
uva.x002159251,24,0,0,Rita,PERSON,0,4
uva.x002159251,24,1,0,Mbare Musika,GPE,62,74
uva.x002159251,24,3,0,Rita,PERSON,35,39
uva.x002159251,24,10,0,Rita,PERSON,31,35
uva.x002159251,24,15,0,three,CARDINAL,18,23
uva.x002159251,24,17,0,Rita,PERSON,0,4
uva.x002159251,24,23,0,Rita,PERSON,3,7
uva.x002159251,24,25,0,20,CARDINAL,60,62
uva.x002159251,25,2,0,One,CARDINAL,0,3
uva.x002159251,25,4,0,Tongai,GPE,0,6
uva.x002159251,25,8,0,Tongai,GPE,0,6
uva.x002159251,25,11,0,Tongai,GPE,28,34
uva.x002159251,25,12,0,Knife,PERSON,115,120
uva.x002159251,25,13,0,the She-Elephant,ORG,16,32
uva.x002159251,25,16,0,the She-Elephant,PERSON,17,33
uva.x002159251,25,17,0,a week,DATE,10,16
uva.x002159251,25,17,1,Kuda,PERSON,41,45
uva.x002159251,25,19,0,a week,DATE,3,9
uva.x002159251,25,19,1,'11,DATE,13,16
uva.x002159251,25,20,0,21,CARDINAL,23,25
uva.x002159251,26,0,0,Trashman,PERSON,0,8
uva.x002159251,26,1,0,Rita,PERSON,32,36
uva.x002159251,26,1,1,about dawn,TIME,48,58
uva.x002159251,26,3,0,Rita,PERSON,10,14
uva.x002159251,26,3,1,Tongai,PERSON,60,66
uva.x002159251,26,7,0,Rita,PERSON,24,28
uva.x002159251,26,8,0,Kuda,PERSON,0,4
uva.x002159251,26,9,0,Tongai,PERSON,49,55
uva.x002159251,26,10,0,The She-Elepjant,PERSON,0,16
uva.x002159251,27,4,0,The She-Elephant,ORG,0,16
uva.x002159251,27,7,0,Rita,PERSON,0,4
uva.x002159251,27,7,1,Tongai,PERSON,6,12
uva.x002159251,27,7,2,Kuda,PERSON,17,21
uva.x002159251,27,8,0,the She-Elephant,ORG,17,33
uva.x002159251,27,9,0,all day,DATE,12,19
uva.x002159251,27,10,0,the day before,DATE,67,81
uva.x002159251,27,11,0,Tongai,NORP,0,6
uva.x002159251,27,11,1,Rita,PERSON,8,12
uva.x002159251,27,11,2,Kuda,PERSON,17,21
uva.x002159251,27,14,0,the She-Elephant's,ORG,29,47
uva.x002159251,27,15,0,three days,DATE,6,16
uva.x002159251,27,16,0,three,CARDINAL,4,9
uva.x002159251,27,20,0,23,CARDINAL,0,2
uva.x002159251,28,2,0,about twenty years old,DATE,7,29
uva.x002159251,28,5,0,Rita,PERSON,12,16
uva.x002159251,28,10,0,Rita,PERSON,22,26
uva.x002159251,28,15,0,Kuda,PERSON,18,22
uva.x002159251,28,17,0,Kuda,PERSON,42,46
uva.x002159251,28,18,0,Tongai,PERSON,34,40
uva.x002159251,28,19,0,Kuda,PERSON,14,18
uva.x002159251,28,22,0,Rita,PERSON,28,32
uva.x002159251,28,26,0,Kuda,PERSON,0,4
uva.x002159251,28,28,0,Tongai,PERSON,19,25
uva.x002159251,28,29,0,24,CARDINAL,0,2
uva.x002159251,29,0,0,Trashman,PERSON,1,9
uva.x002159251,29,0,1,the She-Elephant,PERSON,17,33
uva.x002159251,29,1,0,four-year-old,DATE,51,64
uva.x002159251,29,7,0,Trashman,PERSON,21,29
uva.x002159251,29,7,1,every day,DATE,30,39
uva.x002159251,29,8,0,Dead Man's,PERSON,38,48
uva.x002159251,29,10,0,Trashman,LOC,70,78
uva.x002159251,29,11,0,first,ORDINAL,99,104
uva.x002159251,29,13,0,Kuda,PERSON,33,37
uva.x002159251,29,15,0,Kuda,PERSON,30,34
uva.x002159251,29,16,0,Trashman,GPE,37,45
uva.x002159251,29,20,0,Rita,PERSON,53,57
uva.x002159251,29,20,1,SheElephant,PERSON,86,97
uva.x002159251,29,21,0,"10,000",MONEY,15,21
uva.x002159251,30,1,0,"5,000",MONEY,2,7
uva.x002159251,30,1,1,a week,DATE,43,49
uva.x002159251,30,2,0,Knife,PERSON,34,39
uva.x002159251,30,5,0,Rita,PERSON,0,4
uva.x002159251,30,7,0,Fist,PERSON,26,30
uva.x002159251,30,8,0,Knife,PERSON,23,28
uva.x002159251,30,10,0,SheElephant,PERSON,50,61
uva.x002159251,30,14,0,Knife,PERSON,4,9
uva.x002159251,30,15,0,Rita,PERSON,0,4
uva.x002159251,30,18,0,Fist,PERSON,44,48
uva.x002159251,30,22,0,Masks,PERSON,24,29
uva.x002159251,30,24,0,Rita,PERSON,0,4
uva.x002159251,30,24,1,Masks,PERSON,22,27
uva.x002159251,30,25,0,Fist,PERSON,31,35
uva.x002159251,30,26,0,Knife,PERSON,50,55
uva.x002159251,30,27,0,26,CARDINAL,48,50
uva.x002159251,31,1,0,the She-Elephant,PERSON,11,27
uva.x002159251,31,3,0,Tongai,GPE,32,38
uva.x002159251,31,5,0,Masks,PERSON,50,55
uva.x002159251,31,5,1,Fist,PERSON,66,70
uva.x002159251,31,6,0,the She-Elephant,PERSON,52,68
uva.x002159251,31,7,0,Knife,PERSON,52,57
uva.x002159251,31,11,0,Rita,PERSON,0,4
uva.x002159251,31,14,0,Kuda,GPE,26,30
uva.x002159251,31,15,0,Tomorrow,DATE,1,9
uva.x002159251,31,15,1,morning,TIME,10,17
uva.x002159251,31,18,0,Rita,PERSON,0,4
uva.x002159251,31,18,1,the She-Elephant,PRODUCT,62,78
uva.x002159251,31,20,0,Every afternoon,TIME,0,15
uva.x002159251,31,23,0,Tomorrow,DATE,0,8
uva.x002159251,31,23,1,morning,TIME,9,16
uva.x002159251,31,23,2,Kuda,PERSON,41,45
uva.x002159251,31,24,0,Tongai,PERSON,25,31
uva.x002159251,31,24,1,Masks,PERSON,52,57
uva.x002159251,31,25,0,Rita,PERSON,56,60
uva.x002159251,31,26,0,27,CARDINAL,0,2
uva.x002159251,32,0,0,Ear,ORG,4,7
uva.x002159251,32,0,1,Eye,ORG,13,16
uva.x002159251,32,1,0,Ear,ORG,45,48
uva.x002159251,32,1,1,the Eye and the Arm Detective Agency,ORG,50,86
uva.x002159251,32,1,2,the Cow's Guts,FAC,90,104
uva.x002159251,32,1,3,three,CARDINAL,110,115
uva.x002159251,32,2,0,several weeks,DATE,30,43
uva.x002159251,32,3,0,Arm,ORG,4,7
uva.x002159251,32,3,1,first,ORDINAL,45,50
uva.x002159251,32,4,0,the Hwange Nuclear Power Plant,FAC,44,74
uva.x002159251,32,6,0,Harare,GPE,41,47
uva.x002159251,32,7,0,three,CARDINAL,21,26
uva.x002159251,34,2,0,three,CARDINAL,25,30
uva.x002159251,34,15,0,Ear,PRODUCT,4,7
uva.x002159251,34,15,1,Eye,PRODUCT,69,72
uva.x002159251,34,16,0,Arm,PRODUCT,9,12
uva.x002159251,34,17,0,three,CARDINAL,9,14
uva.x002159251,34,19,0,Arm,ORG,29,32
uva.x002159251,34,19,1,first,ORDINAL,43,48
uva.x002159251,35,3,0,Matsika,PERSON,8,15
uva.x002159251,35,7,0,Arm,PERSON,42,45
uva.x002159251,35,8,0,several thousand dollars,MONEY,20,44
uva.x002159251,35,9,0,2245,DATE,41,45
uva.x002159251,35,10,0,Arm,ORG,4,7
uva.x002159251,35,14,0,the Eye and Ear,WORK_OF_ART,34,49
uva.x002159251,35,14,1,Arm,ORG,61,64
uva.x002159251,35,15,0,Arm,ORG,38,41
uva.x002159251,35,16,0,Matsika,PERSON,33,40
uva.x002159251,35,17,0,two,CARDINAL,26,29
uva.x002159251,35,18,0,a few moments,TIME,3,16
uva.x002159251,35,20,0,the next few days,DATE,11,28
uva.x002159251,35,23,0,the Larvon Bird Garden,FAC,66,88
uva.x002159251,35,23,1,the Lion Park,FAC,90,103
uva.x002159251,35,23,2,the Botanic Gardens,FAC,108,127
uva.x002159251,35,24,0,Mbare Musika,GPE,60,72
uva.x002159251,35,26,0,31,CARDINAL,0,2
uva.x002159251,36,2,0,the Cow's Guts,FAC,19,33
uva.x002159251,36,2,1,Mile-High Macllwaine Hotel,FAC,67,93
uva.x002159251,36,3,0,a Cow's Guts,FAC,52,64
uva.x002159251,36,6,0,the Cow's Guts,FAC,27,41
uva.x002159251,36,8,0,three,CARDINAL,28,33
uva.x002159251,36,10,0,the Mile-High Macllwaine,FAC,20,44
uva.x002159251,36,10,1,first,ORDINAL,46,51
uva.x002159251,36,10,2,200th,ORDINAL,59,64
uva.x002159251,36,10,3,the Starlight Room,FAC,85,103
uva.x002159251,36,10,4,400,CARDINAL,113,116
uva.x002159251,36,12,0,Gondwanna,ORG,44,53
uva.x002159251,36,14,0,Gondwannan,NORP,54,64
uva.x002159251,36,16,0,ten o'clock at night,TIME,7,27
uva.x002159251,36,17,0,Harare,GPE,17,23
uva.x002159251,37,0,0,noon,TIME,49,53
uva.x002159251,37,2,0,Arm,PERSON,83,86
uva.x002159251,37,3,0,Eye,PERSON,20,23
uva.x002159251,37,4,0,Kuda,PERSON,5,9
uva.x002159251,37,6,0,Arm,ORG,4,7
uva.x002159251,37,7,0,Ear,PERSON,97,100
uva.x002159251,37,8,0,Masks,PERSON,40,45
uva.x002159251,37,8,1,Arm,PERSON,57,60
uva.x002159251,37,11,0,Ear,PRODUCT,49,52
uva.x002159251,37,14,0,Martian,NORP,4,11
uva.x002159251,37,16,0,Ear,PERSON,26,29
uva.x002159251,37,23,0,33,CARDINAL,51,53
uva.x002159251,38,3,0,last week,DATE,13,22
uva.x002159251,38,4,0,Ear,PERSON,18,21
uva.x002159251,38,6,0,three,CARDINAL,12,17
uva.x002159251,38,10,0,Dead Man's Vlei,LOC,55,70
uva.x002159251,38,18,0,Eye,ORG,9,12
uva.x002159251,38,19,0,dawn,TIME,4,8
uva.x002159251,38,20,0,fifteen minutes ago,TIME,19,38
uva.x002159251,38,21,0,Arm,PERSON,19,22
uva.x002159251,38,23,0,Ear,PERSON,26,29
uva.x002159251,38,24,0,Rita,PERSON,0,4
uva.x002159251,38,24,1,Tongai,GPE,40,46
uva.x002159251,38,25,0,34,CARDINAL,48,50
uva.x002159251,39,3,0,several hours,TIME,10,23
uva.x002159251,39,3,1,Mbare Musika,GPE,55,67
uva.x002159251,39,4,0,Kuda,PERSON,20,24
uva.x002159251,39,4,1,the morning,TIME,28,39
uva.x002159251,39,5,0,Kuda,PERSON,16,20
uva.x002159251,39,5,1,Rita,PERSON,35,39
uva.x002159251,39,9,0,Tongai,PERSON,22,28
uva.x002159251,39,10,0,Rita,PERSON,31,35
uva.x002159251,39,15,0,Kuda,PERSON,14,18
uva.x002159251,39,18,0,the She-Elephant,ORG,24,40
uva.x002159251,39,18,1,Tongai,PERSON,84,90
uva.x002159251,39,19,0,Rita,PERSON,0,4
uva.x002159251,39,19,1,Kuda,PERSON,15,19
uva.x002159251,39,21,0,Rita,PERSON,76,80
uva.x002159251,39,22,0,Kuda,PERSON,0,4
uva.x002159251,39,23,0,Tongai,PERSON,25,31
uva.x002159251,39,24,0,Trashman,ORG,51,59
uva.x002159251,39,25,0,first,ORDINAL,8,13
uva.x002159251,39,25,1,Trashman,PERSON,39,47
uva.x002159251,39,26,0,Rita,PERSON,78,82
uva.x002159251,39,26,1,Tongai,PERSON,87,93
uva.x002159251,39,27,0,Kuda,PERSON,27,31
uva.x002159251,39,27,1,Trashman,PERSON,37,45
uva.x002159251,39,28,0,35,CARDINAL,0,2
uva.x002159251,40,2,0,Rita,PERSON,13,17
uva.x002159251,40,3,0,Tongai,GPE,0,6
uva.x002159251,40,3,1,Trashman,PERSON,37,45
uva.x002159251,40,6,0,half,CARDINAL,44,48
uva.x002159251,40,7,0,Trashman,PERSON,27,35
uva.x002159251,40,7,1,Vainona,GPE,127,134
uva.x002159251,40,8,0,SheElephnat,ORG,15,26
uva.x002159251,40,9,0,Trashman,PERSON,0,8
uva.x002159251,40,10,0,Rita,PERSON,0,4
uva.x002159251,40,11,0,Trashman,PERSON,56,64
uva.x002159251,40,15,0,Tongai,PERSON,26,32
uva.x002159251,40,19,0,the She-Elephant,PERSON,17,33
uva.x002159251,40,22,0,the She-Elephant,PERSON,23,39
uva.x002159251,40,22,1,Vainona,GPE,111,118
uva.x002159251,41,5,0,Tongai,PERSON,68,74
uva.x002159251,41,10,0,Trashman,PERSON,13,21
uva.x002159251,41,13,0,Rita,PERSON,0,4
uva.x002159251,41,15,0,under $100,MONEY,19,29
uva.x002159251,41,16,0,Tongai,GPE,32,38
uva.x002159251,41,17,0,Domboshawa,GPE,1,11
uva.x002159251,41,18,0,Arcturus,GPE,17,25
uva.x002159251,41,19,0,Rita,PERSON,37,41
uva.x002159251,41,21,0,Domboshawa,GPE,1,11
uva.x002159251,41,23,0,Resthaven,GPE,39,48
uva.x002159251,41,25,0,Trashman,PERSON,23,31
uva.x002159251,41,25,1,Kuda,PERSON,50,54
uva.x002159251,41,26,0,Trashman,PERSON,0,8
uva.x002159251,41,28,0,37,CARDINAL,0,2
uva.x002159251,42,2,0,four,CARDINAL,15,19
uva.x002159251,42,2,1,Ear,PERSON,67,70
uva.x002159251,42,7,0,a few minutes,TIME,55,68
uva.x002159251,42,9,0,Belvedere,GPE,24,33
uva.x002159251,42,9,1,Lomagundi,GPE,35,44
uva.x002159251,42,9,2,Mount Pleasant,GPE,49,63
uva.x002159251,42,10,0,fifty,CARDINAL,66,71
uva.x002159251,42,12,0,38,CARDINAL,4,6
uva.x002159251,43,0,0,Eye,ORG,37,40
uva.x002159251,43,1,0,Dead Man's Vlei,LOC,51,66
uva.x002159251,43,2,0,Harare,GPE,66,72
uva.x002159251,43,3,0,one,CARDINAL,3,6
uva.x002159251,43,3,1,Vainona,GPE,31,38
uva.x002159251,43,3,2,Northwood,GPE,40,49
uva.x002159251,43,3,3,Marlborough,GPE,54,65
uva.x002159251,43,4,0,Mount Hampden,LOC,18,31
uva.x002159251,43,4,1,Domboshawa,GPE,36,46
uva.x002159251,43,5,0,Dead Man's Vlei,WORK_OF_ART,12,27
uva.x002159251,43,8,0,morning,TIME,31,38
uva.x002159251,43,12,0,Arm,PERSON,38,41
uva.x002159251,43,16,0,Vainona,GPE,18,25
uva.x002159251,43,17,0,the Cow's Guts,FAC,63,77
uva.x002159251,43,18,0,morning,TIME,29,36
uva.x002159251,43,18,1,Ear,PERSON,48,51
uva.x002159251,43,19,0,Arm,PERSON,37,40
uva.x002159251,43,21,0,night,TIME,46,51
uva.x002159251,43,22,0,Ear,PERSON,24,27
uva.x002159251,43,23,0,39,CARDINAL,29,31
uva.x002159251,44,1,0,three,CARDINAL,4,9
uva.x002159251,44,6,0,several minutes,TIME,19,34
uva.x002159251,44,9,0,five,CARDINAL,11,15
uva.x002159251,44,9,1,only one,CARDINAL,31,39
uva.x002159251,44,9,2,Eye,PERSON,60,63
uva.x002159251,44,10,0,three,CARDINAL,11,16
uva.x002159251,44,10,1,two,CARDINAL,55,58
uva.x002159251,44,11,0,Arm,PERSON,34,37
uva.x002159251,44,12,0,Ear,ORG,36,39
uva.x002159251,44,13,0,Vlei,PRODUCT,93,97
uva.x002159251,44,19,0,Ear,PRODUCT,52,55
uva.x002159251,44,20,0,40,CARDINAL,53,55
uva.x002159251,45,12,0,Maputo,GPE,37,43
uva.x002159251,45,12,1,Knife,PERSON,55,60
uva.x002159251,45,12,2,Portuguese,LANGUAGE,72,82
uva.x002159251,45,13,0,Arclurus,GPE,25,33
uva.x002159251,45,13,1,Vainona,GPE,37,44
uva.x002159251,45,17,0,about twenty minutes,TIME,4,24
uva.x002159251,45,19,0,Vlei,PRODUCT,75,79
uva.x002159251,45,21,0,One,CARDINAL,0,3
uva.x002159251,45,22,0,Vlei,PRODUCT,20,24
uva.x002159251,45,26,0,The Arm and Ear,ORG,0,15
uva.x002159251,45,26,1,41,CARDINAL,34,36
uva.x002159251,47,5,0,three,CARDINAL,4,9
uva.x002159251,47,7,0,Vainona,GPE,27,34
uva.x002159251,47,13,0,two,CARDINAL,4,7
uva.x002159251,47,15,0,Vainona,GPE,31,38
uva.x002159251,47,17,0,Dead Man's Vlei,WORK_OF_ART,123,138
uva.x002159251,47,18,0,Ear,PERSON,65,68
uva.x002159251,47,19,0,two,CARDINAL,10,13
uva.x002159251,47,19,1,Arm,PRODUCT,51,54
uva.x002159251,47,20,0,Eye,PRODUCT,63,66
uva.x002159251,47,22,0,Arm,PRODUCT,31,34
uva.x002159251,47,23,0,Ear,PRODUCT,39,42
uva.x002159251,47,24,0,only one,CARDINAL,9,17
uva.x002159251,47,24,1,two,CARDINAL,21,24
uva.x002159251,47,24,2,43,CARDINAL,43,45
uva.x002159251,48,1,0,three,CARDINAL,4,9
uva.x002159251,48,2,0,Vainona,GPE,39,46
uva.x002159251,48,2,1,the night,TIME,67,76
uva.x002159251,48,14,0,Ear,PERSON,14,17
uva.x002159251,48,19,0,Ear,PRODUCT,32,35
uva.x002159251,48,19,1,Eye,PRODUCT,40,43
uva.x002159251,48,19,2,Arm,PRODUCT,64,67
uva.x002159251,48,23,0,Eye,PRODUCT,30,33
uva.x002159251,48,24,0,the She-Elephant,PRODUCT,7,23
uva.x002159251,48,24,1,44,CARDINAL,55,57
uva.x002159251,49,6,0,Parirenyatwa Hospital,FAC,21,42
uva.x002159251,49,8,0,Eye,ORG,16,19
uva.x002159251,49,9,0,tonight,TIME,37,44
uva.x002159251,49,14,0,Vainona,GPE,37,44
uva.x002159251,49,14,1,tonight,TIME,45,52
uva.x002159251,49,16,0,Arm,FAC,82,85
uva.x002159251,49,17,0,half-akilometre,QUANTITY,50,65
uva.x002159251,49,18,0,Africa,LOC,31,37
uva.x002159251,49,20,0,Arm,PRODUCT,17,20
uva.x002159251,49,21,0,The Eye and Ear,ORG,0,15
uva.x002159251,49,22,0,45,CARDINAL,0,2
uva.x002159251,50,0,0,Resthaven,PERSON,0,9
uva.x002159251,50,2,0,Trashman,PERSON,135,143
uva.x002159251,50,3,0,at least a quarter of a kilometre,QUANTITY,52,85
uva.x002159251,50,5,0,Rita,PERSON,0,4
uva.x002159251,50,7,0,Trashman,PERSON,13,21
uva.x002159251,50,10,0,Rita,PERSON,44,48
uva.x002159251,50,11,0,Trashman,PERSON,47,55
uva.x002159251,51,4,0,Rita,PERSON,0,4
uva.x002159251,51,5,0,evening,TIME,6,13
uva.x002159251,51,5,1,baba,PERSON,15,19
uva.x002159251,51,6,0,Rita,PERSON,0,4
uva.x002159251,51,7,0,evening,TIME,6,13
uva.x002159251,51,7,1,mai,PERSON,15,18
uva.x002159251,51,11,0,Rita,PERSON,0,4
uva.x002159251,51,11,1,Tongai,PERSON,9,15
uva.x002159251,51,12,0,Kuda,PERSON,0,4
uva.x002159251,51,12,1,Trashman,PERSON,20,28
uva.x002159251,51,13,0,Trashman,PERSON,13,21
uva.x002159251,51,17,0,Chedu,ORG,1,6
uva.x002159251,51,19,0,Rita,PERSON,29,33
uva.x002159251,51,27,0,47,CARDINAL,54,56
uva.x002159251,52,4,0,Rita,PERSON,33,37
uva.x002159251,52,4,1,Tongai,PERSON,42,48
uva.x002159251,52,5,0,Tongai,PERSON,39,45
uva.x002159251,52,10,0,2245,CARDINAL,75,79
uva.x002159251,52,12,0,Rita,PERSON,8,12
uva.x002159251,52,16,0,msasa,ORG,45,50
uva.x002159251,52,20,0,Rita,PERSON,0,4
uva.x002159251,52,22,0,Rita,PERSON,50,54
uva.x002159251,52,22,1,the She-Elephant,PERSON,94,110
uva.x002159251,52,23,0,48,CARDINAL,0,2
uva.x002159251,54,7,0,Trashman,PERSON,0,8
uva.x002159251,54,7,1,Kuda,PERSON,63,67
uva.x002159251,54,8,0,Chedu,PERSON,12,17
uva.x002159251,54,9,0,Rita,PERSON,25,29
uva.x002159251,54,10,0,Trashman,PERSON,25,33
uva.x002159251,54,12,0,Rita,PERSON,27,31
uva.x002159251,54,12,1,Trashman,PERSON,49,57
uva.x002159251,54,16,0,about two.,DATE,18,28
uva.x002159251,54,18,0,Rita,PERSON,21,25
uva.x002159251,54,21,0,Rita,PERSON,50,54
uva.x002159251,54,25,0,50,CARDINAL,3,5
uva.x002159251,55,2,0,more than a few days,DATE,24,44
uva.x002159251,55,4,0,Rita,PERSON,71,75
uva.x002159251,55,11,0,Rita,PERSON,0,4
uva.x002159251,55,16,0,Chipo,PERSON,32,37
uva.x002159251,55,17,0,Tongai,GPE,5,11
uva.x002159251,55,18,0,Myanda,PERSON,41,47
uva.x002159251,55,18,1,Kuda,PERSON,56,60
uva.x002159251,55,19,0,Kuda,PERSON,0,4
uva.x002159251,55,22,0,Rita,PERSON,0,4
uva.x002159251,55,23,0,51,CARDINAL,28,30
uva.x002159251,56,0,0,Chipo,PERSON,0,5
uva.x002159251,56,2,0,Resthaven,GPE,70,79
uva.x002159251,56,3,0,two,CARDINAL,85,88
uva.x002159251,56,4,0,dawn,TIME,20,24
uva.x002159251,56,5,0,msasa,ORG,58,63
uva.x002159251,56,7,0,Myanda,PERSON,19,25
uva.x002159251,56,9,0,Myanda,PERSON,9,15
uva.x002159251,56,11,0,Chipo,PERSON,40,45
uva.x002159251,56,12,0,Rita,PERSON,0,4
uva.x002159251,56,13,0,Tongai,PERSON,31,37
uva.x002159251,56,13,1,Kuda,PERSON,42,46
uva.x002159251,56,15,0,Trashman,PERSON,0,8
uva.x002159251,56,16,0,Myanda,PERSON,25,31
uva.x002159251,56,17,0,Rita,PERSON,0,4
uva.x002159251,56,17,1,Chipo,PERSON,65,70
uva.x002159251,56,20,0,Rita,PERSON,16,20
uva.x002159251,56,21,0,Chipo,PERSON,29,34
uva.x002159251,56,22,0,Rita,PERSON,0,4
uva.x002159251,57,1,0,Chipo,PERSON,39,44
uva.x002159251,57,2,0,Rita,PERSON,23,27
uva.x002159251,57,4,0,Rita,PERSON,0,4
uva.x002159251,57,5,0,Chipo,PERSON,32,37
uva.x002159251,57,6,0,Tongai,PERSON,30,36
uva.x002159251,57,6,1,Kuda,PERSON,41,45
uva.x002159251,57,6,2,Garikayi,PERSON,82,90
uva.x002159251,57,7,0,Rita,PERSON,0,4
uva.x002159251,57,7,1,Garikayi,PERSON,18,26
uva.x002159251,57,7,2,Myanda,PERSON,51,57
uva.x002159251,57,7,3,Chipo,PERSON,62,67
uva.x002159251,57,10,0,Myanda,PERSON,17,23
uva.x002159251,57,11,0,Rita,PERSON,26,30
uva.x002159251,57,12,0,Rita,PERSON,17,21
uva.x002159251,57,19,0,53,CARDINAL,26,28
uva.x002159251,58,0,0,Tongai,PERSON,0,6
uva.x002159251,58,3,0,Tongai,PERSON,24,30
uva.x002159251,58,5,0,Rita,PERSON,0,4
uva.x002159251,58,5,1,Chipo,PERSON,54,59
uva.x002159251,58,9,0,Rita,PERSON,0,4
uva.x002159251,58,9,1,Chipo,PERSON,44,49
uva.x002159251,58,10,0,Tongai,GPE,17,23
uva.x002159251,58,16,0,Chipo,PERSON,0,5
uva.x002159251,58,17,0,Rita,PERSON,29,33
uva.x002159251,58,17,1,Tongai,PERSON,42,48
uva.x002159251,58,21,0,Rita,PERSON,0,4
uva.x002159251,58,22,0,Resthaven,GPE,24,33
uva.x002159251,58,22,1,the next morning,TIME,104,120
uva.x002159251,58,24,0,54,CARDINAL,11,13
uva.x002159251,59,0,0,Tongai,PERSON,0,6
uva.x002159251,59,1,0,Chipo,PERSON,37,42
uva.x002159251,59,2,0,Chipo,PERSON,0,5
uva.x002159251,59,6,0,Rita,PERSON,4,8
uva.x002159251,59,6,1,Martian,LANGUAGE,44,51
uva.x002159251,59,6,2,Chipo,PERSON,61,66
uva.x002159251,59,9,0,Chipo,PERSON,15,20
uva.x002159251,59,14,0,Chipo,PERSON,4,9
uva.x002159251,59,14,1,Rita,PERSON,31,35
uva.x002159251,59,15,0,Rita,PERSON,54,58
uva.x002159251,59,16,0,Chipo,PERSON,18,23
uva.x002159251,59,17,0,Rita,PERSON,0,4
uva.x002159251,59,20,0,Myanda,PERSON,0,6
uva.x002159251,59,21,0,Rita,PERSON,0,4
uva.x002159251,59,23,0,Myanda,PERSON,29,35
uva.x002159251,59,24,0,Rita,PERSON,22,26
uva.x002159251,59,25,0,Rita,PERSON,49,53
uva.x002159251,59,26,0,Chipo,PERSON,95,100
uva.x002159251,60,3,0,dinner time,TIME,3,14
uva.x002159251,60,4,0,Garikayi,PERSON,25,33
uva.x002159251,60,4,1,two,CARDINAL,38,41
uva.x002159251,60,4,2,first,ORDINAL,74,79
uva.x002159251,60,5,0,first,ORDINAL,28,33
uva.x002159251,60,7,0,Rita,PERSON,0,4
uva.x002159251,60,10,0,Myanda,PERSON,0,6
uva.x002159251,60,10,1,Chipo,PERSON,19,24
uva.x002159251,60,11,0,Garikayi,PERSON,25,33
uva.x002159251,60,13,0,Rita,PERSON,34,38
uva.x002159251,60,14,0,all day,DATE,10,17
uva.x002159251,60,14,1,Chipo,PERSON,97,102
uva.x002159251,60,14,2,Myanda,PERSON,107,113
uva.x002159251,60,16,0,Garikayi,PERSON,0,8
uva.x002159251,60,20,0,Rita,PERSON,22,26
uva.x002159251,60,21,0,Rita,PERSON,36,40
uva.x002159251,60,24,0,Rita,PERSON,5,9
uva.x002159251,60,25,0,Myanda,PERSON,0,6
uva.x002159251,60,25,1,Chipo,PERSON,11,16
uva.x002159251,60,25,2,Garikayi,PERSON,56,64
uva.x002159251,60,26,0,Tongai,GPE,0,6
uva.x002159251,61,4,0,Garikayi,PERSON,15,23
uva.x002159251,61,5,0,A few minutes later,TIME,0,19
uva.x002159251,61,6,0,Kuda,PERSON,0,4
uva.x002159251,61,6,1,Myanda,PERSON,25,31
uva.x002159251,61,7,0,Myanda,PERSON,54,60
uva.x002159251,61,8,0,Chipo,PERSON,11,16
uva.x002159251,61,8,1,this afternoon,TIME,17,31
uva.x002159251,61,10,0,Rita,PERSON,24,28
uva.x002159251,61,12,0,Chipo,PERSON,0,5
uva.x002159251,61,13,0,Myanda,PERSON,26,32
uva.x002159251,61,19,0,Chipo,PERSON,23,28
uva.x002159251,61,21,0,Rita,PERSON,22,26
uva.x002159251,61,25,0,Tongai,PERSON,32,38
uva.x002159251,61,26,0,Rita,PERSON,12,16
uva.x002159251,61,29,0,Myanda,PERSON,97,103
uva.x002159251,61,30,0,57,CARDINAL,0,2
uva.x002159251,63,1,0,Rita,PERSON,18,22
uva.x002159251,63,5,0,Myanda,PERSON,0,6
uva.x002159251,63,6,0,Rita,PERSON,0,4
uva.x002159251,63,6,1,Tongai,PERSON,9,15
uva.x002159251,63,7,0,the last minute,TIME,3,18
uva.x002159251,63,7,1,Trashman,PERSON,20,28
uva.x002159251,63,8,0,Chedu,PERSON,13,18
uva.x002159251,63,8,1,Myanda,PERSON,26,32
uva.x002159251,63,9,0,Trashman,PERSON,0,8
uva.x002159251,63,9,1,Kuda,PERSON,52,56
uva.x002159251,63,9,2,one,CARDINAL,62,65
uva.x002159251,63,9,3,Tongai,PERSON,75,81
uva.x002159251,63,10,0,Rita,PERSON,45,49
uva.x002159251,63,12,0,Myanda,PERSON,11,17
uva.x002159251,63,12,1,Tongai,PERSON,53,59
uva.x002159251,63,12,2,Trashman,PERSON,75,83
uva.x002159251,63,13,0,Rita,PERSON,27,31
uva.x002159251,63,14,0,Kuda,PERSON,0,4
uva.x002159251,63,14,1,Resthaven,GPE,30,39
uva.x002159251,63,16,0,Trashman,PERSON,64,72
uva.x002159251,63,17,0,Rita,PERSON,0,4
uva.x002159251,63,17,1,Tongai,PERSON,9,15
uva.x002159251,63,18,0,Resthaven,GPE,53,62
uva.x002159251,63,19,0,Tongai,PERSON,26,32
uva.x002159251,63,20,0,59,CARDINAL,0,2
uva.x002159251,64,0,0,Arm,PERSON,4,7
uva.x002159251,64,1,0,Eye,ORG,4,7
uva.x002159251,64,4,0,Eye,ORG,4,7
uva.x002159251,64,4,1,Ear,ORG,52,55
uva.x002159251,64,4,2,Matsika,PERSON,71,78
uva.x002159251,64,5,0,Vainona,GPE,86,93
uva.x002159251,64,5,1,Domboshawa,GPE,97,107
uva.x002159251,64,5,2,Arcturus,GPE,111,119
uva.x002159251,64,6,0,Vlei,PRODUCT,49,53
uva.x002159251,64,16,0,Mellower,PERSON,20,28
uva.x002159251,64,16,1,the morning,TIME,32,43
uva.x002159251,64,16,2,60,CARDINAL,46,48
uva.x002159251,65,0,0,Ear,PERSON,29,32
uva.x002159251,65,1,0,Eye,PERSON,4,7
uva.x002159251,65,1,1,Arm,PERSON,77,80
uva.x002159251,65,2,0,Ear,PERSON,48,51
uva.x002159251,65,3,0,First thing in the morning,TIME,0,26
uva.x002159251,65,3,1,Eye,PERSON,32,35
uva.x002159251,65,5,0,Mellower,PERSON,11,19
uva.x002159251,65,10,0,Arm,PERSON,1,4
uva.x002159251,65,11,0,Eye,PERSON,38,41
uva.x002159251,65,12,0,Arm,PERSON,4,7
uva.x002159251,65,12,1,one,CARDINAL,56,59
uva.x002159251,65,12,2,Mellower,PERSON,80,88
uva.x002159251,65,13,0,Mellower,PERSON,42,50
uva.x002159251,65,18,0,Eye,PERSON,35,38
uva.x002159251,65,19,0,Mellower,PERSON,46,54
uva.x002159251,65,23,0,the People's Medal,WORK_OF_ART,21,39
uva.x002159251,65,25,0,Eye,PERSON,36,39
uva.x002159251,65,26,0,61,CARDINAL,0,2
uva.x002159251,66,0,0,Mellower,PERSON,48,56
uva.x002159251,66,3,0,Eye,ORG,4,7
uva.x002159251,66,4,0,Arm,ORG,4,7
uva.x002159251,66,4,1,Ear,ORG,44,47
uva.x002159251,66,5,0,Ear,ORG,10,13
uva.x002159251,66,5,1,Arm,ORG,22,25
uva.x002159251,66,5,2,Mellower,PERSON,49,57
uva.x002159251,66,6,0,Mellower,PERSON,4,12
uva.x002159251,66,6,1,three or four,CARDINAL,25,38
uva.x002159251,66,8,0,Eye,PERSON,40,43
uva.x002159251,66,10,0,Mellower,PERSON,44,52
uva.x002159251,66,11,0,Dead Man's Vlei,WORK_OF_ART,27,42
uva.x002159251,66,11,1,three,CARDINAL,86,91
uva.x002159251,66,12,0,Masks,PERSON,40,45
uva.x002159251,66,13,0,Mellower,PERSON,23,31
uva.x002159251,66,14,0,Mellowers,PERSON,20,29
uva.x002159251,66,14,1,Dead Man's Vlei,WORK_OF_ART,101,116
uva.x002159251,66,15,0,Eye,PRODUCT,22,25
uva.x002159251,67,2,0,Ear,PERSON,51,54
uva.x002159251,67,2,1,Melower,PERSON,100,107
uva.x002159251,67,3,0,Mellower,PERSON,45,53
uva.x002159251,67,6,0,Ear,PERSON,74,77
uva.x002159251,67,7,0,Mellower,PERSON,16,24
uva.x002159251,67,10,0,the She-Elephant,PERSON,19,35
uva.x002159251,67,12,0,Ear,PERSON,49,52
uva.x002159251,67,13,0,Eye,PERSON,36,39
uva.x002159251,67,14,0,Mellower,PERSON,10,18
uva.x002159251,67,17,0,that morning,TIME,87,99
uva.x002159251,67,18,0,Arm,PERSON,52,55
uva.x002159251,67,19,0,days,DATE,42,46
uva.x002159251,67,20,0,Eye,ORG,33,36
uva.x002159251,67,21,0,every day,DATE,59,68
uva.x002159251,67,24,0,63,CARDINAL,21,23
uva.x002159251,68,3,0,Arm,PERSON,24,27
uva.x002159251,68,4,0,Vainona,PERSON,17,24
uva.x002159251,68,4,1,Domboshawa,GPE,54,64
uva.x002159251,68,6,0,Resthaven,GPE,0,9
uva.x002159251,68,7,0,Arm,PRODUCT,4,7
uva.x002159251,68,14,0,three,CARDINAL,23,28
uva.x002159251,68,16,0,Arm,ORG,33,36
uva.x002159251,68,17,0,Arm,ORG,49,52
uva.x002159251,68,17,1,Resthaven,GPE,95,104
uva.x002159251,68,18,0,Arm,ORG,33,36
uva.x002159251,68,22,0,Resthaven,GPE,48,57
uva.x002159251,68,23,0,Ear,PRODUCT,4,7
uva.x002159251,68,23,1,Eye,PRODUCT,13,16
uva.x002159251,68,23,2,Arm,PRODUCT,25,28
uva.x002159251,68,25,0,64,CARDINAL,0,2
uva.x002159251,69,0,0,Ear,ORG,4,7
uva.x002159251,69,1,0,Resthaven,GPE,36,45
uva.x002159251,69,2,0,Ear,ORG,32,35
uva.x002159251,69,4,0,Arm,ORG,44,47
uva.x002159251,69,6,0,Resthaven,GPE,26,35
uva.x002159251,69,9,0,Ear,ORG,4,7
uva.x002159251,69,10,0,Arm,PERSON,69,72
uva.x002159251,69,12,0,no less than eight,CARDINAL,11,29
uva.x002159251,69,15,0,Arm,PRODUCT,19,22
uva.x002159251,69,16,0,three,CARDINAL,4,9
uva.x002159251,69,16,1,Resthaven,LOC,41,50
uva.x002159251,69,20,0,65,CARDINAL,0,2
uva.x002159251,70,0,0,Eye,PRODUCT,4,7
uva.x002159251,70,1,0,Arm,PRODUCT,4,7
uva.x002159251,70,3,0,Myanda,PERSON,27,33
uva.x002159251,70,7,0,the night,TIME,30,39
uva.x002159251,70,9,0,Arm,FAC,38,41
uva.x002159251,70,12,0,Resthaven,GPE,31,40
uva.x002159251,70,13,0,Myanda,PERSON,0,6
uva.x002159251,70,17,0,Myanda,PERSON,19,25
uva.x002159251,70,20,0,Myanda,PERSON,0,6
uva.x002159251,70,21,0,66,CARDINAL,49,51
uva.x002159251,71,1,0,third,ORDINAL,96,101
uva.x002159251,71,3,0,Myanda,PERSON,20,26
uva.x002159251,71,10,0,Myanda,PERSON,45,51
uva.x002159251,71,14,0,Arm,PERSON,18,21
uva.x002159251,71,17,0,Myanda,PERSON,18,24
uva.x002159251,71,18,0,hours ago,TIME,11,20
uva.x002159251,71,20,0,Arm,PRODUCT,4,7
uva.x002159251,71,20,1,Eye,PRODUCT,19,22
uva.x002159251,71,21,0,Myanda,PERSON,42,48
uva.x002159251,72,1,0,Ear,PERSON,50,53
uva.x002159251,72,4,0,late-night,TIME,68,78
uva.x002159251,72,5,0,Parirenyatwa Hospital,FAC,49,70
uva.x002159251,72,5,1,Myanda,NORP,113,119
uva.x002159251,72,6,0,68,CARDINAL,0,2
uva.x002159251,73,1,0,Ear,PRODUCT,16,19
uva.x002159251,73,1,1,Eye,PRODUCT,25,28
uva.x002159251,73,1,2,Resthaven,GPE,60,69
uva.x002159251,73,1,3,only three blocks,QUANTITY,89,106
uva.x002159251,73,2,0,Ear,PRODUCT,98,101
uva.x002159251,73,3,0,Tongai,PERSON,34,40
uva.x002159251,73,3,1,Rita,PERSON,45,49
uva.x002159251,73,3,2,Trashman,GPE,73,81
uva.x002159251,73,4,0,Kuda,PERSON,0,4
uva.x002159251,73,5,0,Resthaven,GPE,31,40
uva.x002159251,73,5,1,Rita,PERSON,52,56
uva.x002159251,73,6,0,Tongai,PERSON,18,24
uva.x002159251,73,9,0,Rita,PERSON,27,31
uva.x002159251,73,10,0,Tongai,PERSON,35,41
uva.x002159251,74,1,0,Rita,PERSON,34,38
uva.x002159251,74,1,1,Trashman,PERSON,51,59
uva.x002159251,74,2,0,Trashman,PERSON,0,8
uva.x002159251,74,2,1,Kuda,PERSON,17,21
uva.x002159251,74,2,2,one,CARDINAL,38,41
uva.x002159251,74,4,0,Tongai,GPE,6,12
uva.x002159251,74,6,0,Resthaven,GPE,18,27
uva.x002159251,74,7,0,midnight,TIME,50,58
uva.x002159251,74,8,0,Tongai,GPE,0,6
uva.x002159251,74,10,0,Subway,ORG,0,6
uva.x002159251,74,11,0,Rita,PERSON,31,35
uva.x002159251,74,12,0,Trashman,PERSON,4,12
uva.x002159251,74,12,1,Kuda,PERSON,58,62
uva.x002159251,74,14,0,Rita,PERSON,22,26
uva.x002159251,74,16,0,Tongai,GPE,0,6
uva.x002159251,74,16,1,Trashman,PERSON,35,43
uva.x002159251,74,23,0,Rita,PERSON,0,4
uva.x002159251,74,24,0,the night,TIME,36,45
uva.x002159251,74,25,0,Tongai,GPE,27,33
uva.x002159251,74,26,0,Trashman 70,PERSON,4,15
uva.x002159251,75,2,0,Rita,PERSON,43,47
uva.x002159251,75,4,0,Trashman,PERSON,0,8
uva.x002159251,75,6,0,Rita,PERSON,23,27
uva.x002159251,75,11,0,2,MONEY,34,35
uva.x002159251,75,11,1,Trashman,PERSON,51,59
uva.x002159251,75,11,2,one,CARDINAL,66,69
uva.x002159251,75,11,3,four,CARDINAL,102,106
uva.x002159251,75,13,0,Tongai,PERSON,24,30
uva.x002159251,75,14,0,Trashman,PERSON,0,8
uva.x002159251,75,16,0,Rita,PERSON,30,34
uva.x002159251,75,18,0,Tongai,GPE,42,48
uva.x002159251,75,19,0,Kuda,PERSON,62,66
uva.x002159251,75,22,0,Trashman,PERSON,0,8
uva.x002159251,75,22,1,three,CARDINAL,13,18
uva.x002159251,75,22,2,Rita,PERSON,45,49
uva.x002159251,75,22,3,Kuda,PERSON,54,58
uva.x002159251,75,23,0,Tongai,GPE,0,6
uva.x002159251,75,24,0,Rita,PERSON,41,45
uva.x002159251,75,26,0,71,CARDINAL,59,61
uva.x002159251,76,4,0,Rita,PERSON,19,23
uva.x002159251,76,9,0,Trashman,PERSON,17,25
uva.x002159251,76,11,0,Masks,PRODUCT,5,10
uva.x002159251,76,12,0,Masks,PRODUCT,4,9
uva.x002159251,76,16,0,Tongai,GPE,8,14
uva.x002159251,77,3,0,first,ORDINAL,4,9
uva.x002159251,77,5,0,Masks,PRODUCT,5,10
uva.x002159251,77,8,0,three,CARDINAL,65,70
uva.x002159251,77,11,0,Masks,PRODUCT,34,39
uva.x002159251,77,11,1,Resthaven,GPE,79,88
uva.x002159251,77,11,2,Tongai,PERSON,131,137
uva.x002159251,77,14,0,Rita,PERSON,32,36
uva.x002159251,77,20,0,Trashman,PERSON,24,32
uva.x002159251,77,21,0,Tongai,PERSON,22,28
uva.x002159251,77,23,0,Trashman,PERSON,25,33
uva.x002159251,77,27,0,Trashman,PERSON,41,49
uva.x002159251,77,28,0,73,CARDINAL,57,59
uva.x002159251,78,0,0,Kuda,PERSON,0,4
uva.x002159251,78,3,0,midnight,TIME,50,58
uva.x002159251,78,10,0,Beatrice,GPE,12,20
uva.x002159251,78,10,1,Tongai,GPE,28,34
uva.x002159251,78,14,0,Tongai,PERSON,0,6
uva.x002159251,78,15,0,Goromonzi,GPE,42,51
uva.x002159251,78,15,1,Harare,GPE,86,92
uva.x002159251,78,20,0,Rita,PERSON,13,17
uva.x002159251,78,21,0,Borrowdale,GPE,20,30
uva.x002159251,78,23,0,Tongai,PERSON,13,19
uva.x002159251,78,24,0,Mellower,PERSON,5,13
uva.x002159251,78,31,0,Masks,PRODUCT,36,41
uva.x002159251,78,35,0,74,CARDINAL,0,2
uva.x002159251,79,2,0,Tongai,PERSON,27,33
uva.x002159251,79,3,0,Rita,PERSON,18,22
uva.x002159251,79,3,1,Borrowdale,GPE,48,58
uva.x002159251,79,6,0,Rita,PERSON,0,4
uva.x002159251,79,6,1,Tongai,PERSON,9,15
uva.x002159251,79,6,2,Kuda,PERSON,47,51
uva.x002159251,79,6,3,Trashman,ORG,68,76
uva.x002159251,79,7,0,Rita,PERSON,49,53
uva.x002159251,79,8,0,Tongai,PERSON,20,26
uva.x002159251,79,10,0,Vainona,GPE,40,47
uva.x002159251,79,10,1,Mbare Musika,ORG,62,74
uva.x002159251,79,11,0,Resthaven,GPE,36,45
uva.x002159251,79,14,0,Rita,PERSON,21,25
uva.x002159251,79,16,0,Tongai,PERSON,31,37
uva.x002159251,79,17,0,Kuda,PERSON,0,4
uva.x002159251,79,17,1,Trashman,PERSON,37,45
uva.x002159251,79,18,0,Tongai,PERSON,29,35
uva.x002159251,79,19,0,Horsepool Lane,FAC,4,18
uva.x002159251,79,19,1,Rita,PERSON,39,43
uva.x002159251,79,25,0,75,CARDINAL,0,2
uva.x002159251,80,0,0,Rita,PERSON,0,4
uva.x002159251,80,2,0,Tongai,PERSON,18,24
uva.x002159251,80,2,1,25 Horsepool Lane,FAC,45,62
uva.x002159251,80,10,0,Rita,PERSON,37,41
uva.x002159251,80,11,0,Tongai,GPE,22,28
uva.x002159251,80,12,0,Horsepool Lane,FAC,63,77
uva.x002159251,80,16,0,Horsepool-Lane,FAC,18,32
uva.x002159251,80,18,0,Rita,PERSON,18,22
uva.x002159251,80,25,0,Rita,PERSON,0,4
uva.x002159251,80,25,1,Tongai,PERSON,23,29
uva.x002159251,80,28,0,Borrowdale,GPE,14,24
uva.x002159251,81,3,0,Chenjera imbwa,GPE,35,49
uva.x002159251,81,5,0,Rita,GPE,21,25
uva.x002159251,81,5,1,Tongai,GPE,30,36
uva.x002159251,81,11,0,hundreds,CARDINAL,10,18
uva.x002159251,81,12,0,Horsepool Lane,FAC,47,61
uva.x002159251,81,14,0,Tongai,PERSON,29,35
uva.x002159251,81,18,0,Rita,PERSON,58,62
uva.x002159251,81,19,0,Matsika,PERSON,14,21
uva.x002159251,81,20,0,Mellower,PERSON,22,30
uva.x002159251,81,25,0,Rita,PERSON,12,16
uva.x002159251,81,25,1,Tongai,GPE,25,31
uva.x002159251,81,27,0,77,CARDINAL,0,2
uva.x002159251,83,9,0,seven,TIME,46,51
uva.x002159251,83,18,0,a few moments,TIME,86,99
uva.x002159251,83,22,0,Tongai,PERSON,23,29
uva.x002159251,83,23,0,Trashman,GPE,48,56
uva.x002159251,83,24,0,Matsika,PERSON,15,22
uva.x002159251,83,25,0,Rita,PERSON,28,32
uva.x002159251,83,26,0,79,CARDINAL,0,2
uva.x002159251,84,0,0,Matsika,PERSON,26,33
uva.x002159251,84,5,0,Rita,PERSON,36,40
uva.x002159251,84,10,0,Tongai,PERSON,37,43
uva.x002159251,84,11,0,Kuda,PERSON,0,4
uva.x002159251,84,17,0,Rita,PERSON,0,4
uva.x002159251,84,17,1,Tongai,PERSON,9,15
uva.x002159251,84,17,2,Trashman,PERSON,63,71
uva.x002159251,84,22,0,three,CARDINAL,9,14
uva.x002159251,84,23,0,two seconds,TIME,20,31
uva.x002159251,84,23,1,HorsepoolWorthington,PERSON,64,84
uva.x002159251,84,24,0,80,CARDINAL,0,2
uva.x002159251,85,0,0,Trashman,PERSON,0,8
uva.x002159251,85,0,1,Horsepool-Worthington,PERSON,28,49
uva.x002159251,85,9,0,three-minute,TIME,16,28
uva.x002159251,85,16,0,yesterday,DATE,26,35
uva.x002159251,85,17,0,Horsepool-Worthington,PERSON,5,26
uva.x002159251,86,9,0,HorsepoolWorthingham,PERSON,40,60
uva.x002159251,86,12,0,Amadeus Matsika,PERSON,8,23
uva.x002159251,86,14,0,a few seconds,TIME,3,16
uva.x002159251,86,15,0,Mellower,PERSON,30,38
uva.x002159251,86,16,0,HorsepoolWorthingham,PERSON,38,58
uva.x002159251,86,22,0,Mellower,PERSON,19,27
uva.x002159251,86,27,0,Horsepool-Worthingham,PERSON,29,50
uva.x002159251,87,4,0,Mellower,PERSON,22,30
uva.x002159251,87,5,0,Matsika,PERSON,6,13
uva.x002159251,87,8,0,Mellower,PERSON,39,47
uva.x002159251,87,14,0,Mummy,PERSON,9,14
uva.x002159251,87,18,0,Horsepool-Worthingham,PERSON,31,52
uva.x002159251,87,20,0,Half,CARDINAL,0,4
uva.x002159251,87,23,0,Horsepool-Worthinham,PERSON,5,25
uva.x002159251,87,23,1,one,CARDINAL,69,72
uva.x002159251,87,27,0,Mellower,PERSON,23,31
uva.x002159251,87,28,0,83,CARDINAL,33,35
uva.x002159251,88,2,0,Matsika,PERSON,5,12
uva.x002159251,88,6,0,Mellower,PERSON,26,34
uva.x002159251,88,14,0,Mellower,PERSON,25,33
uva.x002159251,88,14,1,Horsepool-Worthingham,PERSON,46,67
uva.x002159251,88,20,0,Horsepool-Worthingham,PERSON,5,26
uva.x002159251,88,25,0,Mellower,PERSON,29,37
uva.x002159251,89,5,0,Horsepool-Worthingham,PERSON,35,56
uva.x002159251,89,8,0,Mellower,PERSON,42,50
uva.x002159251,89,9,0,Horsepool-Worthingham,PERSON,29,50
uva.x002159251,89,11,0,my days,DATE,28,35
uva.x002159251,89,15,0,Mellower,PERSON,4,12
uva.x002159251,89,16,0,Horsepool-Worthingham,PERSON,5,26
uva.x002159251,89,22,0,Tongai,GPE,39,45
uva.x002159251,89,26,0,the 85,DATE,54,60
uva.x002159251,90,0,0,past week,DATE,0,9
uva.x002159251,90,0,1,first,ORDINAL,11,16
uva.x002159251,90,0,2,Dead Man's,PERSON,37,47
uva.x002159251,90,0,3,Resthaven,GPE,72,81
uva.x002159251,90,2,0,Mellower,PERSON,52,60
uva.x002159251,90,4,0,today,DATE,16,21
uva.x002159251,90,4,1,Rita,PERSON,24,28
uva.x002159251,90,4,2,Kuda,PERSON,60,64
uva.x002159251,90,6,0,Rita,PERSON,32,36
uva.x002159251,90,12,0,Rita,PERSON,0,4
uva.x002159251,90,13,0,Tongai,NORP,0,6
uva.x002159251,90,13,1,Kuda,PERSON,14,18
uva.x002159251,90,14,0,today,DATE,17,22
uva.x002159251,90,15,0,Kuda,PERSON,20,24
uva.x002159251,90,17,0,Rita,PERSON,0,4
uva.x002159251,90,18,0,a week ago,DATE,19,29
uva.x002159251,90,24,0,Rita,PERSON,18,22
uva.x002159251,90,26,0,Tongai,GPE,0,6
uva.x002159251,90,27,0,86,CARDINAL,24,26
uva.x002159251,91,7,0,Kuda,PERSON,0,4
uva.x002159251,91,9,0,Kuda,PERSON,0,4
uva.x002159251,91,10,0,Rita,PERSON,0,4
uva.x002159251,91,11,0,Heather Pride,PERSON,8,21
uva.x002159251,91,11,1,Malagasy Star by Son of Steel,WORK_OF_ART,30,59
uva.x002159251,91,11,2,Horsepool-Worthingham,PERSON,72,93
uva.x002159251,91,11,3,Rita,PERSON,107,111
uva.x002159251,91,13,0,morning,TIME,8,15
uva.x002159251,91,14,0,Son of Steel,PERSON,1,13
uva.x002159251,91,17,0,Heather Pride,PERSON,0,13
uva.x002159251,91,20,0,Rita,PERSON,0,4
uva.x002159251,91,23,0,Pasha's Favourite,WORK_OF_ART,6,23
uva.x002159251,91,25,0,Kuda,PERSON,0,4
uva.x002159251,91,26,0,Pasha's Favourite,WORK_OF_ART,1,18
uva.x002159251,91,26,1,three years running,DATE,36,55
uva.x002159251,91,26,2,Horsepool-Worthingham,PERSON,68,89
uva.x002159251,91,27,0,Persian,NORP,46,53
uva.x002159251,91,27,1,Harare,GPE,57,63
uva.x002159251,91,28,0,Tongai,PERSON,0,6
uva.x002159251,92,2,0,only one,CARDINAL,63,71
uva.x002159251,92,4,0,Horsepool-Worthingham,PERSON,23,44
uva.x002159251,92,6,0,Beijing,GPE,60,67
uva.x002159251,92,7,0,days,DATE,82,86
uva.x002159251,92,8,0,Beijing,GPE,83,90
uva.x002159251,92,12,0,Rita,PERSON,17,21
uva.x002159251,92,12,1,Tongai,GPE,26,32
uva.x002159251,92,12,2,Kuda,PERSON,76,80
uva.x002159251,92,13,0,Tongai,PERSON,29,35
uva.x002159251,92,14,0,Horsepool-Worthingham,PERSON,69,90
uva.x002159251,92,16,0,The Mellower,PERSON,9,21
uva.x002159251,92,16,1,Tongai,PERSON,29,35
uva.x002159251,92,17,0,Mellower,PERSON,1,9
uva.x002159251,92,19,0,Mellower,PERSON,12,20
uva.x002159251,92,21,0,Rita,PERSON,30,34
uva.x002159251,92,24,0,88,DATE,25,27
uva.x002159251,93,2,0,Mellower,PERSON,0,8
uva.x002159251,93,3,0,Antony Horsepool-Worthingham,PERSON,12,40
uva.x002159251,93,4,0,Rita,PERSON,23,27
uva.x002159251,93,4,1,Horsepool-Worthingham,PERSON,61,82
uva.x002159251,93,5,0,Horsepools,PERSON,17,27
uva.x002159251,93,5,1,Borrowdale,GPE,35,45
uva.x002159251,93,5,2,the year dot,DATE,52,64
uva.x002159251,93,6,0,Worthingham,PERSON,7,18
uva.x002159251,93,12,0,Rita,PERSON,0,4
uva.x002159251,93,12,1,Tongai,PERSON,9,15
uva.x002159251,93,12,2,Trashman,PERSON,67,75
uva.x002159251,93,13,0,Tongai,PERSON,17,23
uva.x002159251,93,14,0,Rita,PERSON,28,32
uva.x002159251,93,15,0,Horsepool-Worthingham,PERSON,5,26
uva.x002159251,93,20,0,two,CARDINAL,74,77
uva.x002159251,93,22,0,Trashman,PERSON,0,8
uva.x002159251,93,24,0,Kuda,PERSON,44,48
uva.x002159251,93,27,0,Kuda,PERSON,0,4
uva.x002159251,93,28,0,Trashman,PERSON,0,8
uva.x002159251,94,0,0,Trashman,PERSON,4,12
uva.x002159251,94,2,0,Rita,PERSON,34,38
uva.x002159251,94,3,0,Trashman,PERSON,1,9
uva.x002159251,94,6,0,half,CARDINAL,28,32
uva.x002159251,94,6,1,HorsepoolWorthingham,PERSON,45,65
uva.x002159251,94,10,0,Horsepool-Worthingham,PERSON,44,65
uva.x002159251,94,11,0,Tongai,GPE,0,6
uva.x002159251,94,11,1,a week ago,DATE,99,109
uva.x002159251,94,13,0,Rita,PERSON,0,4
uva.x002159251,94,19,0,Horsepool-Worthingham,PERSON,44,65
uva.x002159251,94,20,0,donkey years,DATE,24,36
uva.x002159251,94,24,0,90,CARDINAL,52,54
uva.x002159251,95,4,0,Rita,PERSON,0,4
uva.x002159251,95,5,0,the night,TIME,58,67
uva.x002159251,95,6,0,Rita,PERSON,15,19
uva.x002159251,95,7,0,Horsepool-Worthingham,PERSON,14,35
uva.x002159251,95,8,0,one,CARDINAL,5,8
uva.x002159251,95,8,1,bedtime,TIME,62,69
uva.x002159251,95,10,0,Tongai,GPE,31,37
uva.x002159251,95,12,0,Horsepool-Worthingham,PERSON,37,58
uva.x002159251,95,13,0,Rudo,PERSON,52,56
uva.x002159251,95,13,1,Samson,PERSON,66,72
uva.x002159251,95,15,0,only one,CARDINAL,20,28
uva.x002159251,95,15,1,Horsepool-Worthingham,PERSON,41,62
uva.x002159251,95,17,0,Mellower,PERSON,23,31
uva.x002159251,95,19,0,Late that night,TIME,0,15
uva.x002159251,95,21,0,a day,DATE,52,57
uva.x002159251,95,21,1,Horsepoll-Worthingham,PERSON,110,131
uva.x002159251,95,23,0,Tongai,GPE,18,24
uva.x002159251,96,5,0,Trashman,PERSON,10,18
uva.x002159251,96,5,1,Tongai,GPE,30,36
uva.x002159251,96,7,0,92,CARDINAL,0,2
uva.x002159251,97,0,0,Arm,PERSON,7,10
uva.x002159251,97,1,0,Eye,PERSON,4,7
uva.x002159251,97,1,1,Mellower,PERSON,55,63
uva.x002159251,97,4,0,Arm,PERSON,9,12
uva.x002159251,97,7,0,two,CARDINAL,10,13
uva.x002159251,97,8,0,first,ORDINAL,4,9
uva.x002159251,97,8,1,Mellower,PERSON,49,57
uva.x002159251,97,9,0,Ear,PERSON,69,72
uva.x002159251,97,10,0,Resthaven,GPE,10,19
uva.x002159251,97,10,1,Chedu,PERSON,38,43
uva.x002159251,97,10,2,Trashman,PERSON,73,81
uva.x002159251,97,10,3,Arm,PERSON,93,96
uva.x002159251,97,12,0,Arm,PERSON,21,24
uva.x002159251,97,14,0,one,CARDINAL,85,88
uva.x002159251,97,14,1,93,CARDINAL,92,94
uva.x002159251,98,2,0,Ear,PERSON,43,46
uva.x002159251,98,3,0,Mellower,PERSON,14,22
uva.x002159251,98,3,1,Eye,PERSON,47,50
uva.x002159251,98,4,0,Arm,ORG,44,47
uva.x002159251,98,5,0,Mellower,PERSON,56,64
uva.x002159251,98,8,0,three,CARDINAL,4,9
uva.x002159251,98,8,1,Mellower,PERSON,40,48
uva.x002159251,98,9,0,an hour,TIME,4,11
uva.x002159251,98,10,0,Eye,PERSON,33,36
uva.x002159251,98,12,0,Mellower,PERSON,4,12
uva.x002159251,98,12,1,fifth,ORDINAL,24,29
uva.x002159251,98,12,2,Arm,PERSON,55,58
uva.x002159251,98,13,0,Mellower,PERSON,4,12
uva.x002159251,98,13,1,Ear,ORG,59,62
uva.x002159251,98,17,0,Arm,PERSON,51,54
uva.x002159251,98,20,0,Mellower,PERSON,41,49
uva.x002159251,98,23,0,Matsika,PERSON,43,50
uva.x002159251,99,2,0,Arm,PERSON,29,32
uva.x002159251,99,2,1,Mellower,PERSON,100,108
uva.x002159251,99,3,0,Ear,PERSON,16,19
uva.x002159251,99,6,0,Eye,PERSON,28,31
uva.x002159251,99,6,1,a few minutes,TIME,89,102
uva.x002159251,99,7,0,Resthaven,GPE,45,54
uva.x002159251,99,8,0,Arm,ORG,37,40
uva.x002159251,99,9,0,Masks,ORG,10,15
uva.x002159251,99,10,0,last night,TIME,19,29
uva.x002159251,99,13,0,Masks,ORG,5,10
uva.x002159251,99,13,1,Arm,ORG,23,26
uva.x002159251,99,15,0,Ear,ORG,28,31
uva.x002159251,99,16,0,midnight,TIME,22,30
uva.x002159251,99,16,1,Goromonzi,GPE,54,63
uva.x002159251,99,18,0,Masks,ORG,4,9
uva.x002159251,99,25,0,Trashman,PERSON,39,47
uva.x002159251,99,26,0,95,CARDINAL,0,2
uva.x002159251,100,0,0,Eye,PRODUCT,9,12
uva.x002159251,100,1,0,Arm,PERSON,12,15
uva.x002159251,100,5,0,Eye,PERSON,28,31
uva.x002159251,100,11,0,Masks,WORK_OF_ART,5,10
uva.x002159251,100,13,0,two,CARDINAL,16,19
uva.x002159251,100,13,1,one,CARDINAL,41,44
uva.x002159251,100,15,0,Masks,WORK_OF_ART,59,64
uva.x002159251,100,17,0,a moment,TIME,3,11
uva.x002159251,100,18,0,Arm,PERSON,52,55
uva.x002159251,100,19,0,the She-Elephant,ORG,102,118
uva.x002159251,100,20,0,Ear,PERSON,21,24
uva.x002159251,100,21,0,Goromonzi,GPE,32,41
uva.x002159251,100,21,1,Arm,PERSON,79,82
uva.x002159251,100,22,0,Eye,PERSON,42,45
uva.x002159251,100,23,0,96,CARDINAL,7,9
uva.x002159251,101,3,0,midnight,TIME,6,14
uva.x002159251,101,3,1,Tongai,GPE,34,40
uva.x002159251,101,3,2,Horsepool-Worthingham,PERSON,55,76
uva.x002159251,101,3,3,three,CARDINAL,117,122
uva.x002159251,101,3,4,Resthaven,GPE,186,195
uva.x002159251,101,4,0,Masks,PERSON,12,17
uva.x002159251,101,4,1,Ear,PERSON,49,52
uva.x002159251,101,5,0,Arm,PERSON,54,57
uva.x002159251,101,8,0,A few moments later,TIME,0,19
uva.x002159251,101,11,0,Eye,ORG,4,7
uva.x002159251,101,12,0,half,CARDINAL,84,88
uva.x002159251,101,14,0,Masks,PRODUCT,48,53
uva.x002159251,101,15,0,only four,CARDINAL,11,20
uva.x002159251,101,19,0,Borrowdale,GPE,16,26
uva.x002159251,101,21,0,Arm,PERSON,30,33
uva.x002159251,101,22,0,Borrowdale,GPE,26,36
uva.x002159251,101,22,1,one,CARDINAL,68,71
uva.x002159251,101,22,2,97,CARDINAL,115,117
uva.x002159251,102,2,0,two,CARDINAL,53,56
uva.x002159251,102,9,0,Borrowdale,GPE,1,11
uva.x002159251,102,11,0,the She-Elephant,FAC,3,19
uva.x002159251,102,11,1,Borrowdale,GPE,56,66
uva.x002159251,102,14,0,Eye,PRODUCT,13,16
uva.x002159251,102,14,1,Arm,PRODUCT,25,28
uva.x002159251,102,23,0,Arm,PRODUCT,25,28
uva.x002159251,102,24,0,sixth,ORDINAL,4,9
uva.x002159251,102,25,0,three,CARDINAL,53,58
uva.x002159251,102,26,0,Borrowdale,GPE,0,10
uva.x002159251,102,28,0,Arm,PRODUCT,15,18
uva.x002159251,102,28,1,sixth,ORDINAL,21,26
uva.x002159251,102,28,2,three,CARDINAL,50,55
uva.x002159251,103,7,0,Borrowdale,GPE,37,47
uva.x002159251,103,8,0,three or four hours,TIME,30,49
uva.x002159251,103,8,1,the late night,TIME,55,69
uva.x002159251,103,9,0,Arm,PRODUCT,82,85
uva.x002159251,103,10,0,lunchtime,TIME,12,21
uva.x002159251,103,13,0,Eye,PERSON,28,31
uva.x002159251,103,16,0,Ear,PERSON,29,32
uva.x002159251,103,17,0,Eye,PERSON,47,50
uva.x002159251,103,21,0,Ear,PRODUCT,4,7
uva.x002159251,103,21,1,three,CARDINAL,17,22
uva.x002159251,103,22,0,Arm,PERSON,49,52
uva.x002159251,103,24,0,Eye,PERSON,4,7
uva.x002159251,103,24,1,99,CARDINAL,34,36
uva.x002159251,104,1,0,Mellower,PERSON,11,19
uva.x002159251,104,2,0,Mellower,PERSON,5,13
uva.x002159251,104,2,1,Arm,PERSON,25,28
uva.x002159251,104,6,0,Mellower,PERSON,23,31
uva.x002159251,104,7,0,Eye,PERSON,4,7
uva.x002159251,104,10,0,Eye,ORG,4,7
uva.x002159251,104,11,0,Arm,PERSON,4,7
uva.x002159251,104,11,1,sixth,ORDINAL,39,44
uva.x002159251,104,12,0,Borrowdale,FAC,25,35
uva.x002159251,104,13,0,Trashman,PERSON,17,25
uva.x002159251,104,13,1,Eye,ORG,44,47
uva.x002159251,104,16,0,Trashman,PERSON,6,14
uva.x002159251,104,16,1,Arm,PERSON,37,40
uva.x002159251,104,22,0,Ear,PERSON,47,50
uva.x002159251,104,24,0,Arm,PERSON,33,36
uva.x002159251,104,27,0,Ear,PERSON,28,31
uva.x002159251,104,29,0,Borrowdale,GPE,38,48
uva.x002159251,104,31,0,Ear,PERSON,4,7
uva.x002159251,104,31,1,100,CARDINAL,46,49
uva.x002159251,105,0,0,one,CARDINAL,5,8
uva.x002159251,105,0,1,Arm,PERSON,16,19
uva.x002159251,105,5,0,one,CARDINAL,7,10
uva.x002159251,105,7,0,Ear,PERSON,29,32
uva.x002159251,105,10,0,Arm,PERSON,41,44
uva.x002159251,105,11,0,Trashman,PERSON,19,27
uva.x002159251,105,11,1,Ear,PERSON,57,60
uva.x002159251,105,14,0,Arm,PERSON,4,7
uva.x002159251,105,15,0,Mellower,PERSON,5,13
uva.x002159251,105,20,0,Arm,ORG,23,26
uva.x002159251,105,23,0,five minutes later,TIME,19,37
uva.x002159251,105,23,1,Ear,PRODUCT,43,46
uva.x002159251,105,23,2,Eye,PRODUCT,52,55
uva.x002159251,105,23,3,Arm,PRODUCT,64,67
uva.x002159251,105,23,4,25 Horsepool Lane,FAC,126,143
uva.x002159251,105,23,5,Borrowdale,GPE,145,155
uva.x002159251,106,0,0,Horse,PERSON,7,12
uva.x002159251,106,0,1,Borrowdale,GPE,23,33
uva.x002159251,106,0,2,Horsepool-Worthingham,PERSON,39,60
uva.x002159251,106,2,0,three days,DATE,105,115
uva.x002159251,106,3,0,Antony,PERSON,59,65
uva.x002159251,106,5,0,only a tablespoon,QUANTITY,53,70
uva.x002159251,106,5,1,Rita,PERSON,109,113
uva.x002159251,106,6,0,Tongai,PERSON,29,35
uva.x002159251,106,7,0,Horsepool-Worthingham,PERSON,27,48
uva.x002159251,106,8,0,this afternoon,TIME,19,33
uva.x002159251,106,9,0,Rita,PERSON,43,47
uva.x002159251,106,10,0,my day,DATE,4,10
uva.x002159251,106,10,1,102,CARDINAL,18,21
uva.x002159251,107,1,0,Rita,PERSON,0,4
uva.x002159251,107,4,0,Trashman,PERSON,9,17
uva.x002159251,107,8,0,Arm,PRODUCT,4,7
uva.x002159251,107,9,0,three,CARDINAL,4,9
uva.x002159251,107,10,0,Horsepool-Worthingham,PERSON,19,40
uva.x002159251,107,12,0,Tongai,PERSON,0,6
uva.x002159251,107,12,1,Kuda,PERSON,11,15
uva.x002159251,107,12,2,Rita,PERSON,38,42
uva.x002159251,107,13,0,Rita,PERSON,0,4
uva.x002159251,107,13,1,Resthaven,GPE,65,74
uva.x002159251,107,17,0,Rita,PERSON,8,12
uva.x002159251,107,17,1,Tongai,GPE,40,46
uva.x002159251,107,18,0,Kuda,PERSON,5,9
uva.x002159251,107,20,0,Rita,PERSON,0,4
uva.x002159251,107,22,0,Rita,PERSON,52,56
uva.x002159251,107,23,0,Resthaven,GPE,78,87
uva.x002159251,107,24,0,103,CARDINAL,4,7
uva.x002159251,108,1,0,one,CARDINAL,55,58
uva.x002159251,108,6,0,Horsepool-Worthingham,PERSON,37,58
uva.x002159251,108,8,0,Rita,PERSON,14,18
uva.x002159251,108,8,1,Rita,PERSON,40,44
uva.x002159251,108,10,0,Mellower,PERSON,15,23
uva.x002159251,108,13,0,a successful morning,TIME,11,31
uva.x002159251,108,13,1,HorsepoolWorthingham,PERSON,41,61
uva.x002159251,108,14,0,First,ORDINAL,0,5
uva.x002159251,108,14,1,Kuda,PERSON,27,31
uva.x002159251,108,16,0,Tongai,GPE,20,26
uva.x002159251,108,21,0,Trashman,PERSON,44,52
uva.x002159251,108,22,0,two,CARDINAL,24,27
uva.x002159251,108,23,0,104,CARDINAL,18,21
uva.x002159251,109,2,0,Horsepool-Worthingham,PERSON,14,35
uva.x002159251,109,4,0,Pasha,PERSON,0,5
uva.x002159251,109,7,0,Pasha,PERSON,39,44
uva.x002159251,109,8,0,three,CARDINAL,8,13
uva.x002159251,109,12,0,a few minutes,TIME,3,16
uva.x002159251,109,12,1,Rita,PERSON,26,30
uva.x002159251,109,12,2,Tongai,PERSON,32,38
uva.x002159251,109,12,3,Kuda,PERSON,43,47
uva.x002159251,109,14,0,Tongai,PERSON,19,25
uva.x002159251,109,16,0,Mellower,PERSON,18,26
uva.x002159251,109,16,1,Rita,PERSON,54,58
uva.x002159251,109,19,0,Tongai,PERSON,0,6
uva.x002159251,109,21,0,Horsepool-Worthingham,PERSON,15,36
uva.x002159251,109,23,0,three,CARDINAL,28,33
uva.x002159251,109,24,0,Trashman,PERSON,22,30
uva.x002159251,109,25,0,Horsepool-Worthingham,PERSON,5,26
uva.x002159251,109,26,0,a second,TIME,3,11
uva.x002159251,109,26,1,105,CARDINAL,39,42
uva.x002159251,110,3,0,Trashman,PERSON,24,32
uva.x002159251,110,3,1,Tongai,PERSON,41,47
uva.x002159251,110,5,0,Rita,PERSON,0,4
uva.x002159251,110,5,1,Kuda,PERSON,9,13
uva.x002159251,110,6,0,Kuda,PERSON,25,29
uva.x002159251,110,7,0,Horsepool-Worthingham,PERSON,51,72
uva.x002159251,110,14,0,Kuda,PERSON,0,4
uva.x002159251,110,14,1,Rita,PERSON,30,34
uva.x002159251,110,14,2,one,CARDINAL,80,83
uva.x002159251,110,15,0,Tongai,GPE,0,6
uva.x002159251,110,16,0,Trashman,PERSON,1,9
uva.x002159251,110,18,0,Chedu,PERSON,1,6
uva.x002159251,110,21,0,Trashman,PERSON,7,15
uva.x002159251,110,22,0,HorsepoolWorthingham,PERSON,49,69
uva.x002159251,110,23,0,Tongai,PERSON,0,6
uva.x002159251,110,24,0,Tongai,GPE,60,66
uva.x002159251,110,26,0,HorsepoolWorthingham,PERSON,37,57
uva.x002159251,110,28,0,Tongai,PERSON,86,92
uva.x002159251,110,29,0,106,CARDINAL,47,50
uva.x002159251,111,1,0,the afternoon,TIME,3,16
uva.x002159251,111,1,1,Horsepool-Worthingham,PERSON,23,44
uva.x002159251,111,2,0,years,DATE,27,32
uva.x002159251,111,2,1,Tongai,PERSON,40,46
uva.x002159251,111,3,0,Rita,PERSON,20,24
uva.x002159251,111,4,0,today,DATE,25,30
uva.x002159251,111,6,0,Pasha,PERSON,40,45
uva.x002159251,111,7,0,Rita,PERSON,46,50
uva.x002159251,111,7,1,one,CARDINAL,69,72
uva.x002159251,111,8,0,Pasha's Favourite,WORK_OF_ART,25,42
uva.x002159251,111,12,0,ones,CARDINAL,13,17
uva.x002159251,111,12,1,twos,CARDINAL,22,26
uva.x002159251,111,13,0,one,CARDINAL,40,43
uva.x002159251,111,15,0,Horsepool-Worthingham,PERSON,33,54
uva.x002159251,111,18,0,one,CARDINAL,45,48
uva.x002159251,111,22,0,Afghan,NORP,30,36
uva.x002159251,111,25,0,107,CARDINAL,0,3
uva.x002159251,112,1,0,third,ORDINAL,10,15
uva.x002159251,112,4,0,over twenty,DATE,8,19
uva.x002159251,112,4,1,Horsepool-Worthingham,PERSON,32,53
uva.x002159251,112,12,0,Horsepool-Worthingham,PERSON,52,73
uva.x002159251,112,14,0,Rita,PERSON,0,4
uva.x002159251,112,14,1,Tongai,PERSON,6,12
uva.x002159251,112,14,2,Kuda,PERSON,17,21
uva.x002159251,112,17,0,HorsepoolWorthingham,PERSON,11,31
uva.x002159251,112,19,0,Pasha,PERSON,0,5
uva.x002159251,112,20,0,Rita,PERSON,33,37
uva.x002159251,112,22,0,Horsepool-Worthingham,PERSON,6,27
uva.x002159251,112,22,1,Mellower,PERSON,36,44
uva.x002159251,112,22,2,Tongai,PERSON,52,58
uva.x002159251,112,27,0,108,CARDINAL,52,55
uva.x002159251,113,1,0,Tongai,NORP,0,6
uva.x002159251,113,2,0,Rita,PERSON,0,4
uva.x002159251,113,6,0,the She-Elephant,WORK_OF_ART,81,97
uva.x002159251,113,7,0,109,CARDINAL,0,3
uva.x002159251,114,0,0,Epworth,GPE,15,22
uva.x002159251,114,1,0,Borrowdale,GPE,41,51
uva.x002159251,114,1,1,hours,TIME,56,61
uva.x002159251,114,2,0,Masks,PERSON,4,9
uva.x002159251,114,9,0,first,ORDINAL,81,86
uva.x002159251,114,10,0,the morning,TIME,3,14
uva.x002159251,114,10,1,Borrowdale,GPE,40,50
uva.x002159251,114,15,0,The She-Elephant,FAC,0,16
uva.x002159251,115,6,0,late in the afternoon,TIME,9,30
uva.x002159251,115,7,0,Trashman,PERSON,49,57
uva.x002159251,115,9,0,Kuda,PERSON,59,63
uva.x002159251,115,11,0,Trashman,PERSON,21,29
uva.x002159251,115,20,0,fifteen,CARDINAL,32,39
uva.x002159251,115,21,0,a second,TIME,23,31
uva.x002159251,115,25,0,three,CARDINAL,72,77
uva.x002159251,115,26,0,Rita,PERSON,5,9
uva.x002159251,115,26,1,Tongai,PERSON,11,17
uva.x002159251,115,26,2,Kuda,PERSON,22,26
uva.x002159251,117,0,0,Horsepool-Worthingham,PERSON,48,69
uva.x002159251,117,3,0,Horsepool-Worthingham,PERSON,5,26
uva.x002159251,117,5,0,fifteen,CARDINAL,36,43
uva.x002159251,117,7,0,Tongai,GPE,0,6
uva.x002159251,117,8,0,Horsepool-Worthingham,PERSON,84,105
uva.x002159251,117,10,0,Mellower,PERSON,44,52
uva.x002159251,117,13,0,Trashman,PRODUCT,62,70
uva.x002159251,117,15,0,Tongai,PERSON,0,6
uva.x002159251,117,19,0,one,CARDINAL,41,44
uva.x002159251,117,21,0,one,CARDINAL,26,29
uva.x002159251,117,22,0,113,CARDINAL,0,3
uva.x002159251,118,1,0,the She-Elephant,PRODUCT,6,22
uva.x002159251,118,1,1,HorespoolWorthingham,PERSON,91,111
uva.x002159251,118,3,0,HorsepoolWorthingham,PERSON,62,82
uva.x002159251,118,3,1,Pahsa's Favourite,WORK_OF_ART,96,113
uva.x002159251,118,7,0,Rita,PERSON,37,41
uva.x002159251,118,7,1,Kuda,PERSON,46,50
uva.x002159251,118,8,0,one,CARDINAL,22,25
uva.x002159251,118,9,0,Tongai,PERSON,0,6
uva.x002159251,118,11,0,Kuda,PERSON,26,30
uva.x002159251,118,11,1,Trashman,PERSON,34,42
uva.x002159251,118,13,0,Trashman,PERSON,1,9
uva.x002159251,118,13,1,Rita,PERSON,24,28
uva.x002159251,118,15,0,Tongai,PERSON,7,13
uva.x002159251,118,16,0,Trashman,PERSON,0,8
uva.x002159251,118,16,1,Kuda,PERSON,36,40
uva.x002159251,118,20,0,114,CARDINAL,52,55
uva.x002159251,119,0,0,Borrowdale,GPE,15,25
uva.x002159251,119,3,0,Horsepool-Worthingham,PERSON,27,48
uva.x002159251,119,4,0,Rita,PERSON,62,66
uva.x002159251,119,4,1,Tongai,PERSON,71,77
uva.x002159251,119,6,0,Tongai,GPE,0,6
uva.x002159251,119,6,1,one,CARDINAL,13,16
uva.x002159251,119,9,0,the Ring Route,FAC,22,36
uva.x002159251,119,9,1,Old Harare Drive,FAC,54,70
uva.x002159251,119,10,0,the Epworth Express,FAC,25,44
uva.x002159251,119,11,0,Trashman,PERSON,68,76
uva.x002159251,119,13,0,Rita,PERSON,0,4
uva.x002159251,119,20,0,Tongai,PERSON,104,110
uva.x002159251,119,20,1,Rita,PERSON,115,119
uva.x002159251,119,21,0,the She-Elephant,PERSON,11,27
uva.x002159251,119,21,1,Rita,PERSON,45,49
uva.x002159251,119,24,0,115,CARDINAL,0,3
uva.x002159251,121,2,0,Rita,PERSON,0,4
uva.x002159251,121,4,0,The She-Elephant,PRODUCT,0,16
uva.x002159251,121,5,0,Epworth,FAC,36,43
uva.x002159251,121,6,0,Trashman,PERSON,44,52
uva.x002159251,121,10,0,Epworth,GPE,0,7
uva.x002159251,121,10,1,Borrowdale,GPE,39,49
uva.x002159251,121,10,2,Tongai,GPE,55,61
uva.x002159251,121,10,3,Rita,PERSON,66,70
uva.x002159251,121,15,0,The She-Elephant,ORG,0,16
uva.x002159251,121,15,1,one,CARDINAL,28,31
uva.x002159251,121,16,0,Trashman,PERSON,0,8
uva.x002159251,121,19,0,Rita,PERSON,0,4
uva.x002159251,121,19,1,Tongai,GPE,9,15
uva.x002159251,121,20,0,Mbare Musika,PERSON,22,34
uva.x002159251,121,21,0,117,CARDINAL,48,51
uva.x002159251,122,2,0,Martian,NORP,24,31
uva.x002159251,122,3,0,one,CARDINAL,45,48
uva.x002159251,122,8,0,the She-Elephant,PERSON,32,48
uva.x002159251,122,10,0,one,CARDINAL,32,35
uva.x002159251,122,17,0,Rita,PERSON,0,4
uva.x002159251,122,17,1,Tongai,PERSON,9,15
uva.x002159251,122,22,0,Tongai,PERSON,0,6
uva.x002159251,122,22,1,Rita,PERSON,11,15
uva.x002159251,122,22,2,Trashman,PERSON,46,54
uva.x002159251,122,23,0,Kuda,PERSON,32,36
uva.x002159251,122,26,0,Rita,PERSON,0,4
uva.x002159251,122,26,1,Tongai,PERSON,9,15
uva.x002159251,122,26,2,118,CARDINAL,20,23
uva.x002159251,123,6,0,Rita,PERSON,0,4
uva.x002159251,123,9,0,Tongai,GPE,6,12
uva.x002159251,123,13,0,The She-Elephant,PRODUCT,0,16
uva.x002159251,123,15,0,Rita,PERSON,39,43
uva.x002159251,123,15,1,Tongai,GPE,48,54
uva.x002159251,123,17,0,One,CARDINAL,1,4
uva.x002159251,123,20,0,Trashman,PERSON,21,29
uva.x002159251,123,24,0,Rita,PERSON,32,36
uva.x002159251,123,25,0,Tongai,PERSON,23,29
uva.x002159251,123,27,0,Kuda,PERSON,25,29
uva.x002159251,124,2,0,Trashman,PERSON,0,8
uva.x002159251,124,3,0,Rita,PERSON,0,4
uva.x002159251,124,3,1,Tongai,PERSON,9,15
uva.x002159251,124,3,2,Resthaven,GPE,64,73
uva.x002159251,124,4,0,Trashman,PERSON,46,54
uva.x002159251,124,6,0,Kuda,PERSON,35,39
uva.x002159251,124,10,0,Tongai,PERSON,0,6
uva.x002159251,124,19,0,Rita,PERSON,0,4
uva.x002159251,124,21,0,Tongai,GPE,0,6
uva.x002159251,124,23,0,Tongai,GPE,0,6
uva.x002159251,126,4,0,Rita,PERSON,17,21
uva.x002159251,126,6,0,Tongai,GPE,0,6
uva.x002159251,126,11,0,Tongai,GPE,17,23
uva.x002159251,126,13,0,Masks,PRODUCT,25,30
uva.x002159251,126,14,0,122,CARDINAL,0,3
uva.x002159251,127,0,0,Mile,LOC,7,11
uva.x002159251,127,0,1,Macllwaine,PERSON,17,27
uva.x002159251,127,1,0,25 Horsepool Lane,FAC,45,62
uva.x002159251,127,8,0,Horsepool-Worthingham,PERSON,41,62
uva.x002159251,127,13,0,Horsepool-Worthingham,PERSON,30,51
uva.x002159251,128,3,0,Beryl,PERSON,21,26
uva.x002159251,128,5,0,HorsepoolWorthingham,PERSON,46,66
uva.x002159251,128,10,0,One,CARDINAL,0,3
uva.x002159251,128,10,1,third,ORDINAL,68,73
uva.x002159251,128,13,0,Horsepool-Worthingham,PERSON,25,46
uva.x002159251,128,15,0,Borrowdale,GPE,6,16
uva.x002159251,128,17,0,Ear,ORG,4,7
uva.x002159251,128,17,1,Borrowdale,GPE,68,78
uva.x002159251,128,18,0,Horsepool-Worthingham,PERSON,31,52
uva.x002159251,128,19,0,a perfectly dreadful,TIME,10,30
uva.x002159251,128,19,1,afternoon,TIME,31,40
uva.x002159251,128,22,0,Ear,ORG,44,47
uva.x002159251,128,23,0,Matsika,PERSON,28,35
uva.x002159251,128,24,0,124,CARDINAL,0,3
uva.x002159251,129,1,0,Antony,PERSON,30,36
uva.x002159251,129,4,0,Beryl,PERSON,5,10
uva.x002159251,129,8,0,Beryl,PERSON,6,11
uva.x002159251,129,10,0,Horsepool-Worthingham,PERSON,4,25
uva.x002159251,129,19,0,at least seven feet,QUANTITY,26,45
uva.x002159251,129,21,0,third,ORDINAL,59,64
uva.x002159251,129,22,0,second,ORDINAL,26,32
uva.x002159251,129,23,0,Beryl,PERSON,1,6
uva.x002159251,129,29,0,125,CARDINAL,48,51
uva.x002159251,130,6,0,Eye,PERSON,35,38
uva.x002159251,130,8,0,Arm,PERSON,37,40
uva.x002159251,130,10,0,Ear,PERSON,40,43
uva.x002159251,130,11,0,Arm,PERSON,71,74
uva.x002159251,130,13,0,First,ORDINAL,0,5
uva.x002159251,130,13,1,Trashman,PERSON,91,99
uva.x002159251,130,15,0,Eye,PRODUCT,4,7
uva.x002159251,130,16,0,Borrowdale,GPE,46,56
uva.x002159251,130,17,0,Eye,PRODUCT,42,45
uva.x002159251,130,19,0,Arm,PERSON,44,47
uva.x002159251,130,20,0,Ear,PERSON,41,44
uva.x002159251,130,21,0,Starlight Room,WORK_OF_ART,1,15
uva.x002159251,130,22,0,Mile-High Macllwaine,LOC,1,21
uva.x002159251,130,22,1,Ear,PERSON,34,37
uva.x002159251,130,25,0,126,CARDINAL,26,29
uva.x002159251,131,0,0,Eye,PERSON,4,7
uva.x002159251,131,2,0,Arm,PERSON,47,50
uva.x002159251,131,4,0,Nigeria,GPE,114,121
uva.x002159251,131,6,0,Ear,PERSON,4,7
uva.x002159251,131,9,0,Dead Man's Vlei,LOC,45,60
uva.x002159251,131,10,0,"Mile-High Macflwaine — no, it doesn't seem likely.""",QUANTITY,0,51
uva.x002159251,131,11,0,"10,000",CARDINAL,11,17
uva.x002159251,131,11,1,Arm,ORG,41,44
uva.x002159251,131,13,0,"10,000",CARDINAL,1,7
uva.x002159251,131,15,0,The Starlight Room,FAC,1,19
uva.x002159251,131,19,0,Mellower,PERSON,23,31
uva.x002159251,131,19,1,Arm,PERSON,49,52
uva.x002159251,131,20,0,The Mile-High Macflwaine,FAC,0,24
uva.x002159251,131,21,0,Africa,LOC,25,31
uva.x002159251,131,23,0,127,CARDINAL,33,36
uva.x002159251,132,4,0,The Mile High Macllwaine,ORG,0,24
uva.x002159251,132,4,1,fifty,CARDINAL,64,69
uva.x002159251,132,7,0,100,CARDINAL,107,110
uva.x002159251,132,9,0,fifty,CARDINAL,61,66
uva.x002159251,132,10,0,the Starlight Room,FAC,123,141
uva.x002159251,132,10,1,one mile,QUANTITY,142,150
uva.x002159251,132,11,0,Eye,PRODUCT,40,43
uva.x002159251,132,12,0,the Starlight Room,FAC,64,82
uva.x002159251,132,14,0,The Starlight Room,FAC,0,18
uva.x002159251,132,14,1,2245,CARDINAL,47,51
uva.x002159251,132,15,0,Eye,ORG,9,12
uva.x002159251,132,19,0,the 128,FAC,39,46
uva.x002159251,133,3,0,Arm,PERSON,33,36
uva.x002159251,133,5,0,One,CARDINAL,0,3
uva.x002159251,133,6,0,Ear,PERSON,63,66
uva.x002159251,133,7,0,three,CARDINAL,4,9
uva.x002159251,133,7,1,Harare,GPE,62,68
uva.x002159251,133,8,0,a mile,QUANTITY,19,25
uva.x002159251,133,11,0,Ethiopian,NORP,53,62
uva.x002159251,133,12,0,Eye,PRODUCT,31,34
uva.x002159251,133,13,0,the She-Elephant,PERSON,13,29
uva.x002159251,133,16,0,Arm,PERSON,19,22
uva.x002159251,133,16,1,one,CARDINAL,41,44
uva.x002159251,133,19,0,Kuda,PERSON,51,55
uva.x002159251,133,24,0,129,CARDINAL,4,7
uva.x002159251,134,2,0,"10,000",CARDINAL,11,17
uva.x002159251,134,2,1,the Mile-High Macllwaine,FAC,27,51
uva.x002159251,134,2,2,Ear,PERSON,63,66
uva.x002159251,134,3,0,the Starlight Room,FAC,60,78
uva.x002159251,134,3,1,Arm,PERSON,90,93
uva.x002159251,134,6,0,only one,CARDINAL,107,115
uva.x002159251,134,6,1,the Starlight Room,FAC,145,163
uva.x002159251,134,8,0,Obombo Chivari,PERSON,11,25
uva.x002159251,134,8,1,Gondwanna,GPE,47,56
uva.x002159251,134,9,0,Ear,PERSON,19,22
uva.x002159251,134,11,0,five,CARDINAL,7,11
uva.x002159251,134,14,0,Arm,PERSON,26,29
uva.x002159251,134,17,0,Eye,PERSON,35,38
uva.x002159251,134,18,0,Ear,PERSON,23,26
uva.x002159251,134,19,0,Arm,PERSON,48,51
uva.x002159251,134,20,0,two,CARDINAL,23,26
uva.x002159251,134,21,0,Obombo Chivari,PERSON,0,14
uva.x002159251,134,21,1,one,CARDINAL,39,42
uva.x002159251,134,21,2,all three,CARDINAL,69,78
uva.x002159251,134,23,0,two,CARDINAL,10,13
uva.x002159251,134,24,0,Gondwannans,NORP,5,16
uva.x002159251,134,24,1,Eye,PERSON,53,56
uva.x002159251,134,25,0,every five or ten years,DATE,31,54
uva.x002159251,135,0,0,Ear,PERSON,34,37
uva.x002159251,135,2,0,Arm,PERSON,17,20
uva.x002159251,135,4,0,first,ORDINAL,89,94
uva.x002159251,135,8,0,Gondwanna,NORP,5,14
uva.x002159251,135,16,0,Arm,ORG,4,7
uva.x002159251,135,18,0,the People's Medal,WORK_OF_ART,13,31
uva.x002159251,135,19,0,Arm,PERSON,35,38
uva.x002159251,135,21,0,Mellower,PERSON,4,12
uva.x002159251,135,22,0,Arm,PERSON,21,24
uva.x002159251,135,28,0,Ear,PERSON,43,46
uva.x002159251,135,29,0,131,CARDINAL,31,34
uva.x002159251,136,0,0,Arm,PRODUCT,30,33
uva.x002159251,136,3,0,the Mile-High Macllwaine,FAC,49,73
uva.x002159251,136,4,0,miles,QUANTITY,124,129
uva.x002159251,136,5,0,the Mile-High Macllwaine,FAC,36,60
uva.x002159251,136,8,0,Ear,PERSON,4,7
uva.x002159251,136,9,0,mile-long,QUANTITY,23,32
uva.x002159251,136,9,1,Harare,GPE,56,62
uva.x002159251,136,10,0,about thirty metres,QUANTITY,7,26
uva.x002159251,136,10,1,Obombo Chivari's,PERSON,61,77
uva.x002159251,136,11,0,132,CARDINAL,0,3
uva.x002159251,137,2,0,Kuda,PERSON,0,4
uva.x002159251,137,2,1,Trashman,GPE,32,40
uva.x002159251,137,3,0,twenty,CARDINAL,11,17
uva.x002159251,137,8,0,Mask,PERSON,67,71
uva.x002159251,137,9,0,Dead Man's Vlei,LOC,43,58
uva.x002159251,137,13,0,SheElephant,PERSON,22,33
uva.x002159251,137,13,1,133,CARDINAL,36,39
uva.x002159251,138,0,0,"10,000",MONEY,12,18
uva.x002159251,138,3,0,half,CARDINAL,15,19
uva.x002159251,138,6,0,Half,CARDINAL,1,5
uva.x002159251,138,8,0,two,CARDINAL,12,15
uva.x002159251,138,10,0,One,CARDINAL,1,4
uva.x002159251,138,12,0,Mask,PERSON,19,23
uva.x002159251,138,13,0,Two,CARDINAL,0,3
uva.x002159251,138,14,0,Tongai,GPE,63,69
uva.x002159251,138,15,0,Mask,PERSON,21,25
uva.x002159251,138,16,0,the She-Elephant,PERSON,117,133
uva.x002159251,138,17,0,Gondwanna,GPE,109,118
uva.x002159251,138,19,0,Masks,PERSON,25,30
uva.x002159251,139,4,0,third,ORDINAL,66,71
uva.x002159251,139,6,0,the She-Elephant,PERSON,18,34
uva.x002159251,139,6,1,Masks,ORG,51,56
uva.x002159251,139,7,0,Rita,PERSON,17,21
uva.x002159251,139,7,1,Tongai,PERSON,26,32
uva.x002159251,139,9,0,Kuda,PERSON,0,4
uva.x002159251,139,9,1,Masks,PERSON,68,73
uva.x002159251,139,10,0,Rita,PERSON,12,16
uva.x002159251,139,10,1,Tongai,PERSON,21,27
uva.x002159251,139,10,2,Trashman,PERSON,90,98
uva.x002159251,139,11,0,Dead Man's Vlei,WORK_OF_ART,89,104
uva.x002159251,139,13,0,Kuda,PERSON,5,9
uva.x002159251,139,13,1,Masks,PERSON,31,36
uva.x002159251,139,13,2,Trashman,PERSON,56,64
uva.x002159251,139,18,0,Kuda,PERSON,0,4
uva.x002159251,139,19,0,Kuda,PERSON,88,92
uva.x002159251,139,22,0,135,CARDINAL,0,3
uva.x002159251,140,1,0,that split second,TIME,60,77
uva.x002159251,140,2,0,Tongai,NORP,0,6
uva.x002159251,140,6,0,Masks,PRODUCT,13,18
uva.x002159251,140,14,0,Rita,PERSON,0,4
uva.x002159251,140,15,0,Tongai,GPE,0,6
uva.x002159251,140,16,0,Kuda,PERSON,0,4
uva.x002159251,140,17,0,Mbare Musika,GPE,63,75
uva.x002159251,140,18,0,Trashman,PERSON,0,8
uva.x002159251,140,18,1,Kuda,PERSON,28,32
uva.x002159251,140,18,2,two,CARDINAL,53,56
uva.x002159251,140,18,3,Masks,PRODUCT,64,69
uva.x002159251,140,22,0,two,CARDINAL,18,21
uva.x002159251,140,22,1,136,CARDINAL,51,54
uva.x002159251,141,2,0,fifteen,QUANTITY,11,18
uva.x002159251,141,2,1,one,CARDINAL,43,46
uva.x002159251,141,2,2,five,CARDINAL,51,55
uva.x002159251,141,4,0,Trashman,PERSON,0,8
uva.x002159251,141,6,0,Kuda,PERSON,53,57
uva.x002159251,141,7,0,Arm,PERSON,30,33
uva.x002159251,141,9,0,the Starlight Room,FAC,42,60
uva.x002159251,141,9,1,Ear,PERSON,72,75
uva.x002159251,141,13,0,Obombo Chivari's,PERSON,23,39
uva.x002159251,141,14,0,Ear,PERSON,4,7
uva.x002159251,141,16,0,One,CARDINAL,0,3
uva.x002159251,141,19,0,Arm,PRODUCT,4,7
uva.x002159251,141,19,1,Eye,PRODUCT,12,15
uva.x002159251,141,19,2,Ear,PRODUCT,27,30
uva.x002159251,141,22,0,Eye,PRODUCT,9,12
uva.x002159251,141,24,0,Ear,PRODUCT,47,50
uva.x002159251,141,27,0,Arm,PRODUCT,35,38
uva.x002159251,141,28,0,Ear,PRODUCT,29,32
uva.x002159251,141,29,0,137,CARDINAL,0,3
uva.x002159251,142,0,0,Arm,PERSON,47,50
uva.x002159251,142,3,0,Ear,PRODUCT,4,7
uva.x002159251,142,3,1,Eye,PRODUCT,47,50
uva.x002159251,142,3,2,two,CARDINAL,72,75
uva.x002159251,142,5,0,one,CARDINAL,27,30
uva.x002159251,142,6,0,three,CARDINAL,4,9
uva.x002159251,142,6,1,twenty,CARDINAL,45,51
uva.x002159251,142,7,0,the She-Elephant,PRODUCT,47,63
uva.x002159251,142,7,1,three,CARDINAL,76,81
uva.x002159251,142,20,0,Arm,PERSON,44,47
uva.x002159251,142,23,0,Kuda,PRODUCT,46,50
uva.x002159251,142,24,0,"10,000",MONEY,1,7
uva.x002159251,142,26,0,Ear,PRODUCT,4,7
uva.x002159251,143,5,0,Gondwanna,NORP,16,25
uva.x002159251,143,6,0,Masks,ORG,22,27
uva.x002159251,143,7,0,Masks,ORG,5,10
uva.x002159251,143,8,0,One,CARDINAL,1,4
uva.x002159251,143,14,0,Ear,PRODUCT,4,7
uva.x002159251,143,15,0,One,CARDINAL,1,4
uva.x002159251,143,15,1,Arm,PRODUCT,40,43
uva.x002159251,143,16,0,Eye,PERSON,12,15
uva.x002159251,143,19,0,Ear,PRODUCT,27,30
uva.x002159251,143,19,1,Eye,PRODUCT,39,42
uva.x002159251,143,20,0,Arm,PRODUCT,4,7
uva.x002159251,143,22,0,Ear,PRODUCT,19,22
uva.x002159251,143,24,0,first,ORDINAL,9,14
uva.x002159251,143,24,1,Arm,PRODUCT,26,29
uva.x002159251,143,27,0,Arm,PRODUCT,4,7
uva.x002159251,143,29,0,Arm,PRODUCT,44,47
uva.x002159251,143,31,0,Ear,PRODUCT,4,7
uva.x002159251,143,32,0,139,CARDINAL,19,22
uva.x002159251,144,1,0,thirty metres,QUANTITY,20,33
uva.x002159251,144,1,1,miles,CARDINAL,63,68
uva.x002159251,144,3,0,two,CARDINAL,27,30
uva.x002159251,144,5,0,a mile,QUANTITY,18,24
uva.x002159251,144,6,0,ten feet,QUANTITY,24,32
uva.x002159251,144,9,0,Arm,ORG,35,38
uva.x002159251,144,13,0,Ear,PRODUCT,29,32
uva.x002159251,144,16,0,Ear,PERSON,28,31
uva.x002159251,144,17,0,Arm,ORG,17,20
uva.x002159251,144,19,0,Ten feet,QUANTITY,1,9
uva.x002159251,144,20,0,Ear,PERSON,30,33
uva.x002159251,144,21,0,Arm,ORG,4,7
uva.x002159251,144,22,0,140,CARDINAL,0,3
uva.x002159251,145,0,0,The Eye,PERSON,17,24
uva.x002159251,145,1,0,the Starlight Room,FAC,56,74
uva.x002159251,145,2,0,a few seconds,TIME,3,16
uva.x002159251,145,3,0,one,CARDINAL,34,37
uva.x002159251,145,5,0,Gondwannans,PERSON,24,35
uva.x002159251,145,6,0,third,ORDINAL,34,39
uva.x002159251,145,7,0,a moment,TIME,3,11
uva.x002159251,145,9,0,Eye,PERSON,18,21
uva.x002159251,145,13,0,Two,CARDINAL,0,3
uva.x002159251,145,13,1,three,CARDINAL,7,12
uva.x002159251,145,14,0,Eye,PERSON,37,40
uva.x002159251,145,17,0,141,CARDINAL,5,8
uva.x002159251,147,0,0,three,CARDINAL,29,34
uva.x002159251,147,0,1,at least a dozen,CARDINAL,104,120
uva.x002159251,147,3,0,Eye,PRODUCT,18,21
uva.x002159251,147,8,0,Eye,PRODUCT,55,58
uva.x002159251,147,17,0,one,CARDINAL,24,27
uva.x002159251,147,17,1,Gondwannan,PERSON,49,59
uva.x002159251,147,21,0,third,ORDINAL,46,51
uva.x002159251,147,22,0,two,CARDINAL,37,40
uva.x002159251,147,24,0,Ten dollars,MONEY,1,12
uva.x002159251,147,25,0,twenty,CARDINAL,10,16
uva.x002159251,147,26,0,143,CARDINAL,24,27
uva.x002159251,148,1,0,Eye,PRODUCT,4,7
uva.x002159251,148,3,0,two,CARDINAL,16,19
uva.x002159251,148,4,0,third,ORDINAL,2,7
uva.x002159251,148,5,0,Eye,PRODUCT,4,7
uva.x002159251,148,7,0,one,CARDINAL,24,27
uva.x002159251,148,8,0,only one,CARDINAL,14,22
uva.x002159251,148,10,0,at least twenty,CARDINAL,11,26
uva.x002159251,148,10,1,Gondwannans,NORP,27,38
uva.x002159251,148,10,2,Ear,PRODUCT,75,78
uva.x002159251,148,11,0,Eye,PRODUCT,4,7
uva.x002159251,148,14,0,Eye,PRODUCT,25,28
uva.x002159251,148,15,0,Eye,PRODUCT,22,25
uva.x002159251,148,20,0,Eye,PRODUCT,30,33
uva.x002159251,148,21,0,144,CARDINAL,0,3
uva.x002159251,149,0,0,Rita,PERSON,0,4
uva.x002159251,149,0,1,Tongai,PERSON,6,12
uva.x002159251,149,0,2,Kuda,PERSON,17,21
uva.x002159251,149,3,0,Turkish,NORP,85,92
uva.x002159251,149,8,0,One,CARDINAL,0,3
uva.x002159251,149,12,0,"10,000",MONEY,27,33
uva.x002159251,149,13,0,Chivari,PERSON,27,34
uva.x002159251,149,13,1,SheElephant,PERSON,47,58
uva.x002159251,149,16,0,Obombo Chivari,PERSON,43,57
uva.x002159251,149,16,1,"10,000",MONEY,111,117
uva.x002159251,149,18,0,Zimbabwe,GPE,29,37
uva.x002159251,149,20,0,Zimbabweans,NORP,5,16
uva.x002159251,149,20,1,145,CARDINAL,44,47
uva.x002159251,151,0,0,Obombo Chivari,PERSON,0,14
uva.x002159251,151,5,0,one,CARDINAL,32,35
uva.x002159251,151,7,0,third,ORDINAL,58,63
uva.x002159251,151,8,0,a minute,TIME,6,14
uva.x002159251,151,12,0,Obombo Chivari,PERSON,22,36
uva.x002159251,151,15,0,Rita,PERSON,0,4
uva.x002159251,151,15,1,Tongai,PERSON,6,12
uva.x002159251,151,15,2,Kuda,PERSON,17,21
uva.x002159251,151,15,3,one,CARDINAL,30,33
uva.x002159251,151,25,0,Rita,PERSON,0,4
uva.x002159251,151,26,0,147,CARDINAL,59,62
uva.x002159251,152,2,0,Tongai,GPE,10,16
uva.x002159251,152,4,0,Masks,PRODUCT,41,46
uva.x002159251,152,7,0,Obombo Chivari,PERSON,19,33
uva.x002159251,152,7,1,Masks,PRODUCT,47,52
uva.x002159251,152,8,0,Tongai,GPE,53,59
uva.x002159251,152,10,0,The Big-Head Mask,PRODUCT,1,18
uva.x002159251,152,11,0,hundreds of years,DATE,39,56
uva.x002159251,152,13,0,Rita,PERSON,39,43
uva.x002159251,152,14,0,Tongai,PERSON,55,61
uva.x002159251,152,15,0,The Big-Head Mask,PRODUCT,0,17
uva.x002159251,152,22,0,Rita,PERSON,0,4
uva.x002159251,152,22,1,Tongai,PERSON,9,15
uva.x002159251,152,23,0,Obombo Chivari,PERSON,50,64
uva.x002159251,152,24,0,Tongai,PERSON,0,6
uva.x002159251,152,25,0,Rita,PERSON,38,42
uva.x002159251,152,25,1,148,CARDINAL,53,56
uva.x002159251,153,1,0,Obombo Chivari,PERSON,0,14
uva.x002159251,153,1,1,a second,TIME,25,33
uva.x002159251,153,3,0,Pandamonium,PERSON,0,11
uva.x002159251,153,4,0,Masks,PERSON,4,9
uva.x002159251,153,6,0,two,CARDINAL,48,51
uva.x002159251,153,7,0,One,CARDINAL,0,3
uva.x002159251,153,10,0,Masks,PRODUCT,12,17
uva.x002159251,153,14,0,Five,CARDINAL,0,4
uva.x002159251,153,15,0,Rita,PERSON,0,4
uva.x002159251,153,15,1,Masks,PRODUCT,63,68
uva.x002159251,153,16,0,Tongai,NORP,0,6
uva.x002159251,153,17,0,Kuda,PERSON,5,9
uva.x002159251,153,18,0,Arm,PRODUCT,53,56
uva.x002159251,153,19,0,three,CARDINAL,8,13
uva.x002159251,153,20,0,Ear,PRODUCT,4,7
uva.x002159251,153,20,1,Arm,PRODUCT,12,15
uva.x002159251,153,20,2,only a moment,TIME,50,63
uva.x002159251,153,21,0,only seven,CARDINAL,11,21
uva.x002159251,153,21,1,Masks,PERSON,22,27
uva.x002159251,154,2,0,Tongai,GPE,5,11
uva.x002159251,154,2,1,one,CARDINAL,32,35
uva.x002159251,154,2,2,two,CARDINAL,88,91
uva.x002159251,154,3,0,The Big-Head Mask,PRODUCT,1,18
uva.x002159251,154,3,1,one,CARDINAL,37,40
uva.x002159251,154,7,0,Masks,PRODUCT,4,9
uva.x002159251,154,8,0,Chivari,PERSON,12,19
uva.x002159251,154,16,0,a few moments,TIME,3,16
uva.x002159251,154,19,0,Eye,FAC,4,7
uva.x002159251,154,22,0,one,CARDINAL,59,62
uva.x002159251,154,23,0,150,CARDINAL,0,3
uva.x002159251,155,0,0,Rita,PERSON,15,19
uva.x002159251,155,0,1,Matsika,PERSON,32,39
uva.x002159251,155,1,0,three,CARDINAL,9,14
uva.x002159251,155,2,0,151,CARDINAL,0,3
uva.x002159251,156,1,0,the Mask Headquarters,FAC,56,77
uva.x002159251,156,1,1,Epworth,GPE,81,88
uva.x002159251,156,2,0,Trashman,PERSON,16,24
uva.x002159251,156,2,1,Kuda,PERSON,72,76
uva.x002159251,156,5,0,Trashman,PERSON,33,41
uva.x002159251,156,8,0,Matsika,PERSON,5,12
uva.x002159251,156,8,1,Rudo,PERSON,28,32
uva.x002159251,156,9,0,Mellower,PERSON,29,37
uva.x002159251,156,13,0,152,CARDINAL,0,3
uva.x002159251,157,0,0,Matsika,PERSON,68,75
uva.x002159251,157,2,0,Gondwanna,PERSON,32,41
uva.x002159251,157,2,1,Zimbabwe,GPE,111,119
uva.x002159251,157,3,0,Gondwanna,ORG,44,53
uva.x002159251,157,4,0,Masks,ORG,47,52
uva.x002159251,157,5,0,Masks,ORG,30,35
uva.x002159251,157,5,1,Rudo,PERSON,48,52
uva.x002159251,157,11,0,Rudo,PERSON,5,9
uva.x002159251,157,12,0,Mask,PERSON,5,9
uva.x002159251,157,13,0,Arm,PERSON,70,73
uva.x002159251,157,14,0,Obombo Chivari,PERSON,13,27
uva.x002159251,157,15,0,Matsika,PERSON,41,48
uva.x002159251,157,16,0,Rita,PERSON,29,33
uva.x002159251,157,17,0,Tongai,PERSON,8,14
uva.x002159251,157,18,0,Dead Man's Vlei,WORK_OF_ART,84,99
uva.x002159251,157,20,0,Rita,PERSON,18,22
uva.x002159251,157,21,0,153,CARDINAL,0,3
uva.x002159251,158,0,0,Gondwannans,PERSON,25,36
uva.x002159251,158,0,1,Tongai,PERSON,45,51
uva.x002159251,158,1,0,Matsika,PERSON,57,64
uva.x002159251,158,2,0,Matsika,PERSON,115,122
uva.x002159251,158,3,0,Masks,PERSON,15,20
uva.x002159251,158,5,0,Obombo Chivari,PERSON,18,32
uva.x002159251,158,6,0,Rita,PERSON,54,58
uva.x002159251,158,7,0,Kuda,PERSON,126,130
uva.x002159251,158,7,1,Trashman,PERSON,135,143
uva.x002159251,158,8,0,two years,DATE,38,47
uva.x002159251,158,10,0,Maputo,GPE,43,49
uva.x002159251,158,10,1,the Martian Canal Ape,PRODUCT,108,129
uva.x002159251,158,11,0,Mars,LOC,31,35
uva.x002159251,158,12,0,Horsepool-Worthingham,PERSON,5,26
uva.x002159251,159,0,0,Mellower,PERSON,0,8
uva.x002159251,159,2,0,Trashman,PERSON,53,61
uva.x002159251,159,3,0,Trashman,PERSON,0,8
uva.x002159251,159,3,1,Horsepool-Worthingham,PERSON,20,41
uva.x002159251,159,5,0,Horsepool-Worthingham,PERSON,5,26
uva.x002159251,159,5,1,Matsikas,NORP,96,104
uva.x002159251,159,6,0,the two years,DATE,25,38
uva.x002159251,159,7,0,Trashman,PERSON,6,14
uva.x002159251,159,8,0,the People's Medal,WORK_OF_ART,40,58
uva.x002159251,159,10,0,the Starlight Room,FAC,27,45
uva.x002159251,159,11,0,Resthaven,GPE,31,40
uva.x002159251,159,11,1,Myanda,PERSON,51,57
uva.x002159251,159,12,0,Rita,PERSON,0,4
uva.x002159251,159,12,1,Tongai,PERSON,9,15
uva.x002159251,159,12,2,the City Scouts,ORG,60,75
uva.x002159251,159,13,0,Rita,PERSON,0,4
uva.x002159251,159,14,0,Trashman,PERSON,0,8
uva.x002159251,159,16,0,Myanda,PERSON,3,9
uva.x002159251,159,17,0,Matsikas,NORP,23,31
uva.x002159251,159,17,1,a few days,DATE,70,80
uva.x002159251,159,18,0,Resthaven,GPE,21,30
uva.x002159251,159,18,1,Horsepool-Worthingham,PERSON,69,90
uva.x002159251,159,19,0,155,CARDINAL,51,54
uva.x002159251,160,2,0,Mellower,PERSON,19,27
uva.x002159251,160,3,0,Mellower,PERSON,4,12
uva.x002159251,160,4,0,Masks,PRODUCT,62,67
uva.x002159251,160,4,1,Dead Man's,PRODUCT,93,103
uva.x002159251,160,4,2,Vlei,PRODUCT,104,108
uva.x002159251,160,5,0,Mellower,PERSON,24,32
uva.x002159251,160,6,0,Arm,PERSON,7,10
uva.x002159251,160,9,0,156,CARDINAL,0,3
uva.x002159251,161,0,0,Aldebaran,NORP,11,20
uva.x002159251,161,0,1,Aldebaran,LOC,54,63
uva.x002159251,161,3,0,2150,DATE,14,18
uva.x002159251,161,5,0,2175,DATE,12,16
uva.x002159251,161,7,0,2150,DATE,12,16
uva.x002159251,161,12,0,Australia,GPE,34,43
uva.x002159251,161,14,0,Gondwanna,PRODUCT,4,13
uva.x002159251,161,17,0,The Old Cow's Guts,FAC,0,18
uva.x002159251,161,17,1,twentieth century,DATE,22,39
uva.x002159251,161,17,2,Harare,GPE,40,46
uva.x002159251,161,17,3,Mbare Musika,GPE,56,68
uva.x002159251,161,19,0,2245,DATE,3,7
uva.x002159251,161,19,1,the New Cow's Guts,FAC,9,27
uva.x002159251,161,19,2,Mufakose,GPE,35,43
uva.x002159251,161,25,0,157,CARDINAL,0,3
uva.x002159251,162,1,0,English,NORP,73,80
uva.x002159251,162,2,0,Gondwanna,ORG,0,9
uva.x002159251,162,3,0,North Africa,LOC,37,49
uva.x002159251,162,4,0,the year 2173,DATE,49,62
uva.x002159251,162,5,0,Zimbabwe,GPE,0,8
uva.x002159251,162,5,1,2245,DATE,13,17
uva.x002159251,162,5,2,Gondwanna,GPE,38,47
uva.x002159251,162,9,0,three,CARDINAL,14,19
uva.x002159251,162,10,0,2001,DATE,12,16
uva.x002159251,162,19,0,2.5 centimetres,QUANTITY,21,36
uva.x002159251,162,19,1,less than a minute,TIME,49,67
uva.x002159251,162,20,0,2106,DATE,12,16
uva.x002159251,162,27,0,1990,DATE,12,16
uva.x002159251,162,28,0,Mai,PERSON,0,3
uva.x002159251,162,30,0,Malwee,PERSON,0,6
uva.x002159251,162,33,0,Italian,NORP,22,29
uva.x002159251,162,34,0,Mapipi,PERSON,0,6
uva.x002159251,162,36,0,158,CARDINAL,0,3
uva.x002159251,163,0,0,Martian Canal Ape,PERSON,0,17
uva.x002159251,163,0,1,Mars,LOC,45,49
uva.x002159251,163,4,0,African,NORP,28,35
uva.x002159251,163,5,0,Resthaven,GPE,3,12
uva.x002159251,163,8,0,Neutron,PRODUCT,2,9
uva.x002159251,163,12,0,Rapoko,PERSON,2,8
uva.x002159251,163,16,0,2245,DATE,3,7
uva.x002159251,163,16,1,47,CARDINAL,43,45
uva.x002159251,163,16,2,1,CARDINAL,67,68
uva.x002159251,163,17,0,Sadza,PERSON,2,7
uva.x002159251,163,18,0,Sadza ki nyama,PERSON,0,14
uva.x002159251,163,19,0,Maize,ORG,0,5
uva.x002159251,163,23,0,up to fifteen minutes,TIME,27,48
uva.x002159251,163,24,0,2141,CARDINAL,12,16
uva.x002159251,163,26,0,2245,DATE,93,97
uva.x002159251,163,28,0,159,CARDINAL,0,3
uva.x002159251,164,3,0,160,CARDINAL,0,3
uva.x002159251,166,0,0,Gereai Mairikae,PERSON,9,24
uva.x002159251,166,0,1,te emptoys,PERSON,50,60
uva.x002159251,166,1,0,Tte Ete,PERSON,0,7
uva.x002159251,166,1,1,teather soatttg,PERSON,52,67
uva.x002159251,166,2,0,ertde etch,PERSON,18,28
uva.x002159251,166,4,0,The Cotlegs Press,ORG,30,47
